category,country,date,homologous_inflation,year
All-items HICP,Germany,2019-01-01,1.7,2019
All-items HICP,Germany,2019-02-01,1.7,2019
All-items HICP,Germany,2019-03-01,1.4,2019
All-items HICP,Germany,2019-04-01,2.1,2019
All-items HICP,Germany,2019-05-01,1.3,2019
All-items HICP,Germany,2019-06-01,1.5,2019
All-items HICP,Germany,2019-07-01,1.1,2019
All-items HICP,Germany,2019-08-01,1.0,2019
All-items HICP,Germany,2019-09-01,0.9,2019
All-items HICP,Germany,2019-10-01,0.9,2019
All-items HICP,Germany,2019-11-01,1.2,2019
All-items HICP,Germany,2019-12-01,1.5,2019
All-items HICP,Germany,2020-01-01,1.6,2020
All-items HICP,Germany,2020-02-01,1.7,2020
All-items HICP,Germany,2020-03-01,1.3,2020
All-items HICP,Germany,2020-04-01,0.8,2020
All-items HICP,Germany,2020-05-01,0.5,2020
All-items HICP,Germany,2020-06-01,0.8,2020
All-items HICP,Germany,2020-07-01,0.0,2020
All-items HICP,Germany,2020-08-01,-0.1,2020
All-items HICP,Germany,2020-09-01,-0.4,2020
All-items HICP,Germany,2020-10-01,-0.5,2020
All-items HICP,Germany,2020-11-01,-0.7,2020
All-items HICP,Germany,2020-12-01,-0.7,2020
All-items HICP,Germany,2021-01-01,1.6,2021
All-items HICP,Germany,2021-02-01,1.6,2021
All-items HICP,Germany,2021-03-01,2.0,2021
All-items HICP,Germany,2021-04-01,2.1,2021
All-items HICP,Germany,2021-05-01,2.4,2021
All-items HICP,Germany,2021-06-01,2.1,2021
All-items HICP,Germany,2021-07-01,3.1,2021
All-items HICP,Germany,2021-08-01,3.4,2021
All-items HICP,Germany,2021-09-01,4.1,2021
All-items HICP,Germany,2021-10-01,4.6,2021
All-items HICP,Germany,2021-11-01,6.0,2021
All-items HICP,Germany,2021-12-01,5.7,2021
All-items HICP,Germany,2022-01-01,5.1,2022
All-items HICP,Germany,2022-02-01,5.5,2022
All-items HICP,Germany,2022-03-01,7.6,2022
All-items HICP,Germany,2022-04-01,7.8,2022
All-items HICP,Germany,2022-05-01,8.7,2022
All-items HICP,Germany,2022-06-01,8.2,2022
All-items HICP,Germany,2022-07-01,8.5,2022
All-items HICP,Germany,2022-08-01,8.8,2022
All-items HICP,Germany,2022-09-01,10.9,2022
All-items HICP,Germany,2022-10-01,11.6,2022
All-items HICP,Germany,2022-11-01,11.3,2022
All-items HICP,Germany,2022-12-01,9.6,2022
All-items HICP,Germany,2023-01-01,9.2,2023
All-items HICP,Germany,2023-02-01,9.3,2023
All-items HICP,Germany,2023-03-01,7.8,2023
All-items HICP,Germany,2023-04-01,7.6,2023
All-items HICP,Germany,2023-05-01,6.3,2023
All-items HICP,Germany,2023-06-01,6.8,2023
All-items HICP,Germany,2023-07-01,6.5,2023
All-items HICP,Germany,2023-08-01,6.4,2023
All-items HICP,Germany,2023-09-01,4.3,2023
All-items HICP,Germany,2023-10-01,3.0,2023
All-items HICP,Germany,2023-11-01,2.3,2023
All-items HICP,Germany,2023-12-01,3.8,2023
All-items HICP,Germany,2024-01-01,3.1,2024
All-items HICP,Germany,2024-02-01,2.7,2024
All-items HICP,Germany,2024-03-01,2.3,2024
All-items HICP,Germany,2024-04-01,2.4,2024
All-items HICP,Germany,2024-05-01,2.8,2024
All-items HICP,Germany,2024-06-01,2.5,2024
All-items HICP,Germany,2024-07-01,2.6,2024
All-items HICP,Germany,2024-08-01,2.0,2024
All-items HICP,Germany,2024-09-01,1.8,2024
All-items HICP,Germany,2024-10-01,2.4,2024
All-items HICP,Germany,2024-11-01,2.4,2024
All-items HICP,Germany,2024-12-01,2.8,2024
All-items HICP,Germany,2025-01-01,2.8,2025
All-items HICP,Germany,2025-02-01,2.6,2025
All-items HICP,Germany,2025-03-01,2.3,2025
All-items HICP,Germany,2025-04-01,2.2,2025
All-items HICP,Germany,2025-05-01,2.1,2025
All-items HICP,Germany,2025-06-01,2.0,2025
All-items HICP,Germany,2025-07-01,1.8,2025
All-items HICP,Germany,2025-08-01,2.1,2025
All-items HICP,Germany,2025-09-01,2.4,2025
All-items HICP,Germany,2025-10-01,2.3,2025
All-items HICP,Germany,2025-11-01,2.6,2025
All-items HICP,Germany,2025-12-01,2.0,2025
All-items HICP,"Euro area (EA11-1999, EA12-2001, EA13-2007, EA15-2008, EA16-2009, EA17-2011, EA18-2014, EA19-2015, EA20-2023, EA21-2026)",2019-01-01,1.4,2019
All-items HICP,"Euro area (EA11-1999, EA12-2001, EA13-2007, EA15-2008, EA16-2009, EA17-2011, EA18-2014, EA19-2015, EA20-2023, EA21-2026)",2019-02-01,1.5,2019
All-items HICP,"Euro area (EA11-1999, EA12-2001, EA13-2007, EA15-2008, EA16-2009, EA17-2011, EA18-2014, EA19-2015, EA20-2023, EA21-2026)",2019-03-01,1.4,2019
All-items HICP,"Euro area (EA11-1999, EA12-2001, EA13-2007, EA15-2008, EA16-2009, EA17-2011, EA18-2014, EA19-2015, EA20-2023, EA21-2026)",2019-04-01,1.7,2019
All-items HICP,"Euro area (EA11-1999, EA12-2001, EA13-2007, EA15-2008, EA16-2009, EA17-2011, EA18-2014, EA19-2015, EA20-2023, EA21-2026)",2019-05-01,1.2,2019
All-items HICP,"Euro area (EA11-1999, EA12-2001, EA13-2007, EA15-2008, EA16-2009, EA17-2011, EA18-2014, EA19-2015, EA20-2023, EA21-2026)",2019-06-01,1.3,2019
All-items HICP,"Euro area (EA11-1999, EA12-2001, EA13-2007, EA15-2008, EA16-2009, EA17-2011, EA18-2014, EA19-2015, EA20-2023, EA21-2026)",2019-07-01,1.0,2019
All-items HICP,"Euro area (EA11-1999, EA12-2001, EA13-2007, EA15-2008, EA16-2009, EA17-2011, EA18-2014, EA19-2015, EA20-2023, EA21-2026)",2019-08-01,1.0,2019
All-items HICP,"Euro area (EA11-1999, EA12-2001, EA13-2007, EA15-2008, EA16-2009, EA17-2011, EA18-2014, EA19-2015, EA20-2023, EA21-2026)",2019-09-01,0.8,2019
All-items HICP,"Euro area (EA11-1999, EA12-2001, EA13-2007, EA15-2008, EA16-2009, EA17-2011, EA18-2014, EA19-2015, EA20-2023, EA21-2026)",2019-10-01,0.7,2019
All-items HICP,"Euro area (EA11-1999, EA12-2001, EA13-2007, EA15-2008, EA16-2009, EA17-2011, EA18-2014, EA19-2015, EA20-2023, EA21-2026)",2019-11-01,1.0,2019
All-items HICP,"Euro area (EA11-1999, EA12-2001, EA13-2007, EA15-2008, EA16-2009, EA17-2011, EA18-2014, EA19-2015, EA20-2023, EA21-2026)",2019-12-01,1.3,2019
All-items HICP,"Euro area (EA11-1999, EA12-2001, EA13-2007, EA15-2008, EA16-2009, EA17-2011, EA18-2014, EA19-2015, EA20-2023, EA21-2026)",2020-01-01,1.4,2020
All-items HICP,"Euro area (EA11-1999, EA12-2001, EA13-2007, EA15-2008, EA16-2009, EA17-2011, EA18-2014, EA19-2015, EA20-2023, EA21-2026)",2020-02-01,1.2,2020
All-items HICP,"Euro area (EA11-1999, EA12-2001, EA13-2007, EA15-2008, EA16-2009, EA17-2011, EA18-2014, EA19-2015, EA20-2023, EA21-2026)",2020-03-01,0.7,2020
All-items HICP,"Euro area (EA11-1999, EA12-2001, EA13-2007, EA15-2008, EA16-2009, EA17-2011, EA18-2014, EA19-2015, EA20-2023, EA21-2026)",2020-04-01,0.3,2020
All-items HICP,"Euro area (EA11-1999, EA12-2001, EA13-2007, EA15-2008, EA16-2009, EA17-2011, EA18-2014, EA19-2015, EA20-2023, EA21-2026)",2020-05-01,0.1,2020
All-items HICP,"Euro area (EA11-1999, EA12-2001, EA13-2007, EA15-2008, EA16-2009, EA17-2011, EA18-2014, EA19-2015, EA20-2023, EA21-2026)",2020-06-01,0.3,2020
All-items HICP,"Euro area (EA11-1999, EA12-2001, EA13-2007, EA15-2008, EA16-2009, EA17-2011, EA18-2014, EA19-2015, EA20-2023, EA21-2026)",2020-07-01,0.4,2020
All-items HICP,"Euro area (EA11-1999, EA12-2001, EA13-2007, EA15-2008, EA16-2009, EA17-2011, EA18-2014, EA19-2015, EA20-2023, EA21-2026)",2020-08-01,-0.2,2020
All-items HICP,"Euro area (EA11-1999, EA12-2001, EA13-2007, EA15-2008, EA16-2009, EA17-2011, EA18-2014, EA19-2015, EA20-2023, EA21-2026)",2020-09-01,-0.3,2020
All-items HICP,"Euro area (EA11-1999, EA12-2001, EA13-2007, EA15-2008, EA16-2009, EA17-2011, EA18-2014, EA19-2015, EA20-2023, EA21-2026)",2020-10-01,-0.3,2020
All-items HICP,"Euro area (EA11-1999, EA12-2001, EA13-2007, EA15-2008, EA16-2009, EA17-2011, EA18-2014, EA19-2015, EA20-2023, EA21-2026)",2020-11-01,-0.3,2020
All-items HICP,"Euro area (EA11-1999, EA12-2001, EA13-2007, EA15-2008, EA16-2009, EA17-2011, EA18-2014, EA19-2015, EA20-2023, EA21-2026)",2020-12-01,-0.3,2020
All-items HICP,"Euro area (EA11-1999, EA12-2001, EA13-2007, EA15-2008, EA16-2009, EA17-2011, EA18-2014, EA19-2015, EA20-2023, EA21-2026)",2021-01-01,0.9,2021
All-items HICP,"Euro area (EA11-1999, EA12-2001, EA13-2007, EA15-2008, EA16-2009, EA17-2011, EA18-2014, EA19-2015, EA20-2023, EA21-2026)",2021-02-01,0.9,2021
All-items HICP,"Euro area (EA11-1999, EA12-2001, EA13-2007, EA15-2008, EA16-2009, EA17-2011, EA18-2014, EA19-2015, EA20-2023, EA21-2026)",2021-03-01,1.3,2021
All-items HICP,"Euro area (EA11-1999, EA12-2001, EA13-2007, EA15-2008, EA16-2009, EA17-2011, EA18-2014, EA19-2015, EA20-2023, EA21-2026)",2021-04-01,1.6,2021
All-items HICP,"Euro area (EA11-1999, EA12-2001, EA13-2007, EA15-2008, EA16-2009, EA17-2011, EA18-2014, EA19-2015, EA20-2023, EA21-2026)",2021-05-01,2.0,2021
All-items HICP,"Euro area (EA11-1999, EA12-2001, EA13-2007, EA15-2008, EA16-2009, EA17-2011, EA18-2014, EA19-2015, EA20-2023, EA21-2026)",2021-06-01,1.9,2021
All-items HICP,"Euro area (EA11-1999, EA12-2001, EA13-2007, EA15-2008, EA16-2009, EA17-2011, EA18-2014, EA19-2015, EA20-2023, EA21-2026)",2021-07-01,2.2,2021
All-items HICP,"Euro area (EA11-1999, EA12-2001, EA13-2007, EA15-2008, EA16-2009, EA17-2011, EA18-2014, EA19-2015, EA20-2023, EA21-2026)",2021-08-01,3.0,2021
All-items HICP,"Euro area (EA11-1999, EA12-2001, EA13-2007, EA15-2008, EA16-2009, EA17-2011, EA18-2014, EA19-2015, EA20-2023, EA21-2026)",2021-09-01,3.4,2021
All-items HICP,"Euro area (EA11-1999, EA12-2001, EA13-2007, EA15-2008, EA16-2009, EA17-2011, EA18-2014, EA19-2015, EA20-2023, EA21-2026)",2021-10-01,4.1,2021
All-items HICP,"Euro area (EA11-1999, EA12-2001, EA13-2007, EA15-2008, EA16-2009, EA17-2011, EA18-2014, EA19-2015, EA20-2023, EA21-2026)",2021-11-01,4.9,2021
All-items HICP,"Euro area (EA11-1999, EA12-2001, EA13-2007, EA15-2008, EA16-2009, EA17-2011, EA18-2014, EA19-2015, EA20-2023, EA21-2026)",2021-12-01,5.0,2021
All-items HICP,"Euro area (EA11-1999, EA12-2001, EA13-2007, EA15-2008, EA16-2009, EA17-2011, EA18-2014, EA19-2015, EA20-2023, EA21-2026)",2022-01-01,5.1,2022
All-items HICP,"Euro area (EA11-1999, EA12-2001, EA13-2007, EA15-2008, EA16-2009, EA17-2011, EA18-2014, EA19-2015, EA20-2023, EA21-2026)",2022-02-01,5.9,2022
All-items HICP,"Euro area (EA11-1999, EA12-2001, EA13-2007, EA15-2008, EA16-2009, EA17-2011, EA18-2014, EA19-2015, EA20-2023, EA21-2026)",2022-03-01,7.4,2022
All-items HICP,"Euro area (EA11-1999, EA12-2001, EA13-2007, EA15-2008, EA16-2009, EA17-2011, EA18-2014, EA19-2015, EA20-2023, EA21-2026)",2022-04-01,7.4,2022
All-items HICP,"Euro area (EA11-1999, EA12-2001, EA13-2007, EA15-2008, EA16-2009, EA17-2011, EA18-2014, EA19-2015, EA20-2023, EA21-2026)",2022-05-01,8.1,2022
All-items HICP,"Euro area (EA11-1999, EA12-2001, EA13-2007, EA15-2008, EA16-2009, EA17-2011, EA18-2014, EA19-2015, EA20-2023, EA21-2026)",2022-06-01,8.6,2022
All-items HICP,"Euro area (EA11-1999, EA12-2001, EA13-2007, EA15-2008, EA16-2009, EA17-2011, EA18-2014, EA19-2015, EA20-2023, EA21-2026)",2022-07-01,8.9,2022
All-items HICP,"Euro area (EA11-1999, EA12-2001, EA13-2007, EA15-2008, EA16-2009, EA17-2011, EA18-2014, EA19-2015, EA20-2023, EA21-2026)",2022-08-01,9.1,2022
All-items HICP,"Euro area (EA11-1999, EA12-2001, EA13-2007, EA15-2008, EA16-2009, EA17-2011, EA18-2014, EA19-2015, EA20-2023, EA21-2026)",2022-09-01,9.9,2022
All-items HICP,"Euro area (EA11-1999, EA12-2001, EA13-2007, EA15-2008, EA16-2009, EA17-2011, EA18-2014, EA19-2015, EA20-2023, EA21-2026)",2022-10-01,10.6,2022
All-items HICP,"Euro area (EA11-1999, EA12-2001, EA13-2007, EA15-2008, EA16-2009, EA17-2011, EA18-2014, EA19-2015, EA20-2023, EA21-2026)",2022-11-01,10.1,2022
All-items HICP,"Euro area (EA11-1999, EA12-2001, EA13-2007, EA15-2008, EA16-2009, EA17-2011, EA18-2014, EA19-2015, EA20-2023, EA21-2026)",2022-12-01,9.2,2022
All-items HICP,"Euro area (EA11-1999, EA12-2001, EA13-2007, EA15-2008, EA16-2009, EA17-2011, EA18-2014, EA19-2015, EA20-2023, EA21-2026)",2023-01-01,8.6,2023
All-items HICP,"Euro area (EA11-1999, EA12-2001, EA13-2007, EA15-2008, EA16-2009, EA17-2011, EA18-2014, EA19-2015, EA20-2023, EA21-2026)",2023-02-01,8.5,2023
All-items HICP,"Euro area (EA11-1999, EA12-2001, EA13-2007, EA15-2008, EA16-2009, EA17-2011, EA18-2014, EA19-2015, EA20-2023, EA21-2026)",2023-03-01,6.9,2023
All-items HICP,"Euro area (EA11-1999, EA12-2001, EA13-2007, EA15-2008, EA16-2009, EA17-2011, EA18-2014, EA19-2015, EA20-2023, EA21-2026)",2023-04-01,7.0,2023
All-items HICP,"Euro area (EA11-1999, EA12-2001, EA13-2007, EA15-2008, EA16-2009, EA17-2011, EA18-2014, EA19-2015, EA20-2023, EA21-2026)",2023-05-01,6.1,2023
All-items HICP,"Euro area (EA11-1999, EA12-2001, EA13-2007, EA15-2008, EA16-2009, EA17-2011, EA18-2014, EA19-2015, EA20-2023, EA21-2026)",2023-06-01,5.5,2023
All-items HICP,"Euro area (EA11-1999, EA12-2001, EA13-2007, EA15-2008, EA16-2009, EA17-2011, EA18-2014, EA19-2015, EA20-2023, EA21-2026)",2023-07-01,5.3,2023
All-items HICP,"Euro area (EA11-1999, EA12-2001, EA13-2007, EA15-2008, EA16-2009, EA17-2011, EA18-2014, EA19-2015, EA20-2023, EA21-2026)",2023-08-01,5.2,2023
All-items HICP,"Euro area (EA11-1999, EA12-2001, EA13-2007, EA15-2008, EA16-2009, EA17-2011, EA18-2014, EA19-2015, EA20-2023, EA21-2026)",2023-09-01,4.3,2023
All-items HICP,"Euro area (EA11-1999, EA12-2001, EA13-2007, EA15-2008, EA16-2009, EA17-2011, EA18-2014, EA19-2015, EA20-2023, EA21-2026)",2023-10-01,2.9,2023
All-items HICP,"Euro area (EA11-1999, EA12-2001, EA13-2007, EA15-2008, EA16-2009, EA17-2011, EA18-2014, EA19-2015, EA20-2023, EA21-2026)",2023-11-01,2.4,2023
All-items HICP,"Euro area (EA11-1999, EA12-2001, EA13-2007, EA15-2008, EA16-2009, EA17-2011, EA18-2014, EA19-2015, EA20-2023, EA21-2026)",2023-12-01,2.9,2023
All-items HICP,"Euro area (EA11-1999, EA12-2001, EA13-2007, EA15-2008, EA16-2009, EA17-2011, EA18-2014, EA19-2015, EA20-2023, EA21-2026)",2024-01-01,2.8,2024
All-items HICP,"Euro area (EA11-1999, EA12-2001, EA13-2007, EA15-2008, EA16-2009, EA17-2011, EA18-2014, EA19-2015, EA20-2023, EA21-2026)",2024-02-01,2.6,2024
All-items HICP,"Euro area (EA11-1999, EA12-2001, EA13-2007, EA15-2008, EA16-2009, EA17-2011, EA18-2014, EA19-2015, EA20-2023, EA21-2026)",2024-03-01,2.4,2024
All-items HICP,"Euro area (EA11-1999, EA12-2001, EA13-2007, EA15-2008, EA16-2009, EA17-2011, EA18-2014, EA19-2015, EA20-2023, EA21-2026)",2024-04-01,2.4,2024
All-items HICP,"Euro area (EA11-1999, EA12-2001, EA13-2007, EA15-2008, EA16-2009, EA17-2011, EA18-2014, EA19-2015, EA20-2023, EA21-2026)",2024-05-01,2.6,2024
All-items HICP,"Euro area (EA11-1999, EA12-2001, EA13-2007, EA15-2008, EA16-2009, EA17-2011, EA18-2014, EA19-2015, EA20-2023, EA21-2026)",2024-06-01,2.5,2024
All-items HICP,"Euro area (EA11-1999, EA12-2001, EA13-2007, EA15-2008, EA16-2009, EA17-2011, EA18-2014, EA19-2015, EA20-2023, EA21-2026)",2024-07-01,2.6,2024
All-items HICP,"Euro area (EA11-1999, EA12-2001, EA13-2007, EA15-2008, EA16-2009, EA17-2011, EA18-2014, EA19-2015, EA20-2023, EA21-2026)",2024-08-01,2.2,2024
All-items HICP,"Euro area (EA11-1999, EA12-2001, EA13-2007, EA15-2008, EA16-2009, EA17-2011, EA18-2014, EA19-2015, EA20-2023, EA21-2026)",2024-09-01,1.7,2024
All-items HICP,"Euro area (EA11-1999, EA12-2001, EA13-2007, EA15-2008, EA16-2009, EA17-2011, EA18-2014, EA19-2015, EA20-2023, EA21-2026)",2024-10-01,2.0,2024
All-items HICP,"Euro area (EA11-1999, EA12-2001, EA13-2007, EA15-2008, EA16-2009, EA17-2011, EA18-2014, EA19-2015, EA20-2023, EA21-2026)",2024-11-01,2.2,2024
All-items HICP,"Euro area (EA11-1999, EA12-2001, EA13-2007, EA15-2008, EA16-2009, EA17-2011, EA18-2014, EA19-2015, EA20-2023, EA21-2026)",2024-12-01,2.4,2024
All-items HICP,"Euro area (EA11-1999, EA12-2001, EA13-2007, EA15-2008, EA16-2009, EA17-2011, EA18-2014, EA19-2015, EA20-2023, EA21-2026)",2025-01-01,2.5,2025
All-items HICP,"Euro area (EA11-1999, EA12-2001, EA13-2007, EA15-2008, EA16-2009, EA17-2011, EA18-2014, EA19-2015, EA20-2023, EA21-2026)",2025-02-01,2.3,2025
All-items HICP,"Euro area (EA11-1999, EA12-2001, EA13-2007, EA15-2008, EA16-2009, EA17-2011, EA18-2014, EA19-2015, EA20-2023, EA21-2026)",2025-03-01,2.2,2025
All-items HICP,"Euro area (EA11-1999, EA12-2001, EA13-2007, EA15-2008, EA16-2009, EA17-2011, EA18-2014, EA19-2015, EA20-2023, EA21-2026)",2025-04-01,2.2,2025
All-items HICP,"Euro area (EA11-1999, EA12-2001, EA13-2007, EA15-2008, EA16-2009, EA17-2011, EA18-2014, EA19-2015, EA20-2023, EA21-2026)",2025-05-01,1.9,2025
All-items HICP,"Euro area (EA11-1999, EA12-2001, EA13-2007, EA15-2008, EA16-2009, EA17-2011, EA18-2014, EA19-2015, EA20-2023, EA21-2026)",2025-06-01,2.0,2025
All-items HICP,"Euro area (EA11-1999, EA12-2001, EA13-2007, EA15-2008, EA16-2009, EA17-2011, EA18-2014, EA19-2015, EA20-2023, EA21-2026)",2025-07-01,2.0,2025
All-items HICP,"Euro area (EA11-1999, EA12-2001, EA13-2007, EA15-2008, EA16-2009, EA17-2011, EA18-2014, EA19-2015, EA20-2023, EA21-2026)",2025-08-01,2.0,2025
All-items HICP,"Euro area (EA11-1999, EA12-2001, EA13-2007, EA15-2008, EA16-2009, EA17-2011, EA18-2014, EA19-2015, EA20-2023, EA21-2026)",2025-09-01,2.2,2025
All-items HICP,"Euro area (EA11-1999, EA12-2001, EA13-2007, EA15-2008, EA16-2009, EA17-2011, EA18-2014, EA19-2015, EA20-2023, EA21-2026)",2025-10-01,2.1,2025
All-items HICP,"Euro area (EA11-1999, EA12-2001, EA13-2007, EA15-2008, EA16-2009, EA17-2011, EA18-2014, EA19-2015, EA20-2023, EA21-2026)",2025-11-01,2.1,2025
All-items HICP,"Euro area (EA11-1999, EA12-2001, EA13-2007, EA15-2008, EA16-2009, EA17-2011, EA18-2014, EA19-2015, EA20-2023, EA21-2026)",2025-12-01,2.0,2025
All-items HICP,Spain,2019-01-01,1.0,2019
All-items HICP,Spain,2019-02-01,1.1,2019
All-items HICP,Spain,2019-03-01,1.3,2019
All-items HICP,Spain,2019-04-01,1.6,2019
All-items HICP,Spain,2019-05-01,0.9,2019
All-items HICP,Spain,2019-06-01,0.6,2019
All-items HICP,Spain,2019-07-01,0.6,2019
All-items HICP,Spain,2019-08-01,0.4,2019
All-items HICP,Spain,2019-09-01,0.2,2019
All-items HICP,Spain,2019-10-01,0.2,2019
All-items HICP,Spain,2019-11-01,0.5,2019
All-items HICP,Spain,2019-12-01,0.8,2019
All-items HICP,Spain,2020-01-01,1.1,2020
All-items HICP,Spain,2020-02-01,0.9,2020
All-items HICP,Spain,2020-03-01,0.1,2020
All-items HICP,Spain,2020-04-01,-0.7,2020
All-items HICP,Spain,2020-05-01,-0.9,2020
All-items HICP,Spain,2020-06-01,-0.3,2020
All-items HICP,Spain,2020-07-01,-0.7,2020
All-items HICP,Spain,2020-08-01,-0.6,2020
All-items HICP,Spain,2020-09-01,-0.6,2020
All-items HICP,Spain,2020-10-01,-0.9,2020
All-items HICP,Spain,2020-11-01,-0.8,2020
All-items HICP,Spain,2020-12-01,-0.6,2020
All-items HICP,Spain,2021-01-01,0.4,2021
All-items HICP,Spain,2021-02-01,-0.1,2021
All-items HICP,Spain,2021-03-01,1.2,2021
All-items HICP,Spain,2021-04-01,2.0,2021
All-items HICP,Spain,2021-05-01,2.4,2021
All-items HICP,Spain,2021-06-01,2.5,2021
All-items HICP,Spain,2021-07-01,2.9,2021
All-items HICP,Spain,2021-08-01,3.3,2021
All-items HICP,Spain,2021-09-01,4.0,2021
All-items HICP,Spain,2021-10-01,5.4,2021
All-items HICP,Spain,2021-11-01,5.5,2021
All-items HICP,Spain,2021-12-01,6.6,2021
All-items HICP,Spain,2022-01-01,6.2,2022
All-items HICP,Spain,2022-02-01,7.6,2022
All-items HICP,Spain,2022-03-01,9.8,2022
All-items HICP,Spain,2022-04-01,8.3,2022
All-items HICP,Spain,2022-05-01,8.5,2022
All-items HICP,Spain,2022-06-01,10.0,2022
All-items HICP,Spain,2022-07-01,10.7,2022
All-items HICP,Spain,2022-08-01,10.5,2022
All-items HICP,Spain,2022-09-01,9.0,2022
All-items HICP,Spain,2022-10-01,7.3,2022
All-items HICP,Spain,2022-11-01,6.7,2022
All-items HICP,Spain,2022-12-01,5.5,2022
All-items HICP,Spain,2023-01-01,5.9,2023
All-items HICP,Spain,2023-02-01,6.0,2023
All-items HICP,Spain,2023-03-01,3.1,2023
All-items HICP,Spain,2023-04-01,3.8,2023
All-items HICP,Spain,2023-05-01,2.9,2023
All-items HICP,Spain,2023-06-01,1.6,2023
All-items HICP,Spain,2023-07-01,2.1,2023
All-items HICP,Spain,2023-08-01,2.4,2023
All-items HICP,Spain,2023-09-01,3.3,2023
All-items HICP,Spain,2023-10-01,3.5,2023
All-items HICP,Spain,2023-11-01,3.3,2023
All-items HICP,Spain,2023-12-01,3.3,2023
All-items HICP,Spain,2024-01-01,3.5,2024
All-items HICP,Spain,2024-02-01,2.9,2024
All-items HICP,Spain,2024-03-01,3.3,2024
All-items HICP,Spain,2024-04-01,3.4,2024
All-items HICP,Spain,2024-05-01,3.8,2024
All-items HICP,Spain,2024-06-01,3.6,2024
All-items HICP,Spain,2024-07-01,2.9,2024
All-items HICP,Spain,2024-08-01,2.4,2024
All-items HICP,Spain,2024-09-01,1.7,2024
All-items HICP,Spain,2024-10-01,1.8,2024
All-items HICP,Spain,2024-11-01,2.4,2024
All-items HICP,Spain,2024-12-01,2.8,2024
All-items HICP,Spain,2025-01-01,2.9,2025
All-items HICP,Spain,2025-02-01,2.9,2025
All-items HICP,Spain,2025-03-01,2.2,2025
All-items HICP,Spain,2025-04-01,2.2,2025
All-items HICP,Spain,2025-05-01,2.0,2025
All-items HICP,Spain,2025-06-01,2.3,2025
All-items HICP,Spain,2025-07-01,2.7,2025
All-items HICP,Spain,2025-08-01,2.7,2025
All-items HICP,Spain,2025-09-01,3.0,2025
All-items HICP,Spain,2025-10-01,3.2,2025
All-items HICP,Spain,2025-11-01,3.2,2025
All-items HICP,Spain,2025-12-01,3.0,2025
All-items HICP,France,2019-01-01,1.4,2019
All-items HICP,France,2019-02-01,1.6,2019
All-items HICP,France,2019-03-01,1.3,2019
All-items HICP,France,2019-04-01,1.5,2019
All-items HICP,France,2019-05-01,1.1,2019
All-items HICP,France,2019-06-01,1.4,2019
All-items HICP,France,2019-07-01,1.3,2019
All-items HICP,France,2019-08-01,1.3,2019
All-items HICP,France,2019-09-01,1.1,2019
All-items HICP,France,2019-10-01,0.9,2019
All-items HICP,France,2019-11-01,1.2,2019
All-items HICP,France,2019-12-01,1.6,2019
All-items HICP,France,2020-01-01,1.7,2020
All-items HICP,France,2020-02-01,1.6,2020
All-items HICP,France,2020-03-01,0.8,2020
All-items HICP,France,2020-04-01,0.4,2020
All-items HICP,France,2020-05-01,0.4,2020
All-items HICP,France,2020-06-01,0.2,2020
All-items HICP,France,2020-07-01,0.9,2020
All-items HICP,France,2020-08-01,0.2,2020
All-items HICP,France,2020-09-01,0.0,2020
All-items HICP,France,2020-10-01,0.1,2020
All-items HICP,France,2020-11-01,0.2,2020
All-items HICP,France,2020-12-01,0.0,2020
All-items HICP,France,2021-01-01,0.8,2021
All-items HICP,France,2021-02-01,0.8,2021
All-items HICP,France,2021-03-01,1.4,2021
All-items HICP,France,2021-04-01,1.6,2021
All-items HICP,France,2021-05-01,1.8,2021
All-items HICP,France,2021-06-01,1.9,2021
All-items HICP,France,2021-07-01,1.5,2021
All-items HICP,France,2021-08-01,2.4,2021
All-items HICP,France,2021-09-01,2.7,2021
All-items HICP,France,2021-10-01,3.2,2021
All-items HICP,France,2021-11-01,3.4,2021
All-items HICP,France,2021-12-01,3.4,2021
All-items HICP,France,2022-01-01,3.3,2022
All-items HICP,France,2022-02-01,4.2,2022
All-items HICP,France,2022-03-01,5.1,2022
All-items HICP,France,2022-04-01,5.4,2022
All-items HICP,France,2022-05-01,5.8,2022
All-items HICP,France,2022-06-01,6.5,2022
All-items HICP,France,2022-07-01,6.8,2022
All-items HICP,France,2022-08-01,6.6,2022
All-items HICP,France,2022-09-01,6.2,2022
All-items HICP,France,2022-10-01,7.1,2022
All-items HICP,France,2022-11-01,7.1,2022
All-items HICP,France,2022-12-01,6.7,2022
All-items HICP,France,2023-01-01,7.0,2023
All-items HICP,France,2023-02-01,7.3,2023
All-items HICP,France,2023-03-01,6.7,2023
All-items HICP,France,2023-04-01,6.9,2023
All-items HICP,France,2023-05-01,6.0,2023
All-items HICP,France,2023-06-01,5.3,2023
All-items HICP,France,2023-07-01,5.1,2023
All-items HICP,France,2023-08-01,5.7,2023
All-items HICP,France,2023-09-01,5.7,2023
All-items HICP,France,2023-10-01,4.5,2023
All-items HICP,France,2023-11-01,3.9,2023
All-items HICP,France,2023-12-01,4.1,2023
All-items HICP,France,2024-01-01,3.4,2024
All-items HICP,France,2024-02-01,3.2,2024
All-items HICP,France,2024-03-01,2.4,2024
All-items HICP,France,2024-04-01,2.4,2024
All-items HICP,France,2024-05-01,2.6,2024
All-items HICP,France,2024-06-01,2.5,2024
All-items HICP,France,2024-07-01,2.7,2024
All-items HICP,France,2024-08-01,2.2,2024
All-items HICP,France,2024-09-01,1.4,2024
All-items HICP,France,2024-10-01,1.6,2024
All-items HICP,France,2024-11-01,1.7,2024
All-items HICP,France,2024-12-01,1.8,2024
All-items HICP,France,2025-01-01,1.8,2025
All-items HICP,France,2025-02-01,0.9,2025
All-items HICP,France,2025-03-01,0.9,2025
All-items HICP,France,2025-04-01,0.9,2025
All-items HICP,France,2025-05-01,0.6,2025
All-items HICP,France,2025-06-01,0.9,2025
All-items HICP,France,2025-07-01,0.9,2025
All-items HICP,France,2025-08-01,0.8,2025
All-items HICP,France,2025-09-01,1.1,2025
All-items HICP,France,2025-10-01,0.8,2025
All-items HICP,France,2025-11-01,0.8,2025
All-items HICP,France,2025-12-01,0.7,2025
All-items HICP,Italy,2019-01-01,0.9,2019
All-items HICP,Italy,2019-02-01,1.1,2019
All-items HICP,Italy,2019-03-01,1.1,2019
All-items HICP,Italy,2019-04-01,1.1,2019
All-items HICP,Italy,2019-05-01,0.9,2019
All-items HICP,Italy,2019-06-01,0.8,2019
All-items HICP,Italy,2019-07-01,0.3,2019
All-items HICP,Italy,2019-08-01,0.5,2019
All-items HICP,Italy,2019-09-01,0.2,2019
All-items HICP,Italy,2019-10-01,0.2,2019
All-items HICP,Italy,2019-11-01,0.2,2019
All-items HICP,Italy,2019-12-01,0.5,2019
All-items HICP,Italy,2020-01-01,0.4,2020
All-items HICP,Italy,2020-02-01,0.2,2020
All-items HICP,Italy,2020-03-01,0.1,2020
All-items HICP,Italy,2020-04-01,0.1,2020
All-items HICP,Italy,2020-05-01,-0.3,2020
All-items HICP,Italy,2020-06-01,-0.4,2020
All-items HICP,Italy,2020-07-01,0.8,2020
All-items HICP,Italy,2020-08-01,-0.5,2020
All-items HICP,Italy,2020-09-01,-1.0,2020
All-items HICP,Italy,2020-10-01,-0.6,2020
All-items HICP,Italy,2020-11-01,-0.3,2020
All-items HICP,Italy,2020-12-01,-0.3,2020
All-items HICP,Italy,2021-01-01,0.7,2021
All-items HICP,Italy,2021-02-01,1.0,2021
All-items HICP,Italy,2021-03-01,0.6,2021
All-items HICP,Italy,2021-04-01,1.0,2021
All-items HICP,Italy,2021-05-01,1.2,2021
All-items HICP,Italy,2021-06-01,1.3,2021
All-items HICP,Italy,2021-07-01,1.0,2021
All-items HICP,Italy,2021-08-01,2.5,2021
All-items HICP,Italy,2021-09-01,2.9,2021
All-items HICP,Italy,2021-10-01,3.2,2021
All-items HICP,Italy,2021-11-01,3.9,2021
All-items HICP,Italy,2021-12-01,4.2,2021
All-items HICP,Italy,2022-01-01,5.1,2022
All-items HICP,Italy,2022-02-01,6.2,2022
All-items HICP,Italy,2022-03-01,6.8,2022
All-items HICP,Italy,2022-04-01,6.3,2022
All-items HICP,Italy,2022-05-01,7.3,2022
All-items HICP,Italy,2022-06-01,8.5,2022
All-items HICP,Italy,2022-07-01,8.4,2022
All-items HICP,Italy,2022-08-01,9.1,2022
All-items HICP,Italy,2022-09-01,9.4,2022
All-items HICP,Italy,2022-10-01,12.6,2022
All-items HICP,Italy,2022-11-01,12.6,2022
All-items HICP,Italy,2022-12-01,12.3,2022
All-items HICP,Italy,2023-01-01,10.7,2023
All-items HICP,Italy,2023-02-01,9.8,2023
All-items HICP,Italy,2023-03-01,8.1,2023
All-items HICP,Italy,2023-04-01,8.6,2023
All-items HICP,Italy,2023-05-01,8.0,2023
All-items HICP,Italy,2023-06-01,6.7,2023
All-items HICP,Italy,2023-07-01,6.3,2023
All-items HICP,Italy,2023-08-01,5.5,2023
All-items HICP,Italy,2023-09-01,5.6,2023
All-items HICP,Italy,2023-10-01,1.8,2023
All-items HICP,Italy,2023-11-01,0.6,2023
All-items HICP,Italy,2023-12-01,0.5,2023
All-items HICP,Italy,2024-01-01,0.9,2024
All-items HICP,Italy,2024-02-01,0.8,2024
All-items HICP,Italy,2024-03-01,1.2,2024
All-items HICP,Italy,2024-04-01,0.9,2024
All-items HICP,Italy,2024-05-01,0.8,2024
All-items HICP,Italy,2024-06-01,0.9,2024
All-items HICP,Italy,2024-07-01,1.6,2024
All-items HICP,Italy,2024-08-01,1.2,2024
All-items HICP,Italy,2024-09-01,0.7,2024
All-items HICP,Italy,2024-10-01,1.0,2024
All-items HICP,Italy,2024-11-01,1.5,2024
All-items HICP,Italy,2024-12-01,1.4,2024
All-items HICP,Italy,2025-01-01,1.7,2025
All-items HICP,Italy,2025-02-01,1.7,2025
All-items HICP,Italy,2025-03-01,2.1,2025
All-items HICP,Italy,2025-04-01,2.0,2025
All-items HICP,Italy,2025-05-01,1.7,2025
All-items HICP,Italy,2025-06-01,1.8,2025
All-items HICP,Italy,2025-07-01,1.7,2025
All-items HICP,Italy,2025-08-01,1.6,2025
All-items HICP,Italy,2025-09-01,1.8,2025
All-items HICP,Italy,2025-10-01,1.3,2025
All-items HICP,Italy,2025-11-01,1.1,2025
All-items HICP,Italy,2025-12-01,1.2,2025
All-items HICP,Portugal,2019-01-01,0.6,2019
All-items HICP,Portugal,2019-02-01,0.9,2019
All-items HICP,Portugal,2019-03-01,0.8,2019
All-items HICP,Portugal,2019-04-01,0.9,2019
All-items HICP,Portugal,2019-05-01,0.3,2019
All-items HICP,Portugal,2019-06-01,0.7,2019
All-items HICP,Portugal,2019-07-01,-0.7,2019
All-items HICP,Portugal,2019-08-01,-0.1,2019
All-items HICP,Portugal,2019-09-01,-0.3,2019
All-items HICP,Portugal,2019-10-01,-0.1,2019
All-items HICP,Portugal,2019-11-01,0.2,2019
All-items HICP,Portugal,2019-12-01,0.4,2019
All-items HICP,Portugal,2020-01-01,0.8,2020
All-items HICP,Portugal,2020-02-01,0.5,2020
All-items HICP,Portugal,2020-03-01,0.1,2020
All-items HICP,Portugal,2020-04-01,-0.1,2020
All-items HICP,Portugal,2020-05-01,-0.6,2020
All-items HICP,Portugal,2020-06-01,0.2,2020
All-items HICP,Portugal,2020-07-01,-0.1,2020
All-items HICP,Portugal,2020-08-01,-0.2,2020
All-items HICP,Portugal,2020-09-01,-0.8,2020
All-items HICP,Portugal,2020-10-01,-0.6,2020
All-items HICP,Portugal,2020-11-01,-0.4,2020
All-items HICP,Portugal,2020-12-01,-0.3,2020
All-items HICP,Portugal,2021-01-01,0.2,2021
All-items HICP,Portugal,2021-02-01,0.3,2021
All-items HICP,Portugal,2021-03-01,0.1,2021
All-items HICP,Portugal,2021-04-01,-0.1,2021
All-items HICP,Portugal,2021-05-01,0.5,2021
All-items HICP,Portugal,2021-06-01,-0.6,2021
All-items HICP,Portugal,2021-07-01,1.1,2021
All-items HICP,Portugal,2021-08-01,1.3,2021
All-items HICP,Portugal,2021-09-01,1.3,2021
All-items HICP,Portugal,2021-10-01,1.8,2021
All-items HICP,Portugal,2021-11-01,2.6,2021
All-items HICP,Portugal,2021-12-01,2.8,2021
All-items HICP,Portugal,2022-01-01,3.4,2022
All-items HICP,Portugal,2022-02-01,4.4,2022
All-items HICP,Portugal,2022-03-01,5.5,2022
All-items HICP,Portugal,2022-04-01,7.4,2022
All-items HICP,Portugal,2022-05-01,8.1,2022
All-items HICP,Portugal,2022-06-01,9.0,2022
All-items HICP,Portugal,2022-07-01,9.4,2022
All-items HICP,Portugal,2022-08-01,9.3,2022
All-items HICP,Portugal,2022-09-01,9.8,2022
All-items HICP,Portugal,2022-10-01,10.6,2022
All-items HICP,Portugal,2022-11-01,10.2,2022
All-items HICP,Portugal,2022-12-01,9.8,2022
All-items HICP,Portugal,2023-01-01,8.6,2023
All-items HICP,Portugal,2023-02-01,8.6,2023
All-items HICP,Portugal,2023-03-01,8.0,2023
All-items HICP,Portugal,2023-04-01,6.9,2023
All-items HICP,Portugal,2023-05-01,5.4,2023
All-items HICP,Portugal,2023-06-01,4.7,2023
All-items HICP,Portugal,2023-07-01,4.3,2023
All-items HICP,Portugal,2023-08-01,5.3,2023
All-items HICP,Portugal,2023-09-01,4.8,2023
All-items HICP,Portugal,2023-10-01,3.2,2023
All-items HICP,Portugal,2023-11-01,2.2,2023
All-items HICP,Portugal,2023-12-01,1.9,2023
All-items HICP,Portugal,2024-01-01,2.5,2024
All-items HICP,Portugal,2024-02-01,2.3,2024
All-items HICP,Portugal,2024-03-01,2.6,2024
All-items HICP,Portugal,2024-04-01,2.3,2024
All-items HICP,Portugal,2024-05-01,3.8,2024
All-items HICP,Portugal,2024-06-01,3.1,2024
All-items HICP,Portugal,2024-07-01,2.7,2024
All-items HICP,Portugal,2024-08-01,1.8,2024
All-items HICP,Portugal,2024-09-01,2.6,2024
All-items HICP,Portugal,2024-10-01,2.6,2024
All-items HICP,Portugal,2024-11-01,2.7,2024
All-items HICP,Portugal,2024-12-01,3.1,2024
All-items HICP,Portugal,2025-01-01,2.7,2025
All-items HICP,Portugal,2025-02-01,2.5,2025
All-items HICP,Portugal,2025-03-01,1.9,2025
All-items HICP,Portugal,2025-04-01,2.1,2025
All-items HICP,Portugal,2025-05-01,1.7,2025
All-items HICP,Portugal,2025-06-01,2.1,2025
All-items HICP,Portugal,2025-07-01,2.5,2025
All-items HICP,Portugal,2025-08-01,2.5,2025
All-items HICP,Portugal,2025-09-01,1.9,2025
All-items HICP,Portugal,2025-10-01,2.0,2025
All-items HICP,Portugal,2025-11-01,2.1,2025
All-items HICP,Portugal,2025-12-01,2.4,2025
Food and non-alcoholic beverages,Germany,2019-01-01,0.6,2019
Food and non-alcoholic beverages,Germany,2019-02-01,1.2,2019
Food and non-alcoholic beverages,Germany,2019-03-01,0.6,2019
Food and non-alcoholic beverages,Germany,2019-04-01,0.6,2019
Food and non-alcoholic beverages,Germany,2019-05-01,0.8,2019
Food and non-alcoholic beverages,Germany,2019-06-01,1.1,2019
Food and non-alcoholic beverages,Germany,2019-07-01,1.9,2019
Food and non-alcoholic beverages,Germany,2019-08-01,2.2,2019
Food and non-alcoholic beverages,Germany,2019-09-01,1.3,2019
Food and non-alcoholic beverages,Germany,2019-10-01,1.0,2019
Food and non-alcoholic beverages,Germany,2019-11-01,1.6,2019
Food and non-alcoholic beverages,Germany,2019-12-01,2.0,2019
Food and non-alcoholic beverages,Germany,2020-01-01,2.5,2020
Food and non-alcoholic beverages,Germany,2020-02-01,3.3,2020
Food and non-alcoholic beverages,Germany,2020-03-01,3.6,2020
Food and non-alcoholic beverages,Germany,2020-04-01,4.6,2020
Food and non-alcoholic beverages,Germany,2020-05-01,4.3,2020
Food and non-alcoholic beverages,Germany,2020-06-01,4.1,2020
Food and non-alcoholic beverages,Germany,2020-07-01,0.9,2020
Food and non-alcoholic beverages,Germany,2020-08-01,0.6,2020
Food and non-alcoholic beverages,Germany,2020-09-01,0.5,2020
Food and non-alcoholic beverages,Germany,2020-10-01,1.3,2020
Food and non-alcoholic beverages,Germany,2020-11-01,1.2,2020
Food and non-alcoholic beverages,Germany,2020-12-01,0.4,2020
Food and non-alcoholic beverages,Germany,2021-01-01,1.9,2021
Food and non-alcoholic beverages,Germany,2021-02-01,1.4,2021
Food and non-alcoholic beverages,Germany,2021-03-01,1.5,2021
Food and non-alcoholic beverages,Germany,2021-04-01,1.8,2021
Food and non-alcoholic beverages,Germany,2021-05-01,1.3,2021
Food and non-alcoholic beverages,Germany,2021-06-01,1.2,2021
Food and non-alcoholic beverages,Germany,2021-07-01,4.3,2021
Food and non-alcoholic beverages,Germany,2021-08-01,4.4,2021
Food and non-alcoholic beverages,Germany,2021-09-01,4.8,2021
Food and non-alcoholic beverages,Germany,2021-10-01,4.3,2021
Food and non-alcoholic beverages,Germany,2021-11-01,4.5,2021
Food and non-alcoholic beverages,Germany,2021-12-01,5.8,2021
Food and non-alcoholic beverages,Germany,2022-01-01,4.7,2022
Food and non-alcoholic beverages,Germany,2022-02-01,5.0,2022
Food and non-alcoholic beverages,Germany,2022-03-01,5.9,2022
Food and non-alcoholic beverages,Germany,2022-04-01,7.9,2022
Food and non-alcoholic beverages,Germany,2022-05-01,10.4,2022
Food and non-alcoholic beverages,Germany,2022-06-01,11.8,2022
Food and non-alcoholic beverages,Germany,2022-07-01,13.7,2022
Food and non-alcoholic beverages,Germany,2022-08-01,15.5,2022
Food and non-alcoholic beverages,Germany,2022-09-01,17.4,2022
Food and non-alcoholic beverages,Germany,2022-10-01,18.9,2022
Food and non-alcoholic beverages,Germany,2022-11-01,19.7,2022
Food and non-alcoholic beverages,Germany,2022-12-01,19.5,2022
Food and non-alcoholic beverages,Germany,2023-01-01,19.6,2023
Food and non-alcoholic beverages,Germany,2023-02-01,21.2,2023
Food and non-alcoholic beverages,Germany,2023-03-01,21.8,2023
Food and non-alcoholic beverages,Germany,2023-04-01,17.4,2023
Food and non-alcoholic beverages,Germany,2023-05-01,15.0,2023
Food and non-alcoholic beverages,Germany,2023-06-01,13.8,2023
Food and non-alcoholic beverages,Germany,2023-07-01,11.3,2023
Food and non-alcoholic beverages,Germany,2023-08-01,9.3,2023
Food and non-alcoholic beverages,Germany,2023-09-01,8.0,2023
Food and non-alcoholic beverages,Germany,2023-10-01,6.7,2023
Food and non-alcoholic beverages,Germany,2023-11-01,6.1,2023
Food and non-alcoholic beverages,Germany,2023-12-01,5.4,2023
Food and non-alcoholic beverages,Germany,2024-01-01,4.7,2024
Food and non-alcoholic beverages,Germany,2024-02-01,2.1,2024
Food and non-alcoholic beverages,Germany,2024-03-01,0.6,2024
Food and non-alcoholic beverages,Germany,2024-04-01,1.6,2024
Food and non-alcoholic beverages,Germany,2024-05-01,1.6,2024
Food and non-alcoholic beverages,Germany,2024-06-01,1.9,2024
Food and non-alcoholic beverages,Germany,2024-07-01,2.2,2024
Food and non-alcoholic beverages,Germany,2024-08-01,2.4,2024
Food and non-alcoholic beverages,Germany,2024-09-01,2.4,2024
Food and non-alcoholic beverages,Germany,2024-10-01,3.1,2024
Food and non-alcoholic beverages,Germany,2024-11-01,2.6,2024
Food and non-alcoholic beverages,Germany,2024-12-01,2.8,2024
Food and non-alcoholic beverages,Germany,2025-01-01,1.5,2025
Food and non-alcoholic beverages,Germany,2025-02-01,2.9,2025
Food and non-alcoholic beverages,Germany,2025-03-01,3.6,2025
Food and non-alcoholic beverages,Germany,2025-04-01,3.3,2025
Food and non-alcoholic beverages,Germany,2025-05-01,3.3,2025
Food and non-alcoholic beverages,Germany,2025-06-01,2.5,2025
Food and non-alcoholic beverages,Germany,2025-07-01,2.7,2025
Food and non-alcoholic beverages,Germany,2025-08-01,3.1,2025
Food and non-alcoholic beverages,Germany,2025-09-01,2.8,2025
Food and non-alcoholic beverages,Germany,2025-10-01,2.1,2025
Food and non-alcoholic beverages,Germany,2025-11-01,2.0,2025
Food and non-alcoholic beverages,Germany,2025-12-01,1.7,2025
Food and non-alcoholic beverages,"Euro area (EA11-1999, EA12-2001, EA13-2007, EA15-2008, EA16-2009, EA17-2011, EA18-2014, EA19-2015, EA20-2023, EA21-2026)",2019-01-01,1.3,2019
Food and non-alcoholic beverages,"Euro area (EA11-1999, EA12-2001, EA13-2007, EA15-2008, EA16-2009, EA17-2011, EA18-2014, EA19-2015, EA20-2023, EA21-2026)",2019-02-01,1.8,2019
Food and non-alcoholic beverages,"Euro area (EA11-1999, EA12-2001, EA13-2007, EA15-2008, EA16-2009, EA17-2011, EA18-2014, EA19-2015, EA20-2023, EA21-2026)",2019-03-01,1.3,2019
Food and non-alcoholic beverages,"Euro area (EA11-1999, EA12-2001, EA13-2007, EA15-2008, EA16-2009, EA17-2011, EA18-2014, EA19-2015, EA20-2023, EA21-2026)",2019-04-01,1.1,2019
Food and non-alcoholic beverages,"Euro area (EA11-1999, EA12-2001, EA13-2007, EA15-2008, EA16-2009, EA17-2011, EA18-2014, EA19-2015, EA20-2023, EA21-2026)",2019-05-01,1.1,2019
Food and non-alcoholic beverages,"Euro area (EA11-1999, EA12-2001, EA13-2007, EA15-2008, EA16-2009, EA17-2011, EA18-2014, EA19-2015, EA20-2023, EA21-2026)",2019-06-01,1.3,2019
Food and non-alcoholic beverages,"Euro area (EA11-1999, EA12-2001, EA13-2007, EA15-2008, EA16-2009, EA17-2011, EA18-2014, EA19-2015, EA20-2023, EA21-2026)",2019-07-01,1.7,2019
Food and non-alcoholic beverages,"Euro area (EA11-1999, EA12-2001, EA13-2007, EA15-2008, EA16-2009, EA17-2011, EA18-2014, EA19-2015, EA20-2023, EA21-2026)",2019-08-01,1.9,2019
Food and non-alcoholic beverages,"Euro area (EA11-1999, EA12-2001, EA13-2007, EA15-2008, EA16-2009, EA17-2011, EA18-2014, EA19-2015, EA20-2023, EA21-2026)",2019-09-01,1.2,2019
Food and non-alcoholic beverages,"Euro area (EA11-1999, EA12-2001, EA13-2007, EA15-2008, EA16-2009, EA17-2011, EA18-2014, EA19-2015, EA20-2023, EA21-2026)",2019-10-01,1.2,2019
Food and non-alcoholic beverages,"Euro area (EA11-1999, EA12-2001, EA13-2007, EA15-2008, EA16-2009, EA17-2011, EA18-2014, EA19-2015, EA20-2023, EA21-2026)",2019-11-01,1.5,2019
Food and non-alcoholic beverages,"Euro area (EA11-1999, EA12-2001, EA13-2007, EA15-2008, EA16-2009, EA17-2011, EA18-2014, EA19-2015, EA20-2023, EA21-2026)",2019-12-01,1.7,2019
Food and non-alcoholic beverages,"Euro area (EA11-1999, EA12-2001, EA13-2007, EA15-2008, EA16-2009, EA17-2011, EA18-2014, EA19-2015, EA20-2023, EA21-2026)",2020-01-01,1.7,2020
Food and non-alcoholic beverages,"Euro area (EA11-1999, EA12-2001, EA13-2007, EA15-2008, EA16-2009, EA17-2011, EA18-2014, EA19-2015, EA20-2023, EA21-2026)",2020-02-01,1.8,2020
Food and non-alcoholic beverages,"Euro area (EA11-1999, EA12-2001, EA13-2007, EA15-2008, EA16-2009, EA17-2011, EA18-2014, EA19-2015, EA20-2023, EA21-2026)",2020-03-01,2.3,2020
Food and non-alcoholic beverages,"Euro area (EA11-1999, EA12-2001, EA13-2007, EA15-2008, EA16-2009, EA17-2011, EA18-2014, EA19-2015, EA20-2023, EA21-2026)",2020-04-01,3.6,2020
Food and non-alcoholic beverages,"Euro area (EA11-1999, EA12-2001, EA13-2007, EA15-2008, EA16-2009, EA17-2011, EA18-2014, EA19-2015, EA20-2023, EA21-2026)",2020-05-01,3.4,2020
Food and non-alcoholic beverages,"Euro area (EA11-1999, EA12-2001, EA13-2007, EA15-2008, EA16-2009, EA17-2011, EA18-2014, EA19-2015, EA20-2023, EA21-2026)",2020-06-01,3.0,2020
Food and non-alcoholic beverages,"Euro area (EA11-1999, EA12-2001, EA13-2007, EA15-2008, EA16-2009, EA17-2011, EA18-2014, EA19-2015, EA20-2023, EA21-2026)",2020-07-01,1.6,2020
Food and non-alcoholic beverages,"Euro area (EA11-1999, EA12-2001, EA13-2007, EA15-2008, EA16-2009, EA17-2011, EA18-2014, EA19-2015, EA20-2023, EA21-2026)",2020-08-01,1.2,2020
Food and non-alcoholic beverages,"Euro area (EA11-1999, EA12-2001, EA13-2007, EA15-2008, EA16-2009, EA17-2011, EA18-2014, EA19-2015, EA20-2023, EA21-2026)",2020-09-01,1.4,2020
Food and non-alcoholic beverages,"Euro area (EA11-1999, EA12-2001, EA13-2007, EA15-2008, EA16-2009, EA17-2011, EA18-2014, EA19-2015, EA20-2023, EA21-2026)",2020-10-01,1.7,2020
Food and non-alcoholic beverages,"Euro area (EA11-1999, EA12-2001, EA13-2007, EA15-2008, EA16-2009, EA17-2011, EA18-2014, EA19-2015, EA20-2023, EA21-2026)",2020-11-01,1.5,2020
Food and non-alcoholic beverages,"Euro area (EA11-1999, EA12-2001, EA13-2007, EA15-2008, EA16-2009, EA17-2011, EA18-2014, EA19-2015, EA20-2023, EA21-2026)",2020-12-01,0.9,2020
Food and non-alcoholic beverages,"Euro area (EA11-1999, EA12-2001, EA13-2007, EA15-2008, EA16-2009, EA17-2011, EA18-2014, EA19-2015, EA20-2023, EA21-2026)",2021-01-01,1.0,2021
Food and non-alcoholic beverages,"Euro area (EA11-1999, EA12-2001, EA13-2007, EA15-2008, EA16-2009, EA17-2011, EA18-2014, EA19-2015, EA20-2023, EA21-2026)",2021-02-01,0.8,2021
Food and non-alcoholic beverages,"Euro area (EA11-1999, EA12-2001, EA13-2007, EA15-2008, EA16-2009, EA17-2011, EA18-2014, EA19-2015, EA20-2023, EA21-2026)",2021-03-01,0.7,2021
Food and non-alcoholic beverages,"Euro area (EA11-1999, EA12-2001, EA13-2007, EA15-2008, EA16-2009, EA17-2011, EA18-2014, EA19-2015, EA20-2023, EA21-2026)",2021-04-01,0.0,2021
Food and non-alcoholic beverages,"Euro area (EA11-1999, EA12-2001, EA13-2007, EA15-2008, EA16-2009, EA17-2011, EA18-2014, EA19-2015, EA20-2023, EA21-2026)",2021-05-01,0.1,2021
Food and non-alcoholic beverages,"Euro area (EA11-1999, EA12-2001, EA13-2007, EA15-2008, EA16-2009, EA17-2011, EA18-2014, EA19-2015, EA20-2023, EA21-2026)",2021-06-01,0.2,2021
Food and non-alcoholic beverages,"Euro area (EA11-1999, EA12-2001, EA13-2007, EA15-2008, EA16-2009, EA17-2011, EA18-2014, EA19-2015, EA20-2023, EA21-2026)",2021-07-01,1.4,2021
Food and non-alcoholic beverages,"Euro area (EA11-1999, EA12-2001, EA13-2007, EA15-2008, EA16-2009, EA17-2011, EA18-2014, EA19-2015, EA20-2023, EA21-2026)",2021-08-01,1.9,2021
Food and non-alcoholic beverages,"Euro area (EA11-1999, EA12-2001, EA13-2007, EA15-2008, EA16-2009, EA17-2011, EA18-2014, EA19-2015, EA20-2023, EA21-2026)",2021-09-01,1.9,2021
Food and non-alcoholic beverages,"Euro area (EA11-1999, EA12-2001, EA13-2007, EA15-2008, EA16-2009, EA17-2011, EA18-2014, EA19-2015, EA20-2023, EA21-2026)",2021-10-01,1.8,2021
Food and non-alcoholic beverages,"Euro area (EA11-1999, EA12-2001, EA13-2007, EA15-2008, EA16-2009, EA17-2011, EA18-2014, EA19-2015, EA20-2023, EA21-2026)",2021-11-01,2.2,2021
Food and non-alcoholic beverages,"Euro area (EA11-1999, EA12-2001, EA13-2007, EA15-2008, EA16-2009, EA17-2011, EA18-2014, EA19-2015, EA20-2023, EA21-2026)",2021-12-01,3.5,2021
Food and non-alcoholic beverages,"Euro area (EA11-1999, EA12-2001, EA13-2007, EA15-2008, EA16-2009, EA17-2011, EA18-2014, EA19-2015, EA20-2023, EA21-2026)",2022-01-01,3.9,2022
Food and non-alcoholic beverages,"Euro area (EA11-1999, EA12-2001, EA13-2007, EA15-2008, EA16-2009, EA17-2011, EA18-2014, EA19-2015, EA20-2023, EA21-2026)",2022-02-01,4.7,2022
Food and non-alcoholic beverages,"Euro area (EA11-1999, EA12-2001, EA13-2007, EA15-2008, EA16-2009, EA17-2011, EA18-2014, EA19-2015, EA20-2023, EA21-2026)",2022-03-01,5.7,2022
Food and non-alcoholic beverages,"Euro area (EA11-1999, EA12-2001, EA13-2007, EA15-2008, EA16-2009, EA17-2011, EA18-2014, EA19-2015, EA20-2023, EA21-2026)",2022-04-01,7.4,2022
Food and non-alcoholic beverages,"Euro area (EA11-1999, EA12-2001, EA13-2007, EA15-2008, EA16-2009, EA17-2011, EA18-2014, EA19-2015, EA20-2023, EA21-2026)",2022-05-01,8.7,2022
Food and non-alcoholic beverages,"Euro area (EA11-1999, EA12-2001, EA13-2007, EA15-2008, EA16-2009, EA17-2011, EA18-2014, EA19-2015, EA20-2023, EA21-2026)",2022-06-01,10.4,2022
Food and non-alcoholic beverages,"Euro area (EA11-1999, EA12-2001, EA13-2007, EA15-2008, EA16-2009, EA17-2011, EA18-2014, EA19-2015, EA20-2023, EA21-2026)",2022-07-01,11.5,2022
Food and non-alcoholic beverages,"Euro area (EA11-1999, EA12-2001, EA13-2007, EA15-2008, EA16-2009, EA17-2011, EA18-2014, EA19-2015, EA20-2023, EA21-2026)",2022-08-01,12.4,2022
Food and non-alcoholic beverages,"Euro area (EA11-1999, EA12-2001, EA13-2007, EA15-2008, EA16-2009, EA17-2011, EA18-2014, EA19-2015, EA20-2023, EA21-2026)",2022-09-01,13.8,2022
Food and non-alcoholic beverages,"Euro area (EA11-1999, EA12-2001, EA13-2007, EA15-2008, EA16-2009, EA17-2011, EA18-2014, EA19-2015, EA20-2023, EA21-2026)",2022-10-01,15.5,2022
Food and non-alcoholic beverages,"Euro area (EA11-1999, EA12-2001, EA13-2007, EA15-2008, EA16-2009, EA17-2011, EA18-2014, EA19-2015, EA20-2023, EA21-2026)",2022-11-01,16.0,2022
Food and non-alcoholic beverages,"Euro area (EA11-1999, EA12-2001, EA13-2007, EA15-2008, EA16-2009, EA17-2011, EA18-2014, EA19-2015, EA20-2023, EA21-2026)",2022-12-01,16.0,2022
Food and non-alcoholic beverages,"Euro area (EA11-1999, EA12-2001, EA13-2007, EA15-2008, EA16-2009, EA17-2011, EA18-2014, EA19-2015, EA20-2023, EA21-2026)",2023-01-01,16.3,2023
Food and non-alcoholic beverages,"Euro area (EA11-1999, EA12-2001, EA13-2007, EA15-2008, EA16-2009, EA17-2011, EA18-2014, EA19-2015, EA20-2023, EA21-2026)",2023-02-01,17.3,2023
Food and non-alcoholic beverages,"Euro area (EA11-1999, EA12-2001, EA13-2007, EA15-2008, EA16-2009, EA17-2011, EA18-2014, EA19-2015, EA20-2023, EA21-2026)",2023-03-01,17.5,2023
Food and non-alcoholic beverages,"Euro area (EA11-1999, EA12-2001, EA13-2007, EA15-2008, EA16-2009, EA17-2011, EA18-2014, EA19-2015, EA20-2023, EA21-2026)",2023-04-01,15.0,2023
Food and non-alcoholic beverages,"Euro area (EA11-1999, EA12-2001, EA13-2007, EA15-2008, EA16-2009, EA17-2011, EA18-2014, EA19-2015, EA20-2023, EA21-2026)",2023-05-01,13.7,2023
Food and non-alcoholic beverages,"Euro area (EA11-1999, EA12-2001, EA13-2007, EA15-2008, EA16-2009, EA17-2011, EA18-2014, EA19-2015, EA20-2023, EA21-2026)",2023-06-01,12.6,2023
Food and non-alcoholic beverages,"Euro area (EA11-1999, EA12-2001, EA13-2007, EA15-2008, EA16-2009, EA17-2011, EA18-2014, EA19-2015, EA20-2023, EA21-2026)",2023-07-01,11.6,2023
Food and non-alcoholic beverages,"Euro area (EA11-1999, EA12-2001, EA13-2007, EA15-2008, EA16-2009, EA17-2011, EA18-2014, EA19-2015, EA20-2023, EA21-2026)",2023-08-01,10.3,2023
Food and non-alcoholic beverages,"Euro area (EA11-1999, EA12-2001, EA13-2007, EA15-2008, EA16-2009, EA17-2011, EA18-2014, EA19-2015, EA20-2023, EA21-2026)",2023-09-01,9.1,2023
Food and non-alcoholic beverages,"Euro area (EA11-1999, EA12-2001, EA13-2007, EA15-2008, EA16-2009, EA17-2011, EA18-2014, EA19-2015, EA20-2023, EA21-2026)",2023-10-01,7.5,2023
Food and non-alcoholic beverages,"Euro area (EA11-1999, EA12-2001, EA13-2007, EA15-2008, EA16-2009, EA17-2011, EA18-2014, EA19-2015, EA20-2023, EA21-2026)",2023-11-01,6.9,2023
Food and non-alcoholic beverages,"Euro area (EA11-1999, EA12-2001, EA13-2007, EA15-2008, EA16-2009, EA17-2011, EA18-2014, EA19-2015, EA20-2023, EA21-2026)",2023-12-01,6.1,2023
Food and non-alcoholic beverages,"Euro area (EA11-1999, EA12-2001, EA13-2007, EA15-2008, EA16-2009, EA17-2011, EA18-2014, EA19-2015, EA20-2023, EA21-2026)",2024-01-01,5.4,2024
Food and non-alcoholic beverages,"Euro area (EA11-1999, EA12-2001, EA13-2007, EA15-2008, EA16-2009, EA17-2011, EA18-2014, EA19-2015, EA20-2023, EA21-2026)",2024-02-01,3.3,2024
Food and non-alcoholic beverages,"Euro area (EA11-1999, EA12-2001, EA13-2007, EA15-2008, EA16-2009, EA17-2011, EA18-2014, EA19-2015, EA20-2023, EA21-2026)",2024-03-01,2.0,2024
Food and non-alcoholic beverages,"Euro area (EA11-1999, EA12-2001, EA13-2007, EA15-2008, EA16-2009, EA17-2011, EA18-2014, EA19-2015, EA20-2023, EA21-2026)",2024-04-01,2.2,2024
Food and non-alcoholic beverages,"Euro area (EA11-1999, EA12-2001, EA13-2007, EA15-2008, EA16-2009, EA17-2011, EA18-2014, EA19-2015, EA20-2023, EA21-2026)",2024-05-01,2.0,2024
Food and non-alcoholic beverages,"Euro area (EA11-1999, EA12-2001, EA13-2007, EA15-2008, EA16-2009, EA17-2011, EA18-2014, EA19-2015, EA20-2023, EA21-2026)",2024-06-01,1.8,2024
Food and non-alcoholic beverages,"Euro area (EA11-1999, EA12-2001, EA13-2007, EA15-2008, EA16-2009, EA17-2011, EA18-2014, EA19-2015, EA20-2023, EA21-2026)",2024-07-01,1.6,2024
Food and non-alcoholic beverages,"Euro area (EA11-1999, EA12-2001, EA13-2007, EA15-2008, EA16-2009, EA17-2011, EA18-2014, EA19-2015, EA20-2023, EA21-2026)",2024-08-01,1.7,2024
Food and non-alcoholic beverages,"Euro area (EA11-1999, EA12-2001, EA13-2007, EA15-2008, EA16-2009, EA17-2011, EA18-2014, EA19-2015, EA20-2023, EA21-2026)",2024-09-01,1.7,2024
Food and non-alcoholic beverages,"Euro area (EA11-1999, EA12-2001, EA13-2007, EA15-2008, EA16-2009, EA17-2011, EA18-2014, EA19-2015, EA20-2023, EA21-2026)",2024-10-01,2.2,2024
Food and non-alcoholic beverages,"Euro area (EA11-1999, EA12-2001, EA13-2007, EA15-2008, EA16-2009, EA17-2011, EA18-2014, EA19-2015, EA20-2023, EA21-2026)",2024-11-01,2.0,2024
Food and non-alcoholic beverages,"Euro area (EA11-1999, EA12-2001, EA13-2007, EA15-2008, EA16-2009, EA17-2011, EA18-2014, EA19-2015, EA20-2023, EA21-2026)",2024-12-01,1.9,2024
Food and non-alcoholic beverages,"Euro area (EA11-1999, EA12-2001, EA13-2007, EA15-2008, EA16-2009, EA17-2011, EA18-2014, EA19-2015, EA20-2023, EA21-2026)",2025-01-01,1.6,2025
Food and non-alcoholic beverages,"Euro area (EA11-1999, EA12-2001, EA13-2007, EA15-2008, EA16-2009, EA17-2011, EA18-2014, EA19-2015, EA20-2023, EA21-2026)",2025-02-01,2.2,2025
Food and non-alcoholic beverages,"Euro area (EA11-1999, EA12-2001, EA13-2007, EA15-2008, EA16-2009, EA17-2011, EA18-2014, EA19-2015, EA20-2023, EA21-2026)",2025-03-01,2.6,2025
Food and non-alcoholic beverages,"Euro area (EA11-1999, EA12-2001, EA13-2007, EA15-2008, EA16-2009, EA17-2011, EA18-2014, EA19-2015, EA20-2023, EA21-2026)",2025-04-01,2.7,2025
Food and non-alcoholic beverages,"Euro area (EA11-1999, EA12-2001, EA13-2007, EA15-2008, EA16-2009, EA17-2011, EA18-2014, EA19-2015, EA20-2023, EA21-2026)",2025-05-01,2.9,2025
Food and non-alcoholic beverages,"Euro area (EA11-1999, EA12-2001, EA13-2007, EA15-2008, EA16-2009, EA17-2011, EA18-2014, EA19-2015, EA20-2023, EA21-2026)",2025-06-01,2.9,2025
Food and non-alcoholic beverages,"Euro area (EA11-1999, EA12-2001, EA13-2007, EA15-2008, EA16-2009, EA17-2011, EA18-2014, EA19-2015, EA20-2023, EA21-2026)",2025-07-01,3.2,2025
Food and non-alcoholic beverages,"Euro area (EA11-1999, EA12-2001, EA13-2007, EA15-2008, EA16-2009, EA17-2011, EA18-2014, EA19-2015, EA20-2023, EA21-2026)",2025-08-01,3.2,2025
Food and non-alcoholic beverages,"Euro area (EA11-1999, EA12-2001, EA13-2007, EA15-2008, EA16-2009, EA17-2011, EA18-2014, EA19-2015, EA20-2023, EA21-2026)",2025-09-01,3.0,2025
Food and non-alcoholic beverages,"Euro area (EA11-1999, EA12-2001, EA13-2007, EA15-2008, EA16-2009, EA17-2011, EA18-2014, EA19-2015, EA20-2023, EA21-2026)",2025-10-01,2.4,2025
Food and non-alcoholic beverages,"Euro area (EA11-1999, EA12-2001, EA13-2007, EA15-2008, EA16-2009, EA17-2011, EA18-2014, EA19-2015, EA20-2023, EA21-2026)",2025-11-01,2.3,2025
Food and non-alcoholic beverages,"Euro area (EA11-1999, EA12-2001, EA13-2007, EA15-2008, EA16-2009, EA17-2011, EA18-2014, EA19-2015, EA20-2023, EA21-2026)",2025-12-01,2.5,2025
Food and non-alcoholic beverages,Spain,2019-01-01,1.0,2019
Food and non-alcoholic beverages,Spain,2019-02-01,1.4,2019
Food and non-alcoholic beverages,Spain,2019-03-01,0.9,2019
Food and non-alcoholic beverages,Spain,2019-04-01,0.8,2019
Food and non-alcoholic beverages,Spain,2019-05-01,0.5,2019
Food and non-alcoholic beverages,Spain,2019-06-01,0.5,2019
Food and non-alcoholic beverages,Spain,2019-07-01,0.9,2019
Food and non-alcoholic beverages,Spain,2019-08-01,1.0,2019
Food and non-alcoholic beverages,Spain,2019-09-01,0.9,2019
Food and non-alcoholic beverages,Spain,2019-10-01,1.2,2019
Food and non-alcoholic beverages,Spain,2019-11-01,1.7,2019
Food and non-alcoholic beverages,Spain,2019-12-01,1.7,2019
Food and non-alcoholic beverages,Spain,2020-01-01,2.0,2020
Food and non-alcoholic beverages,Spain,2020-02-01,2.0,2020
Food and non-alcoholic beverages,Spain,2020-03-01,2.5,2020
Food and non-alcoholic beverages,Spain,2020-04-01,4.0,2020
Food and non-alcoholic beverages,Spain,2020-05-01,3.5,2020
Food and non-alcoholic beverages,Spain,2020-06-01,2.8,2020
Food and non-alcoholic beverages,Spain,2020-07-01,2.2,2020
Food and non-alcoholic beverages,Spain,2020-08-01,2.2,2020
Food and non-alcoholic beverages,Spain,2020-09-01,2.4,2020
Food and non-alcoholic beverages,Spain,2020-10-01,2.3,2020
Food and non-alcoholic beverages,Spain,2020-11-01,1.3,2020
Food and non-alcoholic beverages,Spain,2020-12-01,1.1,2020
Food and non-alcoholic beverages,Spain,2021-01-01,1.7,2021
Food and non-alcoholic beverages,Spain,2021-02-01,1.6,2021
Food and non-alcoholic beverages,Spain,2021-03-01,1.4,2021
Food and non-alcoholic beverages,Spain,2021-04-01,0.3,2021
Food and non-alcoholic beverages,Spain,2021-05-01,0.8,2021
Food and non-alcoholic beverages,Spain,2021-06-01,1.1,2021
Food and non-alcoholic beverages,Spain,2021-07-01,1.7,2021
Food and non-alcoholic beverages,Spain,2021-08-01,1.9,2021
Food and non-alcoholic beverages,Spain,2021-09-01,1.8,2021
Food and non-alcoholic beverages,Spain,2021-10-01,1.7,2021
Food and non-alcoholic beverages,Spain,2021-11-01,3.3,2021
Food and non-alcoholic beverages,Spain,2021-12-01,4.9,2021
Food and non-alcoholic beverages,Spain,2022-01-01,4.7,2022
Food and non-alcoholic beverages,Spain,2022-02-01,5.6,2022
Food and non-alcoholic beverages,Spain,2022-03-01,6.8,2022
Food and non-alcoholic beverages,Spain,2022-04-01,10.1,2022
Food and non-alcoholic beverages,Spain,2022-05-01,11.0,2022
Food and non-alcoholic beverages,Spain,2022-06-01,13.0,2022
Food and non-alcoholic beverages,Spain,2022-07-01,13.5,2022
Food and non-alcoholic beverages,Spain,2022-08-01,13.8,2022
Food and non-alcoholic beverages,Spain,2022-09-01,14.4,2022
Food and non-alcoholic beverages,Spain,2022-10-01,15.4,2022
Food and non-alcoholic beverages,Spain,2022-11-01,15.3,2022
Food and non-alcoholic beverages,Spain,2022-12-01,15.7,2022
Food and non-alcoholic beverages,Spain,2023-01-01,15.4,2023
Food and non-alcoholic beverages,Spain,2023-02-01,16.6,2023
Food and non-alcoholic beverages,Spain,2023-03-01,16.5,2023
Food and non-alcoholic beverages,Spain,2023-04-01,12.9,2023
Food and non-alcoholic beverages,Spain,2023-05-01,12.0,2023
Food and non-alcoholic beverages,Spain,2023-06-01,10.3,2023
Food and non-alcoholic beverages,Spain,2023-07-01,10.8,2023
Food and non-alcoholic beverages,Spain,2023-08-01,10.5,2023
Food and non-alcoholic beverages,Spain,2023-09-01,10.5,2023
Food and non-alcoholic beverages,Spain,2023-10-01,9.4,2023
Food and non-alcoholic beverages,Spain,2023-11-01,9.0,2023
Food and non-alcoholic beverages,Spain,2023-12-01,7.3,2023
Food and non-alcoholic beverages,Spain,2024-01-01,7.4,2024
Food and non-alcoholic beverages,Spain,2024-02-01,5.3,2024
Food and non-alcoholic beverages,Spain,2024-03-01,4.3,2024
Food and non-alcoholic beverages,Spain,2024-04-01,4.7,2024
Food and non-alcoholic beverages,Spain,2024-05-01,4.4,2024
Food and non-alcoholic beverages,Spain,2024-06-01,4.2,2024
Food and non-alcoholic beverages,Spain,2024-07-01,3.1,2024
Food and non-alcoholic beverages,Spain,2024-08-01,2.5,2024
Food and non-alcoholic beverages,Spain,2024-09-01,1.8,2024
Food and non-alcoholic beverages,Spain,2024-10-01,1.9,2024
Food and non-alcoholic beverages,Spain,2024-11-01,1.7,2024
Food and non-alcoholic beverages,Spain,2024-12-01,1.8,2024
Food and non-alcoholic beverages,Spain,2025-01-01,1.8,2025
Food and non-alcoholic beverages,Spain,2025-02-01,2.2,2025
Food and non-alcoholic beverages,Spain,2025-03-01,2.4,2025
Food and non-alcoholic beverages,Spain,2025-04-01,2.1,2025
Food and non-alcoholic beverages,Spain,2025-05-01,2.5,2025
Food and non-alcoholic beverages,Spain,2025-06-01,2.8,2025
Food and non-alcoholic beverages,Spain,2025-07-01,2.7,2025
Food and non-alcoholic beverages,Spain,2025-08-01,2.3,2025
Food and non-alcoholic beverages,Spain,2025-09-01,2.4,2025
Food and non-alcoholic beverages,Spain,2025-10-01,2.4,2025
Food and non-alcoholic beverages,Spain,2025-11-01,2.9,2025
Food and non-alcoholic beverages,Spain,2025-12-01,3.0,2025
Food and non-alcoholic beverages,France,2019-01-01,2.9,2019
Food and non-alcoholic beverages,France,2019-02-01,3.1,2019
Food and non-alcoholic beverages,France,2019-03-01,2.4,2019
Food and non-alcoholic beverages,France,2019-04-01,2.4,2019
Food and non-alcoholic beverages,France,2019-05-01,2.2,2019
Food and non-alcoholic beverages,France,2019-06-01,2.5,2019
Food and non-alcoholic beverages,France,2019-07-01,3.0,2019
Food and non-alcoholic beverages,France,2019-08-01,3.2,2019
Food and non-alcoholic beverages,France,2019-09-01,2.0,2019
Food and non-alcoholic beverages,France,2019-10-01,1.7,2019
Food and non-alcoholic beverages,France,2019-11-01,2.1,2019
Food and non-alcoholic beverages,France,2019-12-01,2.1,2019
Food and non-alcoholic beverages,France,2020-01-01,1.9,2020
Food and non-alcoholic beverages,France,2020-02-01,1.8,2020
Food and non-alcoholic beverages,France,2020-03-01,2.0,2020
Food and non-alcoholic beverages,France,2020-04-01,4.1,2020
Food and non-alcoholic beverages,France,2020-05-01,3.9,2020
Food and non-alcoholic beverages,France,2020-06-01,2.8,2020
Food and non-alcoholic beverages,France,2020-07-01,1.1,2020
Food and non-alcoholic beverages,France,2020-08-01,0.8,2020
Food and non-alcoholic beverages,France,2020-09-01,0.9,2020
Food and non-alcoholic beverages,France,2020-10-01,1.6,2020
Food and non-alcoholic beverages,France,2020-11-01,2.2,2020
Food and non-alcoholic beverages,France,2020-12-01,1.1,2020
Food and non-alcoholic beverages,France,2021-01-01,1.0,2021
Food and non-alcoholic beverages,France,2021-02-01,0.9,2021
Food and non-alcoholic beverages,France,2021-03-01,1.0,2021
Food and non-alcoholic beverages,France,2021-04-01,-0.5,2021
Food and non-alcoholic beverages,France,2021-05-01,-0.5,2021
Food and non-alcoholic beverages,France,2021-06-01,-0.3,2021
Food and non-alcoholic beverages,France,2021-07-01,0.9,2021
Food and non-alcoholic beverages,France,2021-08-01,1.4,2021
Food and non-alcoholic beverages,France,2021-09-01,1.1,2021
Food and non-alcoholic beverages,France,2021-10-01,0.7,2021
Food and non-alcoholic beverages,France,2021-11-01,0.4,2021
Food and non-alcoholic beverages,France,2021-12-01,1.4,2021
Food and non-alcoholic beverages,France,2022-01-01,1.7,2022
Food and non-alcoholic beverages,France,2022-02-01,2.3,2022
Food and non-alcoholic beverages,France,2022-03-01,3.2,2022
Food and non-alcoholic beverages,France,2022-04-01,4.2,2022
Food and non-alcoholic beverages,France,2022-05-01,4.6,2022
Food and non-alcoholic beverages,France,2022-06-01,6.3,2022
Food and non-alcoholic beverages,France,2022-07-01,7.2,2022
Food and non-alcoholic beverages,France,2022-08-01,8.4,2022
Food and non-alcoholic beverages,France,2022-09-01,10.6,2022
Food and non-alcoholic beverages,France,2022-10-01,12.9,2022
Food and non-alcoholic beverages,France,2022-11-01,13.0,2022
Food and non-alcoholic beverages,France,2022-12-01,12.9,2022
Food and non-alcoholic beverages,France,2023-01-01,14.1,2023
Food and non-alcoholic beverages,France,2023-02-01,15.8,2023
Food and non-alcoholic beverages,France,2023-03-01,16.9,2023
Food and non-alcoholic beverages,France,2023-04-01,15.7,2023
Food and non-alcoholic beverages,France,2023-05-01,14.9,2023
Food and non-alcoholic beverages,France,2023-06-01,14.3,2023
Food and non-alcoholic beverages,France,2023-07-01,13.2,2023
Food and non-alcoholic beverages,France,2023-08-01,11.6,2023
Food and non-alcoholic beverages,France,2023-09-01,9.9,2023
Food and non-alcoholic beverages,France,2023-10-01,8.0,2023
Food and non-alcoholic beverages,France,2023-11-01,7.9,2023
Food and non-alcoholic beverages,France,2023-12-01,7.4,2023
Food and non-alcoholic beverages,France,2024-01-01,5.8,2024
Food and non-alcoholic beverages,France,2024-02-01,3.5,2024
Food and non-alcoholic beverages,France,2024-03-01,1.6,2024
Food and non-alcoholic beverages,France,2024-04-01,1.2,2024
Food and non-alcoholic beverages,France,2024-05-01,1.3,2024
Food and non-alcoholic beverages,France,2024-06-01,0.8,2024
Food and non-alcoholic beverages,France,2024-07-01,0.5,2024
Food and non-alcoholic beverages,France,2024-08-01,0.5,2024
Food and non-alcoholic beverages,France,2024-09-01,0.5,2024
Food and non-alcoholic beverages,France,2024-10-01,0.7,2024
Food and non-alcoholic beverages,France,2024-11-01,0.2,2024
Food and non-alcoholic beverages,France,2024-12-01,0.0,2024
Food and non-alcoholic beverages,France,2025-01-01,0.1,2025
Food and non-alcoholic beverages,France,2025-02-01,0.3,2025
Food and non-alcoholic beverages,France,2025-03-01,0.6,2025
Food and non-alcoholic beverages,France,2025-04-01,1.3,2025
Food and non-alcoholic beverages,France,2025-05-01,1.4,2025
Food and non-alcoholic beverages,France,2025-06-01,1.5,2025
Food and non-alcoholic beverages,France,2025-07-01,1.8,2025
Food and non-alcoholic beverages,France,2025-08-01,1.8,2025
Food and non-alcoholic beverages,France,2025-09-01,1.9,2025
Food and non-alcoholic beverages,France,2025-10-01,1.4,2025
Food and non-alcoholic beverages,France,2025-11-01,1.5,2025
Food and non-alcoholic beverages,France,2025-12-01,1.8,2025
Food and non-alcoholic beverages,Italy,2019-01-01,0.5,2019
Food and non-alcoholic beverages,Italy,2019-02-01,1.7,2019
Food and non-alcoholic beverages,Italy,2019-03-01,1.0,2019
Food and non-alcoholic beverages,Italy,2019-04-01,0.2,2019
Food and non-alcoholic beverages,Italy,2019-05-01,0.4,2019
Food and non-alcoholic beverages,Italy,2019-06-01,0.3,2019
Food and non-alcoholic beverages,Italy,2019-07-01,0.9,2019
Food and non-alcoholic beverages,Italy,2019-08-01,1.0,2019
Food and non-alcoholic beverages,Italy,2019-09-01,0.6,2019
Food and non-alcoholic beverages,Italy,2019-10-01,0.8,2019
Food and non-alcoholic beverages,Italy,2019-11-01,0.8,2019
Food and non-alcoholic beverages,Italy,2019-12-01,0.9,2019
Food and non-alcoholic beverages,Italy,2020-01-01,0.8,2020
Food and non-alcoholic beverages,Italy,2020-02-01,0.5,2020
Food and non-alcoholic beverages,Italy,2020-03-01,1.3,2020
Food and non-alcoholic beverages,Italy,2020-04-01,3.0,2020
Food and non-alcoholic beverages,Italy,2020-05-01,2.7,2020
Food and non-alcoholic beverages,Italy,2020-06-01,2.5,2020
Food and non-alcoholic beverages,Italy,2020-07-01,1.3,2020
Food and non-alcoholic beverages,Italy,2020-08-01,1.0,2020
Food and non-alcoholic beverages,Italy,2020-09-01,1.3,2020
Food and non-alcoholic beverages,Italy,2020-10-01,1.4,2020
Food and non-alcoholic beverages,Italy,2020-11-01,1.4,2020
Food and non-alcoholic beverages,Italy,2020-12-01,0.9,2020
Food and non-alcoholic beverages,Italy,2021-01-01,0.6,2021
Food and non-alcoholic beverages,Italy,2021-02-01,0.2,2021
Food and non-alcoholic beverages,Italy,2021-03-01,0.0,2021
Food and non-alcoholic beverages,Italy,2021-04-01,-0.6,2021
Food and non-alcoholic beverages,Italy,2021-05-01,-0.8,2021
Food and non-alcoholic beverages,Italy,2021-06-01,-0.6,2021
Food and non-alcoholic beverages,Italy,2021-07-01,0.2,2021
Food and non-alcoholic beverages,Italy,2021-08-01,0.9,2021
Food and non-alcoholic beverages,Italy,2021-09-01,1.1,2021
Food and non-alcoholic beverages,Italy,2021-10-01,1.1,2021
Food and non-alcoholic beverages,Italy,2021-11-01,1.4,2021
Food and non-alcoholic beverages,Italy,2021-12-01,2.9,2021
Food and non-alcoholic beverages,Italy,2022-01-01,3.8,2022
Food and non-alcoholic beverages,Italy,2022-02-01,5.0,2022
Food and non-alcoholic beverages,Italy,2022-03-01,5.9,2022
Food and non-alcoholic beverages,Italy,2022-04-01,6.5,2022
Food and non-alcoholic beverages,Italy,2022-05-01,7.6,2022
Food and non-alcoholic beverages,Italy,2022-06-01,9.2,2022
Food and non-alcoholic beverages,Italy,2022-07-01,10.0,2022
Food and non-alcoholic beverages,Italy,2022-08-01,10.7,2022
Food and non-alcoholic beverages,Italy,2022-09-01,11.8,2022
Food and non-alcoholic beverages,Italy,2022-10-01,13.6,2022
Food and non-alcoholic beverages,Italy,2022-11-01,13.8,2022
Food and non-alcoholic beverages,Italy,2022-12-01,13.2,2022
Food and non-alcoholic beverages,Italy,2023-01-01,12.6,2023
Food and non-alcoholic beverages,Italy,2023-02-01,13.4,2023
Food and non-alcoholic beverages,Italy,2023-03-01,13.2,2023
Food and non-alcoholic beverages,Italy,2023-04-01,12.3,2023
Food and non-alcoholic beverages,Italy,2023-05-01,11.9,2023
Food and non-alcoholic beverages,Italy,2023-06-01,11.0,2023
Food and non-alcoholic beverages,Italy,2023-07-01,10.9,2023
Food and non-alcoholic beverages,Italy,2023-08-01,10.1,2023
Food and non-alcoholic beverages,Italy,2023-09-01,8.9,2023
Food and non-alcoholic beverages,Italy,2023-10-01,6.7,2023
Food and non-alcoholic beverages,Italy,2023-11-01,6.1,2023
Food and non-alcoholic beverages,Italy,2023-12-01,6.0,2023
Food and non-alcoholic beverages,Italy,2024-01-01,5.9,2024
Food and non-alcoholic beverages,Italy,2024-02-01,3.9,2024
Food and non-alcoholic beverages,Italy,2024-03-01,3.0,2024
Food and non-alcoholic beverages,Italy,2024-04-01,2.7,2024
Food and non-alcoholic beverages,Italy,2024-05-01,2.1,2024
Food and non-alcoholic beverages,Italy,2024-06-01,1.6,2024
Food and non-alcoholic beverages,Italy,2024-07-01,1.0,2024
Food and non-alcoholic beverages,Italy,2024-08-01,0.9,2024
Food and non-alcoholic beverages,Italy,2024-09-01,1.3,2024
Food and non-alcoholic beverages,Italy,2024-10-01,2.6,2024
Food and non-alcoholic beverages,Italy,2024-11-01,2.9,2024
Food and non-alcoholic beverages,Italy,2024-12-01,2.2,2024
Food and non-alcoholic beverages,Italy,2025-01-01,2.2,2025
Food and non-alcoholic beverages,Italy,2025-02-01,2.5,2025
Food and non-alcoholic beverages,Italy,2025-03-01,2.6,2025
Food and non-alcoholic beverages,Italy,2025-04-01,3.3,2025
Food and non-alcoholic beverages,Italy,2025-05-01,3.3,2025
Food and non-alcoholic beverages,Italy,2025-06-01,3.5,2025
Food and non-alcoholic beverages,Italy,2025-07-01,4.1,2025
Food and non-alcoholic beverages,Italy,2025-08-01,4.2,2025
Food and non-alcoholic beverages,Italy,2025-09-01,3.7,2025
Food and non-alcoholic beverages,Italy,2025-10-01,2.6,2025
Food and non-alcoholic beverages,Italy,2025-11-01,1.9,2025
Food and non-alcoholic beverages,Italy,2025-12-01,2.4,2025
Food and non-alcoholic beverages,Portugal,2019-01-01,0.3,2019
Food and non-alcoholic beverages,Portugal,2019-02-01,1.3,2019
Food and non-alcoholic beverages,Portugal,2019-03-01,1.2,2019
Food and non-alcoholic beverages,Portugal,2019-04-01,-0.1,2019
Food and non-alcoholic beverages,Portugal,2019-05-01,0.2,2019
Food and non-alcoholic beverages,Portugal,2019-06-01,0.4,2019
Food and non-alcoholic beverages,Portugal,2019-07-01,0.0,2019
Food and non-alcoholic beverages,Portugal,2019-08-01,0.0,2019
Food and non-alcoholic beverages,Portugal,2019-09-01,-0.1,2019
Food and non-alcoholic beverages,Portugal,2019-10-01,0.5,2019
Food and non-alcoholic beverages,Portugal,2019-11-01,0.3,2019
Food and non-alcoholic beverages,Portugal,2019-12-01,0.2,2019
Food and non-alcoholic beverages,Portugal,2020-01-01,0.8,2020
Food and non-alcoholic beverages,Portugal,2020-02-01,0.8,2020
Food and non-alcoholic beverages,Portugal,2020-03-01,1.2,2020
Food and non-alcoholic beverages,Portugal,2020-04-01,3.8,2020
Food and non-alcoholic beverages,Portugal,2020-05-01,2.2,2020
Food and non-alcoholic beverages,Portugal,2020-06-01,3.2,2020
Food and non-alcoholic beverages,Portugal,2020-07-01,2.6,2020
Food and non-alcoholic beverages,Portugal,2020-08-01,2.2,2020
Food and non-alcoholic beverages,Portugal,2020-09-01,2.0,2020
Food and non-alcoholic beverages,Portugal,2020-10-01,2.4,2020
Food and non-alcoholic beverages,Portugal,2020-11-01,2.0,2020
Food and non-alcoholic beverages,Portugal,2020-12-01,1.5,2020
Food and non-alcoholic beverages,Portugal,2021-01-01,1.0,2021
Food and non-alcoholic beverages,Portugal,2021-02-01,0.9,2021
Food and non-alcoholic beverages,Portugal,2021-03-01,0.7,2021
Food and non-alcoholic beverages,Portugal,2021-04-01,-0.8,2021
Food and non-alcoholic beverages,Portugal,2021-05-01,0.5,2021
Food and non-alcoholic beverages,Portugal,2021-06-01,-0.2,2021
Food and non-alcoholic beverages,Portugal,2021-07-01,0.6,2021
Food and non-alcoholic beverages,Portugal,2021-08-01,0.6,2021
Food and non-alcoholic beverages,Portugal,2021-09-01,0.7,2021
Food and non-alcoholic beverages,Portugal,2021-10-01,0.5,2021
Food and non-alcoholic beverages,Portugal,2021-11-01,1.4,2021
Food and non-alcoholic beverages,Portugal,2021-12-01,2.9,2021
Food and non-alcoholic beverages,Portugal,2022-01-01,3.7,2022
Food and non-alcoholic beverages,Portugal,2022-02-01,4.7,2022
Food and non-alcoholic beverages,Portugal,2022-03-01,7.2,2022
Food and non-alcoholic beverages,Portugal,2022-04-01,10.3,2022
Food and non-alcoholic beverages,Portugal,2022-05-01,12.3,2022
Food and non-alcoholic beverages,Portugal,2022-06-01,13.2,2022
Food and non-alcoholic beverages,Portugal,2022-07-01,13.9,2022
Food and non-alcoholic beverages,Portugal,2022-08-01,15.4,2022
Food and non-alcoholic beverages,Portugal,2022-09-01,16.5,2022
Food and non-alcoholic beverages,Portugal,2022-10-01,18.6,2022
Food and non-alcoholic beverages,Portugal,2022-11-01,20.0,2022
Food and non-alcoholic beverages,Portugal,2022-12-01,19.9,2022
Food and non-alcoholic beverages,Portugal,2023-01-01,20.6,2023
Food and non-alcoholic beverages,Portugal,2023-02-01,21.5,2023
Food and non-alcoholic beverages,Portugal,2023-03-01,19.6,2023
Food and non-alcoholic beverages,Portugal,2023-04-01,15.4,2023
Food and non-alcoholic beverages,Portugal,2023-05-01,9.4,2023
Food and non-alcoholic beverages,Portugal,2023-06-01,8.6,2023
Food and non-alcoholic beverages,Portugal,2023-07-01,7.3,2023
Food and non-alcoholic beverages,Portugal,2023-08-01,6.8,2023
Food and non-alcoholic beverages,Portugal,2023-09-01,6.4,2023
Food and non-alcoholic beverages,Portugal,2023-10-01,4.3,2023
Food and non-alcoholic beverages,Portugal,2023-11-01,3.0,2023
Food and non-alcoholic beverages,Portugal,2023-12-01,1.7,2023
Food and non-alcoholic beverages,Portugal,2024-01-01,2.7,2024
Food and non-alcoholic beverages,Portugal,2024-02-01,0.8,2024
Food and non-alcoholic beverages,Portugal,2024-03-01,0.0,2024
Food and non-alcoholic beverages,Portugal,2024-04-01,0.3,2024
Food and non-alcoholic beverages,Portugal,2024-05-01,3.4,2024
Food and non-alcoholic beverages,Portugal,2024-06-01,3.0,2024
Food and non-alcoholic beverages,Portugal,2024-07-01,3.6,2024
Food and non-alcoholic beverages,Portugal,2024-08-01,2.7,2024
Food and non-alcoholic beverages,Portugal,2024-09-01,2.7,2024
Food and non-alcoholic beverages,Portugal,2024-10-01,3.0,2024
Food and non-alcoholic beverages,Portugal,2024-11-01,2.7,2024
Food and non-alcoholic beverages,Portugal,2024-12-01,3.4,2024
Food and non-alcoholic beverages,Portugal,2025-01-01,1.5,2025
Food and non-alcoholic beverages,Portugal,2025-02-01,1.6,2025
Food and non-alcoholic beverages,Portugal,2025-03-01,1.7,2025
Food and non-alcoholic beverages,Portugal,2025-04-01,1.6,2025
Food and non-alcoholic beverages,Portugal,2025-05-01,2.6,2025
Food and non-alcoholic beverages,Portugal,2025-06-01,3.1,2025
Food and non-alcoholic beverages,Portugal,2025-07-01,3.8,2025
Food and non-alcoholic beverages,Portugal,2025-08-01,4.0,2025
Food and non-alcoholic beverages,Portugal,2025-09-01,4.0,2025
Food and non-alcoholic beverages,Portugal,2025-10-01,3.5,2025
Food and non-alcoholic beverages,Portugal,2025-11-01,3.5,2025
Food and non-alcoholic beverages,Portugal,2025-12-01,3.5,2025
Bread,Germany,2019-01-01,2.3,2019
Bread,Germany,2019-02-01,2.7,2019
Bread,Germany,2019-03-01,2.9,2019
Bread,Germany,2019-04-01,3.2,2019
Bread,Germany,2019-05-01,3.4,2019
Bread,Germany,2019-06-01,3.0,2019
Bread,Germany,2019-07-01,3.5,2019
Bread,Germany,2019-08-01,3.5,2019
Bread,Germany,2019-09-01,3.2,2019
Bread,Germany,2019-10-01,3.1,2019
Bread,Germany,2019-11-01,2.7,2019
Bread,Germany,2019-12-01,3.0,2019
Bread,Germany,2020-01-01,3.0,2020
Bread,Germany,2020-02-01,2.7,2020
Bread,Germany,2020-03-01,2.8,2020
Bread,Germany,2020-04-01,2.6,2020
Bread,Germany,2020-05-01,2.5,2020
Bread,Germany,2020-06-01,2.7,2020
Bread,Germany,2020-07-01,0.7,2020
Bread,Germany,2020-08-01,0.5,2020
Bread,Germany,2020-09-01,0.6,2020
Bread,Germany,2020-10-01,0.5,2020
Bread,Germany,2020-11-01,0.4,2020
Bread,Germany,2020-12-01,0.0,2020
Bread,Germany,2021-01-01,1.5,2021
Bread,Germany,2021-02-01,2.3,2021
Bread,Germany,2021-03-01,1.9,2021
Bread,Germany,2021-04-01,2.0,2021
Bread,Germany,2021-05-01,2.2,2021
Bread,Germany,2021-06-01,2.3,2021
Bread,Germany,2021-07-01,4.3,2021
Bread,Germany,2021-08-01,4.8,2021
Bread,Germany,2021-09-01,5.8,2021
Bread,Germany,2021-10-01,6.1,2021
Bread,Germany,2021-11-01,6.5,2021
Bread,Germany,2021-12-01,7.2,2021
Bread,Germany,2022-01-01,6.7,2022
Bread,Germany,2022-02-01,6.4,2022
Bread,Germany,2022-03-01,7.2,2022
Bread,Germany,2022-04-01,9.6,2022
Bread,Germany,2022-05-01,11.6,2022
Bread,Germany,2022-06-01,13.6,2022
Bread,Germany,2022-07-01,17.3,2022
Bread,Germany,2022-08-01,17.5,2022
Bread,Germany,2022-09-01,18.1,2022
Bread,Germany,2022-10-01,19.3,2022
Bread,Germany,2022-11-01,20.8,2022
Bread,Germany,2022-12-01,20.8,2022
Bread,Germany,2023-01-01,20.6,2023
Bread,Germany,2023-02-01,20.9,2023
Bread,Germany,2023-03-01,20.5,2023
Bread,Germany,2023-04-01,18.5,2023
Bread,Germany,2023-05-01,16.3,2023
Bread,Germany,2023-06-01,14.4,2023
Bread,Germany,2023-07-01,10.2,2023
Bread,Germany,2023-08-01,9.8,2023
Bread,Germany,2023-09-01,8.3,2023
Bread,Germany,2023-10-01,6.7,2023
Bread,Germany,2023-11-01,5.1,2023
Bread,Germany,2023-12-01,4.6,2023
Bread,Germany,2024-01-01,3.2,2024
Bread,Germany,2024-02-01,3.2,2024
Bread,Germany,2024-03-01,3.0,2024
Bread,Germany,2024-04-01,2.1,2024
Bread,Germany,2024-05-01,1.9,2024
Bread,Germany,2024-06-01,1.8,2024
Bread,Germany,2024-07-01,1.6,2024
Bread,Germany,2024-08-01,1.4,2024
Bread,Germany,2024-09-01,1.8,2024
Bread,Germany,2024-10-01,2.3,2024
Bread,Germany,2024-11-01,1.8,2024
Bread,Germany,2024-12-01,1.7,2024
Bread,Germany,2025-01-01,2.4,2025
Bread,Germany,2025-02-01,1.8,2025
Bread,Germany,2025-03-01,2.0,2025
Bread,Germany,2025-04-01,2.0,2025
Bread,Germany,2025-05-01,2.5,2025
Bread,Germany,2025-06-01,1.7,2025
Bread,Germany,2025-07-01,2.4,2025
Bread,Germany,2025-08-01,2.4,2025
Bread,Germany,2025-09-01,1.9,2025
Bread,Germany,2025-10-01,2.1,2025
Bread,Germany,2025-11-01,2.1,2025
Bread,Germany,2025-12-01,2.1,2025
Bread,"Euro area (EA11-1999, EA12-2001, EA13-2007, EA15-2008, EA16-2009, EA17-2011, EA18-2014, EA19-2015, EA20-2023, EA21-2026)",2019-01-01,2.0,2019
Bread,"Euro area (EA11-1999, EA12-2001, EA13-2007, EA15-2008, EA16-2009, EA17-2011, EA18-2014, EA19-2015, EA20-2023, EA21-2026)",2019-02-01,2.2,2019
Bread,"Euro area (EA11-1999, EA12-2001, EA13-2007, EA15-2008, EA16-2009, EA17-2011, EA18-2014, EA19-2015, EA20-2023, EA21-2026)",2019-03-01,2.2,2019
Bread,"Euro area (EA11-1999, EA12-2001, EA13-2007, EA15-2008, EA16-2009, EA17-2011, EA18-2014, EA19-2015, EA20-2023, EA21-2026)",2019-04-01,2.3,2019
Bread,"Euro area (EA11-1999, EA12-2001, EA13-2007, EA15-2008, EA16-2009, EA17-2011, EA18-2014, EA19-2015, EA20-2023, EA21-2026)",2019-05-01,2.3,2019
Bread,"Euro area (EA11-1999, EA12-2001, EA13-2007, EA15-2008, EA16-2009, EA17-2011, EA18-2014, EA19-2015, EA20-2023, EA21-2026)",2019-06-01,2.1,2019
Bread,"Euro area (EA11-1999, EA12-2001, EA13-2007, EA15-2008, EA16-2009, EA17-2011, EA18-2014, EA19-2015, EA20-2023, EA21-2026)",2019-07-01,2.1,2019
Bread,"Euro area (EA11-1999, EA12-2001, EA13-2007, EA15-2008, EA16-2009, EA17-2011, EA18-2014, EA19-2015, EA20-2023, EA21-2026)",2019-08-01,2.1,2019
Bread,"Euro area (EA11-1999, EA12-2001, EA13-2007, EA15-2008, EA16-2009, EA17-2011, EA18-2014, EA19-2015, EA20-2023, EA21-2026)",2019-09-01,1.9,2019
Bread,"Euro area (EA11-1999, EA12-2001, EA13-2007, EA15-2008, EA16-2009, EA17-2011, EA18-2014, EA19-2015, EA20-2023, EA21-2026)",2019-10-01,1.9,2019
Bread,"Euro area (EA11-1999, EA12-2001, EA13-2007, EA15-2008, EA16-2009, EA17-2011, EA18-2014, EA19-2015, EA20-2023, EA21-2026)",2019-11-01,1.7,2019
Bread,"Euro area (EA11-1999, EA12-2001, EA13-2007, EA15-2008, EA16-2009, EA17-2011, EA18-2014, EA19-2015, EA20-2023, EA21-2026)",2019-12-01,1.5,2019
Bread,"Euro area (EA11-1999, EA12-2001, EA13-2007, EA15-2008, EA16-2009, EA17-2011, EA18-2014, EA19-2015, EA20-2023, EA21-2026)",2020-01-01,1.3,2020
Bread,"Euro area (EA11-1999, EA12-2001, EA13-2007, EA15-2008, EA16-2009, EA17-2011, EA18-2014, EA19-2015, EA20-2023, EA21-2026)",2020-02-01,1.1,2020
Bread,"Euro area (EA11-1999, EA12-2001, EA13-2007, EA15-2008, EA16-2009, EA17-2011, EA18-2014, EA19-2015, EA20-2023, EA21-2026)",2020-03-01,1.2,2020
Bread,"Euro area (EA11-1999, EA12-2001, EA13-2007, EA15-2008, EA16-2009, EA17-2011, EA18-2014, EA19-2015, EA20-2023, EA21-2026)",2020-04-01,1.8,2020
Bread,"Euro area (EA11-1999, EA12-2001, EA13-2007, EA15-2008, EA16-2009, EA17-2011, EA18-2014, EA19-2015, EA20-2023, EA21-2026)",2020-05-01,1.5,2020
Bread,"Euro area (EA11-1999, EA12-2001, EA13-2007, EA15-2008, EA16-2009, EA17-2011, EA18-2014, EA19-2015, EA20-2023, EA21-2026)",2020-06-01,1.3,2020
Bread,"Euro area (EA11-1999, EA12-2001, EA13-2007, EA15-2008, EA16-2009, EA17-2011, EA18-2014, EA19-2015, EA20-2023, EA21-2026)",2020-07-01,0.6,2020
Bread,"Euro area (EA11-1999, EA12-2001, EA13-2007, EA15-2008, EA16-2009, EA17-2011, EA18-2014, EA19-2015, EA20-2023, EA21-2026)",2020-08-01,0.4,2020
Bread,"Euro area (EA11-1999, EA12-2001, EA13-2007, EA15-2008, EA16-2009, EA17-2011, EA18-2014, EA19-2015, EA20-2023, EA21-2026)",2020-09-01,0.5,2020
Bread,"Euro area (EA11-1999, EA12-2001, EA13-2007, EA15-2008, EA16-2009, EA17-2011, EA18-2014, EA19-2015, EA20-2023, EA21-2026)",2020-10-01,0.4,2020
Bread,"Euro area (EA11-1999, EA12-2001, EA13-2007, EA15-2008, EA16-2009, EA17-2011, EA18-2014, EA19-2015, EA20-2023, EA21-2026)",2020-11-01,0.3,2020
Bread,"Euro area (EA11-1999, EA12-2001, EA13-2007, EA15-2008, EA16-2009, EA17-2011, EA18-2014, EA19-2015, EA20-2023, EA21-2026)",2020-12-01,0.3,2020
Bread,"Euro area (EA11-1999, EA12-2001, EA13-2007, EA15-2008, EA16-2009, EA17-2011, EA18-2014, EA19-2015, EA20-2023, EA21-2026)",2021-01-01,0.5,2021
Bread,"Euro area (EA11-1999, EA12-2001, EA13-2007, EA15-2008, EA16-2009, EA17-2011, EA18-2014, EA19-2015, EA20-2023, EA21-2026)",2021-02-01,0.7,2021
Bread,"Euro area (EA11-1999, EA12-2001, EA13-2007, EA15-2008, EA16-2009, EA17-2011, EA18-2014, EA19-2015, EA20-2023, EA21-2026)",2021-03-01,0.7,2021
Bread,"Euro area (EA11-1999, EA12-2001, EA13-2007, EA15-2008, EA16-2009, EA17-2011, EA18-2014, EA19-2015, EA20-2023, EA21-2026)",2021-04-01,0.1,2021
Bread,"Euro area (EA11-1999, EA12-2001, EA13-2007, EA15-2008, EA16-2009, EA17-2011, EA18-2014, EA19-2015, EA20-2023, EA21-2026)",2021-05-01,0.5,2021
Bread,"Euro area (EA11-1999, EA12-2001, EA13-2007, EA15-2008, EA16-2009, EA17-2011, EA18-2014, EA19-2015, EA20-2023, EA21-2026)",2021-06-01,0.7,2021
Bread,"Euro area (EA11-1999, EA12-2001, EA13-2007, EA15-2008, EA16-2009, EA17-2011, EA18-2014, EA19-2015, EA20-2023, EA21-2026)",2021-07-01,1.5,2021
Bread,"Euro area (EA11-1999, EA12-2001, EA13-2007, EA15-2008, EA16-2009, EA17-2011, EA18-2014, EA19-2015, EA20-2023, EA21-2026)",2021-08-01,1.8,2021
Bread,"Euro area (EA11-1999, EA12-2001, EA13-2007, EA15-2008, EA16-2009, EA17-2011, EA18-2014, EA19-2015, EA20-2023, EA21-2026)",2021-09-01,2.3,2021
Bread,"Euro area (EA11-1999, EA12-2001, EA13-2007, EA15-2008, EA16-2009, EA17-2011, EA18-2014, EA19-2015, EA20-2023, EA21-2026)",2021-10-01,2.7,2021
Bread,"Euro area (EA11-1999, EA12-2001, EA13-2007, EA15-2008, EA16-2009, EA17-2011, EA18-2014, EA19-2015, EA20-2023, EA21-2026)",2021-11-01,3.3,2021
Bread,"Euro area (EA11-1999, EA12-2001, EA13-2007, EA15-2008, EA16-2009, EA17-2011, EA18-2014, EA19-2015, EA20-2023, EA21-2026)",2021-12-01,4.1,2021
Bread,"Euro area (EA11-1999, EA12-2001, EA13-2007, EA15-2008, EA16-2009, EA17-2011, EA18-2014, EA19-2015, EA20-2023, EA21-2026)",2022-01-01,5.1,2022
Bread,"Euro area (EA11-1999, EA12-2001, EA13-2007, EA15-2008, EA16-2009, EA17-2011, EA18-2014, EA19-2015, EA20-2023, EA21-2026)",2022-02-01,5.6,2022
Bread,"Euro area (EA11-1999, EA12-2001, EA13-2007, EA15-2008, EA16-2009, EA17-2011, EA18-2014, EA19-2015, EA20-2023, EA21-2026)",2022-03-01,6.2,2022
Bread,"Euro area (EA11-1999, EA12-2001, EA13-2007, EA15-2008, EA16-2009, EA17-2011, EA18-2014, EA19-2015, EA20-2023, EA21-2026)",2022-04-01,8.6,2022
Bread,"Euro area (EA11-1999, EA12-2001, EA13-2007, EA15-2008, EA16-2009, EA17-2011, EA18-2014, EA19-2015, EA20-2023, EA21-2026)",2022-05-01,10.3,2022
Bread,"Euro area (EA11-1999, EA12-2001, EA13-2007, EA15-2008, EA16-2009, EA17-2011, EA18-2014, EA19-2015, EA20-2023, EA21-2026)",2022-06-01,11.9,2022
Bread,"Euro area (EA11-1999, EA12-2001, EA13-2007, EA15-2008, EA16-2009, EA17-2011, EA18-2014, EA19-2015, EA20-2023, EA21-2026)",2022-07-01,13.5,2022
Bread,"Euro area (EA11-1999, EA12-2001, EA13-2007, EA15-2008, EA16-2009, EA17-2011, EA18-2014, EA19-2015, EA20-2023, EA21-2026)",2022-08-01,14.1,2022
Bread,"Euro area (EA11-1999, EA12-2001, EA13-2007, EA15-2008, EA16-2009, EA17-2011, EA18-2014, EA19-2015, EA20-2023, EA21-2026)",2022-09-01,14.6,2022
Bread,"Euro area (EA11-1999, EA12-2001, EA13-2007, EA15-2008, EA16-2009, EA17-2011, EA18-2014, EA19-2015, EA20-2023, EA21-2026)",2022-10-01,15.5,2022
Bread,"Euro area (EA11-1999, EA12-2001, EA13-2007, EA15-2008, EA16-2009, EA17-2011, EA18-2014, EA19-2015, EA20-2023, EA21-2026)",2022-11-01,16.5,2022
Bread,"Euro area (EA11-1999, EA12-2001, EA13-2007, EA15-2008, EA16-2009, EA17-2011, EA18-2014, EA19-2015, EA20-2023, EA21-2026)",2022-12-01,16.8,2022
Bread,"Euro area (EA11-1999, EA12-2001, EA13-2007, EA15-2008, EA16-2009, EA17-2011, EA18-2014, EA19-2015, EA20-2023, EA21-2026)",2023-01-01,17.0,2023
Bread,"Euro area (EA11-1999, EA12-2001, EA13-2007, EA15-2008, EA16-2009, EA17-2011, EA18-2014, EA19-2015, EA20-2023, EA21-2026)",2023-02-01,17.4,2023
Bread,"Euro area (EA11-1999, EA12-2001, EA13-2007, EA15-2008, EA16-2009, EA17-2011, EA18-2014, EA19-2015, EA20-2023, EA21-2026)",2023-03-01,17.0,2023
Bread,"Euro area (EA11-1999, EA12-2001, EA13-2007, EA15-2008, EA16-2009, EA17-2011, EA18-2014, EA19-2015, EA20-2023, EA21-2026)",2023-04-01,14.6,2023
Bread,"Euro area (EA11-1999, EA12-2001, EA13-2007, EA15-2008, EA16-2009, EA17-2011, EA18-2014, EA19-2015, EA20-2023, EA21-2026)",2023-05-01,12.7,2023
Bread,"Euro area (EA11-1999, EA12-2001, EA13-2007, EA15-2008, EA16-2009, EA17-2011, EA18-2014, EA19-2015, EA20-2023, EA21-2026)",2023-06-01,11.3,2023
Bread,"Euro area (EA11-1999, EA12-2001, EA13-2007, EA15-2008, EA16-2009, EA17-2011, EA18-2014, EA19-2015, EA20-2023, EA21-2026)",2023-07-01,9.6,2023
Bread,"Euro area (EA11-1999, EA12-2001, EA13-2007, EA15-2008, EA16-2009, EA17-2011, EA18-2014, EA19-2015, EA20-2023, EA21-2026)",2023-08-01,8.9,2023
Bread,"Euro area (EA11-1999, EA12-2001, EA13-2007, EA15-2008, EA16-2009, EA17-2011, EA18-2014, EA19-2015, EA20-2023, EA21-2026)",2023-09-01,8.0,2023
Bread,"Euro area (EA11-1999, EA12-2001, EA13-2007, EA15-2008, EA16-2009, EA17-2011, EA18-2014, EA19-2015, EA20-2023, EA21-2026)",2023-10-01,6.7,2023
Bread,"Euro area (EA11-1999, EA12-2001, EA13-2007, EA15-2008, EA16-2009, EA17-2011, EA18-2014, EA19-2015, EA20-2023, EA21-2026)",2023-11-01,5.3,2023
Bread,"Euro area (EA11-1999, EA12-2001, EA13-2007, EA15-2008, EA16-2009, EA17-2011, EA18-2014, EA19-2015, EA20-2023, EA21-2026)",2023-12-01,4.3,2023
Bread,"Euro area (EA11-1999, EA12-2001, EA13-2007, EA15-2008, EA16-2009, EA17-2011, EA18-2014, EA19-2015, EA20-2023, EA21-2026)",2024-01-01,3.2,2024
Bread,"Euro area (EA11-1999, EA12-2001, EA13-2007, EA15-2008, EA16-2009, EA17-2011, EA18-2014, EA19-2015, EA20-2023, EA21-2026)",2024-02-01,2.3,2024
Bread,"Euro area (EA11-1999, EA12-2001, EA13-2007, EA15-2008, EA16-2009, EA17-2011, EA18-2014, EA19-2015, EA20-2023, EA21-2026)",2024-03-01,1.9,2024
Bread,"Euro area (EA11-1999, EA12-2001, EA13-2007, EA15-2008, EA16-2009, EA17-2011, EA18-2014, EA19-2015, EA20-2023, EA21-2026)",2024-04-01,1.6,2024
Bread,"Euro area (EA11-1999, EA12-2001, EA13-2007, EA15-2008, EA16-2009, EA17-2011, EA18-2014, EA19-2015, EA20-2023, EA21-2026)",2024-05-01,1.5,2024
Bread,"Euro area (EA11-1999, EA12-2001, EA13-2007, EA15-2008, EA16-2009, EA17-2011, EA18-2014, EA19-2015, EA20-2023, EA21-2026)",2024-06-01,1.5,2024
Bread,"Euro area (EA11-1999, EA12-2001, EA13-2007, EA15-2008, EA16-2009, EA17-2011, EA18-2014, EA19-2015, EA20-2023, EA21-2026)",2024-07-01,1.4,2024
Bread,"Euro area (EA11-1999, EA12-2001, EA13-2007, EA15-2008, EA16-2009, EA17-2011, EA18-2014, EA19-2015, EA20-2023, EA21-2026)",2024-08-01,1.3,2024
Bread,"Euro area (EA11-1999, EA12-2001, EA13-2007, EA15-2008, EA16-2009, EA17-2011, EA18-2014, EA19-2015, EA20-2023, EA21-2026)",2024-09-01,1.2,2024
Bread,"Euro area (EA11-1999, EA12-2001, EA13-2007, EA15-2008, EA16-2009, EA17-2011, EA18-2014, EA19-2015, EA20-2023, EA21-2026)",2024-10-01,1.6,2024
Bread,"Euro area (EA11-1999, EA12-2001, EA13-2007, EA15-2008, EA16-2009, EA17-2011, EA18-2014, EA19-2015, EA20-2023, EA21-2026)",2024-11-01,1.5,2024
Bread,"Euro area (EA11-1999, EA12-2001, EA13-2007, EA15-2008, EA16-2009, EA17-2011, EA18-2014, EA19-2015, EA20-2023, EA21-2026)",2024-12-01,1.4,2024
Bread,"Euro area (EA11-1999, EA12-2001, EA13-2007, EA15-2008, EA16-2009, EA17-2011, EA18-2014, EA19-2015, EA20-2023, EA21-2026)",2025-01-01,1.5,2025
Bread,"Euro area (EA11-1999, EA12-2001, EA13-2007, EA15-2008, EA16-2009, EA17-2011, EA18-2014, EA19-2015, EA20-2023, EA21-2026)",2025-02-01,1.5,2025
Bread,"Euro area (EA11-1999, EA12-2001, EA13-2007, EA15-2008, EA16-2009, EA17-2011, EA18-2014, EA19-2015, EA20-2023, EA21-2026)",2025-03-01,1.3,2025
Bread,"Euro area (EA11-1999, EA12-2001, EA13-2007, EA15-2008, EA16-2009, EA17-2011, EA18-2014, EA19-2015, EA20-2023, EA21-2026)",2025-04-01,1.5,2025
Bread,"Euro area (EA11-1999, EA12-2001, EA13-2007, EA15-2008, EA16-2009, EA17-2011, EA18-2014, EA19-2015, EA20-2023, EA21-2026)",2025-05-01,1.7,2025
Bread,"Euro area (EA11-1999, EA12-2001, EA13-2007, EA15-2008, EA16-2009, EA17-2011, EA18-2014, EA19-2015, EA20-2023, EA21-2026)",2025-06-01,1.4,2025
Bread,"Euro area (EA11-1999, EA12-2001, EA13-2007, EA15-2008, EA16-2009, EA17-2011, EA18-2014, EA19-2015, EA20-2023, EA21-2026)",2025-07-01,1.7,2025
Bread,"Euro area (EA11-1999, EA12-2001, EA13-2007, EA15-2008, EA16-2009, EA17-2011, EA18-2014, EA19-2015, EA20-2023, EA21-2026)",2025-08-01,1.9,2025
Bread,"Euro area (EA11-1999, EA12-2001, EA13-2007, EA15-2008, EA16-2009, EA17-2011, EA18-2014, EA19-2015, EA20-2023, EA21-2026)",2025-09-01,1.7,2025
Bread,"Euro area (EA11-1999, EA12-2001, EA13-2007, EA15-2008, EA16-2009, EA17-2011, EA18-2014, EA19-2015, EA20-2023, EA21-2026)",2025-10-01,1.6,2025
Bread,"Euro area (EA11-1999, EA12-2001, EA13-2007, EA15-2008, EA16-2009, EA17-2011, EA18-2014, EA19-2015, EA20-2023, EA21-2026)",2025-11-01,1.5,2025
Bread,"Euro area (EA11-1999, EA12-2001, EA13-2007, EA15-2008, EA16-2009, EA17-2011, EA18-2014, EA19-2015, EA20-2023, EA21-2026)",2025-12-01,1.6,2025
Bread,Spain,2019-01-01,1.8,2019
Bread,Spain,2019-02-01,1.8,2019
Bread,Spain,2019-03-01,2.1,2019
Bread,Spain,2019-04-01,2.2,2019
Bread,Spain,2019-05-01,1.7,2019
Bread,Spain,2019-06-01,1.7,2019
Bread,Spain,2019-07-01,1.9,2019
Bread,Spain,2019-08-01,2.0,2019
Bread,Spain,2019-09-01,1.7,2019
Bread,Spain,2019-10-01,1.4,2019
Bread,Spain,2019-11-01,1.6,2019
Bread,Spain,2019-12-01,1.4,2019
Bread,Spain,2020-01-01,1.0,2020
Bread,Spain,2020-02-01,0.7,2020
Bread,Spain,2020-03-01,0.7,2020
Bread,Spain,2020-04-01,0.6,2020
Bread,Spain,2020-05-01,0.7,2020
Bread,Spain,2020-06-01,0.5,2020
Bread,Spain,2020-07-01,0.4,2020
Bread,Spain,2020-08-01,0.0,2020
Bread,Spain,2020-09-01,0.1,2020
Bread,Spain,2020-10-01,0.0,2020
Bread,Spain,2020-11-01,-0.2,2020
Bread,Spain,2020-12-01,-0.1,2020
Bread,Spain,2021-01-01,-0.1,2021
Bread,Spain,2021-02-01,0.0,2021
Bread,Spain,2021-03-01,-0.2,2021
Bread,Spain,2021-04-01,0.3,2021
Bread,Spain,2021-05-01,0.2,2021
Bread,Spain,2021-06-01,0.6,2021
Bread,Spain,2021-07-01,0.6,2021
Bread,Spain,2021-08-01,0.9,2021
Bread,Spain,2021-09-01,1.3,2021
Bread,Spain,2021-10-01,2.1,2021
Bread,Spain,2021-11-01,2.7,2021
Bread,Spain,2021-12-01,3.8,2021
Bread,Spain,2022-01-01,5.3,2022
Bread,Spain,2022-02-01,6.4,2022
Bread,Spain,2022-03-01,6.5,2022
Bread,Spain,2022-04-01,10.1,2022
Bread,Spain,2022-05-01,12.6,2022
Bread,Spain,2022-06-01,13.9,2022
Bread,Spain,2022-07-01,14.7,2022
Bread,Spain,2022-08-01,15.2,2022
Bread,Spain,2022-09-01,14.9,2022
Bread,Spain,2022-10-01,14.9,2022
Bread,Spain,2022-11-01,14.9,2022
Bread,Spain,2022-12-01,15.4,2022
Bread,Spain,2023-01-01,13.5,2023
Bread,Spain,2023-02-01,13.2,2023
Bread,Spain,2023-03-01,13.4,2023
Bread,Spain,2023-04-01,9.3,2023
Bread,Spain,2023-05-01,7.1,2023
Bread,Spain,2023-06-01,6.1,2023
Bread,Spain,2023-07-01,4.9,2023
Bread,Spain,2023-08-01,4.5,2023
Bread,Spain,2023-09-01,4.7,2023
Bread,Spain,2023-10-01,4.1,2023
Bread,Spain,2023-11-01,3.4,2023
Bread,Spain,2023-12-01,2.0,2023
Bread,Spain,2024-01-01,2.7,2024
Bread,Spain,2024-02-01,2.0,2024
Bread,Spain,2024-03-01,1.7,2024
Bread,Spain,2024-04-01,1.6,2024
Bread,Spain,2024-05-01,1.8,2024
Bread,Spain,2024-06-01,1.4,2024
Bread,Spain,2024-07-01,1.7,2024
Bread,Spain,2024-08-01,1.7,2024
Bread,Spain,2024-09-01,1.5,2024
Bread,Spain,2024-10-01,2.2,2024
Bread,Spain,2024-11-01,2.5,2024
Bread,Spain,2024-12-01,2.3,2024
Bread,Spain,2025-01-01,2.9,2025
Bread,Spain,2025-02-01,3.2,2025
Bread,Spain,2025-03-01,1.8,2025
Bread,Spain,2025-04-01,1.9,2025
Bread,Spain,2025-05-01,1.5,2025
Bread,Spain,2025-06-01,1.7,2025
Bread,Spain,2025-07-01,1.5,2025
Bread,Spain,2025-08-01,1.5,2025
Bread,Spain,2025-09-01,1.2,2025
Bread,Spain,2025-10-01,0.5,2025
Bread,Spain,2025-11-01,0.3,2025
Bread,Spain,2025-12-01,0.4,2025
Bread,France,2019-01-01,2.2,2019
Bread,France,2019-02-01,2.4,2019
Bread,France,2019-03-01,2.4,2019
Bread,France,2019-04-01,2.2,2019
Bread,France,2019-05-01,2.0,2019
Bread,France,2019-06-01,1.5,2019
Bread,France,2019-07-01,1.2,2019
Bread,France,2019-08-01,1.0,2019
Bread,France,2019-09-01,0.9,2019
Bread,France,2019-10-01,1.0,2019
Bread,France,2019-11-01,1.0,2019
Bread,France,2019-12-01,0.8,2019
Bread,France,2020-01-01,0.5,2020
Bread,France,2020-02-01,0.4,2020
Bread,France,2020-03-01,0.2,2020
Bread,France,2020-04-01,3.4,2020
Bread,France,2020-05-01,2.1,2020
Bread,France,2020-06-01,1.1,2020
Bread,France,2020-07-01,0.4,2020
Bread,France,2020-08-01,0.1,2020
Bread,France,2020-09-01,0.1,2020
Bread,France,2020-10-01,0.0,2020
Bread,France,2020-11-01,-0.1,2020
Bread,France,2020-12-01,0.0,2020
Bread,France,2021-01-01,0.1,2021
Bread,France,2021-02-01,0.1,2021
Bread,France,2021-03-01,0.9,2021
Bread,France,2021-04-01,-2.0,2021
Bread,France,2021-05-01,-0.7,2021
Bread,France,2021-06-01,-0.2,2021
Bread,France,2021-07-01,0.8,2021
Bread,France,2021-08-01,1.5,2021
Bread,France,2021-09-01,1.6,2021
Bread,France,2021-10-01,1.7,2021
Bread,France,2021-11-01,2.2,2021
Bread,France,2021-12-01,2.4,2021
Bread,France,2022-01-01,3.3,2022
Bread,France,2022-02-01,3.5,2022
Bread,France,2022-03-01,3.4,2022
Bread,France,2022-04-01,3.8,2022
Bread,France,2022-05-01,5.3,2022
Bread,France,2022-06-01,6.5,2022
Bread,France,2022-07-01,7.2,2022
Bread,France,2022-08-01,8.2,2022
Bread,France,2022-09-01,8.4,2022
Bread,France,2022-10-01,9.4,2022
Bread,France,2022-11-01,9.8,2022
Bread,France,2022-12-01,10.0,2022
Bread,France,2023-01-01,10.9,2023
Bread,France,2023-02-01,12.2,2023
Bread,France,2023-03-01,12.8,2023
Bread,France,2023-04-01,12.4,2023
Bread,France,2023-05-01,11.1,2023
Bread,France,2023-06-01,10.4,2023
Bread,France,2023-07-01,9.7,2023
Bread,France,2023-08-01,9.0,2023
Bread,France,2023-09-01,8.7,2023
Bread,France,2023-10-01,8.0,2023
Bread,France,2023-11-01,7.2,2023
Bread,France,2023-12-01,6.6,2023
Bread,France,2024-01-01,4.8,2024
Bread,France,2024-02-01,3.6,2024
Bread,France,2024-03-01,2.4,2024
Bread,France,2024-04-01,2.3,2024
Bread,France,2024-05-01,1.8,2024
Bread,France,2024-06-01,1.8,2024
Bread,France,2024-07-01,1.4,2024
Bread,France,2024-08-01,0.7,2024
Bread,France,2024-09-01,0.5,2024
Bread,France,2024-10-01,0.4,2024
Bread,France,2024-11-01,0.4,2024
Bread,France,2024-12-01,0.4,2024
Bread,France,2025-01-01,0.2,2025
Bread,France,2025-02-01,0.2,2025
Bread,France,2025-03-01,0.1,2025
Bread,France,2025-04-01,-0.1,2025
Bread,France,2025-05-01,0.1,2025
Bread,France,2025-06-01,0.0,2025
Bread,France,2025-07-01,0.4,2025
Bread,France,2025-08-01,0.8,2025
Bread,France,2025-09-01,0.9,2025
Bread,France,2025-10-01,0.7,2025
Bread,France,2025-11-01,0.7,2025
Bread,France,2025-12-01,0.9,2025
Bread,Italy,2019-01-01,1.0,2019
Bread,Italy,2019-02-01,1.0,2019
Bread,Italy,2019-03-01,1.0,2019
Bread,Italy,2019-04-01,1.2,2019
Bread,Italy,2019-05-01,1.1,2019
Bread,Italy,2019-06-01,1.0,2019
Bread,Italy,2019-07-01,1.2,2019
Bread,Italy,2019-08-01,1.3,2019
Bread,Italy,2019-09-01,1.0,2019
Bread,Italy,2019-10-01,1.3,2019
Bread,Italy,2019-11-01,1.1,2019
Bread,Italy,2019-12-01,1.1,2019
Bread,Italy,2020-01-01,0.9,2020
Bread,Italy,2020-02-01,0.9,2020
Bread,Italy,2020-03-01,1.2,2020
Bread,Italy,2020-04-01,1.4,2020
Bread,Italy,2020-05-01,1.5,2020
Bread,Italy,2020-06-01,1.4,2020
Bread,Italy,2020-07-01,0.8,2020
Bread,Italy,2020-08-01,0.8,2020
Bread,Italy,2020-09-01,0.7,2020
Bread,Italy,2020-10-01,0.4,2020
Bread,Italy,2020-11-01,0.7,2020
Bread,Italy,2020-12-01,0.7,2020
Bread,Italy,2021-01-01,0.6,2021
Bread,Italy,2021-02-01,0.3,2021
Bread,Italy,2021-03-01,0.3,2021
Bread,Italy,2021-04-01,-0.3,2021
Bread,Italy,2021-05-01,-0.4,2021
Bread,Italy,2021-06-01,-0.3,2021
Bread,Italy,2021-07-01,0.3,2021
Bread,Italy,2021-08-01,0.2,2021
Bread,Italy,2021-09-01,0.6,2021
Bread,Italy,2021-10-01,1.2,2021
Bread,Italy,2021-11-01,2.2,2021
Bread,Italy,2021-12-01,3.0,2021
Bread,Italy,2022-01-01,3.7,2022
Bread,Italy,2022-02-01,5.0,2022
Bread,Italy,2022-03-01,5.8,2022
Bread,Italy,2022-04-01,8.4,2022
Bread,Italy,2022-05-01,9.7,2022
Bread,Italy,2022-06-01,11.5,2022
Bread,Italy,2022-07-01,12.7,2022
Bread,Italy,2022-08-01,13.5,2022
Bread,Italy,2022-09-01,14.5,2022
Bread,Italy,2022-10-01,16.0,2022
Bread,Italy,2022-11-01,16.0,2022
Bread,Italy,2022-12-01,16.2,2022
Bread,Italy,2023-01-01,16.2,2023
Bread,Italy,2023-02-01,16.1,2023
Bread,Italy,2023-03-01,15.2,2023
Bread,Italy,2023-04-01,13.0,2023
Bread,Italy,2023-05-01,12.0,2023
Bread,Italy,2023-06-01,10.5,2023
Bread,Italy,2023-07-01,9.3,2023
Bread,Italy,2023-08-01,8.8,2023
Bread,Italy,2023-09-01,7.7,2023
Bread,Italy,2023-10-01,5.9,2023
Bread,Italy,2023-11-01,4.5,2023
Bread,Italy,2023-12-01,3.6,2023
Bread,Italy,2024-01-01,3.1,2024
Bread,Italy,2024-02-01,1.8,2024
Bread,Italy,2024-03-01,1.7,2024
Bread,Italy,2024-04-01,1.5,2024
Bread,Italy,2024-05-01,1.2,2024
Bread,Italy,2024-06-01,1.0,2024
Bread,Italy,2024-07-01,1.1,2024
Bread,Italy,2024-08-01,1.0,2024
Bread,Italy,2024-09-01,0.7,2024
Bread,Italy,2024-10-01,1.0,2024
Bread,Italy,2024-11-01,1.1,2024
Bread,Italy,2024-12-01,1.0,2024
Bread,Italy,2025-01-01,1.0,2025
Bread,Italy,2025-02-01,1.2,2025
Bread,Italy,2025-03-01,1.2,2025
Bread,Italy,2025-04-01,1.6,2025
Bread,Italy,2025-05-01,1.7,2025
Bread,Italy,2025-06-01,1.8,2025
Bread,Italy,2025-07-01,1.6,2025
Bread,Italy,2025-08-01,1.7,2025
Bread,Italy,2025-09-01,2.1,2025
Bread,Italy,2025-10-01,1.9,2025
Bread,Italy,2025-11-01,1.8,2025
Bread,Italy,2025-12-01,1.8,2025
Bread,Portugal,2019-01-01,1.4,2019
Bread,Portugal,2019-02-01,1.3,2019
Bread,Portugal,2019-03-01,1.2,2019
Bread,Portugal,2019-04-01,0.8,2019
Bread,Portugal,2019-05-01,1.0,2019
Bread,Portugal,2019-06-01,0.5,2019
Bread,Portugal,2019-07-01,0.4,2019
Bread,Portugal,2019-08-01,0.5,2019
Bread,Portugal,2019-09-01,0.2,2019
Bread,Portugal,2019-10-01,0.1,2019
Bread,Portugal,2019-11-01,0.3,2019
Bread,Portugal,2019-12-01,0.2,2019
Bread,Portugal,2020-01-01,0.7,2020
Bread,Portugal,2020-02-01,0.6,2020
Bread,Portugal,2020-03-01,0.3,2020
Bread,Portugal,2020-04-01,-1.0,2020
Bread,Portugal,2020-05-01,0.0,2020
Bread,Portugal,2020-06-01,0.7,2020
Bread,Portugal,2020-07-01,1.4,2020
Bread,Portugal,2020-08-01,1.1,2020
Bread,Portugal,2020-09-01,1.0,2020
Bread,Portugal,2020-10-01,1.5,2020
Bread,Portugal,2020-11-01,1.6,2020
Bread,Portugal,2020-12-01,1.4,2020
Bread,Portugal,2021-01-01,0.9,2021
Bread,Portugal,2021-02-01,0.2,2021
Bread,Portugal,2021-03-01,0.6,2021
Bread,Portugal,2021-04-01,2.3,2021
Bread,Portugal,2021-05-01,1.3,2021
Bread,Portugal,2021-06-01,1.2,2021
Bread,Portugal,2021-07-01,1.1,2021
Bread,Portugal,2021-08-01,1.5,2021
Bread,Portugal,2021-09-01,1.8,2021
Bread,Portugal,2021-10-01,1.6,2021
Bread,Portugal,2021-11-01,1.6,2021
Bread,Portugal,2021-12-01,3.0,2021
Bread,Portugal,2022-01-01,5.9,2022
Bread,Portugal,2022-02-01,7.6,2022
Bread,Portugal,2022-03-01,9.5,2022
Bread,Portugal,2022-04-01,12.4,2022
Bread,Portugal,2022-05-01,14.9,2022
Bread,Portugal,2022-06-01,15.1,2022
Bread,Portugal,2022-07-01,15.2,2022
Bread,Portugal,2022-08-01,15.0,2022
Bread,Portugal,2022-09-01,15.6,2022
Bread,Portugal,2022-10-01,17.8,2022
Bread,Portugal,2022-11-01,19.2,2022
Bread,Portugal,2022-12-01,19.3,2022
Bread,Portugal,2023-01-01,18.0,2023
Bread,Portugal,2023-02-01,18.0,2023
Bread,Portugal,2023-03-01,15.6,2023
Bread,Portugal,2023-04-01,11.8,2023
Bread,Portugal,2023-05-01,2.6,2023
Bread,Portugal,2023-06-01,1.8,2023
Bread,Portugal,2023-07-01,1.6,2023
Bread,Portugal,2023-08-01,1.5,2023
Bread,Portugal,2023-09-01,0.8,2023
Bread,Portugal,2023-10-01,-1.2,2023
Bread,Portugal,2023-11-01,-2.4,2023
Bread,Portugal,2023-12-01,-3.6,2023
Bread,Portugal,2024-01-01,-0.3,2024
Bread,Portugal,2024-02-01,-0.3,2024
Bread,Portugal,2024-03-01,-0.1,2024
Bread,Portugal,2024-04-01,0.6,2024
Bread,Portugal,2024-05-01,7.3,2024
Bread,Portugal,2024-06-01,7.6,2024
Bread,Portugal,2024-07-01,7.5,2024
Bread,Portugal,2024-08-01,7.5,2024
Bread,Portugal,2024-09-01,7.7,2024
Bread,Portugal,2024-10-01,7.7,2024
Bread,Portugal,2024-11-01,7.9,2024
Bread,Portugal,2024-12-01,7.7,2024
Bread,Portugal,2025-01-01,3.9,2025
Bread,Portugal,2025-02-01,3.9,2025
Bread,Portugal,2025-03-01,3.8,2025
Bread,Portugal,2025-04-01,3.8,2025
Bread,Portugal,2025-05-01,4.2,2025
Bread,Portugal,2025-06-01,4.0,2025
Bread,Portugal,2025-07-01,3.9,2025
Bread,Portugal,2025-08-01,4.0,2025
Bread,Portugal,2025-09-01,4.5,2025
Bread,Portugal,2025-10-01,5.0,2025
Bread,Portugal,2025-11-01,4.8,2025
Bread,Portugal,2025-12-01,5.0,2025
Beef and veal,Germany,2019-01-01,2.1,2019
Beef and veal,Germany,2019-02-01,2.1,2019
Beef and veal,Germany,2019-03-01,2.1,2019
Beef and veal,Germany,2019-04-01,1.4,2019
Beef and veal,Germany,2019-05-01,1.7,2019
Beef and veal,Germany,2019-06-01,2.6,2019
Beef and veal,Germany,2019-07-01,2.5,2019
Beef and veal,Germany,2019-08-01,2.8,2019
Beef and veal,Germany,2019-09-01,2.0,2019
Beef and veal,Germany,2019-10-01,3.1,2019
Beef and veal,Germany,2019-11-01,2.4,2019
Beef and veal,Germany,2019-12-01,2.2,2019
Beef and veal,Germany,2020-01-01,2.3,2020
Beef and veal,Germany,2020-02-01,1.2,2020
Beef and veal,Germany,2020-03-01,2.7,2020
Beef and veal,Germany,2020-04-01,2.5,2020
Beef and veal,Germany,2020-05-01,4.1,2020
Beef and veal,Germany,2020-06-01,4.1,2020
Beef and veal,Germany,2020-07-01,2.0,2020
Beef and veal,Germany,2020-08-01,0.3,2020
Beef and veal,Germany,2020-09-01,1.1,2020
Beef and veal,Germany,2020-10-01,1.5,2020
Beef and veal,Germany,2020-11-01,-0.1,2020
Beef and veal,Germany,2020-12-01,0.1,2020
Beef and veal,Germany,2021-01-01,1.7,2021
Beef and veal,Germany,2021-02-01,2.7,2021
Beef and veal,Germany,2021-03-01,0.2,2021
Beef and veal,Germany,2021-04-01,2.7,2021
Beef and veal,Germany,2021-05-01,1.2,2021
Beef and veal,Germany,2021-06-01,-0.8,2021
Beef and veal,Germany,2021-07-01,1.7,2021
Beef and veal,Germany,2021-08-01,3.3,2021
Beef and veal,Germany,2021-09-01,4.2,2021
Beef and veal,Germany,2021-10-01,4.7,2021
Beef and veal,Germany,2021-11-01,7.4,2021
Beef and veal,Germany,2021-12-01,9.0,2021
Beef and veal,Germany,2022-01-01,8.0,2022
Beef and veal,Germany,2022-02-01,9.0,2022
Beef and veal,Germany,2022-03-01,13.6,2022
Beef and veal,Germany,2022-04-01,18.6,2022
Beef and veal,Germany,2022-05-01,22.1,2022
Beef and veal,Germany,2022-06-01,23.8,2022
Beef and veal,Germany,2022-07-01,23.1,2022
Beef and veal,Germany,2022-08-01,21.7,2022
Beef and veal,Germany,2022-09-01,23.3,2022
Beef and veal,Germany,2022-10-01,22.5,2022
Beef and veal,Germany,2022-11-01,20.8,2022
Beef and veal,Germany,2022-12-01,19.0,2022
Beef and veal,Germany,2023-01-01,16.9,2023
Beef and veal,Germany,2023-02-01,17.2,2023
Beef and veal,Germany,2023-03-01,12.3,2023
Beef and veal,Germany,2023-04-01,5.3,2023
Beef and veal,Germany,2023-05-01,3.2,2023
Beef and veal,Germany,2023-06-01,3.9,2023
Beef and veal,Germany,2023-07-01,2.3,2023
Beef and veal,Germany,2023-08-01,4.2,2023
Beef and veal,Germany,2023-09-01,1.1,2023
Beef and veal,Germany,2023-10-01,0.1,2023
Beef and veal,Germany,2023-11-01,1.6,2023
Beef and veal,Germany,2023-12-01,1.7,2023
Beef and veal,Germany,2024-01-01,3.0,2024
Beef and veal,Germany,2024-02-01,2.5,2024
Beef and veal,Germany,2024-03-01,3.9,2024
Beef and veal,Germany,2024-04-01,3.7,2024
Beef and veal,Germany,2024-05-01,2.0,2024
Beef and veal,Germany,2024-06-01,1.8,2024
Beef and veal,Germany,2024-07-01,2.6,2024
Beef and veal,Germany,2024-08-01,2.5,2024
Beef and veal,Germany,2024-09-01,2.9,2024
Beef and veal,Germany,2024-10-01,5.1,2024
Beef and veal,Germany,2024-11-01,4.8,2024
Beef and veal,Germany,2024-12-01,5.4,2024
Beef and veal,Germany,2025-01-01,3.7,2025
Beef and veal,Germany,2025-02-01,3.5,2025
Beef and veal,Germany,2025-03-01,5.4,2025
Beef and veal,Germany,2025-04-01,7.3,2025
Beef and veal,Germany,2025-05-01,9.6,2025
Beef and veal,Germany,2025-06-01,9.5,2025
Beef and veal,Germany,2025-07-01,11.1,2025
Beef and veal,Germany,2025-08-01,11.3,2025
Beef and veal,Germany,2025-09-01,12.4,2025
Beef and veal,Germany,2025-10-01,13.4,2025
Beef and veal,Germany,2025-11-01,13.7,2025
Beef and veal,Germany,2025-12-01,13.9,2025
Beef and veal,"Euro area (EA11-1999, EA12-2001, EA13-2007, EA15-2008, EA16-2009, EA17-2011, EA18-2014, EA19-2015, EA20-2023, EA21-2026)",2019-01-01,0.8,2019
Beef and veal,"Euro area (EA11-1999, EA12-2001, EA13-2007, EA15-2008, EA16-2009, EA17-2011, EA18-2014, EA19-2015, EA20-2023, EA21-2026)",2019-02-01,1.1,2019
Beef and veal,"Euro area (EA11-1999, EA12-2001, EA13-2007, EA15-2008, EA16-2009, EA17-2011, EA18-2014, EA19-2015, EA20-2023, EA21-2026)",2019-03-01,1.0,2019
Beef and veal,"Euro area (EA11-1999, EA12-2001, EA13-2007, EA15-2008, EA16-2009, EA17-2011, EA18-2014, EA19-2015, EA20-2023, EA21-2026)",2019-04-01,1.1,2019
Beef and veal,"Euro area (EA11-1999, EA12-2001, EA13-2007, EA15-2008, EA16-2009, EA17-2011, EA18-2014, EA19-2015, EA20-2023, EA21-2026)",2019-05-01,1.3,2019
Beef and veal,"Euro area (EA11-1999, EA12-2001, EA13-2007, EA15-2008, EA16-2009, EA17-2011, EA18-2014, EA19-2015, EA20-2023, EA21-2026)",2019-06-01,1.3,2019
Beef and veal,"Euro area (EA11-1999, EA12-2001, EA13-2007, EA15-2008, EA16-2009, EA17-2011, EA18-2014, EA19-2015, EA20-2023, EA21-2026)",2019-07-01,1.3,2019
Beef and veal,"Euro area (EA11-1999, EA12-2001, EA13-2007, EA15-2008, EA16-2009, EA17-2011, EA18-2014, EA19-2015, EA20-2023, EA21-2026)",2019-08-01,1.5,2019
Beef and veal,"Euro area (EA11-1999, EA12-2001, EA13-2007, EA15-2008, EA16-2009, EA17-2011, EA18-2014, EA19-2015, EA20-2023, EA21-2026)",2019-09-01,1.2,2019
Beef and veal,"Euro area (EA11-1999, EA12-2001, EA13-2007, EA15-2008, EA16-2009, EA17-2011, EA18-2014, EA19-2015, EA20-2023, EA21-2026)",2019-10-01,1.5,2019
Beef and veal,"Euro area (EA11-1999, EA12-2001, EA13-2007, EA15-2008, EA16-2009, EA17-2011, EA18-2014, EA19-2015, EA20-2023, EA21-2026)",2019-11-01,1.5,2019
Beef and veal,"Euro area (EA11-1999, EA12-2001, EA13-2007, EA15-2008, EA16-2009, EA17-2011, EA18-2014, EA19-2015, EA20-2023, EA21-2026)",2019-12-01,1.5,2019
Beef and veal,"Euro area (EA11-1999, EA12-2001, EA13-2007, EA15-2008, EA16-2009, EA17-2011, EA18-2014, EA19-2015, EA20-2023, EA21-2026)",2020-01-01,1.6,2020
Beef and veal,"Euro area (EA11-1999, EA12-2001, EA13-2007, EA15-2008, EA16-2009, EA17-2011, EA18-2014, EA19-2015, EA20-2023, EA21-2026)",2020-02-01,1.3,2020
Beef and veal,"Euro area (EA11-1999, EA12-2001, EA13-2007, EA15-2008, EA16-2009, EA17-2011, EA18-2014, EA19-2015, EA20-2023, EA21-2026)",2020-03-01,1.9,2020
Beef and veal,"Euro area (EA11-1999, EA12-2001, EA13-2007, EA15-2008, EA16-2009, EA17-2011, EA18-2014, EA19-2015, EA20-2023, EA21-2026)",2020-04-01,2.0,2020
Beef and veal,"Euro area (EA11-1999, EA12-2001, EA13-2007, EA15-2008, EA16-2009, EA17-2011, EA18-2014, EA19-2015, EA20-2023, EA21-2026)",2020-05-01,2.1,2020
Beef and veal,"Euro area (EA11-1999, EA12-2001, EA13-2007, EA15-2008, EA16-2009, EA17-2011, EA18-2014, EA19-2015, EA20-2023, EA21-2026)",2020-06-01,2.3,2020
Beef and veal,"Euro area (EA11-1999, EA12-2001, EA13-2007, EA15-2008, EA16-2009, EA17-2011, EA18-2014, EA19-2015, EA20-2023, EA21-2026)",2020-07-01,1.6,2020
Beef and veal,"Euro area (EA11-1999, EA12-2001, EA13-2007, EA15-2008, EA16-2009, EA17-2011, EA18-2014, EA19-2015, EA20-2023, EA21-2026)",2020-08-01,1.2,2020
Beef and veal,"Euro area (EA11-1999, EA12-2001, EA13-2007, EA15-2008, EA16-2009, EA17-2011, EA18-2014, EA19-2015, EA20-2023, EA21-2026)",2020-09-01,1.4,2020
Beef and veal,"Euro area (EA11-1999, EA12-2001, EA13-2007, EA15-2008, EA16-2009, EA17-2011, EA18-2014, EA19-2015, EA20-2023, EA21-2026)",2020-10-01,1.1,2020
Beef and veal,"Euro area (EA11-1999, EA12-2001, EA13-2007, EA15-2008, EA16-2009, EA17-2011, EA18-2014, EA19-2015, EA20-2023, EA21-2026)",2020-11-01,0.8,2020
Beef and veal,"Euro area (EA11-1999, EA12-2001, EA13-2007, EA15-2008, EA16-2009, EA17-2011, EA18-2014, EA19-2015, EA20-2023, EA21-2026)",2020-12-01,0.9,2020
Beef and veal,"Euro area (EA11-1999, EA12-2001, EA13-2007, EA15-2008, EA16-2009, EA17-2011, EA18-2014, EA19-2015, EA20-2023, EA21-2026)",2021-01-01,0.8,2021
Beef and veal,"Euro area (EA11-1999, EA12-2001, EA13-2007, EA15-2008, EA16-2009, EA17-2011, EA18-2014, EA19-2015, EA20-2023, EA21-2026)",2021-02-01,1.0,2021
Beef and veal,"Euro area (EA11-1999, EA12-2001, EA13-2007, EA15-2008, EA16-2009, EA17-2011, EA18-2014, EA19-2015, EA20-2023, EA21-2026)",2021-03-01,0.5,2021
Beef and veal,"Euro area (EA11-1999, EA12-2001, EA13-2007, EA15-2008, EA16-2009, EA17-2011, EA18-2014, EA19-2015, EA20-2023, EA21-2026)",2021-04-01,0.6,2021
Beef and veal,"Euro area (EA11-1999, EA12-2001, EA13-2007, EA15-2008, EA16-2009, EA17-2011, EA18-2014, EA19-2015, EA20-2023, EA21-2026)",2021-05-01,0.3,2021
Beef and veal,"Euro area (EA11-1999, EA12-2001, EA13-2007, EA15-2008, EA16-2009, EA17-2011, EA18-2014, EA19-2015, EA20-2023, EA21-2026)",2021-06-01,0.3,2021
Beef and veal,"Euro area (EA11-1999, EA12-2001, EA13-2007, EA15-2008, EA16-2009, EA17-2011, EA18-2014, EA19-2015, EA20-2023, EA21-2026)",2021-07-01,1.0,2021
Beef and veal,"Euro area (EA11-1999, EA12-2001, EA13-2007, EA15-2008, EA16-2009, EA17-2011, EA18-2014, EA19-2015, EA20-2023, EA21-2026)",2021-08-01,1.4,2021
Beef and veal,"Euro area (EA11-1999, EA12-2001, EA13-2007, EA15-2008, EA16-2009, EA17-2011, EA18-2014, EA19-2015, EA20-2023, EA21-2026)",2021-09-01,1.6,2021
Beef and veal,"Euro area (EA11-1999, EA12-2001, EA13-2007, EA15-2008, EA16-2009, EA17-2011, EA18-2014, EA19-2015, EA20-2023, EA21-2026)",2021-10-01,2.1,2021
Beef and veal,"Euro area (EA11-1999, EA12-2001, EA13-2007, EA15-2008, EA16-2009, EA17-2011, EA18-2014, EA19-2015, EA20-2023, EA21-2026)",2021-11-01,2.8,2021
Beef and veal,"Euro area (EA11-1999, EA12-2001, EA13-2007, EA15-2008, EA16-2009, EA17-2011, EA18-2014, EA19-2015, EA20-2023, EA21-2026)",2021-12-01,3.8,2021
Beef and veal,"Euro area (EA11-1999, EA12-2001, EA13-2007, EA15-2008, EA16-2009, EA17-2011, EA18-2014, EA19-2015, EA20-2023, EA21-2026)",2022-01-01,4.3,2022
Beef and veal,"Euro area (EA11-1999, EA12-2001, EA13-2007, EA15-2008, EA16-2009, EA17-2011, EA18-2014, EA19-2015, EA20-2023, EA21-2026)",2022-02-01,4.9,2022
Beef and veal,"Euro area (EA11-1999, EA12-2001, EA13-2007, EA15-2008, EA16-2009, EA17-2011, EA18-2014, EA19-2015, EA20-2023, EA21-2026)",2022-03-01,6.4,2022
Beef and veal,"Euro area (EA11-1999, EA12-2001, EA13-2007, EA15-2008, EA16-2009, EA17-2011, EA18-2014, EA19-2015, EA20-2023, EA21-2026)",2022-04-01,9.3,2022
Beef and veal,"Euro area (EA11-1999, EA12-2001, EA13-2007, EA15-2008, EA16-2009, EA17-2011, EA18-2014, EA19-2015, EA20-2023, EA21-2026)",2022-05-01,10.9,2022
Beef and veal,"Euro area (EA11-1999, EA12-2001, EA13-2007, EA15-2008, EA16-2009, EA17-2011, EA18-2014, EA19-2015, EA20-2023, EA21-2026)",2022-06-01,12.0,2022
Beef and veal,"Euro area (EA11-1999, EA12-2001, EA13-2007, EA15-2008, EA16-2009, EA17-2011, EA18-2014, EA19-2015, EA20-2023, EA21-2026)",2022-07-01,12.3,2022
Beef and veal,"Euro area (EA11-1999, EA12-2001, EA13-2007, EA15-2008, EA16-2009, EA17-2011, EA18-2014, EA19-2015, EA20-2023, EA21-2026)",2022-08-01,12.7,2022
Beef and veal,"Euro area (EA11-1999, EA12-2001, EA13-2007, EA15-2008, EA16-2009, EA17-2011, EA18-2014, EA19-2015, EA20-2023, EA21-2026)",2022-09-01,13.3,2022
Beef and veal,"Euro area (EA11-1999, EA12-2001, EA13-2007, EA15-2008, EA16-2009, EA17-2011, EA18-2014, EA19-2015, EA20-2023, EA21-2026)",2022-10-01,13.7,2022
Beef and veal,"Euro area (EA11-1999, EA12-2001, EA13-2007, EA15-2008, EA16-2009, EA17-2011, EA18-2014, EA19-2015, EA20-2023, EA21-2026)",2022-11-01,13.6,2022
Beef and veal,"Euro area (EA11-1999, EA12-2001, EA13-2007, EA15-2008, EA16-2009, EA17-2011, EA18-2014, EA19-2015, EA20-2023, EA21-2026)",2022-12-01,13.2,2022
Beef and veal,"Euro area (EA11-1999, EA12-2001, EA13-2007, EA15-2008, EA16-2009, EA17-2011, EA18-2014, EA19-2015, EA20-2023, EA21-2026)",2023-01-01,13.0,2023
Beef and veal,"Euro area (EA11-1999, EA12-2001, EA13-2007, EA15-2008, EA16-2009, EA17-2011, EA18-2014, EA19-2015, EA20-2023, EA21-2026)",2023-02-01,12.9,2023
Beef and veal,"Euro area (EA11-1999, EA12-2001, EA13-2007, EA15-2008, EA16-2009, EA17-2011, EA18-2014, EA19-2015, EA20-2023, EA21-2026)",2023-03-01,11.7,2023
Beef and veal,"Euro area (EA11-1999, EA12-2001, EA13-2007, EA15-2008, EA16-2009, EA17-2011, EA18-2014, EA19-2015, EA20-2023, EA21-2026)",2023-04-01,8.6,2023
Beef and veal,"Euro area (EA11-1999, EA12-2001, EA13-2007, EA15-2008, EA16-2009, EA17-2011, EA18-2014, EA19-2015, EA20-2023, EA21-2026)",2023-05-01,7.3,2023
Beef and veal,"Euro area (EA11-1999, EA12-2001, EA13-2007, EA15-2008, EA16-2009, EA17-2011, EA18-2014, EA19-2015, EA20-2023, EA21-2026)",2023-06-01,6.6,2023
Beef and veal,"Euro area (EA11-1999, EA12-2001, EA13-2007, EA15-2008, EA16-2009, EA17-2011, EA18-2014, EA19-2015, EA20-2023, EA21-2026)",2023-07-01,6.0,2023
Beef and veal,"Euro area (EA11-1999, EA12-2001, EA13-2007, EA15-2008, EA16-2009, EA17-2011, EA18-2014, EA19-2015, EA20-2023, EA21-2026)",2023-08-01,5.5,2023
Beef and veal,"Euro area (EA11-1999, EA12-2001, EA13-2007, EA15-2008, EA16-2009, EA17-2011, EA18-2014, EA19-2015, EA20-2023, EA21-2026)",2023-09-01,4.5,2023
Beef and veal,"Euro area (EA11-1999, EA12-2001, EA13-2007, EA15-2008, EA16-2009, EA17-2011, EA18-2014, EA19-2015, EA20-2023, EA21-2026)",2023-10-01,3.8,2023
Beef and veal,"Euro area (EA11-1999, EA12-2001, EA13-2007, EA15-2008, EA16-2009, EA17-2011, EA18-2014, EA19-2015, EA20-2023, EA21-2026)",2023-11-01,3.7,2023
Beef and veal,"Euro area (EA11-1999, EA12-2001, EA13-2007, EA15-2008, EA16-2009, EA17-2011, EA18-2014, EA19-2015, EA20-2023, EA21-2026)",2023-12-01,3.0,2023
Beef and veal,"Euro area (EA11-1999, EA12-2001, EA13-2007, EA15-2008, EA16-2009, EA17-2011, EA18-2014, EA19-2015, EA20-2023, EA21-2026)",2024-01-01,2.8,2024
Beef and veal,"Euro area (EA11-1999, EA12-2001, EA13-2007, EA15-2008, EA16-2009, EA17-2011, EA18-2014, EA19-2015, EA20-2023, EA21-2026)",2024-02-01,2.6,2024
Beef and veal,"Euro area (EA11-1999, EA12-2001, EA13-2007, EA15-2008, EA16-2009, EA17-2011, EA18-2014, EA19-2015, EA20-2023, EA21-2026)",2024-03-01,2.5,2024
Beef and veal,"Euro area (EA11-1999, EA12-2001, EA13-2007, EA15-2008, EA16-2009, EA17-2011, EA18-2014, EA19-2015, EA20-2023, EA21-2026)",2024-04-01,2.3,2024
Beef and veal,"Euro area (EA11-1999, EA12-2001, EA13-2007, EA15-2008, EA16-2009, EA17-2011, EA18-2014, EA19-2015, EA20-2023, EA21-2026)",2024-05-01,2.1,2024
Beef and veal,"Euro area (EA11-1999, EA12-2001, EA13-2007, EA15-2008, EA16-2009, EA17-2011, EA18-2014, EA19-2015, EA20-2023, EA21-2026)",2024-06-01,1.9,2024
Beef and veal,"Euro area (EA11-1999, EA12-2001, EA13-2007, EA15-2008, EA16-2009, EA17-2011, EA18-2014, EA19-2015, EA20-2023, EA21-2026)",2024-07-01,1.9,2024
Beef and veal,"Euro area (EA11-1999, EA12-2001, EA13-2007, EA15-2008, EA16-2009, EA17-2011, EA18-2014, EA19-2015, EA20-2023, EA21-2026)",2024-08-01,1.9,2024
Beef and veal,"Euro area (EA11-1999, EA12-2001, EA13-2007, EA15-2008, EA16-2009, EA17-2011, EA18-2014, EA19-2015, EA20-2023, EA21-2026)",2024-09-01,2.3,2024
Beef and veal,"Euro area (EA11-1999, EA12-2001, EA13-2007, EA15-2008, EA16-2009, EA17-2011, EA18-2014, EA19-2015, EA20-2023, EA21-2026)",2024-10-01,3.0,2024
Beef and veal,"Euro area (EA11-1999, EA12-2001, EA13-2007, EA15-2008, EA16-2009, EA17-2011, EA18-2014, EA19-2015, EA20-2023, EA21-2026)",2024-11-01,3.3,2024
Beef and veal,"Euro area (EA11-1999, EA12-2001, EA13-2007, EA15-2008, EA16-2009, EA17-2011, EA18-2014, EA19-2015, EA20-2023, EA21-2026)",2024-12-01,4.1,2024
Beef and veal,"Euro area (EA11-1999, EA12-2001, EA13-2007, EA15-2008, EA16-2009, EA17-2011, EA18-2014, EA19-2015, EA20-2023, EA21-2026)",2025-01-01,4.4,2025
Beef and veal,"Euro area (EA11-1999, EA12-2001, EA13-2007, EA15-2008, EA16-2009, EA17-2011, EA18-2014, EA19-2015, EA20-2023, EA21-2026)",2025-02-01,4.8,2025
Beef and veal,"Euro area (EA11-1999, EA12-2001, EA13-2007, EA15-2008, EA16-2009, EA17-2011, EA18-2014, EA19-2015, EA20-2023, EA21-2026)",2025-03-01,6.1,2025
Beef and veal,"Euro area (EA11-1999, EA12-2001, EA13-2007, EA15-2008, EA16-2009, EA17-2011, EA18-2014, EA19-2015, EA20-2023, EA21-2026)",2025-04-01,7.5,2025
Beef and veal,"Euro area (EA11-1999, EA12-2001, EA13-2007, EA15-2008, EA16-2009, EA17-2011, EA18-2014, EA19-2015, EA20-2023, EA21-2026)",2025-05-01,8.8,2025
Beef and veal,"Euro area (EA11-1999, EA12-2001, EA13-2007, EA15-2008, EA16-2009, EA17-2011, EA18-2014, EA19-2015, EA20-2023, EA21-2026)",2025-06-01,9.8,2025
Beef and veal,"Euro area (EA11-1999, EA12-2001, EA13-2007, EA15-2008, EA16-2009, EA17-2011, EA18-2014, EA19-2015, EA20-2023, EA21-2026)",2025-07-01,11.0,2025
Beef and veal,"Euro area (EA11-1999, EA12-2001, EA13-2007, EA15-2008, EA16-2009, EA17-2011, EA18-2014, EA19-2015, EA20-2023, EA21-2026)",2025-08-01,11.5,2025
Beef and veal,"Euro area (EA11-1999, EA12-2001, EA13-2007, EA15-2008, EA16-2009, EA17-2011, EA18-2014, EA19-2015, EA20-2023, EA21-2026)",2025-09-01,12.4,2025
Beef and veal,"Euro area (EA11-1999, EA12-2001, EA13-2007, EA15-2008, EA16-2009, EA17-2011, EA18-2014, EA19-2015, EA20-2023, EA21-2026)",2025-10-01,13.5,2025
Beef and veal,"Euro area (EA11-1999, EA12-2001, EA13-2007, EA15-2008, EA16-2009, EA17-2011, EA18-2014, EA19-2015, EA20-2023, EA21-2026)",2025-11-01,14.0,2025
Beef and veal,"Euro area (EA11-1999, EA12-2001, EA13-2007, EA15-2008, EA16-2009, EA17-2011, EA18-2014, EA19-2015, EA20-2023, EA21-2026)",2025-12-01,13.9,2025
Beef and veal,Spain,2019-01-01,1.2,2019
Beef and veal,Spain,2019-02-01,1.2,2019
Beef and veal,Spain,2019-03-01,0.8,2019
Beef and veal,Spain,2019-04-01,1.1,2019
Beef and veal,Spain,2019-05-01,0.9,2019
Beef and veal,Spain,2019-06-01,0.6,2019
Beef and veal,Spain,2019-07-01,0.6,2019
Beef and veal,Spain,2019-08-01,1.1,2019
Beef and veal,Spain,2019-09-01,1.0,2019
Beef and veal,Spain,2019-10-01,0.9,2019
Beef and veal,Spain,2019-11-01,0.5,2019
Beef and veal,Spain,2019-12-01,0.7,2019
Beef and veal,Spain,2020-01-01,0.8,2020
Beef and veal,Spain,2020-02-01,0.9,2020
Beef and veal,Spain,2020-03-01,1.2,2020
Beef and veal,Spain,2020-04-01,1.6,2020
Beef and veal,Spain,2020-05-01,1.4,2020
Beef and veal,Spain,2020-06-01,1.6,2020
Beef and veal,Spain,2020-07-01,1.7,2020
Beef and veal,Spain,2020-08-01,1.7,2020
Beef and veal,Spain,2020-09-01,1.4,2020
Beef and veal,Spain,2020-10-01,1.4,2020
Beef and veal,Spain,2020-11-01,1.6,2020
Beef and veal,Spain,2020-12-01,1.3,2020
Beef and veal,Spain,2021-01-01,1.7,2021
Beef and veal,Spain,2021-02-01,1.6,2021
Beef and veal,Spain,2021-03-01,1.1,2021
Beef and veal,Spain,2021-04-01,0.9,2021
Beef and veal,Spain,2021-05-01,0.7,2021
Beef and veal,Spain,2021-06-01,1.0,2021
Beef and veal,Spain,2021-07-01,0.9,2021
Beef and veal,Spain,2021-08-01,1.0,2021
Beef and veal,Spain,2021-09-01,1.2,2021
Beef and veal,Spain,2021-10-01,2.2,2021
Beef and veal,Spain,2021-11-01,4.3,2021
Beef and veal,Spain,2021-12-01,6.0,2021
Beef and veal,Spain,2022-01-01,6.0,2022
Beef and veal,Spain,2022-02-01,6.4,2022
Beef and veal,Spain,2022-03-01,7.8,2022
Beef and veal,Spain,2022-04-01,11.4,2022
Beef and veal,Spain,2022-05-01,12.3,2022
Beef and veal,Spain,2022-06-01,13.2,2022
Beef and veal,Spain,2022-07-01,14.5,2022
Beef and veal,Spain,2022-08-01,15.2,2022
Beef and veal,Spain,2022-09-01,14.7,2022
Beef and veal,Spain,2022-10-01,14.9,2022
Beef and veal,Spain,2022-11-01,13.2,2022
Beef and veal,Spain,2022-12-01,13.2,2022
Beef and veal,Spain,2023-01-01,13.7,2023
Beef and veal,Spain,2023-02-01,13.7,2023
Beef and veal,Spain,2023-03-01,13.1,2023
Beef and veal,Spain,2023-04-01,9.6,2023
Beef and veal,Spain,2023-05-01,9.1,2023
Beef and veal,Spain,2023-06-01,8.6,2023
Beef and veal,Spain,2023-07-01,7.1,2023
Beef and veal,Spain,2023-08-01,6.8,2023
Beef and veal,Spain,2023-09-01,7.0,2023
Beef and veal,Spain,2023-10-01,6.2,2023
Beef and veal,Spain,2023-11-01,5.7,2023
Beef and veal,Spain,2023-12-01,4.1,2023
Beef and veal,Spain,2024-01-01,3.8,2024
Beef and veal,Spain,2024-02-01,3.3,2024
Beef and veal,Spain,2024-03-01,2.8,2024
Beef and veal,Spain,2024-04-01,2.8,2024
Beef and veal,Spain,2024-05-01,2.9,2024
Beef and veal,Spain,2024-06-01,2.7,2024
Beef and veal,Spain,2024-07-01,3.1,2024
Beef and veal,Spain,2024-08-01,2.9,2024
Beef and veal,Spain,2024-09-01,3.3,2024
Beef and veal,Spain,2024-10-01,4.3,2024
Beef and veal,Spain,2024-11-01,5.5,2024
Beef and veal,Spain,2024-12-01,7.4,2024
Beef and veal,Spain,2025-01-01,8.6,2025
Beef and veal,Spain,2025-02-01,10.6,2025
Beef and veal,Spain,2025-03-01,12.3,2025
Beef and veal,Spain,2025-04-01,13.0,2025
Beef and veal,Spain,2025-05-01,13.4,2025
Beef and veal,Spain,2025-06-01,14.5,2025
Beef and veal,Spain,2025-07-01,15.1,2025
Beef and veal,Spain,2025-08-01,15.5,2025
Beef and veal,Spain,2025-09-01,16.5,2025
Beef and veal,Spain,2025-10-01,17.8,2025
Beef and veal,Spain,2025-11-01,18.0,2025
Beef and veal,Spain,2025-12-01,17.2,2025
Beef and veal,France,2019-01-01,0.6,2019
Beef and veal,France,2019-02-01,1.3,2019
Beef and veal,France,2019-03-01,1.3,2019
Beef and veal,France,2019-04-01,1.1,2019
Beef and veal,France,2019-05-01,1.4,2019
Beef and veal,France,2019-06-01,1.6,2019
Beef and veal,France,2019-07-01,1.5,2019
Beef and veal,France,2019-08-01,1.7,2019
Beef and veal,France,2019-09-01,1.4,2019
Beef and veal,France,2019-10-01,1.6,2019
Beef and veal,France,2019-11-01,1.5,2019
Beef and veal,France,2019-12-01,1.4,2019
Beef and veal,France,2020-01-01,1.8,2020
Beef and veal,France,2020-02-01,1.2,2020
Beef and veal,France,2020-03-01,1.6,2020
Beef and veal,France,2020-04-01,2.6,2020
Beef and veal,France,2020-05-01,2.8,2020
Beef and veal,France,2020-06-01,2.3,2020
Beef and veal,France,2020-07-01,1.1,2020
Beef and veal,France,2020-08-01,0.8,2020
Beef and veal,France,2020-09-01,1.5,2020
Beef and veal,France,2020-10-01,1.5,2020
Beef and veal,France,2020-11-01,1.8,2020
Beef and veal,France,2020-12-01,1.9,2020
Beef and veal,France,2021-01-01,1.5,2021
Beef and veal,France,2021-02-01,1.7,2021
Beef and veal,France,2021-03-01,1.5,2021
Beef and veal,France,2021-04-01,0.9,2021
Beef and veal,France,2021-05-01,0.2,2021
Beef and veal,France,2021-06-01,1.3,2021
Beef and veal,France,2021-07-01,2.4,2021
Beef and veal,France,2021-08-01,2.4,2021
Beef and veal,France,2021-09-01,2.2,2021
Beef and veal,France,2021-10-01,1.9,2021
Beef and veal,France,2021-11-01,1.7,2021
Beef and veal,France,2021-12-01,1.8,2021
Beef and veal,France,2022-01-01,3.0,2022
Beef and veal,France,2022-02-01,3.5,2022
Beef and veal,France,2022-03-01,4.8,2022
Beef and veal,France,2022-04-01,6.5,2022
Beef and veal,France,2022-05-01,8.5,2022
Beef and veal,France,2022-06-01,9.3,2022
Beef and veal,France,2022-07-01,10.2,2022
Beef and veal,France,2022-08-01,10.9,2022
Beef and veal,France,2022-09-01,11.4,2022
Beef and veal,France,2022-10-01,12.4,2022
Beef and veal,France,2022-11-01,13.1,2022
Beef and veal,France,2022-12-01,13.1,2022
Beef and veal,France,2023-01-01,13.2,2023
Beef and veal,France,2023-02-01,13.3,2023
Beef and veal,France,2023-03-01,12.4,2023
Beef and veal,France,2023-04-01,10.7,2023
Beef and veal,France,2023-05-01,8.9,2023
Beef and veal,France,2023-06-01,7.6,2023
Beef and veal,France,2023-07-01,6.7,2023
Beef and veal,France,2023-08-01,5.7,2023
Beef and veal,France,2023-09-01,5.2,2023
Beef and veal,France,2023-10-01,4.2,2023
Beef and veal,France,2023-11-01,3.8,2023
Beef and veal,France,2023-12-01,3.2,2023
Beef and veal,France,2024-01-01,2.2,2024
Beef and veal,France,2024-02-01,1.3,2024
Beef and veal,France,2024-03-01,1.3,2024
Beef and veal,France,2024-04-01,0.8,2024
Beef and veal,France,2024-05-01,0.8,2024
Beef and veal,France,2024-06-01,0.7,2024
Beef and veal,France,2024-07-01,0.7,2024
Beef and veal,France,2024-08-01,1.1,2024
Beef and veal,France,2024-09-01,1.0,2024
Beef and veal,France,2024-10-01,1.1,2024
Beef and veal,France,2024-11-01,0.9,2024
Beef and veal,France,2024-12-01,1.5,2024
Beef and veal,France,2025-01-01,1.7,2025
Beef and veal,France,2025-02-01,2.2,2025
Beef and veal,France,2025-03-01,2.2,2025
Beef and veal,France,2025-04-01,2.9,2025
Beef and veal,France,2025-05-01,3.9,2025
Beef and veal,France,2025-06-01,4.9,2025
Beef and veal,France,2025-07-01,5.8,2025
Beef and veal,France,2025-08-01,6.0,2025
Beef and veal,France,2025-09-01,6.8,2025
Beef and veal,France,2025-10-01,8.2,2025
Beef and veal,France,2025-11-01,9.3,2025
Beef and veal,France,2025-12-01,9.7,2025
Beef and veal,Italy,2019-01-01,0.3,2019
Beef and veal,Italy,2019-02-01,0.9,2019
Beef and veal,Italy,2019-03-01,0.4,2019
Beef and veal,Italy,2019-04-01,0.8,2019
Beef and veal,Italy,2019-05-01,0.7,2019
Beef and veal,Italy,2019-06-01,0.8,2019
Beef and veal,Italy,2019-07-01,0.8,2019
Beef and veal,Italy,2019-08-01,1.2,2019
Beef and veal,Italy,2019-09-01,0.6,2019
Beef and veal,Italy,2019-10-01,1.1,2019
Beef and veal,Italy,2019-11-01,1.3,2019
Beef and veal,Italy,2019-12-01,1.6,2019
Beef and veal,Italy,2020-01-01,1.6,2020
Beef and veal,Italy,2020-02-01,1.3,2020
Beef and veal,Italy,2020-03-01,2.0,2020
Beef and veal,Italy,2020-04-01,1.6,2020
Beef and veal,Italy,2020-05-01,2.0,2020
Beef and veal,Italy,2020-06-01,1.7,2020
Beef and veal,Italy,2020-07-01,1.5,2020
Beef and veal,Italy,2020-08-01,1.3,2020
Beef and veal,Italy,2020-09-01,1.3,2020
Beef and veal,Italy,2020-10-01,0.4,2020
Beef and veal,Italy,2020-11-01,0.4,2020
Beef and veal,Italy,2020-12-01,0.3,2020
Beef and veal,Italy,2021-01-01,-0.1,2021
Beef and veal,Italy,2021-02-01,0.0,2021
Beef and veal,Italy,2021-03-01,-0.2,2021
Beef and veal,Italy,2021-04-01,-0.3,2021
Beef and veal,Italy,2021-05-01,-0.1,2021
Beef and veal,Italy,2021-06-01,0.0,2021
Beef and veal,Italy,2021-07-01,0.4,2021
Beef and veal,Italy,2021-08-01,0.9,2021
Beef and veal,Italy,2021-09-01,0.9,2021
Beef and veal,Italy,2021-10-01,1.7,2021
Beef and veal,Italy,2021-11-01,1.7,2021
Beef and veal,Italy,2021-12-01,2.3,2021
Beef and veal,Italy,2022-01-01,2.9,2022
Beef and veal,Italy,2022-02-01,3.3,2022
Beef and veal,Italy,2022-03-01,3.9,2022
Beef and veal,Italy,2022-04-01,5.1,2022
Beef and veal,Italy,2022-05-01,5.7,2022
Beef and veal,Italy,2022-06-01,6.4,2022
Beef and veal,Italy,2022-07-01,6.5,2022
Beef and veal,Italy,2022-08-01,7.0,2022
Beef and veal,Italy,2022-09-01,7.9,2022
Beef and veal,Italy,2022-10-01,8.6,2022
Beef and veal,Italy,2022-11-01,8.8,2022
Beef and veal,Italy,2022-12-01,8.9,2022
Beef and veal,Italy,2023-01-01,8.6,2023
Beef and veal,Italy,2023-02-01,8.3,2023
Beef and veal,Italy,2023-03-01,8.0,2023
Beef and veal,Italy,2023-04-01,6.8,2023
Beef and veal,Italy,2023-05-01,6.4,2023
Beef and veal,Italy,2023-06-01,6.1,2023
Beef and veal,Italy,2023-07-01,5.7,2023
Beef and veal,Italy,2023-08-01,5.2,2023
Beef and veal,Italy,2023-09-01,4.4,2023
Beef and veal,Italy,2023-10-01,3.7,2023
Beef and veal,Italy,2023-11-01,3.5,2023
Beef and veal,Italy,2023-12-01,3.1,2023
Beef and veal,Italy,2024-01-01,3.0,2024
Beef and veal,Italy,2024-02-01,3.1,2024
Beef and veal,Italy,2024-03-01,2.8,2024
Beef and veal,Italy,2024-04-01,2.8,2024
Beef and veal,Italy,2024-05-01,2.4,2024
Beef and veal,Italy,2024-06-01,2.4,2024
Beef and veal,Italy,2024-07-01,2.4,2024
Beef and veal,Italy,2024-08-01,2.2,2024
Beef and veal,Italy,2024-09-01,2.3,2024
Beef and veal,Italy,2024-10-01,2.4,2024
Beef and veal,Italy,2024-11-01,2.6,2024
Beef and veal,Italy,2024-12-01,3.0,2024
Beef and veal,Italy,2025-01-01,3.1,2025
Beef and veal,Italy,2025-02-01,3.3,2025
Beef and veal,Italy,2025-03-01,4.2,2025
Beef and veal,Italy,2025-04-01,5.1,2025
Beef and veal,Italy,2025-05-01,5.4,2025
Beef and veal,Italy,2025-06-01,5.9,2025
Beef and veal,Italy,2025-07-01,6.6,2025
Beef and veal,Italy,2025-08-01,7.3,2025
Beef and veal,Italy,2025-09-01,7.5,2025
Beef and veal,Italy,2025-10-01,8.1,2025
Beef and veal,Italy,2025-11-01,8.7,2025
Beef and veal,Italy,2025-12-01,8.4,2025
Beef and veal,Portugal,2019-01-01,0.4,2019
Beef and veal,Portugal,2019-02-01,0.3,2019
Beef and veal,Portugal,2019-03-01,0.8,2019
Beef and veal,Portugal,2019-04-01,-0.3,2019
Beef and veal,Portugal,2019-05-01,0.7,2019
Beef and veal,Portugal,2019-06-01,0.0,2019
Beef and veal,Portugal,2019-07-01,0.5,2019
Beef and veal,Portugal,2019-08-01,1.5,2019
Beef and veal,Portugal,2019-09-01,1.7,2019
Beef and veal,Portugal,2019-10-01,0.7,2019
Beef and veal,Portugal,2019-11-01,1.4,2019
Beef and veal,Portugal,2019-12-01,0.2,2019
Beef and veal,Portugal,2020-01-01,0.1,2020
Beef and veal,Portugal,2020-02-01,0.8,2020
Beef and veal,Portugal,2020-03-01,0.2,2020
Beef and veal,Portugal,2020-04-01,-5.8,2020
Beef and veal,Portugal,2020-05-01,-0.3,2020
Beef and veal,Portugal,2020-06-01,1.8,2020
Beef and veal,Portugal,2020-07-01,0.2,2020
Beef and veal,Portugal,2020-08-01,-0.4,2020
Beef and veal,Portugal,2020-09-01,1.0,2020
Beef and veal,Portugal,2020-10-01,-0.6,2020
Beef and veal,Portugal,2020-11-01,-0.2,2020
Beef and veal,Portugal,2020-12-01,-0.4,2020
Beef and veal,Portugal,2021-01-01,0.8,2021
Beef and veal,Portugal,2021-02-01,-0.7,2021
Beef and veal,Portugal,2021-03-01,-0.8,2021
Beef and veal,Portugal,2021-04-01,6.0,2021
Beef and veal,Portugal,2021-05-01,0.9,2021
Beef and veal,Portugal,2021-06-01,0.0,2021
Beef and veal,Portugal,2021-07-01,2.6,2021
Beef and veal,Portugal,2021-08-01,3.5,2021
Beef and veal,Portugal,2021-09-01,1.3,2021
Beef and veal,Portugal,2021-10-01,3.4,2021
Beef and veal,Portugal,2021-11-01,5.9,2021
Beef and veal,Portugal,2021-12-01,12.0,2021
Beef and veal,Portugal,2022-01-01,12.2,2022
Beef and veal,Portugal,2022-02-01,13.0,2022
Beef and veal,Portugal,2022-03-01,15.9,2022
Beef and veal,Portugal,2022-04-01,20.8,2022
Beef and veal,Portugal,2022-05-01,20.9,2022
Beef and veal,Portugal,2022-06-01,22.1,2022
Beef and veal,Portugal,2022-07-01,20.5,2022
Beef and veal,Portugal,2022-08-01,21.3,2022
Beef and veal,Portugal,2022-09-01,22.6,2022
Beef and veal,Portugal,2022-10-01,23.2,2022
Beef and veal,Portugal,2022-11-01,20.1,2022
Beef and veal,Portugal,2022-12-01,15.5,2022
Beef and veal,Portugal,2023-01-01,15.5,2023
Beef and veal,Portugal,2023-02-01,17.5,2023
Beef and veal,Portugal,2023-03-01,15.7,2023
Beef and veal,Portugal,2023-04-01,10.9,2023
Beef and veal,Portugal,2023-05-01,5.6,2023
Beef and veal,Portugal,2023-06-01,5.0,2023
Beef and veal,Portugal,2023-07-01,5.0,2023
Beef and veal,Portugal,2023-08-01,4.4,2023
Beef and veal,Portugal,2023-09-01,4.0,2023
Beef and veal,Portugal,2023-10-01,3.2,2023
Beef and veal,Portugal,2023-11-01,3.3,2023
Beef and veal,Portugal,2023-12-01,-0.8,2023
Beef and veal,Portugal,2024-01-01,3.8,2024
Beef and veal,Portugal,2024-02-01,2.3,2024
Beef and veal,Portugal,2024-03-01,1.6,2024
Beef and veal,Portugal,2024-04-01,1.4,2024
Beef and veal,Portugal,2024-05-01,5.2,2024
Beef and veal,Portugal,2024-06-01,5.0,2024
Beef and veal,Portugal,2024-07-01,5.3,2024
Beef and veal,Portugal,2024-08-01,4.5,2024
Beef and veal,Portugal,2024-09-01,5.2,2024
Beef and veal,Portugal,2024-10-01,7.2,2024
Beef and veal,Portugal,2024-11-01,9.2,2024
Beef and veal,Portugal,2024-12-01,15.1,2024
Beef and veal,Portugal,2025-01-01,11.1,2025
Beef and veal,Portugal,2025-02-01,14.0,2025
Beef and veal,Portugal,2025-03-01,16.4,2025
Beef and veal,Portugal,2025-04-01,17.0,2025
Beef and veal,Portugal,2025-05-01,17.2,2025
Beef and veal,Portugal,2025-06-01,18.3,2025
Beef and veal,Portugal,2025-07-01,19.7,2025
Beef and veal,Portugal,2025-08-01,20.5,2025
Beef and veal,Portugal,2025-09-01,21.4,2025
Beef and veal,Portugal,2025-10-01,22.4,2025
Beef and veal,Portugal,2025-11-01,20.9,2025
Beef and veal,Portugal,2025-12-01,19.1,2025
Pork,Germany,2019-01-01,1.1,2019
Pork,Germany,2019-02-01,-0.2,2019
Pork,Germany,2019-03-01,0.0,2019
Pork,Germany,2019-04-01,1.7,2019
Pork,Germany,2019-05-01,2.2,2019
Pork,Germany,2019-06-01,3.0,2019
Pork,Germany,2019-07-01,4.0,2019
Pork,Germany,2019-08-01,6.0,2019
Pork,Germany,2019-09-01,6.8,2019
Pork,Germany,2019-10-01,5.9,2019
Pork,Germany,2019-11-01,4.9,2019
Pork,Germany,2019-12-01,8.0,2019
Pork,Germany,2020-01-01,9.4,2020
Pork,Germany,2020-02-01,11.1,2020
Pork,Germany,2020-03-01,12.1,2020
Pork,Germany,2020-04-01,12.2,2020
Pork,Germany,2020-05-01,11.3,2020
Pork,Germany,2020-06-01,11.7,2020
Pork,Germany,2020-07-01,8.7,2020
Pork,Germany,2020-08-01,8.6,2020
Pork,Germany,2020-09-01,7.3,2020
Pork,Germany,2020-10-01,6.4,2020
Pork,Germany,2020-11-01,6.5,2020
Pork,Germany,2020-12-01,4.2,2020
Pork,Germany,2021-01-01,4.0,2021
Pork,Germany,2021-02-01,2.7,2021
Pork,Germany,2021-03-01,1.9,2021
Pork,Germany,2021-04-01,0.8,2021
Pork,Germany,2021-05-01,1.9,2021
Pork,Germany,2021-06-01,0.3,2021
Pork,Germany,2021-07-01,2.7,2021
Pork,Germany,2021-08-01,2.2,2021
Pork,Germany,2021-09-01,2.8,2021
Pork,Germany,2021-10-01,3.7,2021
Pork,Germany,2021-11-01,4.8,2021
Pork,Germany,2021-12-01,4.6,2021
Pork,Germany,2022-01-01,4.4,2022
Pork,Germany,2022-02-01,4.5,2022
Pork,Germany,2022-03-01,5.9,2022
Pork,Germany,2022-04-01,16.5,2022
Pork,Germany,2022-05-01,21.1,2022
Pork,Germany,2022-06-01,21.5,2022
Pork,Germany,2022-07-01,18.9,2022
Pork,Germany,2022-08-01,18.9,2022
Pork,Germany,2022-09-01,20.1,2022
Pork,Germany,2022-10-01,20.8,2022
Pork,Germany,2022-11-01,20.2,2022
Pork,Germany,2022-12-01,20.1,2022
Pork,Germany,2023-01-01,19.6,2023
Pork,Germany,2023-02-01,17.7,2023
Pork,Germany,2023-03-01,16.9,2023
Pork,Germany,2023-04-01,6.3,2023
Pork,Germany,2023-05-01,1.7,2023
Pork,Germany,2023-06-01,2.4,2023
Pork,Germany,2023-07-01,5.3,2023
Pork,Germany,2023-08-01,5.5,2023
Pork,Germany,2023-09-01,4.9,2023
Pork,Germany,2023-10-01,3.9,2023
Pork,Germany,2023-11-01,2.4,2023
Pork,Germany,2023-12-01,2.2,2023
Pork,Germany,2024-01-01,1.7,2024
Pork,Germany,2024-02-01,2.5,2024
Pork,Germany,2024-03-01,1.7,2024
Pork,Germany,2024-04-01,2.4,2024
Pork,Germany,2024-05-01,2.5,2024
Pork,Germany,2024-06-01,1.7,2024
Pork,Germany,2024-07-01,0.8,2024
Pork,Germany,2024-08-01,0.7,2024
Pork,Germany,2024-09-01,0.4,2024
Pork,Germany,2024-10-01,0.3,2024
Pork,Germany,2024-11-01,1.5,2024
Pork,Germany,2024-12-01,3.6,2024
Pork,Germany,2025-01-01,2.2,2025
Pork,Germany,2025-02-01,2.7,2025
Pork,Germany,2025-03-01,3.7,2025
Pork,Germany,2025-04-01,3.1,2025
Pork,Germany,2025-05-01,3.2,2025
Pork,Germany,2025-06-01,3.7,2025
Pork,Germany,2025-07-01,4.3,2025
Pork,Germany,2025-08-01,5.1,2025
Pork,Germany,2025-09-01,5.2,2025
Pork,Germany,2025-10-01,6.9,2025
Pork,Germany,2025-11-01,6.0,2025
Pork,Germany,2025-12-01,3.9,2025
Pork,"Euro area (EA11-1999, EA12-2001, EA13-2007, EA15-2008, EA16-2009, EA17-2011, EA18-2014, EA19-2015, EA20-2023, EA21-2026)",2019-01-01,0.6,2019
Pork,"Euro area (EA11-1999, EA12-2001, EA13-2007, EA15-2008, EA16-2009, EA17-2011, EA18-2014, EA19-2015, EA20-2023, EA21-2026)",2019-02-01,0.4,2019
Pork,"Euro area (EA11-1999, EA12-2001, EA13-2007, EA15-2008, EA16-2009, EA17-2011, EA18-2014, EA19-2015, EA20-2023, EA21-2026)",2019-03-01,0.6,2019
Pork,"Euro area (EA11-1999, EA12-2001, EA13-2007, EA15-2008, EA16-2009, EA17-2011, EA18-2014, EA19-2015, EA20-2023, EA21-2026)",2019-04-01,1.3,2019
Pork,"Euro area (EA11-1999, EA12-2001, EA13-2007, EA15-2008, EA16-2009, EA17-2011, EA18-2014, EA19-2015, EA20-2023, EA21-2026)",2019-05-01,2.7,2019
Pork,"Euro area (EA11-1999, EA12-2001, EA13-2007, EA15-2008, EA16-2009, EA17-2011, EA18-2014, EA19-2015, EA20-2023, EA21-2026)",2019-06-01,3.7,2019
Pork,"Euro area (EA11-1999, EA12-2001, EA13-2007, EA15-2008, EA16-2009, EA17-2011, EA18-2014, EA19-2015, EA20-2023, EA21-2026)",2019-07-01,3.7,2019
Pork,"Euro area (EA11-1999, EA12-2001, EA13-2007, EA15-2008, EA16-2009, EA17-2011, EA18-2014, EA19-2015, EA20-2023, EA21-2026)",2019-08-01,4.8,2019
Pork,"Euro area (EA11-1999, EA12-2001, EA13-2007, EA15-2008, EA16-2009, EA17-2011, EA18-2014, EA19-2015, EA20-2023, EA21-2026)",2019-09-01,4.5,2019
Pork,"Euro area (EA11-1999, EA12-2001, EA13-2007, EA15-2008, EA16-2009, EA17-2011, EA18-2014, EA19-2015, EA20-2023, EA21-2026)",2019-10-01,5.0,2019
Pork,"Euro area (EA11-1999, EA12-2001, EA13-2007, EA15-2008, EA16-2009, EA17-2011, EA18-2014, EA19-2015, EA20-2023, EA21-2026)",2019-11-01,4.9,2019
Pork,"Euro area (EA11-1999, EA12-2001, EA13-2007, EA15-2008, EA16-2009, EA17-2011, EA18-2014, EA19-2015, EA20-2023, EA21-2026)",2019-12-01,6.5,2019
Pork,"Euro area (EA11-1999, EA12-2001, EA13-2007, EA15-2008, EA16-2009, EA17-2011, EA18-2014, EA19-2015, EA20-2023, EA21-2026)",2020-01-01,7.5,2020
Pork,"Euro area (EA11-1999, EA12-2001, EA13-2007, EA15-2008, EA16-2009, EA17-2011, EA18-2014, EA19-2015, EA20-2023, EA21-2026)",2020-02-01,8.6,2020
Pork,"Euro area (EA11-1999, EA12-2001, EA13-2007, EA15-2008, EA16-2009, EA17-2011, EA18-2014, EA19-2015, EA20-2023, EA21-2026)",2020-03-01,9.4,2020
Pork,"Euro area (EA11-1999, EA12-2001, EA13-2007, EA15-2008, EA16-2009, EA17-2011, EA18-2014, EA19-2015, EA20-2023, EA21-2026)",2020-04-01,9.8,2020
Pork,"Euro area (EA11-1999, EA12-2001, EA13-2007, EA15-2008, EA16-2009, EA17-2011, EA18-2014, EA19-2015, EA20-2023, EA21-2026)",2020-05-01,7.8,2020
Pork,"Euro area (EA11-1999, EA12-2001, EA13-2007, EA15-2008, EA16-2009, EA17-2011, EA18-2014, EA19-2015, EA20-2023, EA21-2026)",2020-06-01,6.3,2020
Pork,"Euro area (EA11-1999, EA12-2001, EA13-2007, EA15-2008, EA16-2009, EA17-2011, EA18-2014, EA19-2015, EA20-2023, EA21-2026)",2020-07-01,5.3,2020
Pork,"Euro area (EA11-1999, EA12-2001, EA13-2007, EA15-2008, EA16-2009, EA17-2011, EA18-2014, EA19-2015, EA20-2023, EA21-2026)",2020-08-01,4.5,2020
Pork,"Euro area (EA11-1999, EA12-2001, EA13-2007, EA15-2008, EA16-2009, EA17-2011, EA18-2014, EA19-2015, EA20-2023, EA21-2026)",2020-09-01,4.4,2020
Pork,"Euro area (EA11-1999, EA12-2001, EA13-2007, EA15-2008, EA16-2009, EA17-2011, EA18-2014, EA19-2015, EA20-2023, EA21-2026)",2020-10-01,3.7,2020
Pork,"Euro area (EA11-1999, EA12-2001, EA13-2007, EA15-2008, EA16-2009, EA17-2011, EA18-2014, EA19-2015, EA20-2023, EA21-2026)",2020-11-01,3.3,2020
Pork,"Euro area (EA11-1999, EA12-2001, EA13-2007, EA15-2008, EA16-2009, EA17-2011, EA18-2014, EA19-2015, EA20-2023, EA21-2026)",2020-12-01,1.8,2020
Pork,"Euro area (EA11-1999, EA12-2001, EA13-2007, EA15-2008, EA16-2009, EA17-2011, EA18-2014, EA19-2015, EA20-2023, EA21-2026)",2021-01-01,0.5,2021
Pork,"Euro area (EA11-1999, EA12-2001, EA13-2007, EA15-2008, EA16-2009, EA17-2011, EA18-2014, EA19-2015, EA20-2023, EA21-2026)",2021-02-01,0.0,2021
Pork,"Euro area (EA11-1999, EA12-2001, EA13-2007, EA15-2008, EA16-2009, EA17-2011, EA18-2014, EA19-2015, EA20-2023, EA21-2026)",2021-03-01,-0.6,2021
Pork,"Euro area (EA11-1999, EA12-2001, EA13-2007, EA15-2008, EA16-2009, EA17-2011, EA18-2014, EA19-2015, EA20-2023, EA21-2026)",2021-04-01,-1.6,2021
Pork,"Euro area (EA11-1999, EA12-2001, EA13-2007, EA15-2008, EA16-2009, EA17-2011, EA18-2014, EA19-2015, EA20-2023, EA21-2026)",2021-05-01,-0.5,2021
Pork,"Euro area (EA11-1999, EA12-2001, EA13-2007, EA15-2008, EA16-2009, EA17-2011, EA18-2014, EA19-2015, EA20-2023, EA21-2026)",2021-06-01,-0.3,2021
Pork,"Euro area (EA11-1999, EA12-2001, EA13-2007, EA15-2008, EA16-2009, EA17-2011, EA18-2014, EA19-2015, EA20-2023, EA21-2026)",2021-07-01,0.3,2021
Pork,"Euro area (EA11-1999, EA12-2001, EA13-2007, EA15-2008, EA16-2009, EA17-2011, EA18-2014, EA19-2015, EA20-2023, EA21-2026)",2021-08-01,0.6,2021
Pork,"Euro area (EA11-1999, EA12-2001, EA13-2007, EA15-2008, EA16-2009, EA17-2011, EA18-2014, EA19-2015, EA20-2023, EA21-2026)",2021-09-01,0.3,2021
Pork,"Euro area (EA11-1999, EA12-2001, EA13-2007, EA15-2008, EA16-2009, EA17-2011, EA18-2014, EA19-2015, EA20-2023, EA21-2026)",2021-10-01,0.8,2021
Pork,"Euro area (EA11-1999, EA12-2001, EA13-2007, EA15-2008, EA16-2009, EA17-2011, EA18-2014, EA19-2015, EA20-2023, EA21-2026)",2021-11-01,1.0,2021
Pork,"Euro area (EA11-1999, EA12-2001, EA13-2007, EA15-2008, EA16-2009, EA17-2011, EA18-2014, EA19-2015, EA20-2023, EA21-2026)",2021-12-01,1.1,2021
Pork,"Euro area (EA11-1999, EA12-2001, EA13-2007, EA15-2008, EA16-2009, EA17-2011, EA18-2014, EA19-2015, EA20-2023, EA21-2026)",2022-01-01,1.6,2022
Pork,"Euro area (EA11-1999, EA12-2001, EA13-2007, EA15-2008, EA16-2009, EA17-2011, EA18-2014, EA19-2015, EA20-2023, EA21-2026)",2022-02-01,1.7,2022
Pork,"Euro area (EA11-1999, EA12-2001, EA13-2007, EA15-2008, EA16-2009, EA17-2011, EA18-2014, EA19-2015, EA20-2023, EA21-2026)",2022-03-01,2.8,2022
Pork,"Euro area (EA11-1999, EA12-2001, EA13-2007, EA15-2008, EA16-2009, EA17-2011, EA18-2014, EA19-2015, EA20-2023, EA21-2026)",2022-04-01,9.1,2022
Pork,"Euro area (EA11-1999, EA12-2001, EA13-2007, EA15-2008, EA16-2009, EA17-2011, EA18-2014, EA19-2015, EA20-2023, EA21-2026)",2022-05-01,10.9,2022
Pork,"Euro area (EA11-1999, EA12-2001, EA13-2007, EA15-2008, EA16-2009, EA17-2011, EA18-2014, EA19-2015, EA20-2023, EA21-2026)",2022-06-01,11.7,2022
Pork,"Euro area (EA11-1999, EA12-2001, EA13-2007, EA15-2008, EA16-2009, EA17-2011, EA18-2014, EA19-2015, EA20-2023, EA21-2026)",2022-07-01,11.8,2022
Pork,"Euro area (EA11-1999, EA12-2001, EA13-2007, EA15-2008, EA16-2009, EA17-2011, EA18-2014, EA19-2015, EA20-2023, EA21-2026)",2022-08-01,12.2,2022
Pork,"Euro area (EA11-1999, EA12-2001, EA13-2007, EA15-2008, EA16-2009, EA17-2011, EA18-2014, EA19-2015, EA20-2023, EA21-2026)",2022-09-01,13.7,2022
Pork,"Euro area (EA11-1999, EA12-2001, EA13-2007, EA15-2008, EA16-2009, EA17-2011, EA18-2014, EA19-2015, EA20-2023, EA21-2026)",2022-10-01,14.8,2022
Pork,"Euro area (EA11-1999, EA12-2001, EA13-2007, EA15-2008, EA16-2009, EA17-2011, EA18-2014, EA19-2015, EA20-2023, EA21-2026)",2022-11-01,15.2,2022
Pork,"Euro area (EA11-1999, EA12-2001, EA13-2007, EA15-2008, EA16-2009, EA17-2011, EA18-2014, EA19-2015, EA20-2023, EA21-2026)",2022-12-01,15.9,2022
Pork,"Euro area (EA11-1999, EA12-2001, EA13-2007, EA15-2008, EA16-2009, EA17-2011, EA18-2014, EA19-2015, EA20-2023, EA21-2026)",2023-01-01,15.8,2023
Pork,"Euro area (EA11-1999, EA12-2001, EA13-2007, EA15-2008, EA16-2009, EA17-2011, EA18-2014, EA19-2015, EA20-2023, EA21-2026)",2023-02-01,15.4,2023
Pork,"Euro area (EA11-1999, EA12-2001, EA13-2007, EA15-2008, EA16-2009, EA17-2011, EA18-2014, EA19-2015, EA20-2023, EA21-2026)",2023-03-01,16.3,2023
Pork,"Euro area (EA11-1999, EA12-2001, EA13-2007, EA15-2008, EA16-2009, EA17-2011, EA18-2014, EA19-2015, EA20-2023, EA21-2026)",2023-04-01,10.7,2023
Pork,"Euro area (EA11-1999, EA12-2001, EA13-2007, EA15-2008, EA16-2009, EA17-2011, EA18-2014, EA19-2015, EA20-2023, EA21-2026)",2023-05-01,8.9,2023
Pork,"Euro area (EA11-1999, EA12-2001, EA13-2007, EA15-2008, EA16-2009, EA17-2011, EA18-2014, EA19-2015, EA20-2023, EA21-2026)",2023-06-01,8.5,2023
Pork,"Euro area (EA11-1999, EA12-2001, EA13-2007, EA15-2008, EA16-2009, EA17-2011, EA18-2014, EA19-2015, EA20-2023, EA21-2026)",2023-07-01,9.3,2023
Pork,"Euro area (EA11-1999, EA12-2001, EA13-2007, EA15-2008, EA16-2009, EA17-2011, EA18-2014, EA19-2015, EA20-2023, EA21-2026)",2023-08-01,8.9,2023
Pork,"Euro area (EA11-1999, EA12-2001, EA13-2007, EA15-2008, EA16-2009, EA17-2011, EA18-2014, EA19-2015, EA20-2023, EA21-2026)",2023-09-01,8.0,2023
Pork,"Euro area (EA11-1999, EA12-2001, EA13-2007, EA15-2008, EA16-2009, EA17-2011, EA18-2014, EA19-2015, EA20-2023, EA21-2026)",2023-10-01,6.9,2023
Pork,"Euro area (EA11-1999, EA12-2001, EA13-2007, EA15-2008, EA16-2009, EA17-2011, EA18-2014, EA19-2015, EA20-2023, EA21-2026)",2023-11-01,6.0,2023
Pork,"Euro area (EA11-1999, EA12-2001, EA13-2007, EA15-2008, EA16-2009, EA17-2011, EA18-2014, EA19-2015, EA20-2023, EA21-2026)",2023-12-01,5.9,2023
Pork,"Euro area (EA11-1999, EA12-2001, EA13-2007, EA15-2008, EA16-2009, EA17-2011, EA18-2014, EA19-2015, EA20-2023, EA21-2026)",2024-01-01,5.7,2024
Pork,"Euro area (EA11-1999, EA12-2001, EA13-2007, EA15-2008, EA16-2009, EA17-2011, EA18-2014, EA19-2015, EA20-2023, EA21-2026)",2024-02-01,5.2,2024
Pork,"Euro area (EA11-1999, EA12-2001, EA13-2007, EA15-2008, EA16-2009, EA17-2011, EA18-2014, EA19-2015, EA20-2023, EA21-2026)",2024-03-01,3.5,2024
Pork,"Euro area (EA11-1999, EA12-2001, EA13-2007, EA15-2008, EA16-2009, EA17-2011, EA18-2014, EA19-2015, EA20-2023, EA21-2026)",2024-04-01,2.9,2024
Pork,"Euro area (EA11-1999, EA12-2001, EA13-2007, EA15-2008, EA16-2009, EA17-2011, EA18-2014, EA19-2015, EA20-2023, EA21-2026)",2024-05-01,2.6,2024
Pork,"Euro area (EA11-1999, EA12-2001, EA13-2007, EA15-2008, EA16-2009, EA17-2011, EA18-2014, EA19-2015, EA20-2023, EA21-2026)",2024-06-01,2.1,2024
Pork,"Euro area (EA11-1999, EA12-2001, EA13-2007, EA15-2008, EA16-2009, EA17-2011, EA18-2014, EA19-2015, EA20-2023, EA21-2026)",2024-07-01,1.7,2024
Pork,"Euro area (EA11-1999, EA12-2001, EA13-2007, EA15-2008, EA16-2009, EA17-2011, EA18-2014, EA19-2015, EA20-2023, EA21-2026)",2024-08-01,1.8,2024
Pork,"Euro area (EA11-1999, EA12-2001, EA13-2007, EA15-2008, EA16-2009, EA17-2011, EA18-2014, EA19-2015, EA20-2023, EA21-2026)",2024-09-01,1.4,2024
Pork,"Euro area (EA11-1999, EA12-2001, EA13-2007, EA15-2008, EA16-2009, EA17-2011, EA18-2014, EA19-2015, EA20-2023, EA21-2026)",2024-10-01,1.6,2024
Pork,"Euro area (EA11-1999, EA12-2001, EA13-2007, EA15-2008, EA16-2009, EA17-2011, EA18-2014, EA19-2015, EA20-2023, EA21-2026)",2024-11-01,2.1,2024
Pork,"Euro area (EA11-1999, EA12-2001, EA13-2007, EA15-2008, EA16-2009, EA17-2011, EA18-2014, EA19-2015, EA20-2023, EA21-2026)",2024-12-01,2.5,2024
Pork,"Euro area (EA11-1999, EA12-2001, EA13-2007, EA15-2008, EA16-2009, EA17-2011, EA18-2014, EA19-2015, EA20-2023, EA21-2026)",2025-01-01,2.1,2025
Pork,"Euro area (EA11-1999, EA12-2001, EA13-2007, EA15-2008, EA16-2009, EA17-2011, EA18-2014, EA19-2015, EA20-2023, EA21-2026)",2025-02-01,2.3,2025
Pork,"Euro area (EA11-1999, EA12-2001, EA13-2007, EA15-2008, EA16-2009, EA17-2011, EA18-2014, EA19-2015, EA20-2023, EA21-2026)",2025-03-01,2.2,2025
Pork,"Euro area (EA11-1999, EA12-2001, EA13-2007, EA15-2008, EA16-2009, EA17-2011, EA18-2014, EA19-2015, EA20-2023, EA21-2026)",2025-04-01,2.1,2025
Pork,"Euro area (EA11-1999, EA12-2001, EA13-2007, EA15-2008, EA16-2009, EA17-2011, EA18-2014, EA19-2015, EA20-2023, EA21-2026)",2025-05-01,2.5,2025
Pork,"Euro area (EA11-1999, EA12-2001, EA13-2007, EA15-2008, EA16-2009, EA17-2011, EA18-2014, EA19-2015, EA20-2023, EA21-2026)",2025-06-01,2.7,2025
Pork,"Euro area (EA11-1999, EA12-2001, EA13-2007, EA15-2008, EA16-2009, EA17-2011, EA18-2014, EA19-2015, EA20-2023, EA21-2026)",2025-07-01,2.8,2025
Pork,"Euro area (EA11-1999, EA12-2001, EA13-2007, EA15-2008, EA16-2009, EA17-2011, EA18-2014, EA19-2015, EA20-2023, EA21-2026)",2025-08-01,2.9,2025
Pork,"Euro area (EA11-1999, EA12-2001, EA13-2007, EA15-2008, EA16-2009, EA17-2011, EA18-2014, EA19-2015, EA20-2023, EA21-2026)",2025-09-01,3.5,2025
Pork,"Euro area (EA11-1999, EA12-2001, EA13-2007, EA15-2008, EA16-2009, EA17-2011, EA18-2014, EA19-2015, EA20-2023, EA21-2026)",2025-10-01,3.8,2025
Pork,"Euro area (EA11-1999, EA12-2001, EA13-2007, EA15-2008, EA16-2009, EA17-2011, EA18-2014, EA19-2015, EA20-2023, EA21-2026)",2025-11-01,3.3,2025
Pork,"Euro area (EA11-1999, EA12-2001, EA13-2007, EA15-2008, EA16-2009, EA17-2011, EA18-2014, EA19-2015, EA20-2023, EA21-2026)",2025-12-01,2.4,2025
Pork,Spain,2019-01-01,0.1,2019
Pork,Spain,2019-02-01,0.3,2019
Pork,Spain,2019-03-01,0.6,2019
Pork,Spain,2019-04-01,1.1,2019
Pork,Spain,2019-05-01,3.0,2019
Pork,Spain,2019-06-01,4.0,2019
Pork,Spain,2019-07-01,4.6,2019
Pork,Spain,2019-08-01,4.6,2019
Pork,Spain,2019-09-01,4.6,2019
Pork,Spain,2019-10-01,5.2,2019
Pork,Spain,2019-11-01,5.7,2019
Pork,Spain,2019-12-01,7.1,2019
Pork,Spain,2020-01-01,7.7,2020
Pork,Spain,2020-02-01,7.9,2020
Pork,Spain,2020-03-01,8.3,2020
Pork,Spain,2020-04-01,8.2,2020
Pork,Spain,2020-05-01,5.5,2020
Pork,Spain,2020-06-01,3.5,2020
Pork,Spain,2020-07-01,3.1,2020
Pork,Spain,2020-08-01,3.2,2020
Pork,Spain,2020-09-01,2.7,2020
Pork,Spain,2020-10-01,2.1,2020
Pork,Spain,2020-11-01,1.9,2020
Pork,Spain,2020-12-01,0.7,2020
Pork,Spain,2021-01-01,-0.2,2021
Pork,Spain,2021-02-01,-0.6,2021
Pork,Spain,2021-03-01,-0.9,2021
Pork,Spain,2021-04-01,-1.4,2021
Pork,Spain,2021-05-01,-0.6,2021
Pork,Spain,2021-06-01,0.3,2021
Pork,Spain,2021-07-01,0.3,2021
Pork,Spain,2021-08-01,-0.1,2021
Pork,Spain,2021-09-01,-0.1,2021
Pork,Spain,2021-10-01,0.1,2021
Pork,Spain,2021-11-01,-0.3,2021
Pork,Spain,2021-12-01,-0.3,2021
Pork,Spain,2022-01-01,0.0,2022
Pork,Spain,2022-02-01,0.4,2022
Pork,Spain,2022-03-01,0.9,2022
Pork,Spain,2022-04-01,6.7,2022
Pork,Spain,2022-05-01,7.2,2022
Pork,Spain,2022-06-01,8.6,2022
Pork,Spain,2022-07-01,8.5,2022
Pork,Spain,2022-08-01,9.8,2022
Pork,Spain,2022-09-01,11.2,2022
Pork,Spain,2022-10-01,12.3,2022
Pork,Spain,2022-11-01,13.2,2022
Pork,Spain,2022-12-01,13.8,2022
Pork,Spain,2023-01-01,14.3,2023
Pork,Spain,2023-02-01,15.4,2023
Pork,Spain,2023-03-01,19.6,2023
Pork,Spain,2023-04-01,16.1,2023
Pork,Spain,2023-05-01,16.1,2023
Pork,Spain,2023-06-01,15.7,2023
Pork,Spain,2023-07-01,15.8,2023
Pork,Spain,2023-08-01,15.6,2023
Pork,Spain,2023-09-01,14.4,2023
Pork,Spain,2023-10-01,13.8,2023
Pork,Spain,2023-11-01,12.9,2023
Pork,Spain,2023-12-01,12.3,2023
Pork,Spain,2024-01-01,12.4,2024
Pork,Spain,2024-02-01,11.0,2024
Pork,Spain,2024-03-01,6.4,2024
Pork,Spain,2024-04-01,4.0,2024
Pork,Spain,2024-05-01,3.3,2024
Pork,Spain,2024-06-01,2.6,2024
Pork,Spain,2024-07-01,2.7,2024
Pork,Spain,2024-08-01,2.1,2024
Pork,Spain,2024-09-01,1.9,2024
Pork,Spain,2024-10-01,1.6,2024
Pork,Spain,2024-11-01,2.2,2024
Pork,Spain,2024-12-01,2.3,2024
Pork,Spain,2025-01-01,1.6,2025
Pork,Spain,2025-02-01,2.0,2025
Pork,Spain,2025-03-01,1.8,2025
Pork,Spain,2025-04-01,1.7,2025
Pork,Spain,2025-05-01,2.1,2025
Pork,Spain,2025-06-01,1.8,2025
Pork,Spain,2025-07-01,1.4,2025
Pork,Spain,2025-08-01,1.5,2025
Pork,Spain,2025-09-01,1.8,2025
Pork,Spain,2025-10-01,1.6,2025
Pork,Spain,2025-11-01,1.3,2025
Pork,Spain,2025-12-01,0.6,2025
Pork,France,2019-01-01,1.3,2019
Pork,France,2019-02-01,2.2,2019
Pork,France,2019-03-01,1.5,2019
Pork,France,2019-04-01,1.3,2019
Pork,France,2019-05-01,2.4,2019
Pork,France,2019-06-01,2.9,2019
Pork,France,2019-07-01,2.2,2019
Pork,France,2019-08-01,3.9,2019
Pork,France,2019-09-01,3.0,2019
Pork,France,2019-10-01,3.7,2019
Pork,France,2019-11-01,4.9,2019
Pork,France,2019-12-01,5.0,2019
Pork,France,2020-01-01,5.7,2020
Pork,France,2020-02-01,4.1,2020
Pork,France,2020-03-01,5.6,2020
Pork,France,2020-04-01,11.1,2020
Pork,France,2020-05-01,8.9,2020
Pork,France,2020-06-01,6.3,2020
Pork,France,2020-07-01,3.6,2020
Pork,France,2020-08-01,2.3,2020
Pork,France,2020-09-01,3.0,2020
Pork,France,2020-10-01,1.6,2020
Pork,France,2020-11-01,1.5,2020
Pork,France,2020-12-01,2.2,2020
Pork,France,2021-01-01,-1.2,2021
Pork,France,2021-02-01,0.4,2021
Pork,France,2021-03-01,-0.9,2021
Pork,France,2021-04-01,-5.2,2021
Pork,France,2021-05-01,-2.8,2021
Pork,France,2021-06-01,-2.2,2021
Pork,France,2021-07-01,-0.2,2021
Pork,France,2021-08-01,0.8,2021
Pork,France,2021-09-01,-0.5,2021
Pork,France,2021-10-01,0.8,2021
Pork,France,2021-11-01,0.8,2021
Pork,France,2021-12-01,0.7,2021
Pork,France,2022-01-01,1.5,2022
Pork,France,2022-02-01,2.0,2022
Pork,France,2022-03-01,2.6,2022
Pork,France,2022-04-01,3.4,2022
Pork,France,2022-05-01,3.9,2022
Pork,France,2022-06-01,5.5,2022
Pork,France,2022-07-01,7.3,2022
Pork,France,2022-08-01,7.7,2022
Pork,France,2022-09-01,7.9,2022
Pork,France,2022-10-01,10.1,2022
Pork,France,2022-11-01,10.6,2022
Pork,France,2022-12-01,11.0,2022
Pork,France,2023-01-01,12.5,2023
Pork,France,2023-02-01,11.5,2023
Pork,France,2023-03-01,12.5,2023
Pork,France,2023-04-01,13.4,2023
Pork,France,2023-05-01,12.3,2023
Pork,France,2023-06-01,10.0,2023
Pork,France,2023-07-01,9.7,2023
Pork,France,2023-08-01,8.4,2023
Pork,France,2023-09-01,9.2,2023
Pork,France,2023-10-01,6.7,2023
Pork,France,2023-11-01,4.7,2023
Pork,France,2023-12-01,4.1,2023
Pork,France,2024-01-01,4.2,2024
Pork,France,2024-02-01,3.5,2024
Pork,France,2024-03-01,3.4,2024
Pork,France,2024-04-01,0.8,2024
Pork,France,2024-05-01,1.1,2024
Pork,France,2024-06-01,1.9,2024
Pork,France,2024-07-01,0.4,2024
Pork,France,2024-08-01,1.0,2024
Pork,France,2024-09-01,0.0,2024
Pork,France,2024-10-01,0.7,2024
Pork,France,2024-11-01,0.3,2024
Pork,France,2024-12-01,0.6,2024
Pork,France,2025-01-01,-0.1,2025
Pork,France,2025-02-01,0.7,2025
Pork,France,2025-03-01,-0.2,2025
Pork,France,2025-04-01,1.2,2025
Pork,France,2025-05-01,-0.2,2025
Pork,France,2025-06-01,0.1,2025
Pork,France,2025-07-01,0.9,2025
Pork,France,2025-08-01,2.1,2025
Pork,France,2025-09-01,2.3,2025
Pork,France,2025-10-01,2.6,2025
Pork,France,2025-11-01,3.6,2025
Pork,France,2025-12-01,3.3,2025
Pork,Italy,2019-01-01,0.6,2019
Pork,Italy,2019-02-01,0.2,2019
Pork,Italy,2019-03-01,0.4,2019
Pork,Italy,2019-04-01,0.1,2019
Pork,Italy,2019-05-01,1.4,2019
Pork,Italy,2019-06-01,0.9,2019
Pork,Italy,2019-07-01,0.4,2019
Pork,Italy,2019-08-01,1.0,2019
Pork,Italy,2019-09-01,1.3,2019
Pork,Italy,2019-10-01,1.2,2019
Pork,Italy,2019-11-01,1.6,2019
Pork,Italy,2019-12-01,2.4,2019
Pork,Italy,2020-01-01,2.4,2020
Pork,Italy,2020-02-01,3.5,2020
Pork,Italy,2020-03-01,3.9,2020
Pork,Italy,2020-04-01,4.2,2020
Pork,Italy,2020-05-01,3.1,2020
Pork,Italy,2020-06-01,3.3,2020
Pork,Italy,2020-07-01,3.0,2020
Pork,Italy,2020-08-01,2.7,2020
Pork,Italy,2020-09-01,2.5,2020
Pork,Italy,2020-10-01,2.6,2020
Pork,Italy,2020-11-01,2.1,2020
Pork,Italy,2020-12-01,1.5,2020
Pork,Italy,2021-01-01,1.2,2021
Pork,Italy,2021-02-01,1.1,2021
Pork,Italy,2021-03-01,0.9,2021
Pork,Italy,2021-04-01,0.4,2021
Pork,Italy,2021-05-01,0.8,2021
Pork,Italy,2021-06-01,0.8,2021
Pork,Italy,2021-07-01,0.9,2021
Pork,Italy,2021-08-01,1.0,2021
Pork,Italy,2021-09-01,0.8,2021
Pork,Italy,2021-10-01,1.0,2021
Pork,Italy,2021-11-01,1.1,2021
Pork,Italy,2021-12-01,2.1,2021
Pork,Italy,2022-01-01,2.2,2022
Pork,Italy,2022-02-01,2.6,2022
Pork,Italy,2022-03-01,2.8,2022
Pork,Italy,2022-04-01,5.6,2022
Pork,Italy,2022-05-01,5.7,2022
Pork,Italy,2022-06-01,6.6,2022
Pork,Italy,2022-07-01,7.4,2022
Pork,Italy,2022-08-01,7.3,2022
Pork,Italy,2022-09-01,9.1,2022
Pork,Italy,2022-10-01,10.0,2022
Pork,Italy,2022-11-01,10.7,2022
Pork,Italy,2022-12-01,9.8,2022
Pork,Italy,2023-01-01,10.1,2023
Pork,Italy,2023-02-01,9.5,2023
Pork,Italy,2023-03-01,9.8,2023
Pork,Italy,2023-04-01,7.8,2023
Pork,Italy,2023-05-01,7.8,2023
Pork,Italy,2023-06-01,7.4,2023
Pork,Italy,2023-07-01,6.9,2023
Pork,Italy,2023-08-01,7.0,2023
Pork,Italy,2023-09-01,6.8,2023
Pork,Italy,2023-10-01,5.7,2023
Pork,Italy,2023-11-01,5.0,2023
Pork,Italy,2023-12-01,5.4,2023
Pork,Italy,2024-01-01,5.2,2024
Pork,Italy,2024-02-01,5.0,2024
Pork,Italy,2024-03-01,4.1,2024
Pork,Italy,2024-04-01,3.6,2024
Pork,Italy,2024-05-01,3.0,2024
Pork,Italy,2024-06-01,2.6,2024
Pork,Italy,2024-07-01,2.5,2024
Pork,Italy,2024-08-01,2.5,2024
Pork,Italy,2024-09-01,1.8,2024
Pork,Italy,2024-10-01,2.4,2024
Pork,Italy,2024-11-01,3.3,2024
Pork,Italy,2024-12-01,3.0,2024
Pork,Italy,2025-01-01,3.1,2025
Pork,Italy,2025-02-01,2.8,2025
Pork,Italy,2025-03-01,2.3,2025
Pork,Italy,2025-04-01,3.0,2025
Pork,Italy,2025-05-01,3.7,2025
Pork,Italy,2025-06-01,3.8,2025
Pork,Italy,2025-07-01,4.4,2025
Pork,Italy,2025-08-01,4.5,2025
Pork,Italy,2025-09-01,4.8,2025
Pork,Italy,2025-10-01,4.4,2025
Pork,Italy,2025-11-01,3.3,2025
Pork,Italy,2025-12-01,3.7,2025
Pork,Portugal,2019-01-01,0.8,2019
Pork,Portugal,2019-02-01,0.8,2019
Pork,Portugal,2019-03-01,-0.2,2019
Pork,Portugal,2019-04-01,0.9,2019
Pork,Portugal,2019-05-01,4.7,2019
Pork,Portugal,2019-06-01,9.1,2019
Pork,Portugal,2019-07-01,8.9,2019
Pork,Portugal,2019-08-01,8.8,2019
Pork,Portugal,2019-09-01,9.5,2019
Pork,Portugal,2019-10-01,12.6,2019
Pork,Portugal,2019-11-01,10.8,2019
Pork,Portugal,2019-12-01,12.8,2019
Pork,Portugal,2020-01-01,18.7,2020
Pork,Portugal,2020-02-01,20.4,2020
Pork,Portugal,2020-03-01,21.5,2020
Pork,Portugal,2020-04-01,21.5,2020
Pork,Portugal,2020-05-01,16.2,2020
Pork,Portugal,2020-06-01,7.9,2020
Pork,Portugal,2020-07-01,8.6,2020
Pork,Portugal,2020-08-01,8.5,2020
Pork,Portugal,2020-09-01,7.2,2020
Pork,Portugal,2020-10-01,7.9,2020
Pork,Portugal,2020-11-01,7.4,2020
Pork,Portugal,2020-12-01,2.1,2020
Pork,Portugal,2021-01-01,-1.1,2021
Pork,Portugal,2021-02-01,-2.3,2021
Pork,Portugal,2021-03-01,-2.2,2021
Pork,Portugal,2021-04-01,-2.2,2021
Pork,Portugal,2021-05-01,0.1,2021
Pork,Portugal,2021-06-01,4.3,2021
Pork,Portugal,2021-07-01,0.8,2021
Pork,Portugal,2021-08-01,0.2,2021
Pork,Portugal,2021-09-01,-3.5,2021
Pork,Portugal,2021-10-01,-2.3,2021
Pork,Portugal,2021-11-01,-4.1,2021
Pork,Portugal,2021-12-01,-7.0,2021
Pork,Portugal,2022-01-01,-4.1,2022
Pork,Portugal,2022-02-01,-4.3,2022
Pork,Portugal,2022-03-01,-0.1,2022
Pork,Portugal,2022-04-01,7.6,2022
Pork,Portugal,2022-05-01,10.1,2022
Pork,Portugal,2022-06-01,8.6,2022
Pork,Portugal,2022-07-01,11.9,2022
Pork,Portugal,2022-08-01,15.4,2022
Pork,Portugal,2022-09-01,21.8,2022
Pork,Portugal,2022-10-01,20.4,2022
Pork,Portugal,2022-11-01,23.3,2022
Pork,Portugal,2022-12-01,30.7,2022
Pork,Portugal,2023-01-01,24.3,2023
Pork,Portugal,2023-02-01,26.0,2023
Pork,Portugal,2023-03-01,25.5,2023
Pork,Portugal,2023-04-01,16.6,2023
Pork,Portugal,2023-05-01,8.4,2023
Pork,Portugal,2023-06-01,8.4,2023
Pork,Portugal,2023-07-01,5.8,2023
Pork,Portugal,2023-08-01,4.6,2023
Pork,Portugal,2023-09-01,3.2,2023
Pork,Portugal,2023-10-01,0.1,2023
Pork,Portugal,2023-11-01,-0.9,2023
Pork,Portugal,2023-12-01,-0.9,2023
Pork,Portugal,2024-01-01,1.1,2024
Pork,Portugal,2024-02-01,-1.0,2024
Pork,Portugal,2024-03-01,-3.9,2024
Pork,Portugal,2024-04-01,-4.7,2024
Pork,Portugal,2024-05-01,0.8,2024
Pork,Portugal,2024-06-01,1.3,2024
Pork,Portugal,2024-07-01,2.2,2024
Pork,Portugal,2024-08-01,0.9,2024
Pork,Portugal,2024-09-01,1.5,2024
Pork,Portugal,2024-10-01,3.6,2024
Pork,Portugal,2024-11-01,5.0,2024
Pork,Portugal,2024-12-01,3.6,2024
Pork,Portugal,2025-01-01,2.5,2025
Pork,Portugal,2025-02-01,1.3,2025
Pork,Portugal,2025-03-01,1.6,2025
Pork,Portugal,2025-04-01,2.0,2025
Pork,Portugal,2025-05-01,0.2,2025
Pork,Portugal,2025-06-01,0.4,2025
Pork,Portugal,2025-07-01,1.2,2025
Pork,Portugal,2025-08-01,1.0,2025
Pork,Portugal,2025-09-01,0.9,2025
Pork,Portugal,2025-10-01,0.5,2025
Pork,Portugal,2025-11-01,-0.3,2025
Pork,Portugal,2025-12-01,0.1,2025
Poultry,Germany,2019-01-01,2.5,2019
Poultry,Germany,2019-02-01,2.8,2019
Poultry,Germany,2019-03-01,2.3,2019
Poultry,Germany,2019-04-01,3.0,2019
Poultry,Germany,2019-05-01,2.8,2019
Poultry,Germany,2019-06-01,2.9,2019
Poultry,Germany,2019-07-01,3.1,2019
Poultry,Germany,2019-08-01,3.6,2019
Poultry,Germany,2019-09-01,2.7,2019
Poultry,Germany,2019-10-01,2.3,2019
Poultry,Germany,2019-11-01,1.2,2019
Poultry,Germany,2019-12-01,1.9,2019
Poultry,Germany,2020-01-01,2.3,2020
Poultry,Germany,2020-02-01,1.5,2020
Poultry,Germany,2020-03-01,3.5,2020
Poultry,Germany,2020-04-01,3.7,2020
Poultry,Germany,2020-05-01,2.7,2020
Poultry,Germany,2020-06-01,3.4,2020
Poultry,Germany,2020-07-01,1.0,2020
Poultry,Germany,2020-08-01,1.1,2020
Poultry,Germany,2020-09-01,-0.3,2020
Poultry,Germany,2020-10-01,0.3,2020
Poultry,Germany,2020-11-01,1.1,2020
Poultry,Germany,2020-12-01,-0.3,2020
Poultry,Germany,2021-01-01,1.1,2021
Poultry,Germany,2021-02-01,2.7,2021
Poultry,Germany,2021-03-01,0.7,2021
Poultry,Germany,2021-04-01,2.7,2021
Poultry,Germany,2021-05-01,3.2,2021
Poultry,Germany,2021-06-01,2.9,2021
Poultry,Germany,2021-07-01,5.3,2021
Poultry,Germany,2021-08-01,8.1,2021
Poultry,Germany,2021-09-01,9.4,2021
Poultry,Germany,2021-10-01,10.2,2021
Poultry,Germany,2021-11-01,8.8,2021
Poultry,Germany,2021-12-01,10.4,2021
Poultry,Germany,2022-01-01,9.0,2022
Poultry,Germany,2022-02-01,7.9,2022
Poultry,Germany,2022-03-01,11.6,2022
Poultry,Germany,2022-04-01,11.9,2022
Poultry,Germany,2022-05-01,23.8,2022
Poultry,Germany,2022-06-01,29.2,2022
Poultry,Germany,2022-07-01,32.2,2022
Poultry,Germany,2022-08-01,29.7,2022
Poultry,Germany,2022-09-01,30.1,2022
Poultry,Germany,2022-10-01,29.8,2022
Poultry,Germany,2022-11-01,32.6,2022
Poultry,Germany,2022-12-01,31.7,2022
Poultry,Germany,2023-01-01,30.4,2023
Poultry,Germany,2023-02-01,32.2,2023
Poultry,Germany,2023-03-01,26.8,2023
Poultry,Germany,2023-04-01,23.5,2023
Poultry,Germany,2023-05-01,11.8,2023
Poultry,Germany,2023-06-01,7.1,2023
Poultry,Germany,2023-07-01,4.1,2023
Poultry,Germany,2023-08-01,4.3,2023
Poultry,Germany,2023-09-01,3.1,2023
Poultry,Germany,2023-10-01,1.5,2023
Poultry,Germany,2023-11-01,-1.1,2023
Poultry,Germany,2023-12-01,-1.2,2023
Poultry,Germany,2024-01-01,-1.6,2024
Poultry,Germany,2024-02-01,-2.3,2024
Poultry,Germany,2024-03-01,-1.0,2024
Poultry,Germany,2024-04-01,-1.0,2024
Poultry,Germany,2024-05-01,-2.1,2024
Poultry,Germany,2024-06-01,-2.1,2024
Poultry,Germany,2024-07-01,-2.1,2024
Poultry,Germany,2024-08-01,-2.4,2024
Poultry,Germany,2024-09-01,-1.8,2024
Poultry,Germany,2024-10-01,-1.2,2024
Poultry,Germany,2024-11-01,-0.2,2024
Poultry,Germany,2024-12-01,-0.3,2024
Poultry,Germany,2025-01-01,-0.6,2025
Poultry,Germany,2025-02-01,0.4,2025
Poultry,Germany,2025-03-01,0.8,2025
Poultry,Germany,2025-04-01,0.6,2025
Poultry,Germany,2025-05-01,2.8,2025
Poultry,Germany,2025-06-01,3.6,2025
Poultry,Germany,2025-07-01,5.2,2025
Poultry,Germany,2025-08-01,4.0,2025
Poultry,Germany,2025-09-01,5.1,2025
Poultry,Germany,2025-10-01,6.1,2025
Poultry,Germany,2025-11-01,6.4,2025
Poultry,Germany,2025-12-01,6.3,2025
Poultry,"Euro area (EA11-1999, EA12-2001, EA13-2007, EA15-2008, EA16-2009, EA17-2011, EA18-2014, EA19-2015, EA20-2023, EA21-2026)",2019-01-01,1.4,2019
Poultry,"Euro area (EA11-1999, EA12-2001, EA13-2007, EA15-2008, EA16-2009, EA17-2011, EA18-2014, EA19-2015, EA20-2023, EA21-2026)",2019-02-01,1.4,2019
Poultry,"Euro area (EA11-1999, EA12-2001, EA13-2007, EA15-2008, EA16-2009, EA17-2011, EA18-2014, EA19-2015, EA20-2023, EA21-2026)",2019-03-01,1.2,2019
Poultry,"Euro area (EA11-1999, EA12-2001, EA13-2007, EA15-2008, EA16-2009, EA17-2011, EA18-2014, EA19-2015, EA20-2023, EA21-2026)",2019-04-01,1.1,2019
Poultry,"Euro area (EA11-1999, EA12-2001, EA13-2007, EA15-2008, EA16-2009, EA17-2011, EA18-2014, EA19-2015, EA20-2023, EA21-2026)",2019-05-01,1.3,2019
Poultry,"Euro area (EA11-1999, EA12-2001, EA13-2007, EA15-2008, EA16-2009, EA17-2011, EA18-2014, EA19-2015, EA20-2023, EA21-2026)",2019-06-01,1.4,2019
Poultry,"Euro area (EA11-1999, EA12-2001, EA13-2007, EA15-2008, EA16-2009, EA17-2011, EA18-2014, EA19-2015, EA20-2023, EA21-2026)",2019-07-01,1.6,2019
Poultry,"Euro area (EA11-1999, EA12-2001, EA13-2007, EA15-2008, EA16-2009, EA17-2011, EA18-2014, EA19-2015, EA20-2023, EA21-2026)",2019-08-01,1.6,2019
Poultry,"Euro area (EA11-1999, EA12-2001, EA13-2007, EA15-2008, EA16-2009, EA17-2011, EA18-2014, EA19-2015, EA20-2023, EA21-2026)",2019-09-01,1.7,2019
Poultry,"Euro area (EA11-1999, EA12-2001, EA13-2007, EA15-2008, EA16-2009, EA17-2011, EA18-2014, EA19-2015, EA20-2023, EA21-2026)",2019-10-01,1.8,2019
Poultry,"Euro area (EA11-1999, EA12-2001, EA13-2007, EA15-2008, EA16-2009, EA17-2011, EA18-2014, EA19-2015, EA20-2023, EA21-2026)",2019-11-01,1.6,2019
Poultry,"Euro area (EA11-1999, EA12-2001, EA13-2007, EA15-2008, EA16-2009, EA17-2011, EA18-2014, EA19-2015, EA20-2023, EA21-2026)",2019-12-01,1.7,2019
Poultry,"Euro area (EA11-1999, EA12-2001, EA13-2007, EA15-2008, EA16-2009, EA17-2011, EA18-2014, EA19-2015, EA20-2023, EA21-2026)",2020-01-01,1.4,2020
Poultry,"Euro area (EA11-1999, EA12-2001, EA13-2007, EA15-2008, EA16-2009, EA17-2011, EA18-2014, EA19-2015, EA20-2023, EA21-2026)",2020-02-01,1.6,2020
Poultry,"Euro area (EA11-1999, EA12-2001, EA13-2007, EA15-2008, EA16-2009, EA17-2011, EA18-2014, EA19-2015, EA20-2023, EA21-2026)",2020-03-01,2.4,2020
Poultry,"Euro area (EA11-1999, EA12-2001, EA13-2007, EA15-2008, EA16-2009, EA17-2011, EA18-2014, EA19-2015, EA20-2023, EA21-2026)",2020-04-01,3.2,2020
Poultry,"Euro area (EA11-1999, EA12-2001, EA13-2007, EA15-2008, EA16-2009, EA17-2011, EA18-2014, EA19-2015, EA20-2023, EA21-2026)",2020-05-01,2.4,2020
Poultry,"Euro area (EA11-1999, EA12-2001, EA13-2007, EA15-2008, EA16-2009, EA17-2011, EA18-2014, EA19-2015, EA20-2023, EA21-2026)",2020-06-01,1.8,2020
Poultry,"Euro area (EA11-1999, EA12-2001, EA13-2007, EA15-2008, EA16-2009, EA17-2011, EA18-2014, EA19-2015, EA20-2023, EA21-2026)",2020-07-01,1.1,2020
Poultry,"Euro area (EA11-1999, EA12-2001, EA13-2007, EA15-2008, EA16-2009, EA17-2011, EA18-2014, EA19-2015, EA20-2023, EA21-2026)",2020-08-01,1.0,2020
Poultry,"Euro area (EA11-1999, EA12-2001, EA13-2007, EA15-2008, EA16-2009, EA17-2011, EA18-2014, EA19-2015, EA20-2023, EA21-2026)",2020-09-01,0.7,2020
Poultry,"Euro area (EA11-1999, EA12-2001, EA13-2007, EA15-2008, EA16-2009, EA17-2011, EA18-2014, EA19-2015, EA20-2023, EA21-2026)",2020-10-01,0.5,2020
Poultry,"Euro area (EA11-1999, EA12-2001, EA13-2007, EA15-2008, EA16-2009, EA17-2011, EA18-2014, EA19-2015, EA20-2023, EA21-2026)",2020-11-01,0.8,2020
Poultry,"Euro area (EA11-1999, EA12-2001, EA13-2007, EA15-2008, EA16-2009, EA17-2011, EA18-2014, EA19-2015, EA20-2023, EA21-2026)",2020-12-01,0.7,2020
Poultry,"Euro area (EA11-1999, EA12-2001, EA13-2007, EA15-2008, EA16-2009, EA17-2011, EA18-2014, EA19-2015, EA20-2023, EA21-2026)",2021-01-01,0.6,2021
Poultry,"Euro area (EA11-1999, EA12-2001, EA13-2007, EA15-2008, EA16-2009, EA17-2011, EA18-2014, EA19-2015, EA20-2023, EA21-2026)",2021-02-01,0.7,2021
Poultry,"Euro area (EA11-1999, EA12-2001, EA13-2007, EA15-2008, EA16-2009, EA17-2011, EA18-2014, EA19-2015, EA20-2023, EA21-2026)",2021-03-01,0.5,2021
Poultry,"Euro area (EA11-1999, EA12-2001, EA13-2007, EA15-2008, EA16-2009, EA17-2011, EA18-2014, EA19-2015, EA20-2023, EA21-2026)",2021-04-01,0.4,2021
Poultry,"Euro area (EA11-1999, EA12-2001, EA13-2007, EA15-2008, EA16-2009, EA17-2011, EA18-2014, EA19-2015, EA20-2023, EA21-2026)",2021-05-01,1.1,2021
Poultry,"Euro area (EA11-1999, EA12-2001, EA13-2007, EA15-2008, EA16-2009, EA17-2011, EA18-2014, EA19-2015, EA20-2023, EA21-2026)",2021-06-01,1.9,2021
Poultry,"Euro area (EA11-1999, EA12-2001, EA13-2007, EA15-2008, EA16-2009, EA17-2011, EA18-2014, EA19-2015, EA20-2023, EA21-2026)",2021-07-01,2.4,2021
Poultry,"Euro area (EA11-1999, EA12-2001, EA13-2007, EA15-2008, EA16-2009, EA17-2011, EA18-2014, EA19-2015, EA20-2023, EA21-2026)",2021-08-01,3.1,2021
Poultry,"Euro area (EA11-1999, EA12-2001, EA13-2007, EA15-2008, EA16-2009, EA17-2011, EA18-2014, EA19-2015, EA20-2023, EA21-2026)",2021-09-01,3.2,2021
Poultry,"Euro area (EA11-1999, EA12-2001, EA13-2007, EA15-2008, EA16-2009, EA17-2011, EA18-2014, EA19-2015, EA20-2023, EA21-2026)",2021-10-01,3.7,2021
Poultry,"Euro area (EA11-1999, EA12-2001, EA13-2007, EA15-2008, EA16-2009, EA17-2011, EA18-2014, EA19-2015, EA20-2023, EA21-2026)",2021-11-01,3.9,2021
Poultry,"Euro area (EA11-1999, EA12-2001, EA13-2007, EA15-2008, EA16-2009, EA17-2011, EA18-2014, EA19-2015, EA20-2023, EA21-2026)",2021-12-01,4.8,2021
Poultry,"Euro area (EA11-1999, EA12-2001, EA13-2007, EA15-2008, EA16-2009, EA17-2011, EA18-2014, EA19-2015, EA20-2023, EA21-2026)",2022-01-01,5.5,2022
Poultry,"Euro area (EA11-1999, EA12-2001, EA13-2007, EA15-2008, EA16-2009, EA17-2011, EA18-2014, EA19-2015, EA20-2023, EA21-2026)",2022-02-01,6.4,2022
Poultry,"Euro area (EA11-1999, EA12-2001, EA13-2007, EA15-2008, EA16-2009, EA17-2011, EA18-2014, EA19-2015, EA20-2023, EA21-2026)",2022-03-01,8.2,2022
Poultry,"Euro area (EA11-1999, EA12-2001, EA13-2007, EA15-2008, EA16-2009, EA17-2011, EA18-2014, EA19-2015, EA20-2023, EA21-2026)",2022-04-01,11.8,2022
Poultry,"Euro area (EA11-1999, EA12-2001, EA13-2007, EA15-2008, EA16-2009, EA17-2011, EA18-2014, EA19-2015, EA20-2023, EA21-2026)",2022-05-01,15.3,2022
Poultry,"Euro area (EA11-1999, EA12-2001, EA13-2007, EA15-2008, EA16-2009, EA17-2011, EA18-2014, EA19-2015, EA20-2023, EA21-2026)",2022-06-01,17.4,2022
Poultry,"Euro area (EA11-1999, EA12-2001, EA13-2007, EA15-2008, EA16-2009, EA17-2011, EA18-2014, EA19-2015, EA20-2023, EA21-2026)",2022-07-01,19.3,2022
Poultry,"Euro area (EA11-1999, EA12-2001, EA13-2007, EA15-2008, EA16-2009, EA17-2011, EA18-2014, EA19-2015, EA20-2023, EA21-2026)",2022-08-01,19.4,2022
Poultry,"Euro area (EA11-1999, EA12-2001, EA13-2007, EA15-2008, EA16-2009, EA17-2011, EA18-2014, EA19-2015, EA20-2023, EA21-2026)",2022-09-01,20.3,2022
Poultry,"Euro area (EA11-1999, EA12-2001, EA13-2007, EA15-2008, EA16-2009, EA17-2011, EA18-2014, EA19-2015, EA20-2023, EA21-2026)",2022-10-01,21.0,2022
Poultry,"Euro area (EA11-1999, EA12-2001, EA13-2007, EA15-2008, EA16-2009, EA17-2011, EA18-2014, EA19-2015, EA20-2023, EA21-2026)",2022-11-01,21.2,2022
Poultry,"Euro area (EA11-1999, EA12-2001, EA13-2007, EA15-2008, EA16-2009, EA17-2011, EA18-2014, EA19-2015, EA20-2023, EA21-2026)",2022-12-01,20.9,2022
Poultry,"Euro area (EA11-1999, EA12-2001, EA13-2007, EA15-2008, EA16-2009, EA17-2011, EA18-2014, EA19-2015, EA20-2023, EA21-2026)",2023-01-01,20.3,2023
Poultry,"Euro area (EA11-1999, EA12-2001, EA13-2007, EA15-2008, EA16-2009, EA17-2011, EA18-2014, EA19-2015, EA20-2023, EA21-2026)",2023-02-01,19.5,2023
Poultry,"Euro area (EA11-1999, EA12-2001, EA13-2007, EA15-2008, EA16-2009, EA17-2011, EA18-2014, EA19-2015, EA20-2023, EA21-2026)",2023-03-01,17.0,2023
Poultry,"Euro area (EA11-1999, EA12-2001, EA13-2007, EA15-2008, EA16-2009, EA17-2011, EA18-2014, EA19-2015, EA20-2023, EA21-2026)",2023-04-01,12.7,2023
Poultry,"Euro area (EA11-1999, EA12-2001, EA13-2007, EA15-2008, EA16-2009, EA17-2011, EA18-2014, EA19-2015, EA20-2023, EA21-2026)",2023-05-01,9.1,2023
Poultry,"Euro area (EA11-1999, EA12-2001, EA13-2007, EA15-2008, EA16-2009, EA17-2011, EA18-2014, EA19-2015, EA20-2023, EA21-2026)",2023-06-01,6.7,2023
Poultry,"Euro area (EA11-1999, EA12-2001, EA13-2007, EA15-2008, EA16-2009, EA17-2011, EA18-2014, EA19-2015, EA20-2023, EA21-2026)",2023-07-01,4.9,2023
Poultry,"Euro area (EA11-1999, EA12-2001, EA13-2007, EA15-2008, EA16-2009, EA17-2011, EA18-2014, EA19-2015, EA20-2023, EA21-2026)",2023-08-01,4.1,2023
Poultry,"Euro area (EA11-1999, EA12-2001, EA13-2007, EA15-2008, EA16-2009, EA17-2011, EA18-2014, EA19-2015, EA20-2023, EA21-2026)",2023-09-01,3.0,2023
Poultry,"Euro area (EA11-1999, EA12-2001, EA13-2007, EA15-2008, EA16-2009, EA17-2011, EA18-2014, EA19-2015, EA20-2023, EA21-2026)",2023-10-01,2.1,2023
Poultry,"Euro area (EA11-1999, EA12-2001, EA13-2007, EA15-2008, EA16-2009, EA17-2011, EA18-2014, EA19-2015, EA20-2023, EA21-2026)",2023-11-01,1.3,2023
Poultry,"Euro area (EA11-1999, EA12-2001, EA13-2007, EA15-2008, EA16-2009, EA17-2011, EA18-2014, EA19-2015, EA20-2023, EA21-2026)",2023-12-01,0.7,2023
Poultry,"Euro area (EA11-1999, EA12-2001, EA13-2007, EA15-2008, EA16-2009, EA17-2011, EA18-2014, EA19-2015, EA20-2023, EA21-2026)",2024-01-01,0.5,2024
Poultry,"Euro area (EA11-1999, EA12-2001, EA13-2007, EA15-2008, EA16-2009, EA17-2011, EA18-2014, EA19-2015, EA20-2023, EA21-2026)",2024-02-01,-0.4,2024
Poultry,"Euro area (EA11-1999, EA12-2001, EA13-2007, EA15-2008, EA16-2009, EA17-2011, EA18-2014, EA19-2015, EA20-2023, EA21-2026)",2024-03-01,-0.4,2024
Poultry,"Euro area (EA11-1999, EA12-2001, EA13-2007, EA15-2008, EA16-2009, EA17-2011, EA18-2014, EA19-2015, EA20-2023, EA21-2026)",2024-04-01,-0.7,2024
Poultry,"Euro area (EA11-1999, EA12-2001, EA13-2007, EA15-2008, EA16-2009, EA17-2011, EA18-2014, EA19-2015, EA20-2023, EA21-2026)",2024-05-01,-1.0,2024
Poultry,"Euro area (EA11-1999, EA12-2001, EA13-2007, EA15-2008, EA16-2009, EA17-2011, EA18-2014, EA19-2015, EA20-2023, EA21-2026)",2024-06-01,-1.1,2024
Poultry,"Euro area (EA11-1999, EA12-2001, EA13-2007, EA15-2008, EA16-2009, EA17-2011, EA18-2014, EA19-2015, EA20-2023, EA21-2026)",2024-07-01,-1.0,2024
Poultry,"Euro area (EA11-1999, EA12-2001, EA13-2007, EA15-2008, EA16-2009, EA17-2011, EA18-2014, EA19-2015, EA20-2023, EA21-2026)",2024-08-01,-0.8,2024
Poultry,"Euro area (EA11-1999, EA12-2001, EA13-2007, EA15-2008, EA16-2009, EA17-2011, EA18-2014, EA19-2015, EA20-2023, EA21-2026)",2024-09-01,-0.4,2024
Poultry,"Euro area (EA11-1999, EA12-2001, EA13-2007, EA15-2008, EA16-2009, EA17-2011, EA18-2014, EA19-2015, EA20-2023, EA21-2026)",2024-10-01,-0.1,2024
Poultry,"Euro area (EA11-1999, EA12-2001, EA13-2007, EA15-2008, EA16-2009, EA17-2011, EA18-2014, EA19-2015, EA20-2023, EA21-2026)",2024-11-01,0.2,2024
Poultry,"Euro area (EA11-1999, EA12-2001, EA13-2007, EA15-2008, EA16-2009, EA17-2011, EA18-2014, EA19-2015, EA20-2023, EA21-2026)",2024-12-01,0.4,2024
Poultry,"Euro area (EA11-1999, EA12-2001, EA13-2007, EA15-2008, EA16-2009, EA17-2011, EA18-2014, EA19-2015, EA20-2023, EA21-2026)",2025-01-01,0.5,2025
Poultry,"Euro area (EA11-1999, EA12-2001, EA13-2007, EA15-2008, EA16-2009, EA17-2011, EA18-2014, EA19-2015, EA20-2023, EA21-2026)",2025-02-01,1.2,2025
Poultry,"Euro area (EA11-1999, EA12-2001, EA13-2007, EA15-2008, EA16-2009, EA17-2011, EA18-2014, EA19-2015, EA20-2023, EA21-2026)",2025-03-01,1.5,2025
Poultry,"Euro area (EA11-1999, EA12-2001, EA13-2007, EA15-2008, EA16-2009, EA17-2011, EA18-2014, EA19-2015, EA20-2023, EA21-2026)",2025-04-01,1.9,2025
Poultry,"Euro area (EA11-1999, EA12-2001, EA13-2007, EA15-2008, EA16-2009, EA17-2011, EA18-2014, EA19-2015, EA20-2023, EA21-2026)",2025-05-01,2.8,2025
Poultry,"Euro area (EA11-1999, EA12-2001, EA13-2007, EA15-2008, EA16-2009, EA17-2011, EA18-2014, EA19-2015, EA20-2023, EA21-2026)",2025-06-01,3.5,2025
Poultry,"Euro area (EA11-1999, EA12-2001, EA13-2007, EA15-2008, EA16-2009, EA17-2011, EA18-2014, EA19-2015, EA20-2023, EA21-2026)",2025-07-01,4.1,2025
Poultry,"Euro area (EA11-1999, EA12-2001, EA13-2007, EA15-2008, EA16-2009, EA17-2011, EA18-2014, EA19-2015, EA20-2023, EA21-2026)",2025-08-01,4.2,2025
Poultry,"Euro area (EA11-1999, EA12-2001, EA13-2007, EA15-2008, EA16-2009, EA17-2011, EA18-2014, EA19-2015, EA20-2023, EA21-2026)",2025-09-01,4.6,2025
Poultry,"Euro area (EA11-1999, EA12-2001, EA13-2007, EA15-2008, EA16-2009, EA17-2011, EA18-2014, EA19-2015, EA20-2023, EA21-2026)",2025-10-01,5.0,2025
Poultry,"Euro area (EA11-1999, EA12-2001, EA13-2007, EA15-2008, EA16-2009, EA17-2011, EA18-2014, EA19-2015, EA20-2023, EA21-2026)",2025-11-01,5.1,2025
Poultry,"Euro area (EA11-1999, EA12-2001, EA13-2007, EA15-2008, EA16-2009, EA17-2011, EA18-2014, EA19-2015, EA20-2023, EA21-2026)",2025-12-01,4.9,2025
Poultry,Spain,2019-01-01,0.8,2019
Poultry,Spain,2019-02-01,1.1,2019
Poultry,Spain,2019-03-01,0.6,2019
Poultry,Spain,2019-04-01,0.2,2019
Poultry,Spain,2019-05-01,1.0,2019
Poultry,Spain,2019-06-01,1.1,2019
Poultry,Spain,2019-07-01,0.4,2019
Poultry,Spain,2019-08-01,0.2,2019
Poultry,Spain,2019-09-01,0.7,2019
Poultry,Spain,2019-10-01,1.2,2019
Poultry,Spain,2019-11-01,1.1,2019
Poultry,Spain,2019-12-01,1.8,2019
Poultry,Spain,2020-01-01,2.0,2020
Poultry,Spain,2020-02-01,2.4,2020
Poultry,Spain,2020-03-01,3.1,2020
Poultry,Spain,2020-04-01,5.0,2020
Poultry,Spain,2020-05-01,2.8,2020
Poultry,Spain,2020-06-01,1.6,2020
Poultry,Spain,2020-07-01,1.6,2020
Poultry,Spain,2020-08-01,2.7,2020
Poultry,Spain,2020-09-01,2.4,2020
Poultry,Spain,2020-10-01,2.0,2020
Poultry,Spain,2020-11-01,2.1,2020
Poultry,Spain,2020-12-01,1.4,2020
Poultry,Spain,2021-01-01,1.3,2021
Poultry,Spain,2021-02-01,1.4,2021
Poultry,Spain,2021-03-01,2.2,2021
Poultry,Spain,2021-04-01,1.3,2021
Poultry,Spain,2021-05-01,2.6,2021
Poultry,Spain,2021-06-01,3.3,2021
Poultry,Spain,2021-07-01,3.2,2021
Poultry,Spain,2021-08-01,1.7,2021
Poultry,Spain,2021-09-01,2.1,2021
Poultry,Spain,2021-10-01,2.8,2021
Poultry,Spain,2021-11-01,4.3,2021
Poultry,Spain,2021-12-01,6.5,2021
Poultry,Spain,2022-01-01,6.9,2022
Poultry,Spain,2022-02-01,6.2,2022
Poultry,Spain,2022-03-01,6.5,2022
Poultry,Spain,2022-04-01,12.7,2022
Poultry,Spain,2022-05-01,13.6,2022
Poultry,Spain,2022-06-01,14.1,2022
Poultry,Spain,2022-07-01,16.3,2022
Poultry,Spain,2022-08-01,17.6,2022
Poultry,Spain,2022-09-01,18.1,2022
Poultry,Spain,2022-10-01,18.3,2022
Poultry,Spain,2022-11-01,16.6,2022
Poultry,Spain,2022-12-01,15.1,2022
Poultry,Spain,2023-01-01,14.4,2023
Poultry,Spain,2023-02-01,14.3,2023
Poultry,Spain,2023-03-01,12.2,2023
Poultry,Spain,2023-04-01,6.0,2023
Poultry,Spain,2023-05-01,5.8,2023
Poultry,Spain,2023-06-01,5.9,2023
Poultry,Spain,2023-07-01,3.8,2023
Poultry,Spain,2023-08-01,3.0,2023
Poultry,Spain,2023-09-01,2.6,2023
Poultry,Spain,2023-10-01,2.3,2023
Poultry,Spain,2023-11-01,2.4,2023
Poultry,Spain,2023-12-01,2.0,2023
Poultry,Spain,2024-01-01,2.2,2024
Poultry,Spain,2024-02-01,1.7,2024
Poultry,Spain,2024-03-01,1.3,2024
Poultry,Spain,2024-04-01,0.7,2024
Poultry,Spain,2024-05-01,0.3,2024
Poultry,Spain,2024-06-01,-0.5,2024
Poultry,Spain,2024-07-01,0.0,2024
Poultry,Spain,2024-08-01,0.1,2024
Poultry,Spain,2024-09-01,0.2,2024
Poultry,Spain,2024-10-01,0.2,2024
Poultry,Spain,2024-11-01,0.0,2024
Poultry,Spain,2024-12-01,0.1,2024
Poultry,Spain,2025-01-01,0.2,2025
Poultry,Spain,2025-02-01,1.0,2025
Poultry,Spain,2025-03-01,1.6,2025
Poultry,Spain,2025-04-01,2.1,2025
Poultry,Spain,2025-05-01,2.7,2025
Poultry,Spain,2025-06-01,2.9,2025
Poultry,Spain,2025-07-01,2.9,2025
Poultry,Spain,2025-08-01,3.2,2025
Poultry,Spain,2025-09-01,3.6,2025
Poultry,Spain,2025-10-01,3.7,2025
Poultry,Spain,2025-11-01,4.2,2025
Poultry,Spain,2025-12-01,3.9,2025
Poultry,France,2019-01-01,2.2,2019
Poultry,France,2019-02-01,2.3,2019
Poultry,France,2019-03-01,2.2,2019
Poultry,France,2019-04-01,2.0,2019
Poultry,France,2019-05-01,2.3,2019
Poultry,France,2019-06-01,2.7,2019
Poultry,France,2019-07-01,2.3,2019
Poultry,France,2019-08-01,2.0,2019
Poultry,France,2019-09-01,2.2,2019
Poultry,France,2019-10-01,2.3,2019
Poultry,France,2019-11-01,2.5,2019
Poultry,France,2019-12-01,2.0,2019
Poultry,France,2020-01-01,0.8,2020
Poultry,France,2020-02-01,0.6,2020
Poultry,France,2020-03-01,0.9,2020
Poultry,France,2020-04-01,1.2,2020
Poultry,France,2020-05-01,2.1,2020
Poultry,France,2020-06-01,0.3,2020
Poultry,France,2020-07-01,0.3,2020
Poultry,France,2020-08-01,0.7,2020
Poultry,France,2020-09-01,0.5,2020
Poultry,France,2020-10-01,0.4,2020
Poultry,France,2020-11-01,0.8,2020
Poultry,France,2020-12-01,1.6,2020
Poultry,France,2021-01-01,1.4,2021
Poultry,France,2021-02-01,1.4,2021
Poultry,France,2021-03-01,1.6,2021
Poultry,France,2021-04-01,2.1,2021
Poultry,France,2021-05-01,1.4,2021
Poultry,France,2021-06-01,3.2,2021
Poultry,France,2021-07-01,3.5,2021
Poultry,France,2021-08-01,3.4,2021
Poultry,France,2021-09-01,4.2,2021
Poultry,France,2021-10-01,4.1,2021
Poultry,France,2021-11-01,3.8,2021
Poultry,France,2021-12-01,3.8,2021
Poultry,France,2022-01-01,4.7,2022
Poultry,France,2022-02-01,4.9,2022
Poultry,France,2022-03-01,5.3,2022
Poultry,France,2022-04-01,6.4,2022
Poultry,France,2022-05-01,9.8,2022
Poultry,France,2022-06-01,12.1,2022
Poultry,France,2022-07-01,14.6,2022
Poultry,France,2022-08-01,15.2,2022
Poultry,France,2022-09-01,15.8,2022
Poultry,France,2022-10-01,17.1,2022
Poultry,France,2022-11-01,17.5,2022
Poultry,France,2022-12-01,17.7,2022
Poultry,France,2023-01-01,17.7,2023
Poultry,France,2023-02-01,17.9,2023
Poultry,France,2023-03-01,18.0,2023
Poultry,France,2023-04-01,16.8,2023
Poultry,France,2023-05-01,12.8,2023
Poultry,France,2023-06-01,9.4,2023
Poultry,France,2023-07-01,6.6,2023
Poultry,France,2023-08-01,5.0,2023
Poultry,France,2023-09-01,3.7,2023
Poultry,France,2023-10-01,2.4,2023
Poultry,France,2023-11-01,1.5,2023
Poultry,France,2023-12-01,0.4,2023
Poultry,France,2024-01-01,-0.4,2024
Poultry,France,2024-02-01,-0.9,2024
Poultry,France,2024-03-01,-2.1,2024
Poultry,France,2024-04-01,-2.6,2024
Poultry,France,2024-05-01,-3.1,2024
Poultry,France,2024-06-01,-3.3,2024
Poultry,France,2024-07-01,-3.3,2024
Poultry,France,2024-08-01,-3.3,2024
Poultry,France,2024-09-01,-2.3,2024
Poultry,France,2024-10-01,-2.3,2024
Poultry,France,2024-11-01,-2.3,2024
Poultry,France,2024-12-01,-1.5,2024
Poultry,France,2025-01-01,-1.4,2025
Poultry,France,2025-02-01,-1.6,2025
Poultry,France,2025-03-01,-1.6,2025
Poultry,France,2025-04-01,-1.3,2025
Poultry,France,2025-05-01,-0.3,2025
Poultry,France,2025-06-01,0.5,2025
Poultry,France,2025-07-01,1.3,2025
Poultry,France,2025-08-01,2.1,2025
Poultry,France,2025-09-01,2.1,2025
Poultry,France,2025-10-01,2.3,2025
Poultry,France,2025-11-01,2.6,2025
Poultry,France,2025-12-01,2.3,2025
Poultry,Italy,2019-01-01,0.9,2019
Poultry,Italy,2019-02-01,0.6,2019
Poultry,Italy,2019-03-01,0.8,2019
Poultry,Italy,2019-04-01,0.0,2019
Poultry,Italy,2019-05-01,0.9,2019
Poultry,Italy,2019-06-01,0.4,2019
Poultry,Italy,2019-07-01,1.3,2019
Poultry,Italy,2019-08-01,1.5,2019
Poultry,Italy,2019-09-01,1.8,2019
Poultry,Italy,2019-10-01,1.8,2019
Poultry,Italy,2019-11-01,1.9,2019
Poultry,Italy,2019-12-01,1.7,2019
Poultry,Italy,2020-01-01,2.4,2020
Poultry,Italy,2020-02-01,3.0,2020
Poultry,Italy,2020-03-01,3.3,2020
Poultry,Italy,2020-04-01,4.3,2020
Poultry,Italy,2020-05-01,3.4,2020
Poultry,Italy,2020-06-01,3.1,2020
Poultry,Italy,2020-07-01,2.0,2020
Poultry,Italy,2020-08-01,2.2,2020
Poultry,Italy,2020-09-01,1.7,2020
Poultry,Italy,2020-10-01,0.8,2020
Poultry,Italy,2020-11-01,1.2,2020
Poultry,Italy,2020-12-01,1.5,2020
Poultry,Italy,2021-01-01,1.0,2021
Poultry,Italy,2021-02-01,0.8,2021
Poultry,Italy,2021-03-01,0.6,2021
Poultry,Italy,2021-04-01,0.0,2021
Poultry,Italy,2021-05-01,0.5,2021
Poultry,Italy,2021-06-01,1.2,2021
Poultry,Italy,2021-07-01,1.4,2021
Poultry,Italy,2021-08-01,2.0,2021
Poultry,Italy,2021-09-01,1.4,2021
Poultry,Italy,2021-10-01,2.3,2021
Poultry,Italy,2021-11-01,2.0,2021
Poultry,Italy,2021-12-01,2.3,2021
Poultry,Italy,2022-01-01,4.0,2022
Poultry,Italy,2022-02-01,7.5,2022
Poultry,Italy,2022-03-01,9.8,2022
Poultry,Italy,2022-04-01,13.8,2022
Poultry,Italy,2022-05-01,14.8,2022
Poultry,Italy,2022-06-01,15.7,2022
Poultry,Italy,2022-07-01,16.2,2022
Poultry,Italy,2022-08-01,15.8,2022
Poultry,Italy,2022-09-01,17.1,2022
Poultry,Italy,2022-10-01,18.4,2022
Poultry,Italy,2022-11-01,19.0,2022
Poultry,Italy,2022-12-01,19.5,2022
Poultry,Italy,2023-01-01,17.6,2023
Poultry,Italy,2023-02-01,14.5,2023
Poultry,Italy,2023-03-01,11.2,2023
Poultry,Italy,2023-04-01,7.5,2023
Poultry,Italy,2023-05-01,6.5,2023
Poultry,Italy,2023-06-01,5.2,2023
Poultry,Italy,2023-07-01,4.9,2023
Poultry,Italy,2023-08-01,4.9,2023
Poultry,Italy,2023-09-01,4.2,2023
Poultry,Italy,2023-10-01,2.8,2023
Poultry,Italy,2023-11-01,2.1,2023
Poultry,Italy,2023-12-01,1.5,2023
Poultry,Italy,2024-01-01,1.3,2024
Poultry,Italy,2024-02-01,0.8,2024
Poultry,Italy,2024-03-01,1.1,2024
Poultry,Italy,2024-04-01,1.1,2024
Poultry,Italy,2024-05-01,0.1,2024
Poultry,Italy,2024-06-01,0.5,2024
Poultry,Italy,2024-07-01,0.1,2024
Poultry,Italy,2024-08-01,0.7,2024
Poultry,Italy,2024-09-01,0.5,2024
Poultry,Italy,2024-10-01,0.6,2024
Poultry,Italy,2024-11-01,1.7,2024
Poultry,Italy,2024-12-01,1.8,2024
Poultry,Italy,2025-01-01,2.2,2025
Poultry,Italy,2025-02-01,2.3,2025
Poultry,Italy,2025-03-01,2.9,2025
Poultry,Italy,2025-04-01,3.3,2025
Poultry,Italy,2025-05-01,4.5,2025
Poultry,Italy,2025-06-01,4.7,2025
Poultry,Italy,2025-07-01,5.7,2025
Poultry,Italy,2025-08-01,5.1,2025
Poultry,Italy,2025-09-01,5.5,2025
Poultry,Italy,2025-10-01,6.0,2025
Poultry,Italy,2025-11-01,5.6,2025
Poultry,Italy,2025-12-01,5.6,2025
Poultry,Portugal,2019-01-01,-0.3,2019
Poultry,Portugal,2019-02-01,-0.7,2019
Poultry,Portugal,2019-03-01,0.4,2019
Poultry,Portugal,2019-04-01,0.8,2019
Poultry,Portugal,2019-05-01,-0.6,2019
Poultry,Portugal,2019-06-01,-0.6,2019
Poultry,Portugal,2019-07-01,-2.6,2019
Poultry,Portugal,2019-08-01,-0.4,2019
Poultry,Portugal,2019-09-01,0.6,2019
Poultry,Portugal,2019-10-01,0.4,2019
Poultry,Portugal,2019-11-01,0.2,2019
Poultry,Portugal,2019-12-01,0.2,2019
Poultry,Portugal,2020-01-01,0.8,2020
Poultry,Portugal,2020-02-01,1.3,2020
Poultry,Portugal,2020-03-01,1.3,2020
Poultry,Portugal,2020-04-01,7.9,2020
Poultry,Portugal,2020-05-01,3.3,2020
Poultry,Portugal,2020-06-01,3.8,2020
Poultry,Portugal,2020-07-01,4.4,2020
Poultry,Portugal,2020-08-01,-0.2,2020
Poultry,Portugal,2020-09-01,-2.2,2020
Poultry,Portugal,2020-10-01,-2.4,2020
Poultry,Portugal,2020-11-01,-2.4,2020
Poultry,Portugal,2020-12-01,-3.3,2020
Poultry,Portugal,2021-01-01,-3.1,2021
Poultry,Portugal,2021-02-01,-3.1,2021
Poultry,Portugal,2021-03-01,-1.3,2021
Poultry,Portugal,2021-04-01,-5.0,2021
Poultry,Portugal,2021-05-01,-1.3,2021
Poultry,Portugal,2021-06-01,-1.4,2021
Poultry,Portugal,2021-07-01,-1.4,2021
Poultry,Portugal,2021-08-01,0.9,2021
Poultry,Portugal,2021-09-01,2.0,2021
Poultry,Portugal,2021-10-01,0.9,2021
Poultry,Portugal,2021-11-01,4.7,2021
Poultry,Portugal,2021-12-01,9.7,2021
Poultry,Portugal,2022-01-01,9.0,2022
Poultry,Portugal,2022-02-01,10.5,2022
Poultry,Portugal,2022-03-01,15.1,2022
Poultry,Portugal,2022-04-01,25.5,2022
Poultry,Portugal,2022-05-01,29.1,2022
Poultry,Portugal,2022-06-01,29.5,2022
Poultry,Portugal,2022-07-01,30.6,2022
Poultry,Portugal,2022-08-01,33.5,2022
Poultry,Portugal,2022-09-01,34.5,2022
Poultry,Portugal,2022-10-01,37.0,2022
Poultry,Portugal,2022-11-01,32.1,2022
Poultry,Portugal,2022-12-01,27.6,2022
Poultry,Portugal,2023-01-01,27.9,2023
Poultry,Portugal,2023-02-01,25.4,2023
Poultry,Portugal,2023-03-01,16.9,2023
Poultry,Portugal,2023-04-01,4.8,2023
Poultry,Portugal,2023-05-01,-0.2,2023
Poultry,Portugal,2023-06-01,-1.7,2023
Poultry,Portugal,2023-07-01,-2.7,2023
Poultry,Portugal,2023-08-01,-4.3,2023
Poultry,Portugal,2023-09-01,-4.2,2023
Poultry,Portugal,2023-10-01,-4.8,2023
Poultry,Portugal,2023-11-01,-4.5,2023
Poultry,Portugal,2023-12-01,-4.4,2023
Poultry,Portugal,2024-01-01,-2.3,2024
Poultry,Portugal,2024-02-01,-3.1,2024
Poultry,Portugal,2024-03-01,-1.0,2024
Poultry,Portugal,2024-04-01,-2.3,2024
Poultry,Portugal,2024-05-01,0.0,2024
Poultry,Portugal,2024-06-01,1.3,2024
Poultry,Portugal,2024-07-01,2.0,2024
Poultry,Portugal,2024-08-01,2.5,2024
Poultry,Portugal,2024-09-01,2.0,2024
Poultry,Portugal,2024-10-01,2.9,2024
Poultry,Portugal,2024-11-01,5.0,2024
Poultry,Portugal,2024-12-01,6.5,2024
Poultry,Portugal,2025-01-01,4.4,2025
Poultry,Portugal,2025-02-01,5.7,2025
Poultry,Portugal,2025-03-01,5.2,2025
Poultry,Portugal,2025-04-01,6.5,2025
Poultry,Portugal,2025-05-01,6.5,2025
Poultry,Portugal,2025-06-01,7.2,2025
Poultry,Portugal,2025-07-01,6.7,2025
Poultry,Portugal,2025-08-01,7.7,2025
Poultry,Portugal,2025-09-01,9.2,2025
Poultry,Portugal,2025-10-01,10.0,2025
Poultry,Portugal,2025-11-01,7.4,2025
Poultry,Portugal,2025-12-01,6.3,2025
Fresh or chilled fish,Germany,2019-01-01,3.0,2019
Fresh or chilled fish,Germany,2019-02-01,5.2,2019
Fresh or chilled fish,Germany,2019-03-01,5.5,2019
Fresh or chilled fish,Germany,2019-04-01,3.8,2019
Fresh or chilled fish,Germany,2019-05-01,4.2,2019
Fresh or chilled fish,Germany,2019-06-01,5.2,2019
Fresh or chilled fish,Germany,2019-07-01,6.0,2019
Fresh or chilled fish,Germany,2019-08-01,5.7,2019
Fresh or chilled fish,Germany,2019-09-01,4.7,2019
Fresh or chilled fish,Germany,2019-10-01,4.9,2019
Fresh or chilled fish,Germany,2019-11-01,3.5,2019
Fresh or chilled fish,Germany,2019-12-01,4.8,2019
Fresh or chilled fish,Germany,2020-01-01,3.8,2020
Fresh or chilled fish,Germany,2020-02-01,4.0,2020
Fresh or chilled fish,Germany,2020-03-01,3.5,2020
Fresh or chilled fish,Germany,2020-04-01,5.5,2020
Fresh or chilled fish,Germany,2020-05-01,3.6,2020
Fresh or chilled fish,Germany,2020-06-01,3.4,2020
Fresh or chilled fish,Germany,2020-07-01,3.3,2020
Fresh or chilled fish,Germany,2020-08-01,1.9,2020
Fresh or chilled fish,Germany,2020-09-01,2.5,2020
Fresh or chilled fish,Germany,2020-10-01,0.9,2020
Fresh or chilled fish,Germany,2020-11-01,0.5,2020
Fresh or chilled fish,Germany,2020-12-01,1.5,2020
Fresh or chilled fish,Germany,2021-01-01,1.7,2021
Fresh or chilled fish,Germany,2021-02-01,1.3,2021
Fresh or chilled fish,Germany,2021-03-01,1.3,2021
Fresh or chilled fish,Germany,2021-04-01,1.6,2021
Fresh or chilled fish,Germany,2021-05-01,2.7,2021
Fresh or chilled fish,Germany,2021-06-01,2.3,2021
Fresh or chilled fish,Germany,2021-07-01,2.4,2021
Fresh or chilled fish,Germany,2021-08-01,3.5,2021
Fresh or chilled fish,Germany,2021-09-01,3.8,2021
Fresh or chilled fish,Germany,2021-10-01,6.0,2021
Fresh or chilled fish,Germany,2021-11-01,7.3,2021
Fresh or chilled fish,Germany,2021-12-01,6.1,2021
Fresh or chilled fish,Germany,2022-01-01,6.2,2022
Fresh or chilled fish,Germany,2022-02-01,6.3,2022
Fresh or chilled fish,Germany,2022-03-01,8.5,2022
Fresh or chilled fish,Germany,2022-04-01,10.4,2022
Fresh or chilled fish,Germany,2022-05-01,12.9,2022
Fresh or chilled fish,Germany,2022-06-01,14.9,2022
Fresh or chilled fish,Germany,2022-07-01,15.0,2022
Fresh or chilled fish,Germany,2022-08-01,15.7,2022
Fresh or chilled fish,Germany,2022-09-01,16.7,2022
Fresh or chilled fish,Germany,2022-10-01,15.3,2022
Fresh or chilled fish,Germany,2022-11-01,16.3,2022
Fresh or chilled fish,Germany,2022-12-01,15.5,2022
Fresh or chilled fish,Germany,2023-01-01,16.1,2023
Fresh or chilled fish,Germany,2023-02-01,18.1,2023
Fresh or chilled fish,Germany,2023-03-01,15.2,2023
Fresh or chilled fish,Germany,2023-04-01,13.0,2023
Fresh or chilled fish,Germany,2023-05-01,10.6,2023
Fresh or chilled fish,Germany,2023-06-01,9.6,2023
Fresh or chilled fish,Germany,2023-07-01,7.3,2023
Fresh or chilled fish,Germany,2023-08-01,6.1,2023
Fresh or chilled fish,Germany,2023-09-01,4.2,2023
Fresh or chilled fish,Germany,2023-10-01,4.6,2023
Fresh or chilled fish,Germany,2023-11-01,3.5,2023
Fresh or chilled fish,Germany,2023-12-01,2.9,2023
Fresh or chilled fish,Germany,2024-01-01,2.9,2024
Fresh or chilled fish,Germany,2024-02-01,1.0,2024
Fresh or chilled fish,Germany,2024-03-01,0.2,2024
Fresh or chilled fish,Germany,2024-04-01,-0.6,2024
Fresh or chilled fish,Germany,2024-05-01,-0.4,2024
Fresh or chilled fish,Germany,2024-06-01,-1.0,2024
Fresh or chilled fish,Germany,2024-07-01,0.3,2024
Fresh or chilled fish,Germany,2024-08-01,0.7,2024
Fresh or chilled fish,Germany,2024-09-01,1.5,2024
Fresh or chilled fish,Germany,2024-10-01,0.5,2024
Fresh or chilled fish,Germany,2024-11-01,0.0,2024
Fresh or chilled fish,Germany,2024-12-01,1.9,2024
Fresh or chilled fish,Germany,2025-01-01,0.6,2025
Fresh or chilled fish,Germany,2025-02-01,1.6,2025
Fresh or chilled fish,Germany,2025-03-01,2.2,2025
Fresh or chilled fish,Germany,2025-04-01,1.2,2025
Fresh or chilled fish,Germany,2025-05-01,1.8,2025
Fresh or chilled fish,Germany,2025-06-01,1.6,2025
Fresh or chilled fish,Germany,2025-07-01,2.9,2025
Fresh or chilled fish,Germany,2025-08-01,3.3,2025
Fresh or chilled fish,Germany,2025-09-01,2.9,2025
Fresh or chilled fish,Germany,2025-10-01,4.2,2025
Fresh or chilled fish,Germany,2025-11-01,4.0,2025
Fresh or chilled fish,Germany,2025-12-01,2.9,2025
Fresh or chilled fish,"Euro area (EA11-1999, EA12-2001, EA13-2007, EA15-2008, EA16-2009, EA17-2011, EA18-2014, EA19-2015, EA20-2023, EA21-2026)",2019-01-01,1.1,2019
Fresh or chilled fish,"Euro area (EA11-1999, EA12-2001, EA13-2007, EA15-2008, EA16-2009, EA17-2011, EA18-2014, EA19-2015, EA20-2023, EA21-2026)",2019-02-01,2.4,2019
Fresh or chilled fish,"Euro area (EA11-1999, EA12-2001, EA13-2007, EA15-2008, EA16-2009, EA17-2011, EA18-2014, EA19-2015, EA20-2023, EA21-2026)",2019-03-01,1.8,2019
Fresh or chilled fish,"Euro area (EA11-1999, EA12-2001, EA13-2007, EA15-2008, EA16-2009, EA17-2011, EA18-2014, EA19-2015, EA20-2023, EA21-2026)",2019-04-01,0.6,2019
Fresh or chilled fish,"Euro area (EA11-1999, EA12-2001, EA13-2007, EA15-2008, EA16-2009, EA17-2011, EA18-2014, EA19-2015, EA20-2023, EA21-2026)",2019-05-01,2.6,2019
Fresh or chilled fish,"Euro area (EA11-1999, EA12-2001, EA13-2007, EA15-2008, EA16-2009, EA17-2011, EA18-2014, EA19-2015, EA20-2023, EA21-2026)",2019-06-01,1.9,2019
Fresh or chilled fish,"Euro area (EA11-1999, EA12-2001, EA13-2007, EA15-2008, EA16-2009, EA17-2011, EA18-2014, EA19-2015, EA20-2023, EA21-2026)",2019-07-01,2.5,2019
Fresh or chilled fish,"Euro area (EA11-1999, EA12-2001, EA13-2007, EA15-2008, EA16-2009, EA17-2011, EA18-2014, EA19-2015, EA20-2023, EA21-2026)",2019-08-01,3.0,2019
Fresh or chilled fish,"Euro area (EA11-1999, EA12-2001, EA13-2007, EA15-2008, EA16-2009, EA17-2011, EA18-2014, EA19-2015, EA20-2023, EA21-2026)",2019-09-01,1.6,2019
Fresh or chilled fish,"Euro area (EA11-1999, EA12-2001, EA13-2007, EA15-2008, EA16-2009, EA17-2011, EA18-2014, EA19-2015, EA20-2023, EA21-2026)",2019-10-01,0.8,2019
Fresh or chilled fish,"Euro area (EA11-1999, EA12-2001, EA13-2007, EA15-2008, EA16-2009, EA17-2011, EA18-2014, EA19-2015, EA20-2023, EA21-2026)",2019-11-01,1.6,2019
Fresh or chilled fish,"Euro area (EA11-1999, EA12-2001, EA13-2007, EA15-2008, EA16-2009, EA17-2011, EA18-2014, EA19-2015, EA20-2023, EA21-2026)",2019-12-01,1.8,2019
Fresh or chilled fish,"Euro area (EA11-1999, EA12-2001, EA13-2007, EA15-2008, EA16-2009, EA17-2011, EA18-2014, EA19-2015, EA20-2023, EA21-2026)",2020-01-01,4.6,2020
Fresh or chilled fish,"Euro area (EA11-1999, EA12-2001, EA13-2007, EA15-2008, EA16-2009, EA17-2011, EA18-2014, EA19-2015, EA20-2023, EA21-2026)",2020-02-01,3.1,2020
Fresh or chilled fish,"Euro area (EA11-1999, EA12-2001, EA13-2007, EA15-2008, EA16-2009, EA17-2011, EA18-2014, EA19-2015, EA20-2023, EA21-2026)",2020-03-01,4.5,2020
Fresh or chilled fish,"Euro area (EA11-1999, EA12-2001, EA13-2007, EA15-2008, EA16-2009, EA17-2011, EA18-2014, EA19-2015, EA20-2023, EA21-2026)",2020-04-01,7.9,2020
Fresh or chilled fish,"Euro area (EA11-1999, EA12-2001, EA13-2007, EA15-2008, EA16-2009, EA17-2011, EA18-2014, EA19-2015, EA20-2023, EA21-2026)",2020-05-01,3.2,2020
Fresh or chilled fish,"Euro area (EA11-1999, EA12-2001, EA13-2007, EA15-2008, EA16-2009, EA17-2011, EA18-2014, EA19-2015, EA20-2023, EA21-2026)",2020-06-01,3.5,2020
Fresh or chilled fish,"Euro area (EA11-1999, EA12-2001, EA13-2007, EA15-2008, EA16-2009, EA17-2011, EA18-2014, EA19-2015, EA20-2023, EA21-2026)",2020-07-01,1.3,2020
Fresh or chilled fish,"Euro area (EA11-1999, EA12-2001, EA13-2007, EA15-2008, EA16-2009, EA17-2011, EA18-2014, EA19-2015, EA20-2023, EA21-2026)",2020-08-01,0.7,2020
Fresh or chilled fish,"Euro area (EA11-1999, EA12-2001, EA13-2007, EA15-2008, EA16-2009, EA17-2011, EA18-2014, EA19-2015, EA20-2023, EA21-2026)",2020-09-01,1.3,2020
Fresh or chilled fish,"Euro area (EA11-1999, EA12-2001, EA13-2007, EA15-2008, EA16-2009, EA17-2011, EA18-2014, EA19-2015, EA20-2023, EA21-2026)",2020-10-01,1.3,2020
Fresh or chilled fish,"Euro area (EA11-1999, EA12-2001, EA13-2007, EA15-2008, EA16-2009, EA17-2011, EA18-2014, EA19-2015, EA20-2023, EA21-2026)",2020-11-01,1.0,2020
Fresh or chilled fish,"Euro area (EA11-1999, EA12-2001, EA13-2007, EA15-2008, EA16-2009, EA17-2011, EA18-2014, EA19-2015, EA20-2023, EA21-2026)",2020-12-01,1.9,2020
Fresh or chilled fish,"Euro area (EA11-1999, EA12-2001, EA13-2007, EA15-2008, EA16-2009, EA17-2011, EA18-2014, EA19-2015, EA20-2023, EA21-2026)",2021-01-01,-1.0,2021
Fresh or chilled fish,"Euro area (EA11-1999, EA12-2001, EA13-2007, EA15-2008, EA16-2009, EA17-2011, EA18-2014, EA19-2015, EA20-2023, EA21-2026)",2021-02-01,0.7,2021
Fresh or chilled fish,"Euro area (EA11-1999, EA12-2001, EA13-2007, EA15-2008, EA16-2009, EA17-2011, EA18-2014, EA19-2015, EA20-2023, EA21-2026)",2021-03-01,-1.2,2021
Fresh or chilled fish,"Euro area (EA11-1999, EA12-2001, EA13-2007, EA15-2008, EA16-2009, EA17-2011, EA18-2014, EA19-2015, EA20-2023, EA21-2026)",2021-04-01,-3.0,2021
Fresh or chilled fish,"Euro area (EA11-1999, EA12-2001, EA13-2007, EA15-2008, EA16-2009, EA17-2011, EA18-2014, EA19-2015, EA20-2023, EA21-2026)",2021-05-01,0.7,2021
Fresh or chilled fish,"Euro area (EA11-1999, EA12-2001, EA13-2007, EA15-2008, EA16-2009, EA17-2011, EA18-2014, EA19-2015, EA20-2023, EA21-2026)",2021-06-01,0.8,2021
Fresh or chilled fish,"Euro area (EA11-1999, EA12-2001, EA13-2007, EA15-2008, EA16-2009, EA17-2011, EA18-2014, EA19-2015, EA20-2023, EA21-2026)",2021-07-01,3.4,2021
Fresh or chilled fish,"Euro area (EA11-1999, EA12-2001, EA13-2007, EA15-2008, EA16-2009, EA17-2011, EA18-2014, EA19-2015, EA20-2023, EA21-2026)",2021-08-01,3.6,2021
Fresh or chilled fish,"Euro area (EA11-1999, EA12-2001, EA13-2007, EA15-2008, EA16-2009, EA17-2011, EA18-2014, EA19-2015, EA20-2023, EA21-2026)",2021-09-01,3.1,2021
Fresh or chilled fish,"Euro area (EA11-1999, EA12-2001, EA13-2007, EA15-2008, EA16-2009, EA17-2011, EA18-2014, EA19-2015, EA20-2023, EA21-2026)",2021-10-01,4.3,2021
Fresh or chilled fish,"Euro area (EA11-1999, EA12-2001, EA13-2007, EA15-2008, EA16-2009, EA17-2011, EA18-2014, EA19-2015, EA20-2023, EA21-2026)",2021-11-01,4.5,2021
Fresh or chilled fish,"Euro area (EA11-1999, EA12-2001, EA13-2007, EA15-2008, EA16-2009, EA17-2011, EA18-2014, EA19-2015, EA20-2023, EA21-2026)",2021-12-01,4.9,2021
Fresh or chilled fish,"Euro area (EA11-1999, EA12-2001, EA13-2007, EA15-2008, EA16-2009, EA17-2011, EA18-2014, EA19-2015, EA20-2023, EA21-2026)",2022-01-01,6.4,2022
Fresh or chilled fish,"Euro area (EA11-1999, EA12-2001, EA13-2007, EA15-2008, EA16-2009, EA17-2011, EA18-2014, EA19-2015, EA20-2023, EA21-2026)",2022-02-01,6.3,2022
Fresh or chilled fish,"Euro area (EA11-1999, EA12-2001, EA13-2007, EA15-2008, EA16-2009, EA17-2011, EA18-2014, EA19-2015, EA20-2023, EA21-2026)",2022-03-01,10.2,2022
Fresh or chilled fish,"Euro area (EA11-1999, EA12-2001, EA13-2007, EA15-2008, EA16-2009, EA17-2011, EA18-2014, EA19-2015, EA20-2023, EA21-2026)",2022-04-01,9.8,2022
Fresh or chilled fish,"Euro area (EA11-1999, EA12-2001, EA13-2007, EA15-2008, EA16-2009, EA17-2011, EA18-2014, EA19-2015, EA20-2023, EA21-2026)",2022-05-01,12.0,2022
Fresh or chilled fish,"Euro area (EA11-1999, EA12-2001, EA13-2007, EA15-2008, EA16-2009, EA17-2011, EA18-2014, EA19-2015, EA20-2023, EA21-2026)",2022-06-01,12.8,2022
Fresh or chilled fish,"Euro area (EA11-1999, EA12-2001, EA13-2007, EA15-2008, EA16-2009, EA17-2011, EA18-2014, EA19-2015, EA20-2023, EA21-2026)",2022-07-01,12.9,2022
Fresh or chilled fish,"Euro area (EA11-1999, EA12-2001, EA13-2007, EA15-2008, EA16-2009, EA17-2011, EA18-2014, EA19-2015, EA20-2023, EA21-2026)",2022-08-01,11.6,2022
Fresh or chilled fish,"Euro area (EA11-1999, EA12-2001, EA13-2007, EA15-2008, EA16-2009, EA17-2011, EA18-2014, EA19-2015, EA20-2023, EA21-2026)",2022-09-01,11.6,2022
Fresh or chilled fish,"Euro area (EA11-1999, EA12-2001, EA13-2007, EA15-2008, EA16-2009, EA17-2011, EA18-2014, EA19-2015, EA20-2023, EA21-2026)",2022-10-01,10.7,2022
Fresh or chilled fish,"Euro area (EA11-1999, EA12-2001, EA13-2007, EA15-2008, EA16-2009, EA17-2011, EA18-2014, EA19-2015, EA20-2023, EA21-2026)",2022-11-01,10.4,2022
Fresh or chilled fish,"Euro area (EA11-1999, EA12-2001, EA13-2007, EA15-2008, EA16-2009, EA17-2011, EA18-2014, EA19-2015, EA20-2023, EA21-2026)",2022-12-01,9.6,2022
Fresh or chilled fish,"Euro area (EA11-1999, EA12-2001, EA13-2007, EA15-2008, EA16-2009, EA17-2011, EA18-2014, EA19-2015, EA20-2023, EA21-2026)",2023-01-01,10.4,2023
Fresh or chilled fish,"Euro area (EA11-1999, EA12-2001, EA13-2007, EA15-2008, EA16-2009, EA17-2011, EA18-2014, EA19-2015, EA20-2023, EA21-2026)",2023-02-01,10.5,2023
Fresh or chilled fish,"Euro area (EA11-1999, EA12-2001, EA13-2007, EA15-2008, EA16-2009, EA17-2011, EA18-2014, EA19-2015, EA20-2023, EA21-2026)",2023-03-01,8.8,2023
Fresh or chilled fish,"Euro area (EA11-1999, EA12-2001, EA13-2007, EA15-2008, EA16-2009, EA17-2011, EA18-2014, EA19-2015, EA20-2023, EA21-2026)",2023-04-01,8.6,2023
Fresh or chilled fish,"Euro area (EA11-1999, EA12-2001, EA13-2007, EA15-2008, EA16-2009, EA17-2011, EA18-2014, EA19-2015, EA20-2023, EA21-2026)",2023-05-01,4.4,2023
Fresh or chilled fish,"Euro area (EA11-1999, EA12-2001, EA13-2007, EA15-2008, EA16-2009, EA17-2011, EA18-2014, EA19-2015, EA20-2023, EA21-2026)",2023-06-01,4.2,2023
Fresh or chilled fish,"Euro area (EA11-1999, EA12-2001, EA13-2007, EA15-2008, EA16-2009, EA17-2011, EA18-2014, EA19-2015, EA20-2023, EA21-2026)",2023-07-01,3.0,2023
Fresh or chilled fish,"Euro area (EA11-1999, EA12-2001, EA13-2007, EA15-2008, EA16-2009, EA17-2011, EA18-2014, EA19-2015, EA20-2023, EA21-2026)",2023-08-01,3.7,2023
Fresh or chilled fish,"Euro area (EA11-1999, EA12-2001, EA13-2007, EA15-2008, EA16-2009, EA17-2011, EA18-2014, EA19-2015, EA20-2023, EA21-2026)",2023-09-01,3.5,2023
Fresh or chilled fish,"Euro area (EA11-1999, EA12-2001, EA13-2007, EA15-2008, EA16-2009, EA17-2011, EA18-2014, EA19-2015, EA20-2023, EA21-2026)",2023-10-01,4.1,2023
Fresh or chilled fish,"Euro area (EA11-1999, EA12-2001, EA13-2007, EA15-2008, EA16-2009, EA17-2011, EA18-2014, EA19-2015, EA20-2023, EA21-2026)",2023-11-01,4.6,2023
Fresh or chilled fish,"Euro area (EA11-1999, EA12-2001, EA13-2007, EA15-2008, EA16-2009, EA17-2011, EA18-2014, EA19-2015, EA20-2023, EA21-2026)",2023-12-01,2.7,2023
Fresh or chilled fish,"Euro area (EA11-1999, EA12-2001, EA13-2007, EA15-2008, EA16-2009, EA17-2011, EA18-2014, EA19-2015, EA20-2023, EA21-2026)",2024-01-01,2.7,2024
Fresh or chilled fish,"Euro area (EA11-1999, EA12-2001, EA13-2007, EA15-2008, EA16-2009, EA17-2011, EA18-2014, EA19-2015, EA20-2023, EA21-2026)",2024-02-01,3.8,2024
Fresh or chilled fish,"Euro area (EA11-1999, EA12-2001, EA13-2007, EA15-2008, EA16-2009, EA17-2011, EA18-2014, EA19-2015, EA20-2023, EA21-2026)",2024-03-01,2.8,2024
Fresh or chilled fish,"Euro area (EA11-1999, EA12-2001, EA13-2007, EA15-2008, EA16-2009, EA17-2011, EA18-2014, EA19-2015, EA20-2023, EA21-2026)",2024-04-01,2.2,2024
Fresh or chilled fish,"Euro area (EA11-1999, EA12-2001, EA13-2007, EA15-2008, EA16-2009, EA17-2011, EA18-2014, EA19-2015, EA20-2023, EA21-2026)",2024-05-01,3.5,2024
Fresh or chilled fish,"Euro area (EA11-1999, EA12-2001, EA13-2007, EA15-2008, EA16-2009, EA17-2011, EA18-2014, EA19-2015, EA20-2023, EA21-2026)",2024-06-01,2.4,2024
Fresh or chilled fish,"Euro area (EA11-1999, EA12-2001, EA13-2007, EA15-2008, EA16-2009, EA17-2011, EA18-2014, EA19-2015, EA20-2023, EA21-2026)",2024-07-01,1.9,2024
Fresh or chilled fish,"Euro area (EA11-1999, EA12-2001, EA13-2007, EA15-2008, EA16-2009, EA17-2011, EA18-2014, EA19-2015, EA20-2023, EA21-2026)",2024-08-01,1.8,2024
Fresh or chilled fish,"Euro area (EA11-1999, EA12-2001, EA13-2007, EA15-2008, EA16-2009, EA17-2011, EA18-2014, EA19-2015, EA20-2023, EA21-2026)",2024-09-01,3.1,2024
Fresh or chilled fish,"Euro area (EA11-1999, EA12-2001, EA13-2007, EA15-2008, EA16-2009, EA17-2011, EA18-2014, EA19-2015, EA20-2023, EA21-2026)",2024-10-01,3.0,2024
Fresh or chilled fish,"Euro area (EA11-1999, EA12-2001, EA13-2007, EA15-2008, EA16-2009, EA17-2011, EA18-2014, EA19-2015, EA20-2023, EA21-2026)",2024-11-01,1.4,2024
Fresh or chilled fish,"Euro area (EA11-1999, EA12-2001, EA13-2007, EA15-2008, EA16-2009, EA17-2011, EA18-2014, EA19-2015, EA20-2023, EA21-2026)",2024-12-01,5.0,2024
Fresh or chilled fish,"Euro area (EA11-1999, EA12-2001, EA13-2007, EA15-2008, EA16-2009, EA17-2011, EA18-2014, EA19-2015, EA20-2023, EA21-2026)",2025-01-01,4.6,2025
Fresh or chilled fish,"Euro area (EA11-1999, EA12-2001, EA13-2007, EA15-2008, EA16-2009, EA17-2011, EA18-2014, EA19-2015, EA20-2023, EA21-2026)",2025-02-01,3.7,2025
Fresh or chilled fish,"Euro area (EA11-1999, EA12-2001, EA13-2007, EA15-2008, EA16-2009, EA17-2011, EA18-2014, EA19-2015, EA20-2023, EA21-2026)",2025-03-01,2.3,2025
Fresh or chilled fish,"Euro area (EA11-1999, EA12-2001, EA13-2007, EA15-2008, EA16-2009, EA17-2011, EA18-2014, EA19-2015, EA20-2023, EA21-2026)",2025-04-01,1.6,2025
Fresh or chilled fish,"Euro area (EA11-1999, EA12-2001, EA13-2007, EA15-2008, EA16-2009, EA17-2011, EA18-2014, EA19-2015, EA20-2023, EA21-2026)",2025-05-01,2.1,2025
Fresh or chilled fish,"Euro area (EA11-1999, EA12-2001, EA13-2007, EA15-2008, EA16-2009, EA17-2011, EA18-2014, EA19-2015, EA20-2023, EA21-2026)",2025-06-01,2.8,2025
Fresh or chilled fish,"Euro area (EA11-1999, EA12-2001, EA13-2007, EA15-2008, EA16-2009, EA17-2011, EA18-2014, EA19-2015, EA20-2023, EA21-2026)",2025-07-01,4.1,2025
Fresh or chilled fish,"Euro area (EA11-1999, EA12-2001, EA13-2007, EA15-2008, EA16-2009, EA17-2011, EA18-2014, EA19-2015, EA20-2023, EA21-2026)",2025-08-01,3.9,2025
Fresh or chilled fish,"Euro area (EA11-1999, EA12-2001, EA13-2007, EA15-2008, EA16-2009, EA17-2011, EA18-2014, EA19-2015, EA20-2023, EA21-2026)",2025-09-01,4.8,2025
Fresh or chilled fish,"Euro area (EA11-1999, EA12-2001, EA13-2007, EA15-2008, EA16-2009, EA17-2011, EA18-2014, EA19-2015, EA20-2023, EA21-2026)",2025-10-01,4.6,2025
Fresh or chilled fish,"Euro area (EA11-1999, EA12-2001, EA13-2007, EA15-2008, EA16-2009, EA17-2011, EA18-2014, EA19-2015, EA20-2023, EA21-2026)",2025-11-01,5.3,2025
Fresh or chilled fish,"Euro area (EA11-1999, EA12-2001, EA13-2007, EA15-2008, EA16-2009, EA17-2011, EA18-2014, EA19-2015, EA20-2023, EA21-2026)",2025-12-01,3.3,2025
Fresh or chilled fish,Spain,2019-01-01,-3.0,2019
Fresh or chilled fish,Spain,2019-02-01,1.0,2019
Fresh or chilled fish,Spain,2019-03-01,-0.1,2019
Fresh or chilled fish,Spain,2019-04-01,-2.0,2019
Fresh or chilled fish,Spain,2019-05-01,3.5,2019
Fresh or chilled fish,Spain,2019-06-01,2.3,2019
Fresh or chilled fish,Spain,2019-07-01,3.5,2019
Fresh or chilled fish,Spain,2019-08-01,6.0,2019
Fresh or chilled fish,Spain,2019-09-01,3.2,2019
Fresh or chilled fish,Spain,2019-10-01,1.4,2019
Fresh or chilled fish,Spain,2019-11-01,3.7,2019
Fresh or chilled fish,Spain,2019-12-01,2.2,2019
Fresh or chilled fish,Spain,2020-01-01,9.4,2020
Fresh or chilled fish,Spain,2020-02-01,5.0,2020
Fresh or chilled fish,Spain,2020-03-01,8.9,2020
Fresh or chilled fish,Spain,2020-04-01,10.5,2020
Fresh or chilled fish,Spain,2020-05-01,1.1,2020
Fresh or chilled fish,Spain,2020-06-01,3.3,2020
Fresh or chilled fish,Spain,2020-07-01,1.6,2020
Fresh or chilled fish,Spain,2020-08-01,1.0,2020
Fresh or chilled fish,Spain,2020-09-01,1.3,2020
Fresh or chilled fish,Spain,2020-10-01,1.2,2020
Fresh or chilled fish,Spain,2020-11-01,-1.9,2020
Fresh or chilled fish,Spain,2020-12-01,1.3,2020
Fresh or chilled fish,Spain,2021-01-01,0.2,2021
Fresh or chilled fish,Spain,2021-02-01,2.3,2021
Fresh or chilled fish,Spain,2021-03-01,-3.0,2021
Fresh or chilled fish,Spain,2021-04-01,-3.5,2021
Fresh or chilled fish,Spain,2021-05-01,2.8,2021
Fresh or chilled fish,Spain,2021-06-01,3.0,2021
Fresh or chilled fish,Spain,2021-07-01,5.0,2021
Fresh or chilled fish,Spain,2021-08-01,3.2,2021
Fresh or chilled fish,Spain,2021-09-01,1.6,2021
Fresh or chilled fish,Spain,2021-10-01,2.6,2021
Fresh or chilled fish,Spain,2021-11-01,4.7,2021
Fresh or chilled fish,Spain,2021-12-01,6.6,2021
Fresh or chilled fish,Spain,2022-01-01,5.9,2022
Fresh or chilled fish,Spain,2022-02-01,3.9,2022
Fresh or chilled fish,Spain,2022-03-01,11.0,2022
Fresh or chilled fish,Spain,2022-04-01,9.7,2022
Fresh or chilled fish,Spain,2022-05-01,11.7,2022
Fresh or chilled fish,Spain,2022-06-01,11.0,2022
Fresh or chilled fish,Spain,2022-07-01,11.7,2022
Fresh or chilled fish,Spain,2022-08-01,9.7,2022
Fresh or chilled fish,Spain,2022-09-01,10.5,2022
Fresh or chilled fish,Spain,2022-10-01,11.0,2022
Fresh or chilled fish,Spain,2022-11-01,10.4,2022
Fresh or chilled fish,Spain,2022-12-01,7.1,2022
Fresh or chilled fish,Spain,2023-01-01,7.7,2023
Fresh or chilled fish,Spain,2023-02-01,9.4,2023
Fresh or chilled fish,Spain,2023-03-01,6.2,2023
Fresh or chilled fish,Spain,2023-04-01,7.4,2023
Fresh or chilled fish,Spain,2023-05-01,2.1,2023
Fresh or chilled fish,Spain,2023-06-01,3.0,2023
Fresh or chilled fish,Spain,2023-07-01,2.8,2023
Fresh or chilled fish,Spain,2023-08-01,5.8,2023
Fresh or chilled fish,Spain,2023-09-01,6.7,2023
Fresh or chilled fish,Spain,2023-10-01,7.1,2023
Fresh or chilled fish,Spain,2023-11-01,6.7,2023
Fresh or chilled fish,Spain,2023-12-01,4.3,2023
Fresh or chilled fish,Spain,2024-01-01,4.9,2024
Fresh or chilled fish,Spain,2024-02-01,7.5,2024
Fresh or chilled fish,Spain,2024-03-01,7.4,2024
Fresh or chilled fish,Spain,2024-04-01,6.0,2024
Fresh or chilled fish,Spain,2024-05-01,6.7,2024
Fresh or chilled fish,Spain,2024-06-01,4.5,2024
Fresh or chilled fish,Spain,2024-07-01,2.4,2024
Fresh or chilled fish,Spain,2024-08-01,1.4,2024
Fresh or chilled fish,Spain,2024-09-01,4.1,2024
Fresh or chilled fish,Spain,2024-10-01,4.6,2024
Fresh or chilled fish,Spain,2024-11-01,1.8,2024
Fresh or chilled fish,Spain,2024-12-01,10.0,2024
Fresh or chilled fish,Spain,2025-01-01,6.3,2025
Fresh or chilled fish,Spain,2025-02-01,6.5,2025
Fresh or chilled fish,Spain,2025-03-01,2.4,2025
Fresh or chilled fish,Spain,2025-04-01,1.0,2025
Fresh or chilled fish,Spain,2025-05-01,2.2,2025
Fresh or chilled fish,Spain,2025-06-01,4.4,2025
Fresh or chilled fish,Spain,2025-07-01,6.2,2025
Fresh or chilled fish,Spain,2025-08-01,6.1,2025
Fresh or chilled fish,Spain,2025-09-01,7.9,2025
Fresh or chilled fish,Spain,2025-10-01,7.2,2025
Fresh or chilled fish,Spain,2025-11-01,7.8,2025
Fresh or chilled fish,Spain,2025-12-01,1.4,2025
Fresh or chilled fish,France,2019-01-01,5.5,2019
Fresh or chilled fish,France,2019-02-01,4.1,2019
Fresh or chilled fish,France,2019-03-01,6.0,2019
Fresh or chilled fish,France,2019-04-01,4.5,2019
Fresh or chilled fish,France,2019-05-01,5.8,2019
Fresh or chilled fish,France,2019-06-01,3.1,2019
Fresh or chilled fish,France,2019-07-01,3.5,2019
Fresh or chilled fish,France,2019-08-01,3.6,2019
Fresh or chilled fish,France,2019-09-01,3.5,2019
Fresh or chilled fish,France,2019-10-01,1.8,2019
Fresh or chilled fish,France,2019-11-01,3.4,2019
Fresh or chilled fish,France,2019-12-01,3.2,2019
Fresh or chilled fish,France,2020-01-01,7.6,2020
Fresh or chilled fish,France,2020-02-01,5.9,2020
Fresh or chilled fish,France,2020-03-01,6.4,2020
Fresh or chilled fish,France,2020-04-01,19.0,2020
Fresh or chilled fish,France,2020-05-01,10.3,2020
Fresh or chilled fish,France,2020-06-01,8.9,2020
Fresh or chilled fish,France,2020-07-01,0.2,2020
Fresh or chilled fish,France,2020-08-01,-0.4,2020
Fresh or chilled fish,France,2020-09-01,0.0,2020
Fresh or chilled fish,France,2020-10-01,-0.2,2020
Fresh or chilled fish,France,2020-11-01,4.2,2020
Fresh or chilled fish,France,2020-12-01,5.4,2020
Fresh or chilled fish,France,2021-01-01,-5.7,2021
Fresh or chilled fish,France,2021-02-01,-0.9,2021
Fresh or chilled fish,France,2021-03-01,-3.8,2021
Fresh or chilled fish,France,2021-04-01,-10.4,2021
Fresh or chilled fish,France,2021-05-01,-3.9,2021
Fresh or chilled fish,France,2021-06-01,-4.8,2021
Fresh or chilled fish,France,2021-07-01,4.3,2021
Fresh or chilled fish,France,2021-08-01,5.6,2021
Fresh or chilled fish,France,2021-09-01,4.7,2021
Fresh or chilled fish,France,2021-10-01,8.1,2021
Fresh or chilled fish,France,2021-11-01,3.9,2021
Fresh or chilled fish,France,2021-12-01,3.4,2021
Fresh or chilled fish,France,2022-01-01,9.5,2022
Fresh or chilled fish,France,2022-02-01,10.3,2022
Fresh or chilled fish,France,2022-03-01,15.6,2022
Fresh or chilled fish,France,2022-04-01,12.1,2022
Fresh or chilled fish,France,2022-05-01,13.7,2022
Fresh or chilled fish,France,2022-06-01,18.3,2022
Fresh or chilled fish,France,2022-07-01,17.2,2022
Fresh or chilled fish,France,2022-08-01,15.7,2022
Fresh or chilled fish,France,2022-09-01,16.5,2022
Fresh or chilled fish,France,2022-10-01,13.6,2022
Fresh or chilled fish,France,2022-11-01,12.4,2022
Fresh or chilled fish,France,2022-12-01,12.6,2022
Fresh or chilled fish,France,2023-01-01,14.6,2023
Fresh or chilled fish,France,2023-02-01,12.0,2023
Fresh or chilled fish,France,2023-03-01,10.0,2023
Fresh or chilled fish,France,2023-04-01,10.1,2023
Fresh or chilled fish,France,2023-05-01,4.9,2023
Fresh or chilled fish,France,2023-06-01,3.4,2023
Fresh or chilled fish,France,2023-07-01,2.0,2023
Fresh or chilled fish,France,2023-08-01,1.7,2023
Fresh or chilled fish,France,2023-09-01,0.2,2023
Fresh or chilled fish,France,2023-10-01,1.5,2023
Fresh or chilled fish,France,2023-11-01,3.1,2023
Fresh or chilled fish,France,2023-12-01,-0.6,2023
Fresh or chilled fish,France,2024-01-01,-0.9,2024
Fresh or chilled fish,France,2024-02-01,2.9,2024
Fresh or chilled fish,France,2024-03-01,-0.8,2024
Fresh or chilled fish,France,2024-04-01,0.4,2024
Fresh or chilled fish,France,2024-05-01,3.0,2024
Fresh or chilled fish,France,2024-06-01,2.3,2024
Fresh or chilled fish,France,2024-07-01,1.8,2024
Fresh or chilled fish,France,2024-08-01,1.9,2024
Fresh or chilled fish,France,2024-09-01,3.4,2024
Fresh or chilled fish,France,2024-10-01,2.3,2024
Fresh or chilled fish,France,2024-11-01,1.6,2024
Fresh or chilled fish,France,2024-12-01,4.9,2024
Fresh or chilled fish,France,2025-01-01,6.4,2025
Fresh or chilled fish,France,2025-02-01,3.2,2025
Fresh or chilled fish,France,2025-03-01,3.7,2025
Fresh or chilled fish,France,2025-04-01,2.2,2025
Fresh or chilled fish,France,2025-05-01,2.0,2025
Fresh or chilled fish,France,2025-06-01,2.1,2025
Fresh or chilled fish,France,2025-07-01,3.4,2025
Fresh or chilled fish,France,2025-08-01,2.3,2025
Fresh or chilled fish,France,2025-09-01,4.1,2025
Fresh or chilled fish,France,2025-10-01,4.1,2025
Fresh or chilled fish,France,2025-11-01,5.9,2025
Fresh or chilled fish,France,2025-12-01,5.8,2025
Fresh or chilled fish,Italy,2019-01-01,1.1,2019
Fresh or chilled fish,Italy,2019-02-01,1.0,2019
Fresh or chilled fish,Italy,2019-03-01,-0.3,2019
Fresh or chilled fish,Italy,2019-04-01,0.0,2019
Fresh or chilled fish,Italy,2019-05-01,0.5,2019
Fresh or chilled fish,Italy,2019-06-01,0.5,2019
Fresh or chilled fish,Italy,2019-07-01,0.5,2019
Fresh or chilled fish,Italy,2019-08-01,0.8,2019
Fresh or chilled fish,Italy,2019-09-01,-0.4,2019
Fresh or chilled fish,Italy,2019-10-01,-0.6,2019
Fresh or chilled fish,Italy,2019-11-01,-0.1,2019
Fresh or chilled fish,Italy,2019-12-01,0.7,2019
Fresh or chilled fish,Italy,2020-01-01,1.3,2020
Fresh or chilled fish,Italy,2020-02-01,1.3,2020
Fresh or chilled fish,Italy,2020-03-01,2.3,2020
Fresh or chilled fish,Italy,2020-04-01,2.4,2020
Fresh or chilled fish,Italy,2020-05-01,2.1,2020
Fresh or chilled fish,Italy,2020-06-01,2.2,2020
Fresh or chilled fish,Italy,2020-07-01,2.2,2020
Fresh or chilled fish,Italy,2020-08-01,2.1,2020
Fresh or chilled fish,Italy,2020-09-01,2.3,2020
Fresh or chilled fish,Italy,2020-10-01,2.4,2020
Fresh or chilled fish,Italy,2020-11-01,1.5,2020
Fresh or chilled fish,Italy,2020-12-01,1.3,2020
Fresh or chilled fish,Italy,2021-01-01,0.4,2021
Fresh or chilled fish,Italy,2021-02-01,0.4,2021
Fresh or chilled fish,Italy,2021-03-01,0.6,2021
Fresh or chilled fish,Italy,2021-04-01,1.2,2021
Fresh or chilled fish,Italy,2021-05-01,1.9,2021
Fresh or chilled fish,Italy,2021-06-01,1.3,2021
Fresh or chilled fish,Italy,2021-07-01,1.9,2021
Fresh or chilled fish,Italy,2021-08-01,2.6,2021
Fresh or chilled fish,Italy,2021-09-01,2.8,2021
Fresh or chilled fish,Italy,2021-10-01,3.3,2021
Fresh or chilled fish,Italy,2021-11-01,3.9,2021
Fresh or chilled fish,Italy,2021-12-01,4.1,2021
Fresh or chilled fish,Italy,2022-01-01,5.1,2022
Fresh or chilled fish,Italy,2022-02-01,6.1,2022
Fresh or chilled fish,Italy,2022-03-01,7.6,2022
Fresh or chilled fish,Italy,2022-04-01,7.6,2022
Fresh or chilled fish,Italy,2022-05-01,8.6,2022
Fresh or chilled fish,Italy,2022-06-01,10.2,2022
Fresh or chilled fish,Italy,2022-07-01,10.6,2022
Fresh or chilled fish,Italy,2022-08-01,9.5,2022
Fresh or chilled fish,Italy,2022-09-01,9.5,2022
Fresh or chilled fish,Italy,2022-10-01,8.5,2022
Fresh or chilled fish,Italy,2022-11-01,8.3,2022
Fresh or chilled fish,Italy,2022-12-01,8.2,2022
Fresh or chilled fish,Italy,2023-01-01,7.6,2023
Fresh or chilled fish,Italy,2023-02-01,7.6,2023
Fresh or chilled fish,Italy,2023-03-01,6.0,2023
Fresh or chilled fish,Italy,2023-04-01,6.1,2023
Fresh or chilled fish,Italy,2023-05-01,4.6,2023
Fresh or chilled fish,Italy,2023-06-01,3.0,2023
Fresh or chilled fish,Italy,2023-07-01,1.3,2023
Fresh or chilled fish,Italy,2023-08-01,1.6,2023
Fresh or chilled fish,Italy,2023-09-01,1.1,2023
Fresh or chilled fish,Italy,2023-10-01,1.5,2023
Fresh or chilled fish,Italy,2023-11-01,2.1,2023
Fresh or chilled fish,Italy,2023-12-01,1.9,2023
Fresh or chilled fish,Italy,2024-01-01,1.7,2024
Fresh or chilled fish,Italy,2024-02-01,1.2,2024
Fresh or chilled fish,Italy,2024-03-01,1.7,2024
Fresh or chilled fish,Italy,2024-04-01,0.8,2024
Fresh or chilled fish,Italy,2024-05-01,0.8,2024
Fresh or chilled fish,Italy,2024-06-01,1.2,2024
Fresh or chilled fish,Italy,2024-07-01,1.5,2024
Fresh or chilled fish,Italy,2024-08-01,1.3,2024
Fresh or chilled fish,Italy,2024-09-01,2.2,2024
Fresh or chilled fish,Italy,2024-10-01,1.9,2024
Fresh or chilled fish,Italy,2024-11-01,1.0,2024
Fresh or chilled fish,Italy,2024-12-01,1.9,2024
Fresh or chilled fish,Italy,2025-01-01,3.0,2025
Fresh or chilled fish,Italy,2025-02-01,2.6,2025
Fresh or chilled fish,Italy,2025-03-01,2.3,2025
Fresh or chilled fish,Italy,2025-04-01,2.1,2025
Fresh or chilled fish,Italy,2025-05-01,2.2,2025
Fresh or chilled fish,Italy,2025-06-01,2.6,2025
Fresh or chilled fish,Italy,2025-07-01,3.5,2025
Fresh or chilled fish,Italy,2025-08-01,3.7,2025
Fresh or chilled fish,Italy,2025-09-01,3.8,2025
Fresh or chilled fish,Italy,2025-10-01,4.1,2025
Fresh or chilled fish,Italy,2025-11-01,4.3,2025
Fresh or chilled fish,Italy,2025-12-01,3.9,2025
Fresh or chilled fish,Portugal,2019-01-01,0.4,2019
Fresh or chilled fish,Portugal,2019-02-01,4.3,2019
Fresh or chilled fish,Portugal,2019-03-01,1.5,2019
Fresh or chilled fish,Portugal,2019-04-01,-2.6,2019
Fresh or chilled fish,Portugal,2019-05-01,-0.8,2019
Fresh or chilled fish,Portugal,2019-06-01,0.7,2019
Fresh or chilled fish,Portugal,2019-07-01,0.5,2019
Fresh or chilled fish,Portugal,2019-08-01,-0.4,2019
Fresh or chilled fish,Portugal,2019-09-01,-0.6,2019
Fresh or chilled fish,Portugal,2019-10-01,0.5,2019
Fresh or chilled fish,Portugal,2019-11-01,-1.0,2019
Fresh or chilled fish,Portugal,2019-12-01,-0.2,2019
Fresh or chilled fish,Portugal,2020-01-01,-0.8,2020
Fresh or chilled fish,Portugal,2020-02-01,-1.2,2020
Fresh or chilled fish,Portugal,2020-03-01,1.6,2020
Fresh or chilled fish,Portugal,2020-04-01,9.5,2020
Fresh or chilled fish,Portugal,2020-05-01,5.6,2020
Fresh or chilled fish,Portugal,2020-06-01,2.1,2020
Fresh or chilled fish,Portugal,2020-07-01,2.9,2020
Fresh or chilled fish,Portugal,2020-08-01,1.8,2020
Fresh or chilled fish,Portugal,2020-09-01,0.8,2020
Fresh or chilled fish,Portugal,2020-10-01,2.2,2020
Fresh or chilled fish,Portugal,2020-11-01,1.9,2020
Fresh or chilled fish,Portugal,2020-12-01,1.6,2020
Fresh or chilled fish,Portugal,2021-01-01,0.3,2021
Fresh or chilled fish,Portugal,2021-02-01,1.0,2021
Fresh or chilled fish,Portugal,2021-03-01,-0.1,2021
Fresh or chilled fish,Portugal,2021-04-01,-6.8,2021
Fresh or chilled fish,Portugal,2021-05-01,-3.8,2021
Fresh or chilled fish,Portugal,2021-06-01,1.0,2021
Fresh or chilled fish,Portugal,2021-07-01,1.1,2021
Fresh or chilled fish,Portugal,2021-08-01,2.3,2021
Fresh or chilled fish,Portugal,2021-09-01,3.5,2021
Fresh or chilled fish,Portugal,2021-10-01,2.5,2021
Fresh or chilled fish,Portugal,2021-11-01,2.7,2021
Fresh or chilled fish,Portugal,2021-12-01,3.7,2021
Fresh or chilled fish,Portugal,2022-01-01,4.0,2022
Fresh or chilled fish,Portugal,2022-02-01,5.4,2022
Fresh or chilled fish,Portugal,2022-03-01,10.1,2022
Fresh or chilled fish,Portugal,2022-04-01,12.9,2022
Fresh or chilled fish,Portugal,2022-05-01,19.1,2022
Fresh or chilled fish,Portugal,2022-06-01,15.7,2022
Fresh or chilled fish,Portugal,2022-07-01,16.7,2022
Fresh or chilled fish,Portugal,2022-08-01,13.1,2022
Fresh or chilled fish,Portugal,2022-09-01,11.7,2022
Fresh or chilled fish,Portugal,2022-10-01,11.2,2022
Fresh or chilled fish,Portugal,2022-11-01,9.7,2022
Fresh or chilled fish,Portugal,2022-12-01,9.8,2022
Fresh or chilled fish,Portugal,2023-01-01,11.7,2023
Fresh or chilled fish,Portugal,2023-02-01,13.1,2023
Fresh or chilled fish,Portugal,2023-03-01,11.5,2023
Fresh or chilled fish,Portugal,2023-04-01,8.4,2023
Fresh or chilled fish,Portugal,2023-05-01,-1.6,2023
Fresh or chilled fish,Portugal,2023-06-01,1.4,2023
Fresh or chilled fish,Portugal,2023-07-01,-2.9,2023
Fresh or chilled fish,Portugal,2023-08-01,-1.5,2023
Fresh or chilled fish,Portugal,2023-09-01,1.5,2023
Fresh or chilled fish,Portugal,2023-10-01,1.0,2023
Fresh or chilled fish,Portugal,2023-11-01,3.5,2023
Fresh or chilled fish,Portugal,2023-12-01,1.0,2023
Fresh or chilled fish,Portugal,2024-01-01,4.4,2024
Fresh or chilled fish,Portugal,2024-02-01,1.7,2024
Fresh or chilled fish,Portugal,2024-03-01,1.6,2024
Fresh or chilled fish,Portugal,2024-04-01,1.4,2024
Fresh or chilled fish,Portugal,2024-05-01,4.8,2024
Fresh or chilled fish,Portugal,2024-06-01,4.0,2024
Fresh or chilled fish,Portugal,2024-07-01,4.9,2024
Fresh or chilled fish,Portugal,2024-08-01,5.0,2024
Fresh or chilled fish,Portugal,2024-09-01,4.1,2024
Fresh or chilled fish,Portugal,2024-10-01,8.1,2024
Fresh or chilled fish,Portugal,2024-11-01,4.3,2024
Fresh or chilled fish,Portugal,2024-12-01,9.4,2024
Fresh or chilled fish,Portugal,2025-01-01,5.4,2025
Fresh or chilled fish,Portugal,2025-02-01,4.4,2025
Fresh or chilled fish,Portugal,2025-03-01,0.4,2025
Fresh or chilled fish,Portugal,2025-04-01,0.1,2025
Fresh or chilled fish,Portugal,2025-05-01,3.2,2025
Fresh or chilled fish,Portugal,2025-06-01,2.2,2025
Fresh or chilled fish,Portugal,2025-07-01,4.2,2025
Fresh or chilled fish,Portugal,2025-08-01,6.2,2025
Fresh or chilled fish,Portugal,2025-09-01,5.3,2025
Fresh or chilled fish,Portugal,2025-10-01,3.1,2025
Fresh or chilled fish,Portugal,2025-11-01,6.1,2025
Fresh or chilled fish,Portugal,2025-12-01,4.0,2025
"Milk, cheese and eggs",Germany,2019-01-01,-1.1,2019
"Milk, cheese and eggs",Germany,2019-02-01,-1.7,2019
"Milk, cheese and eggs",Germany,2019-03-01,-1.8,2019
"Milk, cheese and eggs",Germany,2019-04-01,-1.6,2019
"Milk, cheese and eggs",Germany,2019-05-01,0.1,2019
"Milk, cheese and eggs",Germany,2019-06-01,0.0,2019
"Milk, cheese and eggs",Germany,2019-07-01,0.7,2019
"Milk, cheese and eggs",Germany,2019-08-01,0.5,2019
"Milk, cheese and eggs",Germany,2019-09-01,0.5,2019
"Milk, cheese and eggs",Germany,2019-10-01,0.0,2019
"Milk, cheese and eggs",Germany,2019-11-01,0.3,2019
"Milk, cheese and eggs",Germany,2019-12-01,0.1,2019
"Milk, cheese and eggs",Germany,2020-01-01,0.8,2020
"Milk, cheese and eggs",Germany,2020-02-01,0.6,2020
"Milk, cheese and eggs",Germany,2020-03-01,0.5,2020
"Milk, cheese and eggs",Germany,2020-04-01,1.2,2020
"Milk, cheese and eggs",Germany,2020-05-01,3.0,2020
"Milk, cheese and eggs",Germany,2020-06-01,2.9,2020
"Milk, cheese and eggs",Germany,2020-07-01,0.4,2020
"Milk, cheese and eggs",Germany,2020-08-01,0.7,2020
"Milk, cheese and eggs",Germany,2020-09-01,0.5,2020
"Milk, cheese and eggs",Germany,2020-10-01,0.3,2020
"Milk, cheese and eggs",Germany,2020-11-01,-0.3,2020
"Milk, cheese and eggs",Germany,2020-12-01,0.0,2020
"Milk, cheese and eggs",Germany,2021-01-01,1.8,2021
"Milk, cheese and eggs",Germany,2021-02-01,2.5,2021
"Milk, cheese and eggs",Germany,2021-03-01,2.3,2021
"Milk, cheese and eggs",Germany,2021-04-01,2.3,2021
"Milk, cheese and eggs",Germany,2021-05-01,1.5,2021
"Milk, cheese and eggs",Germany,2021-06-01,2.5,2021
"Milk, cheese and eggs",Germany,2021-07-01,5.1,2021
"Milk, cheese and eggs",Germany,2021-08-01,5.0,2021
"Milk, cheese and eggs",Germany,2021-09-01,5.6,2021
"Milk, cheese and eggs",Germany,2021-10-01,6.0,2021
"Milk, cheese and eggs",Germany,2021-11-01,6.4,2021
"Milk, cheese and eggs",Germany,2021-12-01,6.8,2021
"Milk, cheese and eggs",Germany,2022-01-01,5.8,2022
"Milk, cheese and eggs",Germany,2022-02-01,6.2,2022
"Milk, cheese and eggs",Germany,2022-03-01,7.1,2022
"Milk, cheese and eggs",Germany,2022-04-01,9.3,2022
"Milk, cheese and eggs",Germany,2022-05-01,13.0,2022
"Milk, cheese and eggs",Germany,2022-06-01,15.1,2022
"Milk, cheese and eggs",Germany,2022-07-01,23.8,2022
"Milk, cheese and eggs",Germany,2022-08-01,26.5,2022
"Milk, cheese and eggs",Germany,2022-09-01,28.8,2022
"Milk, cheese and eggs",Germany,2022-10-01,28.6,2022
"Milk, cheese and eggs",Germany,2022-11-01,33.9,2022
"Milk, cheese and eggs",Germany,2022-12-01,34.7,2022
"Milk, cheese and eggs",Germany,2023-01-01,36.0,2023
"Milk, cheese and eggs",Germany,2023-02-01,35.4,2023
"Milk, cheese and eggs",Germany,2023-03-01,34.8,2023
"Milk, cheese and eggs",Germany,2023-04-01,31.7,2023
"Milk, cheese and eggs",Germany,2023-05-01,25.6,2023
"Milk, cheese and eggs",Germany,2023-06-01,20.4,2023
"Milk, cheese and eggs",Germany,2023-07-01,10.0,2023
"Milk, cheese and eggs",Germany,2023-08-01,7.4,2023
"Milk, cheese and eggs",Germany,2023-09-01,4.9,2023
"Milk, cheese and eggs",Germany,2023-10-01,4.7,2023
"Milk, cheese and eggs",Germany,2023-11-01,-0.6,2023
"Milk, cheese and eggs",Germany,2023-12-01,-1.7,2023
"Milk, cheese and eggs",Germany,2024-01-01,-3.8,2024
"Milk, cheese and eggs",Germany,2024-02-01,-4.2,2024
"Milk, cheese and eggs",Germany,2024-03-01,-4.6,2024
"Milk, cheese and eggs",Germany,2024-04-01,-4.6,2024
"Milk, cheese and eggs",Germany,2024-05-01,-4.2,2024
"Milk, cheese and eggs",Germany,2024-06-01,-2.5,2024
"Milk, cheese and eggs",Germany,2024-07-01,-0.9,2024
"Milk, cheese and eggs",Germany,2024-08-01,-0.2,2024
"Milk, cheese and eggs",Germany,2024-09-01,-0.1,2024
"Milk, cheese and eggs",Germany,2024-10-01,1.1,2024
"Milk, cheese and eggs",Germany,2024-11-01,1.9,2024
"Milk, cheese and eggs",Germany,2024-12-01,2.2,2024
"Milk, cheese and eggs",Germany,2025-01-01,2.6,2025
"Milk, cheese and eggs",Germany,2025-02-01,3.3,2025
"Milk, cheese and eggs",Germany,2025-03-01,3.9,2025
"Milk, cheese and eggs",Germany,2025-04-01,3.8,2025
"Milk, cheese and eggs",Germany,2025-05-01,4.5,2025
"Milk, cheese and eggs",Germany,2025-06-01,3.7,2025
"Milk, cheese and eggs",Germany,2025-07-01,4.1,2025
"Milk, cheese and eggs",Germany,2025-08-01,3.4,2025
"Milk, cheese and eggs",Germany,2025-09-01,3.7,2025
"Milk, cheese and eggs",Germany,2025-10-01,2.3,2025
"Milk, cheese and eggs",Germany,2025-11-01,1.3,2025
"Milk, cheese and eggs",Germany,2025-12-01,-1.4,2025
"Milk, cheese and eggs","Euro area (EA11-1999, EA12-2001, EA13-2007, EA15-2008, EA16-2009, EA17-2011, EA18-2014, EA19-2015, EA20-2023, EA21-2026)",2019-01-01,0.4,2019
"Milk, cheese and eggs","Euro area (EA11-1999, EA12-2001, EA13-2007, EA15-2008, EA16-2009, EA17-2011, EA18-2014, EA19-2015, EA20-2023, EA21-2026)",2019-02-01,0.4,2019
"Milk, cheese and eggs","Euro area (EA11-1999, EA12-2001, EA13-2007, EA15-2008, EA16-2009, EA17-2011, EA18-2014, EA19-2015, EA20-2023, EA21-2026)",2019-03-01,0.3,2019
"Milk, cheese and eggs","Euro area (EA11-1999, EA12-2001, EA13-2007, EA15-2008, EA16-2009, EA17-2011, EA18-2014, EA19-2015, EA20-2023, EA21-2026)",2019-04-01,0.4,2019
"Milk, cheese and eggs","Euro area (EA11-1999, EA12-2001, EA13-2007, EA15-2008, EA16-2009, EA17-2011, EA18-2014, EA19-2015, EA20-2023, EA21-2026)",2019-05-01,1.0,2019
"Milk, cheese and eggs","Euro area (EA11-1999, EA12-2001, EA13-2007, EA15-2008, EA16-2009, EA17-2011, EA18-2014, EA19-2015, EA20-2023, EA21-2026)",2019-06-01,1.0,2019
"Milk, cheese and eggs","Euro area (EA11-1999, EA12-2001, EA13-2007, EA15-2008, EA16-2009, EA17-2011, EA18-2014, EA19-2015, EA20-2023, EA21-2026)",2019-07-01,1.3,2019
"Milk, cheese and eggs","Euro area (EA11-1999, EA12-2001, EA13-2007, EA15-2008, EA16-2009, EA17-2011, EA18-2014, EA19-2015, EA20-2023, EA21-2026)",2019-08-01,1.2,2019
"Milk, cheese and eggs","Euro area (EA11-1999, EA12-2001, EA13-2007, EA15-2008, EA16-2009, EA17-2011, EA18-2014, EA19-2015, EA20-2023, EA21-2026)",2019-09-01,1.2,2019
"Milk, cheese and eggs","Euro area (EA11-1999, EA12-2001, EA13-2007, EA15-2008, EA16-2009, EA17-2011, EA18-2014, EA19-2015, EA20-2023, EA21-2026)",2019-10-01,1.1,2019
"Milk, cheese and eggs","Euro area (EA11-1999, EA12-2001, EA13-2007, EA15-2008, EA16-2009, EA17-2011, EA18-2014, EA19-2015, EA20-2023, EA21-2026)",2019-11-01,1.2,2019
"Milk, cheese and eggs","Euro area (EA11-1999, EA12-2001, EA13-2007, EA15-2008, EA16-2009, EA17-2011, EA18-2014, EA19-2015, EA20-2023, EA21-2026)",2019-12-01,1.0,2019
"Milk, cheese and eggs","Euro area (EA11-1999, EA12-2001, EA13-2007, EA15-2008, EA16-2009, EA17-2011, EA18-2014, EA19-2015, EA20-2023, EA21-2026)",2020-01-01,1.0,2020
"Milk, cheese and eggs","Euro area (EA11-1999, EA12-2001, EA13-2007, EA15-2008, EA16-2009, EA17-2011, EA18-2014, EA19-2015, EA20-2023, EA21-2026)",2020-02-01,1.0,2020
"Milk, cheese and eggs","Euro area (EA11-1999, EA12-2001, EA13-2007, EA15-2008, EA16-2009, EA17-2011, EA18-2014, EA19-2015, EA20-2023, EA21-2026)",2020-03-01,1.1,2020
"Milk, cheese and eggs","Euro area (EA11-1999, EA12-2001, EA13-2007, EA15-2008, EA16-2009, EA17-2011, EA18-2014, EA19-2015, EA20-2023, EA21-2026)",2020-04-01,1.3,2020
"Milk, cheese and eggs","Euro area (EA11-1999, EA12-2001, EA13-2007, EA15-2008, EA16-2009, EA17-2011, EA18-2014, EA19-2015, EA20-2023, EA21-2026)",2020-05-01,1.6,2020
"Milk, cheese and eggs","Euro area (EA11-1999, EA12-2001, EA13-2007, EA15-2008, EA16-2009, EA17-2011, EA18-2014, EA19-2015, EA20-2023, EA21-2026)",2020-06-01,1.3,2020
"Milk, cheese and eggs","Euro area (EA11-1999, EA12-2001, EA13-2007, EA15-2008, EA16-2009, EA17-2011, EA18-2014, EA19-2015, EA20-2023, EA21-2026)",2020-07-01,0.7,2020
"Milk, cheese and eggs","Euro area (EA11-1999, EA12-2001, EA13-2007, EA15-2008, EA16-2009, EA17-2011, EA18-2014, EA19-2015, EA20-2023, EA21-2026)",2020-08-01,0.6,2020
"Milk, cheese and eggs","Euro area (EA11-1999, EA12-2001, EA13-2007, EA15-2008, EA16-2009, EA17-2011, EA18-2014, EA19-2015, EA20-2023, EA21-2026)",2020-09-01,0.5,2020
"Milk, cheese and eggs","Euro area (EA11-1999, EA12-2001, EA13-2007, EA15-2008, EA16-2009, EA17-2011, EA18-2014, EA19-2015, EA20-2023, EA21-2026)",2020-10-01,0.3,2020
"Milk, cheese and eggs","Euro area (EA11-1999, EA12-2001, EA13-2007, EA15-2008, EA16-2009, EA17-2011, EA18-2014, EA19-2015, EA20-2023, EA21-2026)",2020-11-01,0.2,2020
"Milk, cheese and eggs","Euro area (EA11-1999, EA12-2001, EA13-2007, EA15-2008, EA16-2009, EA17-2011, EA18-2014, EA19-2015, EA20-2023, EA21-2026)",2020-12-01,0.3,2020
"Milk, cheese and eggs","Euro area (EA11-1999, EA12-2001, EA13-2007, EA15-2008, EA16-2009, EA17-2011, EA18-2014, EA19-2015, EA20-2023, EA21-2026)",2021-01-01,0.6,2021
"Milk, cheese and eggs","Euro area (EA11-1999, EA12-2001, EA13-2007, EA15-2008, EA16-2009, EA17-2011, EA18-2014, EA19-2015, EA20-2023, EA21-2026)",2021-02-01,0.7,2021
"Milk, cheese and eggs","Euro area (EA11-1999, EA12-2001, EA13-2007, EA15-2008, EA16-2009, EA17-2011, EA18-2014, EA19-2015, EA20-2023, EA21-2026)",2021-03-01,0.4,2021
"Milk, cheese and eggs","Euro area (EA11-1999, EA12-2001, EA13-2007, EA15-2008, EA16-2009, EA17-2011, EA18-2014, EA19-2015, EA20-2023, EA21-2026)",2021-04-01,0.3,2021
"Milk, cheese and eggs","Euro area (EA11-1999, EA12-2001, EA13-2007, EA15-2008, EA16-2009, EA17-2011, EA18-2014, EA19-2015, EA20-2023, EA21-2026)",2021-05-01,0.1,2021
"Milk, cheese and eggs","Euro area (EA11-1999, EA12-2001, EA13-2007, EA15-2008, EA16-2009, EA17-2011, EA18-2014, EA19-2015, EA20-2023, EA21-2026)",2021-06-01,0.7,2021
"Milk, cheese and eggs","Euro area (EA11-1999, EA12-2001, EA13-2007, EA15-2008, EA16-2009, EA17-2011, EA18-2014, EA19-2015, EA20-2023, EA21-2026)",2021-07-01,1.2,2021
"Milk, cheese and eggs","Euro area (EA11-1999, EA12-2001, EA13-2007, EA15-2008, EA16-2009, EA17-2011, EA18-2014, EA19-2015, EA20-2023, EA21-2026)",2021-08-01,1.3,2021
"Milk, cheese and eggs","Euro area (EA11-1999, EA12-2001, EA13-2007, EA15-2008, EA16-2009, EA17-2011, EA18-2014, EA19-2015, EA20-2023, EA21-2026)",2021-09-01,1.6,2021
"Milk, cheese and eggs","Euro area (EA11-1999, EA12-2001, EA13-2007, EA15-2008, EA16-2009, EA17-2011, EA18-2014, EA19-2015, EA20-2023, EA21-2026)",2021-10-01,2.0,2021
"Milk, cheese and eggs","Euro area (EA11-1999, EA12-2001, EA13-2007, EA15-2008, EA16-2009, EA17-2011, EA18-2014, EA19-2015, EA20-2023, EA21-2026)",2021-11-01,2.3,2021
"Milk, cheese and eggs","Euro area (EA11-1999, EA12-2001, EA13-2007, EA15-2008, EA16-2009, EA17-2011, EA18-2014, EA19-2015, EA20-2023, EA21-2026)",2021-12-01,3.0,2021
"Milk, cheese and eggs","Euro area (EA11-1999, EA12-2001, EA13-2007, EA15-2008, EA16-2009, EA17-2011, EA18-2014, EA19-2015, EA20-2023, EA21-2026)",2022-01-01,3.5,2022
"Milk, cheese and eggs","Euro area (EA11-1999, EA12-2001, EA13-2007, EA15-2008, EA16-2009, EA17-2011, EA18-2014, EA19-2015, EA20-2023, EA21-2026)",2022-02-01,4.3,2022
"Milk, cheese and eggs","Euro area (EA11-1999, EA12-2001, EA13-2007, EA15-2008, EA16-2009, EA17-2011, EA18-2014, EA19-2015, EA20-2023, EA21-2026)",2022-03-01,5.3,2022
"Milk, cheese and eggs","Euro area (EA11-1999, EA12-2001, EA13-2007, EA15-2008, EA16-2009, EA17-2011, EA18-2014, EA19-2015, EA20-2023, EA21-2026)",2022-04-01,7.3,2022
"Milk, cheese and eggs","Euro area (EA11-1999, EA12-2001, EA13-2007, EA15-2008, EA16-2009, EA17-2011, EA18-2014, EA19-2015, EA20-2023, EA21-2026)",2022-05-01,9.9,2022
"Milk, cheese and eggs","Euro area (EA11-1999, EA12-2001, EA13-2007, EA15-2008, EA16-2009, EA17-2011, EA18-2014, EA19-2015, EA20-2023, EA21-2026)",2022-06-01,12.0,2022
"Milk, cheese and eggs","Euro area (EA11-1999, EA12-2001, EA13-2007, EA15-2008, EA16-2009, EA17-2011, EA18-2014, EA19-2015, EA20-2023, EA21-2026)",2022-07-01,15.6,2022
"Milk, cheese and eggs","Euro area (EA11-1999, EA12-2001, EA13-2007, EA15-2008, EA16-2009, EA17-2011, EA18-2014, EA19-2015, EA20-2023, EA21-2026)",2022-08-01,17.7,2022
"Milk, cheese and eggs","Euro area (EA11-1999, EA12-2001, EA13-2007, EA15-2008, EA16-2009, EA17-2011, EA18-2014, EA19-2015, EA20-2023, EA21-2026)",2022-09-01,19.6,2022
"Milk, cheese and eggs","Euro area (EA11-1999, EA12-2001, EA13-2007, EA15-2008, EA16-2009, EA17-2011, EA18-2014, EA19-2015, EA20-2023, EA21-2026)",2022-10-01,21.2,2022
"Milk, cheese and eggs","Euro area (EA11-1999, EA12-2001, EA13-2007, EA15-2008, EA16-2009, EA17-2011, EA18-2014, EA19-2015, EA20-2023, EA21-2026)",2022-11-01,24.1,2022
"Milk, cheese and eggs","Euro area (EA11-1999, EA12-2001, EA13-2007, EA15-2008, EA16-2009, EA17-2011, EA18-2014, EA19-2015, EA20-2023, EA21-2026)",2022-12-01,25.5,2022
"Milk, cheese and eggs","Euro area (EA11-1999, EA12-2001, EA13-2007, EA15-2008, EA16-2009, EA17-2011, EA18-2014, EA19-2015, EA20-2023, EA21-2026)",2023-01-01,26.3,2023
"Milk, cheese and eggs","Euro area (EA11-1999, EA12-2001, EA13-2007, EA15-2008, EA16-2009, EA17-2011, EA18-2014, EA19-2015, EA20-2023, EA21-2026)",2023-02-01,26.2,2023
"Milk, cheese and eggs","Euro area (EA11-1999, EA12-2001, EA13-2007, EA15-2008, EA16-2009, EA17-2011, EA18-2014, EA19-2015, EA20-2023, EA21-2026)",2023-03-01,25.8,2023
"Milk, cheese and eggs","Euro area (EA11-1999, EA12-2001, EA13-2007, EA15-2008, EA16-2009, EA17-2011, EA18-2014, EA19-2015, EA20-2023, EA21-2026)",2023-04-01,23.5,2023
"Milk, cheese and eggs","Euro area (EA11-1999, EA12-2001, EA13-2007, EA15-2008, EA16-2009, EA17-2011, EA18-2014, EA19-2015, EA20-2023, EA21-2026)",2023-05-01,20.2,2023
"Milk, cheese and eggs","Euro area (EA11-1999, EA12-2001, EA13-2007, EA15-2008, EA16-2009, EA17-2011, EA18-2014, EA19-2015, EA20-2023, EA21-2026)",2023-06-01,17.0,2023
"Milk, cheese and eggs","Euro area (EA11-1999, EA12-2001, EA13-2007, EA15-2008, EA16-2009, EA17-2011, EA18-2014, EA19-2015, EA20-2023, EA21-2026)",2023-07-01,12.8,2023
"Milk, cheese and eggs","Euro area (EA11-1999, EA12-2001, EA13-2007, EA15-2008, EA16-2009, EA17-2011, EA18-2014, EA19-2015, EA20-2023, EA21-2026)",2023-08-01,10.5,2023
"Milk, cheese and eggs","Euro area (EA11-1999, EA12-2001, EA13-2007, EA15-2008, EA16-2009, EA17-2011, EA18-2014, EA19-2015, EA20-2023, EA21-2026)",2023-09-01,8.2,2023
"Milk, cheese and eggs","Euro area (EA11-1999, EA12-2001, EA13-2007, EA15-2008, EA16-2009, EA17-2011, EA18-2014, EA19-2015, EA20-2023, EA21-2026)",2023-10-01,6.4,2023
"Milk, cheese and eggs","Euro area (EA11-1999, EA12-2001, EA13-2007, EA15-2008, EA16-2009, EA17-2011, EA18-2014, EA19-2015, EA20-2023, EA21-2026)",2023-11-01,3.1,2023
"Milk, cheese and eggs","Euro area (EA11-1999, EA12-2001, EA13-2007, EA15-2008, EA16-2009, EA17-2011, EA18-2014, EA19-2015, EA20-2023, EA21-2026)",2023-12-01,1.4,2023
"Milk, cheese and eggs","Euro area (EA11-1999, EA12-2001, EA13-2007, EA15-2008, EA16-2009, EA17-2011, EA18-2014, EA19-2015, EA20-2023, EA21-2026)",2024-01-01,0.1,2024
"Milk, cheese and eggs","Euro area (EA11-1999, EA12-2001, EA13-2007, EA15-2008, EA16-2009, EA17-2011, EA18-2014, EA19-2015, EA20-2023, EA21-2026)",2024-02-01,-0.9,2024
"Milk, cheese and eggs","Euro area (EA11-1999, EA12-2001, EA13-2007, EA15-2008, EA16-2009, EA17-2011, EA18-2014, EA19-2015, EA20-2023, EA21-2026)",2024-03-01,-1.5,2024
"Milk, cheese and eggs","Euro area (EA11-1999, EA12-2001, EA13-2007, EA15-2008, EA16-2009, EA17-2011, EA18-2014, EA19-2015, EA20-2023, EA21-2026)",2024-04-01,-1.8,2024
"Milk, cheese and eggs","Euro area (EA11-1999, EA12-2001, EA13-2007, EA15-2008, EA16-2009, EA17-2011, EA18-2014, EA19-2015, EA20-2023, EA21-2026)",2024-05-01,-1.7,2024
"Milk, cheese and eggs","Euro area (EA11-1999, EA12-2001, EA13-2007, EA15-2008, EA16-2009, EA17-2011, EA18-2014, EA19-2015, EA20-2023, EA21-2026)",2024-06-01,-1.1,2024
"Milk, cheese and eggs","Euro area (EA11-1999, EA12-2001, EA13-2007, EA15-2008, EA16-2009, EA17-2011, EA18-2014, EA19-2015, EA20-2023, EA21-2026)",2024-07-01,-0.7,2024
"Milk, cheese and eggs","Euro area (EA11-1999, EA12-2001, EA13-2007, EA15-2008, EA16-2009, EA17-2011, EA18-2014, EA19-2015, EA20-2023, EA21-2026)",2024-08-01,-0.4,2024
"Milk, cheese and eggs","Euro area (EA11-1999, EA12-2001, EA13-2007, EA15-2008, EA16-2009, EA17-2011, EA18-2014, EA19-2015, EA20-2023, EA21-2026)",2024-09-01,-0.1,2024
"Milk, cheese and eggs","Euro area (EA11-1999, EA12-2001, EA13-2007, EA15-2008, EA16-2009, EA17-2011, EA18-2014, EA19-2015, EA20-2023, EA21-2026)",2024-10-01,0.5,2024
"Milk, cheese and eggs","Euro area (EA11-1999, EA12-2001, EA13-2007, EA15-2008, EA16-2009, EA17-2011, EA18-2014, EA19-2015, EA20-2023, EA21-2026)",2024-11-01,1.1,2024
"Milk, cheese and eggs","Euro area (EA11-1999, EA12-2001, EA13-2007, EA15-2008, EA16-2009, EA17-2011, EA18-2014, EA19-2015, EA20-2023, EA21-2026)",2024-12-01,1.3,2024
"Milk, cheese and eggs","Euro area (EA11-1999, EA12-2001, EA13-2007, EA15-2008, EA16-2009, EA17-2011, EA18-2014, EA19-2015, EA20-2023, EA21-2026)",2025-01-01,1.5,2025
"Milk, cheese and eggs","Euro area (EA11-1999, EA12-2001, EA13-2007, EA15-2008, EA16-2009, EA17-2011, EA18-2014, EA19-2015, EA20-2023, EA21-2026)",2025-02-01,2.1,2025
"Milk, cheese and eggs","Euro area (EA11-1999, EA12-2001, EA13-2007, EA15-2008, EA16-2009, EA17-2011, EA18-2014, EA19-2015, EA20-2023, EA21-2026)",2025-03-01,2.5,2025
"Milk, cheese and eggs","Euro area (EA11-1999, EA12-2001, EA13-2007, EA15-2008, EA16-2009, EA17-2011, EA18-2014, EA19-2015, EA20-2023, EA21-2026)",2025-04-01,2.8,2025
"Milk, cheese and eggs","Euro area (EA11-1999, EA12-2001, EA13-2007, EA15-2008, EA16-2009, EA17-2011, EA18-2014, EA19-2015, EA20-2023, EA21-2026)",2025-05-01,3.3,2025
"Milk, cheese and eggs","Euro area (EA11-1999, EA12-2001, EA13-2007, EA15-2008, EA16-2009, EA17-2011, EA18-2014, EA19-2015, EA20-2023, EA21-2026)",2025-06-01,3.4,2025
"Milk, cheese and eggs","Euro area (EA11-1999, EA12-2001, EA13-2007, EA15-2008, EA16-2009, EA17-2011, EA18-2014, EA19-2015, EA20-2023, EA21-2026)",2025-07-01,3.7,2025
"Milk, cheese and eggs","Euro area (EA11-1999, EA12-2001, EA13-2007, EA15-2008, EA16-2009, EA17-2011, EA18-2014, EA19-2015, EA20-2023, EA21-2026)",2025-08-01,3.6,2025
"Milk, cheese and eggs","Euro area (EA11-1999, EA12-2001, EA13-2007, EA15-2008, EA16-2009, EA17-2011, EA18-2014, EA19-2015, EA20-2023, EA21-2026)",2025-09-01,3.8,2025
"Milk, cheese and eggs","Euro area (EA11-1999, EA12-2001, EA13-2007, EA15-2008, EA16-2009, EA17-2011, EA18-2014, EA19-2015, EA20-2023, EA21-2026)",2025-10-01,3.4,2025
"Milk, cheese and eggs","Euro area (EA11-1999, EA12-2001, EA13-2007, EA15-2008, EA16-2009, EA17-2011, EA18-2014, EA19-2015, EA20-2023, EA21-2026)",2025-11-01,2.9,2025
"Milk, cheese and eggs","Euro area (EA11-1999, EA12-2001, EA13-2007, EA15-2008, EA16-2009, EA17-2011, EA18-2014, EA19-2015, EA20-2023, EA21-2026)",2025-12-01,2.1,2025
"Milk, cheese and eggs",Spain,2019-01-01,0.3,2019
"Milk, cheese and eggs",Spain,2019-02-01,0.5,2019
"Milk, cheese and eggs",Spain,2019-03-01,0.6,2019
"Milk, cheese and eggs",Spain,2019-04-01,0.4,2019
"Milk, cheese and eggs",Spain,2019-05-01,0.7,2019
"Milk, cheese and eggs",Spain,2019-06-01,0.5,2019
"Milk, cheese and eggs",Spain,2019-07-01,0.4,2019
"Milk, cheese and eggs",Spain,2019-08-01,0.9,2019
"Milk, cheese and eggs",Spain,2019-09-01,0.9,2019
"Milk, cheese and eggs",Spain,2019-10-01,1.1,2019
"Milk, cheese and eggs",Spain,2019-11-01,1.2,2019
"Milk, cheese and eggs",Spain,2019-12-01,1.0,2019
"Milk, cheese and eggs",Spain,2020-01-01,1.1,2020
"Milk, cheese and eggs",Spain,2020-02-01,1.3,2020
"Milk, cheese and eggs",Spain,2020-03-01,1.3,2020
"Milk, cheese and eggs",Spain,2020-04-01,1.6,2020
"Milk, cheese and eggs",Spain,2020-05-01,2.0,2020
"Milk, cheese and eggs",Spain,2020-06-01,1.5,2020
"Milk, cheese and eggs",Spain,2020-07-01,1.4,2020
"Milk, cheese and eggs",Spain,2020-08-01,0.7,2020
"Milk, cheese and eggs",Spain,2020-09-01,0.6,2020
"Milk, cheese and eggs",Spain,2020-10-01,0.3,2020
"Milk, cheese and eggs",Spain,2020-11-01,0.5,2020
"Milk, cheese and eggs",Spain,2020-12-01,0.5,2020
"Milk, cheese and eggs",Spain,2021-01-01,0.5,2021
"Milk, cheese and eggs",Spain,2021-02-01,0.3,2021
"Milk, cheese and eggs",Spain,2021-03-01,0.0,2021
"Milk, cheese and eggs",Spain,2021-04-01,-0.4,2021
"Milk, cheese and eggs",Spain,2021-05-01,-0.7,2021
"Milk, cheese and eggs",Spain,2021-06-01,-0.1,2021
"Milk, cheese and eggs",Spain,2021-07-01,-0.1,2021
"Milk, cheese and eggs",Spain,2021-08-01,0.1,2021
"Milk, cheese and eggs",Spain,2021-09-01,0.9,2021
"Milk, cheese and eggs",Spain,2021-10-01,1.3,2021
"Milk, cheese and eggs",Spain,2021-11-01,2.1,2021
"Milk, cheese and eggs",Spain,2021-12-01,3.6,2021
"Milk, cheese and eggs",Spain,2022-01-01,4.6,2022
"Milk, cheese and eggs",Spain,2022-02-01,6.0,2022
"Milk, cheese and eggs",Spain,2022-03-01,7.5,2022
"Milk, cheese and eggs",Spain,2022-04-01,11.0,2022
"Milk, cheese and eggs",Spain,2022-05-01,13.8,2022
"Milk, cheese and eggs",Spain,2022-06-01,15.5,2022
"Milk, cheese and eggs",Spain,2022-07-01,17.3,2022
"Milk, cheese and eggs",Spain,2022-08-01,19.2,2022
"Milk, cheese and eggs",Spain,2022-09-01,20.1,2022
"Milk, cheese and eggs",Spain,2022-10-01,21.9,2022
"Milk, cheese and eggs",Spain,2022-11-01,24.8,2022
"Milk, cheese and eggs",Spain,2022-12-01,27.8,2022
"Milk, cheese and eggs",Spain,2023-01-01,26.5,2023
"Milk, cheese and eggs",Spain,2023-02-01,25.3,2023
"Milk, cheese and eggs",Spain,2023-03-01,23.8,2023
"Milk, cheese and eggs",Spain,2023-04-01,20.2,2023
"Milk, cheese and eggs",Spain,2023-05-01,16.9,2023
"Milk, cheese and eggs",Spain,2023-06-01,14.9,2023
"Milk, cheese and eggs",Spain,2023-07-01,13.6,2023
"Milk, cheese and eggs",Spain,2023-08-01,11.7,2023
"Milk, cheese and eggs",Spain,2023-09-01,10.1,2023
"Milk, cheese and eggs",Spain,2023-10-01,8.1,2023
"Milk, cheese and eggs",Spain,2023-11-01,4.5,2023
"Milk, cheese and eggs",Spain,2023-12-01,0.9,2023
"Milk, cheese and eggs",Spain,2024-01-01,1.0,2024
"Milk, cheese and eggs",Spain,2024-02-01,0.8,2024
"Milk, cheese and eggs",Spain,2024-03-01,0.5,2024
"Milk, cheese and eggs",Spain,2024-04-01,0.1,2024
"Milk, cheese and eggs",Spain,2024-05-01,0.1,2024
"Milk, cheese and eggs",Spain,2024-06-01,0.1,2024
"Milk, cheese and eggs",Spain,2024-07-01,-0.4,2024
"Milk, cheese and eggs",Spain,2024-08-01,-0.2,2024
"Milk, cheese and eggs",Spain,2024-09-01,-0.3,2024
"Milk, cheese and eggs",Spain,2024-10-01,0.6,2024
"Milk, cheese and eggs",Spain,2024-11-01,0.9,2024
"Milk, cheese and eggs",Spain,2024-12-01,0.8,2024
"Milk, cheese and eggs",Spain,2025-01-01,1.2,2025
"Milk, cheese and eggs",Spain,2025-02-01,1.3,2025
"Milk, cheese and eggs",Spain,2025-03-01,2.5,2025
"Milk, cheese and eggs",Spain,2025-04-01,3.6,2025
"Milk, cheese and eggs",Spain,2025-05-01,4.3,2025
"Milk, cheese and eggs",Spain,2025-06-01,4.4,2025
"Milk, cheese and eggs",Spain,2025-07-01,4.6,2025
"Milk, cheese and eggs",Spain,2025-08-01,4.6,2025
"Milk, cheese and eggs",Spain,2025-09-01,5.0,2025
"Milk, cheese and eggs",Spain,2025-10-01,5.0,2025
"Milk, cheese and eggs",Spain,2025-11-01,6.2,2025
"Milk, cheese and eggs",Spain,2025-12-01,6.5,2025
"Milk, cheese and eggs",France,2019-01-01,2.0,2019
"Milk, cheese and eggs",France,2019-02-01,2.3,2019
"Milk, cheese and eggs",France,2019-03-01,2.4,2019
"Milk, cheese and eggs",France,2019-04-01,2.7,2019
"Milk, cheese and eggs",France,2019-05-01,2.9,2019
"Milk, cheese and eggs",France,2019-06-01,2.8,2019
"Milk, cheese and eggs",France,2019-07-01,3.0,2019
"Milk, cheese and eggs",France,2019-08-01,2.6,2019
"Milk, cheese and eggs",France,2019-09-01,2.5,2019
"Milk, cheese and eggs",France,2019-10-01,2.3,2019
"Milk, cheese and eggs",France,2019-11-01,2.2,2019
"Milk, cheese and eggs",France,2019-12-01,1.8,2019
"Milk, cheese and eggs",France,2020-01-01,1.7,2020
"Milk, cheese and eggs",France,2020-02-01,1.3,2020
"Milk, cheese and eggs",France,2020-03-01,1.0,2020
"Milk, cheese and eggs",France,2020-04-01,0.1,2020
"Milk, cheese and eggs",France,2020-05-01,-0.2,2020
"Milk, cheese and eggs",France,2020-06-01,-0.7,2020
"Milk, cheese and eggs",France,2020-07-01,-0.1,2020
"Milk, cheese and eggs",France,2020-08-01,-0.1,2020
"Milk, cheese and eggs",France,2020-09-01,-0.1,2020
"Milk, cheese and eggs",France,2020-10-01,-0.2,2020
"Milk, cheese and eggs",France,2020-11-01,0.2,2020
"Milk, cheese and eggs",France,2020-12-01,-0.2,2020
"Milk, cheese and eggs",France,2021-01-01,0.0,2021
"Milk, cheese and eggs",France,2021-02-01,0.0,2021
"Milk, cheese and eggs",France,2021-03-01,0.2,2021
"Milk, cheese and eggs",France,2021-04-01,0.5,2021
"Milk, cheese and eggs",France,2021-05-01,0.3,2021
"Milk, cheese and eggs",France,2021-06-01,0.6,2021
"Milk, cheese and eggs",France,2021-07-01,0.0,2021
"Milk, cheese and eggs",France,2021-08-01,0.0,2021
"Milk, cheese and eggs",France,2021-09-01,-0.1,2021
"Milk, cheese and eggs",France,2021-10-01,0.1,2021
"Milk, cheese and eggs",France,2021-11-01,-0.2,2021
"Milk, cheese and eggs",France,2021-12-01,0.6,2021
"Milk, cheese and eggs",France,2022-01-01,0.5,2022
"Milk, cheese and eggs",France,2022-02-01,0.8,2022
"Milk, cheese and eggs",France,2022-03-01,1.7,2022
"Milk, cheese and eggs",France,2022-04-01,3.3,2022
"Milk, cheese and eggs",France,2022-05-01,4.7,2022
"Milk, cheese and eggs",France,2022-06-01,5.9,2022
"Milk, cheese and eggs",France,2022-07-01,7.9,2022
"Milk, cheese and eggs",France,2022-08-01,10.9,2022
"Milk, cheese and eggs",France,2022-09-01,12.5,2022
"Milk, cheese and eggs",France,2022-10-01,14.7,2022
"Milk, cheese and eggs",France,2022-11-01,15.9,2022
"Milk, cheese and eggs",France,2022-12-01,16.8,2022
"Milk, cheese and eggs",France,2023-01-01,19.0,2023
"Milk, cheese and eggs",France,2023-02-01,20.4,2023
"Milk, cheese and eggs",France,2023-03-01,21.7,2023
"Milk, cheese and eggs",France,2023-04-01,21.5,2023
"Milk, cheese and eggs",France,2023-05-01,20.7,2023
"Milk, cheese and eggs",France,2023-06-01,19.8,2023
"Milk, cheese and eggs",France,2023-07-01,17.9,2023
"Milk, cheese and eggs",France,2023-08-01,15.1,2023
"Milk, cheese and eggs",France,2023-09-01,13.5,2023
"Milk, cheese and eggs",France,2023-10-01,11.2,2023
"Milk, cheese and eggs",France,2023-11-01,9.8,2023
"Milk, cheese and eggs",France,2023-12-01,8.4,2023
"Milk, cheese and eggs",France,2024-01-01,6.3,2024
"Milk, cheese and eggs",France,2024-02-01,4.8,2024
"Milk, cheese and eggs",France,2024-03-01,2.7,2024
"Milk, cheese and eggs",France,2024-04-01,1.4,2024
"Milk, cheese and eggs",France,2024-05-01,0.8,2024
"Milk, cheese and eggs",France,2024-06-01,0.5,2024
"Milk, cheese and eggs",France,2024-07-01,-0.1,2024
"Milk, cheese and eggs",France,2024-08-01,-0.5,2024
"Milk, cheese and eggs",France,2024-09-01,-0.6,2024
"Milk, cheese and eggs",France,2024-10-01,-0.7,2024
"Milk, cheese and eggs",France,2024-11-01,-0.8,2024
"Milk, cheese and eggs",France,2024-12-01,-0.7,2024
"Milk, cheese and eggs",France,2025-01-01,-0.8,2025
"Milk, cheese and eggs",France,2025-02-01,-0.9,2025
"Milk, cheese and eggs",France,2025-03-01,-0.8,2025
"Milk, cheese and eggs",France,2025-04-01,-0.4,2025
"Milk, cheese and eggs",France,2025-05-01,-0.2,2025
"Milk, cheese and eggs",France,2025-06-01,-0.1,2025
"Milk, cheese and eggs",France,2025-07-01,0.2,2025
"Milk, cheese and eggs",France,2025-08-01,0.3,2025
"Milk, cheese and eggs",France,2025-09-01,0.4,2025
"Milk, cheese and eggs",France,2025-10-01,0.7,2025
"Milk, cheese and eggs",France,2025-11-01,0.8,2025
"Milk, cheese and eggs",France,2025-12-01,0.8,2025
"Milk, cheese and eggs",Italy,2019-01-01,0.0,2019
"Milk, cheese and eggs",Italy,2019-02-01,0.5,2019
"Milk, cheese and eggs",Italy,2019-03-01,0.5,2019
"Milk, cheese and eggs",Italy,2019-04-01,-0.2,2019
"Milk, cheese and eggs",Italy,2019-05-01,0.3,2019
"Milk, cheese and eggs",Italy,2019-06-01,0.4,2019
"Milk, cheese and eggs",Italy,2019-07-01,0.7,2019
"Milk, cheese and eggs",Italy,2019-08-01,0.6,2019
"Milk, cheese and eggs",Italy,2019-09-01,0.9,2019
"Milk, cheese and eggs",Italy,2019-10-01,1.1,2019
"Milk, cheese and eggs",Italy,2019-11-01,1.2,2019
"Milk, cheese and eggs",Italy,2019-12-01,0.9,2019
"Milk, cheese and eggs",Italy,2020-01-01,1.1,2020
"Milk, cheese and eggs",Italy,2020-02-01,0.9,2020
"Milk, cheese and eggs",Italy,2020-03-01,1.8,2020
"Milk, cheese and eggs",Italy,2020-04-01,2.3,2020
"Milk, cheese and eggs",Italy,2020-05-01,1.9,2020
"Milk, cheese and eggs",Italy,2020-06-01,1.3,2020
"Milk, cheese and eggs",Italy,2020-07-01,0.9,2020
"Milk, cheese and eggs",Italy,2020-08-01,0.5,2020
"Milk, cheese and eggs",Italy,2020-09-01,0.3,2020
"Milk, cheese and eggs",Italy,2020-10-01,-0.1,2020
"Milk, cheese and eggs",Italy,2020-11-01,0.0,2020
"Milk, cheese and eggs",Italy,2020-12-01,0.3,2020
"Milk, cheese and eggs",Italy,2021-01-01,-0.1,2021
"Milk, cheese and eggs",Italy,2021-02-01,-0.2,2021
"Milk, cheese and eggs",Italy,2021-03-01,-0.9,2021
"Milk, cheese and eggs",Italy,2021-04-01,-1.1,2021
"Milk, cheese and eggs",Italy,2021-05-01,-1.2,2021
"Milk, cheese and eggs",Italy,2021-06-01,-0.3,2021
"Milk, cheese and eggs",Italy,2021-07-01,0.0,2021
"Milk, cheese and eggs",Italy,2021-08-01,0.3,2021
"Milk, cheese and eggs",Italy,2021-09-01,0.6,2021
"Milk, cheese and eggs",Italy,2021-10-01,0.8,2021
"Milk, cheese and eggs",Italy,2021-11-01,0.8,2021
"Milk, cheese and eggs",Italy,2021-12-01,1.2,2021
"Milk, cheese and eggs",Italy,2022-01-01,1.7,2022
"Milk, cheese and eggs",Italy,2022-02-01,2.4,2022
"Milk, cheese and eggs",Italy,2022-03-01,2.9,2022
"Milk, cheese and eggs",Italy,2022-04-01,4.1,2022
"Milk, cheese and eggs",Italy,2022-05-01,6.2,2022
"Milk, cheese and eggs",Italy,2022-06-01,7.9,2022
"Milk, cheese and eggs",Italy,2022-07-01,10.0,2022
"Milk, cheese and eggs",Italy,2022-08-01,11.8,2022
"Milk, cheese and eggs",Italy,2022-09-01,13.7,2022
"Milk, cheese and eggs",Italy,2022-10-01,16.2,2022
"Milk, cheese and eggs",Italy,2022-11-01,18.4,2022
"Milk, cheese and eggs",Italy,2022-12-01,19.3,2022
"Milk, cheese and eggs",Italy,2023-01-01,19.4,2023
"Milk, cheese and eggs",Italy,2023-02-01,19.9,2023
"Milk, cheese and eggs",Italy,2023-03-01,19.5,2023
"Milk, cheese and eggs",Italy,2023-04-01,18.2,2023
"Milk, cheese and eggs",Italy,2023-05-01,16.1,2023
"Milk, cheese and eggs",Italy,2023-06-01,13.5,2023
"Milk, cheese and eggs",Italy,2023-07-01,11.6,2023
"Milk, cheese and eggs",Italy,2023-08-01,9.7,2023
"Milk, cheese and eggs",Italy,2023-09-01,7.4,2023
"Milk, cheese and eggs",Italy,2023-10-01,4.5,2023
"Milk, cheese and eggs",Italy,2023-11-01,2.0,2023
"Milk, cheese and eggs",Italy,2023-12-01,0.8,2023
"Milk, cheese and eggs",Italy,2024-01-01,0.4,2024
"Milk, cheese and eggs",Italy,2024-02-01,-0.8,2024
"Milk, cheese and eggs",Italy,2024-03-01,-1.0,2024
"Milk, cheese and eggs",Italy,2024-04-01,-1.3,2024
"Milk, cheese and eggs",Italy,2024-05-01,-1.7,2024
"Milk, cheese and eggs",Italy,2024-06-01,-1.1,2024
"Milk, cheese and eggs",Italy,2024-07-01,-1.3,2024
"Milk, cheese and eggs",Italy,2024-08-01,-0.9,2024
"Milk, cheese and eggs",Italy,2024-09-01,-0.4,2024
"Milk, cheese and eggs",Italy,2024-10-01,0.3,2024
"Milk, cheese and eggs",Italy,2024-11-01,1.4,2024
"Milk, cheese and eggs",Italy,2024-12-01,1.7,2024
"Milk, cheese and eggs",Italy,2025-01-01,1.9,2025
"Milk, cheese and eggs",Italy,2025-02-01,2.8,2025
"Milk, cheese and eggs",Italy,2025-03-01,3.1,2025
"Milk, cheese and eggs",Italy,2025-04-01,3.9,2025
"Milk, cheese and eggs",Italy,2025-05-01,4.8,2025
"Milk, cheese and eggs",Italy,2025-06-01,5.0,2025
"Milk, cheese and eggs",Italy,2025-07-01,5.5,2025
"Milk, cheese and eggs",Italy,2025-08-01,5.3,2025
"Milk, cheese and eggs",Italy,2025-09-01,5.3,2025
"Milk, cheese and eggs",Italy,2025-10-01,5.2,2025
"Milk, cheese and eggs",Italy,2025-11-01,4.5,2025
"Milk, cheese and eggs",Italy,2025-12-01,4.5,2025
"Milk, cheese and eggs",Portugal,2019-01-01,-1.0,2019
"Milk, cheese and eggs",Portugal,2019-02-01,-1.5,2019
"Milk, cheese and eggs",Portugal,2019-03-01,-0.8,2019
"Milk, cheese and eggs",Portugal,2019-04-01,-2.6,2019
"Milk, cheese and eggs",Portugal,2019-05-01,-1.8,2019
"Milk, cheese and eggs",Portugal,2019-06-01,-1.3,2019
"Milk, cheese and eggs",Portugal,2019-07-01,-1.1,2019
"Milk, cheese and eggs",Portugal,2019-08-01,-1.5,2019
"Milk, cheese and eggs",Portugal,2019-09-01,-1.7,2019
"Milk, cheese and eggs",Portugal,2019-10-01,-1.0,2019
"Milk, cheese and eggs",Portugal,2019-11-01,-1.8,2019
"Milk, cheese and eggs",Portugal,2019-12-01,-2.6,2019
"Milk, cheese and eggs",Portugal,2020-01-01,-1.3,2020
"Milk, cheese and eggs",Portugal,2020-02-01,-1.3,2020
"Milk, cheese and eggs",Portugal,2020-03-01,-1.0,2020
"Milk, cheese and eggs",Portugal,2020-04-01,1.4,2020
"Milk, cheese and eggs",Portugal,2020-05-01,-1.0,2020
"Milk, cheese and eggs",Portugal,2020-06-01,-0.1,2020
"Milk, cheese and eggs",Portugal,2020-07-01,-0.8,2020
"Milk, cheese and eggs",Portugal,2020-08-01,-0.6,2020
"Milk, cheese and eggs",Portugal,2020-09-01,-1.3,2020
"Milk, cheese and eggs",Portugal,2020-10-01,-0.8,2020
"Milk, cheese and eggs",Portugal,2020-11-01,0.0,2020
"Milk, cheese and eggs",Portugal,2020-12-01,0.7,2020
"Milk, cheese and eggs",Portugal,2021-01-01,0.7,2021
"Milk, cheese and eggs",Portugal,2021-02-01,0.1,2021
"Milk, cheese and eggs",Portugal,2021-03-01,-0.3,2021
"Milk, cheese and eggs",Portugal,2021-04-01,-2.0,2021
"Milk, cheese and eggs",Portugal,2021-05-01,0.7,2021
"Milk, cheese and eggs",Portugal,2021-06-01,-0.3,2021
"Milk, cheese and eggs",Portugal,2021-07-01,-0.4,2021
"Milk, cheese and eggs",Portugal,2021-08-01,-0.2,2021
"Milk, cheese and eggs",Portugal,2021-09-01,0.3,2021
"Milk, cheese and eggs",Portugal,2021-10-01,-0.2,2021
"Milk, cheese and eggs",Portugal,2021-11-01,0.2,2021
"Milk, cheese and eggs",Portugal,2021-12-01,0.4,2021
"Milk, cheese and eggs",Portugal,2022-01-01,1.9,2022
"Milk, cheese and eggs",Portugal,2022-02-01,4.1,2022
"Milk, cheese and eggs",Portugal,2022-03-01,5.7,2022
"Milk, cheese and eggs",Portugal,2022-04-01,7.1,2022
"Milk, cheese and eggs",Portugal,2022-05-01,10.7,2022
"Milk, cheese and eggs",Portugal,2022-06-01,11.8,2022
"Milk, cheese and eggs",Portugal,2022-07-01,13.5,2022
"Milk, cheese and eggs",Portugal,2022-08-01,14.4,2022
"Milk, cheese and eggs",Portugal,2022-09-01,16.5,2022
"Milk, cheese and eggs",Portugal,2022-10-01,22.1,2022
"Milk, cheese and eggs",Portugal,2022-11-01,29.8,2022
"Milk, cheese and eggs",Portugal,2022-12-01,31.8,2022
"Milk, cheese and eggs",Portugal,2023-01-01,31.0,2023
"Milk, cheese and eggs",Portugal,2023-02-01,29.0,2023
"Milk, cheese and eggs",Portugal,2023-03-01,28.0,2023
"Milk, cheese and eggs",Portugal,2023-04-01,26.1,2023
"Milk, cheese and eggs",Portugal,2023-05-01,15.8,2023
"Milk, cheese and eggs",Portugal,2023-06-01,13.6,2023
"Milk, cheese and eggs",Portugal,2023-07-01,10.8,2023
"Milk, cheese and eggs",Portugal,2023-08-01,9.8,2023
"Milk, cheese and eggs",Portugal,2023-09-01,8.1,2023
"Milk, cheese and eggs",Portugal,2023-10-01,2.8,2023
"Milk, cheese and eggs",Portugal,2023-11-01,-3.0,2023
"Milk, cheese and eggs",Portugal,2023-12-01,-4.8,2023
"Milk, cheese and eggs",Portugal,2024-01-01,-2.2,2024
"Milk, cheese and eggs",Portugal,2024-02-01,-1.6,2024
"Milk, cheese and eggs",Portugal,2024-03-01,-2.3,2024
"Milk, cheese and eggs",Portugal,2024-04-01,-2.5,2024
"Milk, cheese and eggs",Portugal,2024-05-01,2.7,2024
"Milk, cheese and eggs",Portugal,2024-06-01,3.0,2024
"Milk, cheese and eggs",Portugal,2024-07-01,4.1,2024
"Milk, cheese and eggs",Portugal,2024-08-01,4.1,2024
"Milk, cheese and eggs",Portugal,2024-09-01,4.2,2024
"Milk, cheese and eggs",Portugal,2024-10-01,4.3,2024
"Milk, cheese and eggs",Portugal,2024-11-01,4.1,2024
"Milk, cheese and eggs",Portugal,2024-12-01,5.0,2024
"Milk, cheese and eggs",Portugal,2025-01-01,0.9,2025
"Milk, cheese and eggs",Portugal,2025-02-01,0.3,2025
"Milk, cheese and eggs",Portugal,2025-03-01,0.3,2025
"Milk, cheese and eggs",Portugal,2025-04-01,1.7,2025
"Milk, cheese and eggs",Portugal,2025-05-01,2.2,2025
"Milk, cheese and eggs",Portugal,2025-06-01,3.0,2025
"Milk, cheese and eggs",Portugal,2025-07-01,3.5,2025
"Milk, cheese and eggs",Portugal,2025-08-01,2.9,2025
"Milk, cheese and eggs",Portugal,2025-09-01,3.2,2025
"Milk, cheese and eggs",Portugal,2025-10-01,3.2,2025
"Milk, cheese and eggs",Portugal,2025-11-01,2.7,2025
"Milk, cheese and eggs",Portugal,2025-12-01,2.0,2025
Eggs,Germany,2019-01-01,0.1,2019
Eggs,Germany,2019-02-01,-2.6,2019
Eggs,Germany,2019-03-01,-2.6,2019
Eggs,Germany,2019-04-01,-2.7,2019
Eggs,Germany,2019-05-01,-2.5,2019
Eggs,Germany,2019-06-01,-2.5,2019
Eggs,Germany,2019-07-01,-2.5,2019
Eggs,Germany,2019-08-01,-2.4,2019
Eggs,Germany,2019-09-01,-2.8,2019
Eggs,Germany,2019-10-01,-3.0,2019
Eggs,Germany,2019-11-01,-3.3,2019
Eggs,Germany,2019-12-01,-2.9,2019
Eggs,Germany,2020-01-01,0.5,2020
Eggs,Germany,2020-02-01,2.9,2020
Eggs,Germany,2020-03-01,2.7,2020
Eggs,Germany,2020-04-01,2.6,2020
Eggs,Germany,2020-05-01,2.8,2020
Eggs,Germany,2020-06-01,3.2,2020
Eggs,Germany,2020-07-01,1.1,2020
Eggs,Germany,2020-08-01,1.2,2020
Eggs,Germany,2020-09-01,1.5,2020
Eggs,Germany,2020-10-01,1.6,2020
Eggs,Germany,2020-11-01,1.9,2020
Eggs,Germany,2020-12-01,1.5,2020
Eggs,Germany,2021-01-01,2.4,2021
Eggs,Germany,2021-02-01,0.5,2021
Eggs,Germany,2021-03-01,0.8,2021
Eggs,Germany,2021-04-01,2.3,2021
Eggs,Germany,2021-05-01,5.1,2021
Eggs,Germany,2021-06-01,5.1,2021
Eggs,Germany,2021-07-01,9.7,2021
Eggs,Germany,2021-08-01,12.2,2021
Eggs,Germany,2021-09-01,13.4,2021
Eggs,Germany,2021-10-01,14.6,2021
Eggs,Germany,2021-11-01,14.7,2021
Eggs,Germany,2021-12-01,15.3,2021
Eggs,Germany,2022-01-01,14.3,2022
Eggs,Germany,2022-02-01,16.3,2022
Eggs,Germany,2022-03-01,17.0,2022
Eggs,Germany,2022-04-01,24.3,2022
Eggs,Germany,2022-05-01,24.7,2022
Eggs,Germany,2022-06-01,26.3,2022
Eggs,Germany,2022-07-01,23.9,2022
Eggs,Germany,2022-08-01,21.4,2022
Eggs,Germany,2022-09-01,20.3,2022
Eggs,Germany,2022-10-01,19.8,2022
Eggs,Germany,2022-11-01,19.6,2022
Eggs,Germany,2022-12-01,19.6,2022
Eggs,Germany,2023-01-01,17.9,2023
Eggs,Germany,2023-02-01,16.6,2023
Eggs,Germany,2023-03-01,16.2,2023
Eggs,Germany,2023-04-01,8.5,2023
Eggs,Germany,2023-05-01,5.2,2023
Eggs,Germany,2023-06-01,3.2,2023
Eggs,Germany,2023-07-01,3.3,2023
Eggs,Germany,2023-08-01,3.1,2023
Eggs,Germany,2023-09-01,3.1,2023
Eggs,Germany,2023-10-01,2.4,2023
Eggs,Germany,2023-11-01,1.9,2023
Eggs,Germany,2023-12-01,2.1,2023
Eggs,Germany,2024-01-01,2.8,2024
Eggs,Germany,2024-02-01,2.4,2024
Eggs,Germany,2024-03-01,1.9,2024
Eggs,Germany,2024-04-01,1.3,2024
Eggs,Germany,2024-05-01,1.2,2024
Eggs,Germany,2024-06-01,1.7,2024
Eggs,Germany,2024-07-01,1.2,2024
Eggs,Germany,2024-08-01,1.4,2024
Eggs,Germany,2024-09-01,0.9,2024
Eggs,Germany,2024-10-01,1.4,2024
Eggs,Germany,2024-11-01,1.4,2024
Eggs,Germany,2024-12-01,0.9,2024
Eggs,Germany,2025-01-01,1.2,2025
Eggs,Germany,2025-02-01,1.7,2025
Eggs,Germany,2025-03-01,2.2,2025
Eggs,Germany,2025-04-01,2.6,2025
Eggs,Germany,2025-05-01,3.2,2025
Eggs,Germany,2025-06-01,3.1,2025
Eggs,Germany,2025-07-01,3.2,2025
Eggs,Germany,2025-08-01,2.8,2025
Eggs,Germany,2025-09-01,3.1,2025
Eggs,Germany,2025-10-01,3.1,2025
Eggs,Germany,2025-11-01,3.2,2025
Eggs,Germany,2025-12-01,3.3,2025
Eggs,"Euro area (EA11-1999, EA12-2001, EA13-2007, EA15-2008, EA16-2009, EA17-2011, EA18-2014, EA19-2015, EA20-2023, EA21-2026)",2019-01-01,0.0,2019
Eggs,"Euro area (EA11-1999, EA12-2001, EA13-2007, EA15-2008, EA16-2009, EA17-2011, EA18-2014, EA19-2015, EA20-2023, EA21-2026)",2019-02-01,-0.9,2019
Eggs,"Euro area (EA11-1999, EA12-2001, EA13-2007, EA15-2008, EA16-2009, EA17-2011, EA18-2014, EA19-2015, EA20-2023, EA21-2026)",2019-03-01,-0.8,2019
Eggs,"Euro area (EA11-1999, EA12-2001, EA13-2007, EA15-2008, EA16-2009, EA17-2011, EA18-2014, EA19-2015, EA20-2023, EA21-2026)",2019-04-01,-0.8,2019
Eggs,"Euro area (EA11-1999, EA12-2001, EA13-2007, EA15-2008, EA16-2009, EA17-2011, EA18-2014, EA19-2015, EA20-2023, EA21-2026)",2019-05-01,-0.5,2019
Eggs,"Euro area (EA11-1999, EA12-2001, EA13-2007, EA15-2008, EA16-2009, EA17-2011, EA18-2014, EA19-2015, EA20-2023, EA21-2026)",2019-06-01,-0.5,2019
Eggs,"Euro area (EA11-1999, EA12-2001, EA13-2007, EA15-2008, EA16-2009, EA17-2011, EA18-2014, EA19-2015, EA20-2023, EA21-2026)",2019-07-01,-0.3,2019
Eggs,"Euro area (EA11-1999, EA12-2001, EA13-2007, EA15-2008, EA16-2009, EA17-2011, EA18-2014, EA19-2015, EA20-2023, EA21-2026)",2019-08-01,-0.1,2019
Eggs,"Euro area (EA11-1999, EA12-2001, EA13-2007, EA15-2008, EA16-2009, EA17-2011, EA18-2014, EA19-2015, EA20-2023, EA21-2026)",2019-09-01,-0.4,2019
Eggs,"Euro area (EA11-1999, EA12-2001, EA13-2007, EA15-2008, EA16-2009, EA17-2011, EA18-2014, EA19-2015, EA20-2023, EA21-2026)",2019-10-01,-0.5,2019
Eggs,"Euro area (EA11-1999, EA12-2001, EA13-2007, EA15-2008, EA16-2009, EA17-2011, EA18-2014, EA19-2015, EA20-2023, EA21-2026)",2019-11-01,-0.4,2019
Eggs,"Euro area (EA11-1999, EA12-2001, EA13-2007, EA15-2008, EA16-2009, EA17-2011, EA18-2014, EA19-2015, EA20-2023, EA21-2026)",2019-12-01,-0.4,2019
Eggs,"Euro area (EA11-1999, EA12-2001, EA13-2007, EA15-2008, EA16-2009, EA17-2011, EA18-2014, EA19-2015, EA20-2023, EA21-2026)",2020-01-01,0.8,2020
Eggs,"Euro area (EA11-1999, EA12-2001, EA13-2007, EA15-2008, EA16-2009, EA17-2011, EA18-2014, EA19-2015, EA20-2023, EA21-2026)",2020-02-01,1.3,2020
Eggs,"Euro area (EA11-1999, EA12-2001, EA13-2007, EA15-2008, EA16-2009, EA17-2011, EA18-2014, EA19-2015, EA20-2023, EA21-2026)",2020-03-01,1.4,2020
Eggs,"Euro area (EA11-1999, EA12-2001, EA13-2007, EA15-2008, EA16-2009, EA17-2011, EA18-2014, EA19-2015, EA20-2023, EA21-2026)",2020-04-01,1.6,2020
Eggs,"Euro area (EA11-1999, EA12-2001, EA13-2007, EA15-2008, EA16-2009, EA17-2011, EA18-2014, EA19-2015, EA20-2023, EA21-2026)",2020-05-01,1.4,2020
Eggs,"Euro area (EA11-1999, EA12-2001, EA13-2007, EA15-2008, EA16-2009, EA17-2011, EA18-2014, EA19-2015, EA20-2023, EA21-2026)",2020-06-01,1.5,2020
Eggs,"Euro area (EA11-1999, EA12-2001, EA13-2007, EA15-2008, EA16-2009, EA17-2011, EA18-2014, EA19-2015, EA20-2023, EA21-2026)",2020-07-01,0.9,2020
Eggs,"Euro area (EA11-1999, EA12-2001, EA13-2007, EA15-2008, EA16-2009, EA17-2011, EA18-2014, EA19-2015, EA20-2023, EA21-2026)",2020-08-01,0.6,2020
Eggs,"Euro area (EA11-1999, EA12-2001, EA13-2007, EA15-2008, EA16-2009, EA17-2011, EA18-2014, EA19-2015, EA20-2023, EA21-2026)",2020-09-01,0.8,2020
Eggs,"Euro area (EA11-1999, EA12-2001, EA13-2007, EA15-2008, EA16-2009, EA17-2011, EA18-2014, EA19-2015, EA20-2023, EA21-2026)",2020-10-01,0.7,2020
Eggs,"Euro area (EA11-1999, EA12-2001, EA13-2007, EA15-2008, EA16-2009, EA17-2011, EA18-2014, EA19-2015, EA20-2023, EA21-2026)",2020-11-01,0.7,2020
Eggs,"Euro area (EA11-1999, EA12-2001, EA13-2007, EA15-2008, EA16-2009, EA17-2011, EA18-2014, EA19-2015, EA20-2023, EA21-2026)",2020-12-01,0.5,2020
Eggs,"Euro area (EA11-1999, EA12-2001, EA13-2007, EA15-2008, EA16-2009, EA17-2011, EA18-2014, EA19-2015, EA20-2023, EA21-2026)",2021-01-01,0.5,2021
Eggs,"Euro area (EA11-1999, EA12-2001, EA13-2007, EA15-2008, EA16-2009, EA17-2011, EA18-2014, EA19-2015, EA20-2023, EA21-2026)",2021-02-01,0.0,2021
Eggs,"Euro area (EA11-1999, EA12-2001, EA13-2007, EA15-2008, EA16-2009, EA17-2011, EA18-2014, EA19-2015, EA20-2023, EA21-2026)",2021-03-01,-0.3,2021
Eggs,"Euro area (EA11-1999, EA12-2001, EA13-2007, EA15-2008, EA16-2009, EA17-2011, EA18-2014, EA19-2015, EA20-2023, EA21-2026)",2021-04-01,0.0,2021
Eggs,"Euro area (EA11-1999, EA12-2001, EA13-2007, EA15-2008, EA16-2009, EA17-2011, EA18-2014, EA19-2015, EA20-2023, EA21-2026)",2021-05-01,1.1,2021
Eggs,"Euro area (EA11-1999, EA12-2001, EA13-2007, EA15-2008, EA16-2009, EA17-2011, EA18-2014, EA19-2015, EA20-2023, EA21-2026)",2021-06-01,1.4,2021
Eggs,"Euro area (EA11-1999, EA12-2001, EA13-2007, EA15-2008, EA16-2009, EA17-2011, EA18-2014, EA19-2015, EA20-2023, EA21-2026)",2021-07-01,2.7,2021
Eggs,"Euro area (EA11-1999, EA12-2001, EA13-2007, EA15-2008, EA16-2009, EA17-2011, EA18-2014, EA19-2015, EA20-2023, EA21-2026)",2021-08-01,3.6,2021
Eggs,"Euro area (EA11-1999, EA12-2001, EA13-2007, EA15-2008, EA16-2009, EA17-2011, EA18-2014, EA19-2015, EA20-2023, EA21-2026)",2021-09-01,4.1,2021
Eggs,"Euro area (EA11-1999, EA12-2001, EA13-2007, EA15-2008, EA16-2009, EA17-2011, EA18-2014, EA19-2015, EA20-2023, EA21-2026)",2021-10-01,4.7,2021
Eggs,"Euro area (EA11-1999, EA12-2001, EA13-2007, EA15-2008, EA16-2009, EA17-2011, EA18-2014, EA19-2015, EA20-2023, EA21-2026)",2021-11-01,5.0,2021
Eggs,"Euro area (EA11-1999, EA12-2001, EA13-2007, EA15-2008, EA16-2009, EA17-2011, EA18-2014, EA19-2015, EA20-2023, EA21-2026)",2021-12-01,5.7,2021
Eggs,"Euro area (EA11-1999, EA12-2001, EA13-2007, EA15-2008, EA16-2009, EA17-2011, EA18-2014, EA19-2015, EA20-2023, EA21-2026)",2022-01-01,6.1,2022
Eggs,"Euro area (EA11-1999, EA12-2001, EA13-2007, EA15-2008, EA16-2009, EA17-2011, EA18-2014, EA19-2015, EA20-2023, EA21-2026)",2022-02-01,7.6,2022
Eggs,"Euro area (EA11-1999, EA12-2001, EA13-2007, EA15-2008, EA16-2009, EA17-2011, EA18-2014, EA19-2015, EA20-2023, EA21-2026)",2022-03-01,9.1,2022
Eggs,"Euro area (EA11-1999, EA12-2001, EA13-2007, EA15-2008, EA16-2009, EA17-2011, EA18-2014, EA19-2015, EA20-2023, EA21-2026)",2022-04-01,14.8,2022
Eggs,"Euro area (EA11-1999, EA12-2001, EA13-2007, EA15-2008, EA16-2009, EA17-2011, EA18-2014, EA19-2015, EA20-2023, EA21-2026)",2022-05-01,17.9,2022
Eggs,"Euro area (EA11-1999, EA12-2001, EA13-2007, EA15-2008, EA16-2009, EA17-2011, EA18-2014, EA19-2015, EA20-2023, EA21-2026)",2022-06-01,19.1,2022
Eggs,"Euro area (EA11-1999, EA12-2001, EA13-2007, EA15-2008, EA16-2009, EA17-2011, EA18-2014, EA19-2015, EA20-2023, EA21-2026)",2022-07-01,18.9,2022
Eggs,"Euro area (EA11-1999, EA12-2001, EA13-2007, EA15-2008, EA16-2009, EA17-2011, EA18-2014, EA19-2015, EA20-2023, EA21-2026)",2022-08-01,18.7,2022
Eggs,"Euro area (EA11-1999, EA12-2001, EA13-2007, EA15-2008, EA16-2009, EA17-2011, EA18-2014, EA19-2015, EA20-2023, EA21-2026)",2022-09-01,19.4,2022
Eggs,"Euro area (EA11-1999, EA12-2001, EA13-2007, EA15-2008, EA16-2009, EA17-2011, EA18-2014, EA19-2015, EA20-2023, EA21-2026)",2022-10-01,20.7,2022
Eggs,"Euro area (EA11-1999, EA12-2001, EA13-2007, EA15-2008, EA16-2009, EA17-2011, EA18-2014, EA19-2015, EA20-2023, EA21-2026)",2022-11-01,22.6,2022
Eggs,"Euro area (EA11-1999, EA12-2001, EA13-2007, EA15-2008, EA16-2009, EA17-2011, EA18-2014, EA19-2015, EA20-2023, EA21-2026)",2022-12-01,23.9,2022
Eggs,"Euro area (EA11-1999, EA12-2001, EA13-2007, EA15-2008, EA16-2009, EA17-2011, EA18-2014, EA19-2015, EA20-2023, EA21-2026)",2023-01-01,23.8,2023
Eggs,"Euro area (EA11-1999, EA12-2001, EA13-2007, EA15-2008, EA16-2009, EA17-2011, EA18-2014, EA19-2015, EA20-2023, EA21-2026)",2023-02-01,23.6,2023
Eggs,"Euro area (EA11-1999, EA12-2001, EA13-2007, EA15-2008, EA16-2009, EA17-2011, EA18-2014, EA19-2015, EA20-2023, EA21-2026)",2023-03-01,22.9,2023
Eggs,"Euro area (EA11-1999, EA12-2001, EA13-2007, EA15-2008, EA16-2009, EA17-2011, EA18-2014, EA19-2015, EA20-2023, EA21-2026)",2023-04-01,16.7,2023
Eggs,"Euro area (EA11-1999, EA12-2001, EA13-2007, EA15-2008, EA16-2009, EA17-2011, EA18-2014, EA19-2015, EA20-2023, EA21-2026)",2023-05-01,12.9,2023
Eggs,"Euro area (EA11-1999, EA12-2001, EA13-2007, EA15-2008, EA16-2009, EA17-2011, EA18-2014, EA19-2015, EA20-2023, EA21-2026)",2023-06-01,11.1,2023
Eggs,"Euro area (EA11-1999, EA12-2001, EA13-2007, EA15-2008, EA16-2009, EA17-2011, EA18-2014, EA19-2015, EA20-2023, EA21-2026)",2023-07-01,10.6,2023
Eggs,"Euro area (EA11-1999, EA12-2001, EA13-2007, EA15-2008, EA16-2009, EA17-2011, EA18-2014, EA19-2015, EA20-2023, EA21-2026)",2023-08-01,9.6,2023
Eggs,"Euro area (EA11-1999, EA12-2001, EA13-2007, EA15-2008, EA16-2009, EA17-2011, EA18-2014, EA19-2015, EA20-2023, EA21-2026)",2023-09-01,8.5,2023
Eggs,"Euro area (EA11-1999, EA12-2001, EA13-2007, EA15-2008, EA16-2009, EA17-2011, EA18-2014, EA19-2015, EA20-2023, EA21-2026)",2023-10-01,6.5,2023
Eggs,"Euro area (EA11-1999, EA12-2001, EA13-2007, EA15-2008, EA16-2009, EA17-2011, EA18-2014, EA19-2015, EA20-2023, EA21-2026)",2023-11-01,4.1,2023
Eggs,"Euro area (EA11-1999, EA12-2001, EA13-2007, EA15-2008, EA16-2009, EA17-2011, EA18-2014, EA19-2015, EA20-2023, EA21-2026)",2023-12-01,2.5,2023
Eggs,"Euro area (EA11-1999, EA12-2001, EA13-2007, EA15-2008, EA16-2009, EA17-2011, EA18-2014, EA19-2015, EA20-2023, EA21-2026)",2024-01-01,1.9,2024
Eggs,"Euro area (EA11-1999, EA12-2001, EA13-2007, EA15-2008, EA16-2009, EA17-2011, EA18-2014, EA19-2015, EA20-2023, EA21-2026)",2024-02-01,1.0,2024
Eggs,"Euro area (EA11-1999, EA12-2001, EA13-2007, EA15-2008, EA16-2009, EA17-2011, EA18-2014, EA19-2015, EA20-2023, EA21-2026)",2024-03-01,0.0,2024
Eggs,"Euro area (EA11-1999, EA12-2001, EA13-2007, EA15-2008, EA16-2009, EA17-2011, EA18-2014, EA19-2015, EA20-2023, EA21-2026)",2024-04-01,-0.7,2024
Eggs,"Euro area (EA11-1999, EA12-2001, EA13-2007, EA15-2008, EA16-2009, EA17-2011, EA18-2014, EA19-2015, EA20-2023, EA21-2026)",2024-05-01,-0.8,2024
Eggs,"Euro area (EA11-1999, EA12-2001, EA13-2007, EA15-2008, EA16-2009, EA17-2011, EA18-2014, EA19-2015, EA20-2023, EA21-2026)",2024-06-01,-0.8,2024
Eggs,"Euro area (EA11-1999, EA12-2001, EA13-2007, EA15-2008, EA16-2009, EA17-2011, EA18-2014, EA19-2015, EA20-2023, EA21-2026)",2024-07-01,-1.1,2024
Eggs,"Euro area (EA11-1999, EA12-2001, EA13-2007, EA15-2008, EA16-2009, EA17-2011, EA18-2014, EA19-2015, EA20-2023, EA21-2026)",2024-08-01,-0.6,2024
Eggs,"Euro area (EA11-1999, EA12-2001, EA13-2007, EA15-2008, EA16-2009, EA17-2011, EA18-2014, EA19-2015, EA20-2023, EA21-2026)",2024-09-01,-0.6,2024
Eggs,"Euro area (EA11-1999, EA12-2001, EA13-2007, EA15-2008, EA16-2009, EA17-2011, EA18-2014, EA19-2015, EA20-2023, EA21-2026)",2024-10-01,-0.1,2024
Eggs,"Euro area (EA11-1999, EA12-2001, EA13-2007, EA15-2008, EA16-2009, EA17-2011, EA18-2014, EA19-2015, EA20-2023, EA21-2026)",2024-11-01,1.0,2024
Eggs,"Euro area (EA11-1999, EA12-2001, EA13-2007, EA15-2008, EA16-2009, EA17-2011, EA18-2014, EA19-2015, EA20-2023, EA21-2026)",2024-12-01,1.2,2024
Eggs,"Euro area (EA11-1999, EA12-2001, EA13-2007, EA15-2008, EA16-2009, EA17-2011, EA18-2014, EA19-2015, EA20-2023, EA21-2026)",2025-01-01,1.4,2025
Eggs,"Euro area (EA11-1999, EA12-2001, EA13-2007, EA15-2008, EA16-2009, EA17-2011, EA18-2014, EA19-2015, EA20-2023, EA21-2026)",2025-02-01,1.7,2025
Eggs,"Euro area (EA11-1999, EA12-2001, EA13-2007, EA15-2008, EA16-2009, EA17-2011, EA18-2014, EA19-2015, EA20-2023, EA21-2026)",2025-03-01,3.4,2025
Eggs,"Euro area (EA11-1999, EA12-2001, EA13-2007, EA15-2008, EA16-2009, EA17-2011, EA18-2014, EA19-2015, EA20-2023, EA21-2026)",2025-04-01,5.4,2025
Eggs,"Euro area (EA11-1999, EA12-2001, EA13-2007, EA15-2008, EA16-2009, EA17-2011, EA18-2014, EA19-2015, EA20-2023, EA21-2026)",2025-05-01,5.7,2025
Eggs,"Euro area (EA11-1999, EA12-2001, EA13-2007, EA15-2008, EA16-2009, EA17-2011, EA18-2014, EA19-2015, EA20-2023, EA21-2026)",2025-06-01,6.2,2025
Eggs,"Euro area (EA11-1999, EA12-2001, EA13-2007, EA15-2008, EA16-2009, EA17-2011, EA18-2014, EA19-2015, EA20-2023, EA21-2026)",2025-07-01,6.7,2025
Eggs,"Euro area (EA11-1999, EA12-2001, EA13-2007, EA15-2008, EA16-2009, EA17-2011, EA18-2014, EA19-2015, EA20-2023, EA21-2026)",2025-08-01,6.6,2025
Eggs,"Euro area (EA11-1999, EA12-2001, EA13-2007, EA15-2008, EA16-2009, EA17-2011, EA18-2014, EA19-2015, EA20-2023, EA21-2026)",2025-09-01,6.8,2025
Eggs,"Euro area (EA11-1999, EA12-2001, EA13-2007, EA15-2008, EA16-2009, EA17-2011, EA18-2014, EA19-2015, EA20-2023, EA21-2026)",2025-10-01,7.7,2025
Eggs,"Euro area (EA11-1999, EA12-2001, EA13-2007, EA15-2008, EA16-2009, EA17-2011, EA18-2014, EA19-2015, EA20-2023, EA21-2026)",2025-11-01,8.3,2025
Eggs,"Euro area (EA11-1999, EA12-2001, EA13-2007, EA15-2008, EA16-2009, EA17-2011, EA18-2014, EA19-2015, EA20-2023, EA21-2026)",2025-12-01,8.7,2025
Eggs,Spain,2019-01-01,-0.2,2019
Eggs,Spain,2019-02-01,0.1,2019
Eggs,Spain,2019-03-01,0.0,2019
Eggs,Spain,2019-04-01,0.1,2019
Eggs,Spain,2019-05-01,0.0,2019
Eggs,Spain,2019-06-01,0.3,2019
Eggs,Spain,2019-07-01,0.3,2019
Eggs,Spain,2019-08-01,-0.1,2019
Eggs,Spain,2019-09-01,-0.2,2019
Eggs,Spain,2019-10-01,0.2,2019
Eggs,Spain,2019-11-01,0.0,2019
Eggs,Spain,2019-12-01,0.1,2019
Eggs,Spain,2020-01-01,0.3,2020
Eggs,Spain,2020-02-01,0.1,2020
Eggs,Spain,2020-03-01,0.5,2020
Eggs,Spain,2020-04-01,1.0,2020
Eggs,Spain,2020-05-01,0.9,2020
Eggs,Spain,2020-06-01,-0.1,2020
Eggs,Spain,2020-07-01,-0.2,2020
Eggs,Spain,2020-08-01,0.0,2020
Eggs,Spain,2020-09-01,-0.3,2020
Eggs,Spain,2020-10-01,-0.5,2020
Eggs,Spain,2020-11-01,-0.3,2020
Eggs,Spain,2020-12-01,-1.0,2020
Eggs,Spain,2021-01-01,-0.9,2021
Eggs,Spain,2021-02-01,-0.6,2021
Eggs,Spain,2021-03-01,-0.7,2021
Eggs,Spain,2021-04-01,-0.6,2021
Eggs,Spain,2021-05-01,-0.9,2021
Eggs,Spain,2021-06-01,1.5,2021
Eggs,Spain,2021-07-01,3.0,2021
Eggs,Spain,2021-08-01,3.6,2021
Eggs,Spain,2021-09-01,4.1,2021
Eggs,Spain,2021-10-01,4.3,2021
Eggs,Spain,2021-11-01,4.9,2021
Eggs,Spain,2021-12-01,6.2,2021
Eggs,Spain,2022-01-01,6.6,2022
Eggs,Spain,2022-02-01,6.6,2022
Eggs,Spain,2022-03-01,11.0,2022
Eggs,Spain,2022-04-01,21.6,2022
Eggs,Spain,2022-05-01,25.3,2022
Eggs,Spain,2022-06-01,23.9,2022
Eggs,Spain,2022-07-01,22.5,2022
Eggs,Spain,2022-08-01,22.5,2022
Eggs,Spain,2022-09-01,23.6,2022
Eggs,Spain,2022-10-01,25.5,2022
Eggs,Spain,2022-11-01,27.1,2022
Eggs,Spain,2022-12-01,29.8,2022
Eggs,Spain,2023-01-01,27.2,2023
Eggs,Spain,2023-02-01,28.0,2023
Eggs,Spain,2023-03-01,24.5,2023
Eggs,Spain,2023-04-01,15.8,2023
Eggs,Spain,2023-05-01,13.2,2023
Eggs,Spain,2023-06-01,13.1,2023
Eggs,Spain,2023-07-01,12.8,2023
Eggs,Spain,2023-08-01,12.3,2023
Eggs,Spain,2023-09-01,11.5,2023
Eggs,Spain,2023-10-01,9.3,2023
Eggs,Spain,2023-11-01,7.1,2023
Eggs,Spain,2023-12-01,4.4,2023
Eggs,Spain,2024-01-01,6.0,2024
Eggs,Spain,2024-02-01,4.9,2024
Eggs,Spain,2024-03-01,3.2,2024
Eggs,Spain,2024-04-01,1.3,2024
Eggs,Spain,2024-05-01,1.1,2024
Eggs,Spain,2024-06-01,0.8,2024
Eggs,Spain,2024-07-01,0.7,2024
Eggs,Spain,2024-08-01,1.0,2024
Eggs,Spain,2024-09-01,0.7,2024
Eggs,Spain,2024-10-01,2.0,2024
Eggs,Spain,2024-11-01,2.4,2024
Eggs,Spain,2024-12-01,2.2,2024
Eggs,Spain,2025-01-01,3.1,2025
Eggs,Spain,2025-02-01,3.8,2025
Eggs,Spain,2025-03-01,11.4,2025
Eggs,Spain,2025-04-01,17.4,2025
Eggs,Spain,2025-05-01,18.0,2025
Eggs,Spain,2025-06-01,18.0,2025
Eggs,Spain,2025-07-01,18.3,2025
Eggs,Spain,2025-08-01,17.8,2025
Eggs,Spain,2025-09-01,17.9,2025
Eggs,Spain,2025-10-01,22.5,2025
Eggs,Spain,2025-11-01,30.2,2025
Eggs,Spain,2025-12-01,31.3,2025
Eggs,France,2019-01-01,2.3,2019
Eggs,France,2019-02-01,2.2,2019
Eggs,France,2019-03-01,2.5,2019
Eggs,France,2019-04-01,2.6,2019
Eggs,France,2019-05-01,2.5,2019
Eggs,France,2019-06-01,3.0,2019
Eggs,France,2019-07-01,3.1,2019
Eggs,France,2019-08-01,2.8,2019
Eggs,France,2019-09-01,2.6,2019
Eggs,France,2019-10-01,2.2,2019
Eggs,France,2019-11-01,2.2,2019
Eggs,France,2019-12-01,1.6,2019
Eggs,France,2020-01-01,1.4,2020
Eggs,France,2020-02-01,1.2,2020
Eggs,France,2020-03-01,0.9,2020
Eggs,France,2020-04-01,0.5,2020
Eggs,France,2020-05-01,0.3,2020
Eggs,France,2020-06-01,-0.5,2020
Eggs,France,2020-07-01,-0.4,2020
Eggs,France,2020-08-01,-0.7,2020
Eggs,France,2020-09-01,-0.5,2020
Eggs,France,2020-10-01,-0.6,2020
Eggs,France,2020-11-01,-0.3,2020
Eggs,France,2020-12-01,-0.3,2020
Eggs,France,2021-01-01,-0.4,2021
Eggs,France,2021-02-01,-0.3,2021
Eggs,France,2021-03-01,-0.7,2021
Eggs,France,2021-04-01,-0.1,2021
Eggs,France,2021-05-01,-0.2,2021
Eggs,France,2021-06-01,-0.3,2021
Eggs,France,2021-07-01,-0.5,2021
Eggs,France,2021-08-01,-0.3,2021
Eggs,France,2021-09-01,-0.3,2021
Eggs,France,2021-10-01,-0.1,2021
Eggs,France,2021-11-01,0.0,2021
Eggs,France,2021-12-01,0.4,2021
Eggs,France,2022-01-01,0.3,2022
Eggs,France,2022-02-01,0.8,2022
Eggs,France,2022-03-01,2.0,2022
Eggs,France,2022-04-01,2.8,2022
Eggs,France,2022-05-01,5.7,2022
Eggs,France,2022-06-01,8.2,2022
Eggs,France,2022-07-01,9.8,2022
Eggs,France,2022-08-01,11.4,2022
Eggs,France,2022-09-01,13.0,2022
Eggs,France,2022-10-01,14.8,2022
Eggs,France,2022-11-01,16.2,2022
Eggs,France,2022-12-01,17.2,2022
Eggs,France,2023-01-01,20.7,2023
Eggs,France,2023-02-01,21.5,2023
Eggs,France,2023-03-01,21.9,2023
Eggs,France,2023-04-01,21.1,2023
Eggs,France,2023-05-01,18.3,2023
Eggs,France,2023-06-01,15.8,2023
Eggs,France,2023-07-01,14.1,2023
Eggs,France,2023-08-01,13.2,2023
Eggs,France,2023-09-01,11.1,2023
Eggs,France,2023-10-01,9.0,2023
Eggs,France,2023-11-01,7.3,2023
Eggs,France,2023-12-01,5.8,2023
Eggs,France,2024-01-01,2.8,2024
Eggs,France,2024-02-01,1.6,2024
Eggs,France,2024-03-01,0.1,2024
Eggs,France,2024-04-01,-0.3,2024
Eggs,France,2024-05-01,-0.7,2024
Eggs,France,2024-06-01,-1.0,2024
Eggs,France,2024-07-01,-1.2,2024
Eggs,France,2024-08-01,-2.1,2024
Eggs,France,2024-09-01,-1.6,2024
Eggs,France,2024-10-01,-1.6,2024
Eggs,France,2024-11-01,-1.7,2024
Eggs,France,2024-12-01,-1.5,2024
Eggs,France,2025-01-01,-1.1,2025
Eggs,France,2025-02-01,-1.0,2025
Eggs,France,2025-03-01,-0.6,2025
Eggs,France,2025-04-01,0.0,2025
Eggs,France,2025-05-01,0.3,2025
Eggs,France,2025-06-01,0.8,2025
Eggs,France,2025-07-01,1.1,2025
Eggs,France,2025-08-01,1.5,2025
Eggs,France,2025-09-01,1.6,2025
Eggs,France,2025-10-01,2.0,2025
Eggs,France,2025-11-01,2.3,2025
Eggs,France,2025-12-01,2.6,2025
Eggs,Italy,2019-01-01,0.2,2019
Eggs,Italy,2019-02-01,-0.8,2019
Eggs,Italy,2019-03-01,-0.9,2019
Eggs,Italy,2019-04-01,-1.3,2019
Eggs,Italy,2019-05-01,-0.3,2019
Eggs,Italy,2019-06-01,-1.0,2019
Eggs,Italy,2019-07-01,-1.1,2019
Eggs,Italy,2019-08-01,-0.5,2019
Eggs,Italy,2019-09-01,-0.6,2019
Eggs,Italy,2019-10-01,-0.1,2019
Eggs,Italy,2019-11-01,0.4,2019
Eggs,Italy,2019-12-01,-0.2,2019
Eggs,Italy,2020-01-01,1.1,2020
Eggs,Italy,2020-02-01,1.2,2020
Eggs,Italy,2020-03-01,1.7,2020
Eggs,Italy,2020-04-01,3.4,2020
Eggs,Italy,2020-05-01,2.0,2020
Eggs,Italy,2020-06-01,2.4,2020
Eggs,Italy,2020-07-01,2.4,2020
Eggs,Italy,2020-08-01,1.3,2020
Eggs,Italy,2020-09-01,1.5,2020
Eggs,Italy,2020-10-01,0.6,2020
Eggs,Italy,2020-11-01,0.9,2020
Eggs,Italy,2020-12-01,0.8,2020
Eggs,Italy,2021-01-01,0.5,2021
Eggs,Italy,2021-02-01,-0.2,2021
Eggs,Italy,2021-03-01,-1.4,2021
Eggs,Italy,2021-04-01,-2.4,2021
Eggs,Italy,2021-05-01,-1.5,2021
Eggs,Italy,2021-06-01,-1.5,2021
Eggs,Italy,2021-07-01,-1.4,2021
Eggs,Italy,2021-08-01,-1.2,2021
Eggs,Italy,2021-09-01,-0.9,2021
Eggs,Italy,2021-10-01,-0.6,2021
Eggs,Italy,2021-11-01,-0.9,2021
Eggs,Italy,2021-12-01,0.0,2021
Eggs,Italy,2022-01-01,1.3,2022
Eggs,Italy,2022-02-01,3.6,2022
Eggs,Italy,2022-03-01,5.0,2022
Eggs,Italy,2022-04-01,9.3,2022
Eggs,Italy,2022-05-01,12.4,2022
Eggs,Italy,2022-06-01,13.3,2022
Eggs,Italy,2022-07-01,13.9,2022
Eggs,Italy,2022-08-01,15.3,2022
Eggs,Italy,2022-09-01,16.4,2022
Eggs,Italy,2022-10-01,19.0,2022
Eggs,Italy,2022-11-01,21.8,2022
Eggs,Italy,2022-12-01,22.0,2022
Eggs,Italy,2023-01-01,20.8,2023
Eggs,Italy,2023-02-01,21.4,2023
Eggs,Italy,2023-03-01,22.3,2023
Eggs,Italy,2023-04-01,17.0,2023
Eggs,Italy,2023-05-01,14.0,2023
Eggs,Italy,2023-06-01,13.1,2023
Eggs,Italy,2023-07-01,12.3,2023
Eggs,Italy,2023-08-01,10.3,2023
Eggs,Italy,2023-09-01,8.4,2023
Eggs,Italy,2023-10-01,5.9,2023
Eggs,Italy,2023-11-01,2.6,2023
Eggs,Italy,2023-12-01,1.3,2023
Eggs,Italy,2024-01-01,1.5,2024
Eggs,Italy,2024-02-01,-0.8,2024
Eggs,Italy,2024-03-01,-2.5,2024
Eggs,Italy,2024-04-01,-2.2,2024
Eggs,Italy,2024-05-01,-3.0,2024
Eggs,Italy,2024-06-01,-3.3,2024
Eggs,Italy,2024-07-01,-2.8,2024
Eggs,Italy,2024-08-01,-1.5,2024
Eggs,Italy,2024-09-01,-1.1,2024
Eggs,Italy,2024-10-01,-0.8,2024
Eggs,Italy,2024-11-01,0.8,2024
Eggs,Italy,2024-12-01,1.1,2024
Eggs,Italy,2025-01-01,0.8,2025
Eggs,Italy,2025-02-01,2.7,2025
Eggs,Italy,2025-03-01,4.6,2025
Eggs,Italy,2025-04-01,5.7,2025
Eggs,Italy,2025-05-01,7.1,2025
Eggs,Italy,2025-06-01,7.2,2025
Eggs,Italy,2025-07-01,7.2,2025
Eggs,Italy,2025-08-01,6.9,2025
Eggs,Italy,2025-09-01,7.1,2025
Eggs,Italy,2025-10-01,7.4,2025
Eggs,Italy,2025-11-01,7.7,2025
Eggs,Italy,2025-12-01,8.4,2025
Eggs,Portugal,2019-01-01,-1.6,2019
Eggs,Portugal,2019-02-01,-1.8,2019
Eggs,Portugal,2019-03-01,1.7,2019
Eggs,Portugal,2019-04-01,-3.5,2019
Eggs,Portugal,2019-05-01,-2.8,2019
Eggs,Portugal,2019-06-01,-0.4,2019
Eggs,Portugal,2019-07-01,-1.8,2019
Eggs,Portugal,2019-08-01,-1.3,2019
Eggs,Portugal,2019-09-01,-2.4,2019
Eggs,Portugal,2019-10-01,-2.5,2019
Eggs,Portugal,2019-11-01,-3.2,2019
Eggs,Portugal,2019-12-01,-4.4,2019
Eggs,Portugal,2020-01-01,-3.0,2020
Eggs,Portugal,2020-02-01,-2.6,2020
Eggs,Portugal,2020-03-01,-3.4,2020
Eggs,Portugal,2020-04-01,-2.8,2020
Eggs,Portugal,2020-05-01,0.3,2020
Eggs,Portugal,2020-06-01,-2.6,2020
Eggs,Portugal,2020-07-01,-2.1,2020
Eggs,Portugal,2020-08-01,-2.0,2020
Eggs,Portugal,2020-09-01,-1.3,2020
Eggs,Portugal,2020-10-01,-0.9,2020
Eggs,Portugal,2020-11-01,-1.5,2020
Eggs,Portugal,2020-12-01,0.5,2020
Eggs,Portugal,2021-01-01,-0.7,2021
Eggs,Portugal,2021-02-01,0.1,2021
Eggs,Portugal,2021-03-01,0.1,2021
Eggs,Portugal,2021-04-01,0.7,2021
Eggs,Portugal,2021-05-01,0.0,2021
Eggs,Portugal,2021-06-01,3.0,2021
Eggs,Portugal,2021-07-01,2.4,2021
Eggs,Portugal,2021-08-01,4.1,2021
Eggs,Portugal,2021-09-01,3.7,2021
Eggs,Portugal,2021-10-01,1.9,2021
Eggs,Portugal,2021-11-01,2.9,2021
Eggs,Portugal,2021-12-01,3.8,2021
Eggs,Portugal,2022-01-01,11.3,2022
Eggs,Portugal,2022-02-01,14.0,2022
Eggs,Portugal,2022-03-01,16.4,2022
Eggs,Portugal,2022-04-01,24.3,2022
Eggs,Portugal,2022-05-01,31.4,2022
Eggs,Portugal,2022-06-01,31.9,2022
Eggs,Portugal,2022-07-01,33.7,2022
Eggs,Portugal,2022-08-01,32.6,2022
Eggs,Portugal,2022-09-01,33.9,2022
Eggs,Portugal,2022-10-01,39.4,2022
Eggs,Portugal,2022-11-01,53.5,2022
Eggs,Portugal,2022-12-01,53.1,2022
Eggs,Portugal,2023-01-01,46.2,2023
Eggs,Portugal,2023-02-01,41.0,2023
Eggs,Portugal,2023-03-01,38.1,2023
Eggs,Portugal,2023-04-01,29.7,2023
Eggs,Portugal,2023-05-01,12.6,2023
Eggs,Portugal,2023-06-01,10.3,2023
Eggs,Portugal,2023-07-01,9.9,2023
Eggs,Portugal,2023-08-01,8.4,2023
Eggs,Portugal,2023-09-01,7.0,2023
Eggs,Portugal,2023-10-01,3.8,2023
Eggs,Portugal,2023-11-01,-5.6,2023
Eggs,Portugal,2023-12-01,-7.7,2023
Eggs,Portugal,2024-01-01,-5.0,2024
Eggs,Portugal,2024-02-01,-4.9,2024
Eggs,Portugal,2024-03-01,-4.8,2024
Eggs,Portugal,2024-04-01,-6.6,2024
Eggs,Portugal,2024-05-01,-1.5,2024
Eggs,Portugal,2024-06-01,-1.0,2024
Eggs,Portugal,2024-07-01,-1.9,2024
Eggs,Portugal,2024-08-01,-0.9,2024
Eggs,Portugal,2024-09-01,-1.5,2024
Eggs,Portugal,2024-10-01,0.0,2024
Eggs,Portugal,2024-11-01,3.2,2024
Eggs,Portugal,2024-12-01,8.9,2024
Eggs,Portugal,2025-01-01,2.7,2025
Eggs,Portugal,2025-02-01,2.8,2025
Eggs,Portugal,2025-03-01,2.9,2025
Eggs,Portugal,2025-04-01,25.0,2025
Eggs,Portugal,2025-05-01,26.7,2025
Eggs,Portugal,2025-06-01,27.5,2025
Eggs,Portugal,2025-07-01,28.4,2025
Eggs,Portugal,2025-08-01,28.9,2025
Eggs,Portugal,2025-09-01,30.4,2025
Eggs,Portugal,2025-10-01,29.5,2025
Eggs,Portugal,2025-11-01,23.9,2025
Eggs,Portugal,2025-12-01,20.9,2025
Butter,Germany,2019-01-01,3.4,2019
Butter,Germany,2019-02-01,11.4,2019
Butter,Germany,2019-03-01,-0.1,2019
Butter,Germany,2019-04-01,-2.7,2019
Butter,Germany,2019-05-01,-8.7,2019
Butter,Germany,2019-06-01,-15.2,2019
Butter,Germany,2019-07-01,-16.7,2019
Butter,Germany,2019-08-01,-15.4,2019
Butter,Germany,2019-09-01,-22.4,2019
Butter,Germany,2019-10-01,-18.5,2019
Butter,Germany,2019-11-01,-14.0,2019
Butter,Germany,2019-12-01,-13.7,2019
Butter,Germany,2020-01-01,-13.3,2020
Butter,Germany,2020-02-01,-11.9,2020
Butter,Germany,2020-03-01,-9.5,2020
Butter,Germany,2020-04-01,-7.8,2020
Butter,Germany,2020-05-01,-7.5,2020
Butter,Germany,2020-06-01,-6.2,2020
Butter,Germany,2020-07-01,-4.5,2020
Butter,Germany,2020-08-01,-3.0,2020
Butter,Germany,2020-09-01,-0.9,2020
Butter,Germany,2020-10-01,-4.6,2020
Butter,Germany,2020-11-01,-4.4,2020
Butter,Germany,2020-12-01,-4.0,2020
Butter,Germany,2021-01-01,-1.9,2021
Butter,Germany,2021-02-01,-2.5,2021
Butter,Germany,2021-03-01,1.0,2021
Butter,Germany,2021-04-01,2.8,2021
Butter,Germany,2021-05-01,3.6,2021
Butter,Germany,2021-06-01,6.2,2021
Butter,Germany,2021-07-01,6.0,2021
Butter,Germany,2021-08-01,6.0,2021
Butter,Germany,2021-09-01,4.5,2021
Butter,Germany,2021-10-01,5.5,2021
Butter,Germany,2021-11-01,12.3,2021
Butter,Germany,2021-12-01,17.0,2021
Butter,Germany,2022-01-01,18.8,2022
Butter,Germany,2022-02-01,20.4,2022
Butter,Germany,2022-03-01,17.6,2022
Butter,Germany,2022-04-01,31.3,2022
Butter,Germany,2022-05-01,43.0,2022
Butter,Germany,2022-06-01,46.0,2022
Butter,Germany,2022-07-01,47.9,2022
Butter,Germany,2022-08-01,49.0,2022
Butter,Germany,2022-09-01,55.6,2022
Butter,Germany,2022-10-01,55.3,2022
Butter,Germany,2022-11-01,42.3,2022
Butter,Germany,2022-12-01,39.6,2022
Butter,Germany,2023-01-01,26.2,2023
Butter,Germany,2023-02-01,8.5,2023
Butter,Germany,2023-03-01,0.2,2023
Butter,Germany,2023-04-01,-14.9,2023
Butter,Germany,2023-05-01,-23.4,2023
Butter,Germany,2023-06-01,-26.4,2023
Butter,Germany,2023-07-01,-26.5,2023
Butter,Germany,2023-08-01,-29.0,2023
Butter,Germany,2023-09-01,-29.0,2023
Butter,Germany,2023-10-01,-27.6,2023
Butter,Germany,2023-11-01,-24.9,2023
Butter,Germany,2023-12-01,-26.2,2023
Butter,Germany,2024-01-01,-17.6,2024
Butter,Germany,2024-02-01,-3.5,2024
Butter,Germany,2024-03-01,3.9,2024
Butter,Germany,2024-04-01,10.3,2024
Butter,Germany,2024-05-01,12.9,2024
Butter,Germany,2024-06-01,16.9,2024
Butter,Germany,2024-07-01,20.6,2024
Butter,Germany,2024-08-01,25.4,2024
Butter,Germany,2024-09-01,29.3,2024
Butter,Germany,2024-10-01,39.7,2024
Butter,Germany,2024-11-01,39.0,2024
Butter,Germany,2024-12-01,39.5,2024
Butter,Germany,2025-01-01,32.6,2025
Butter,Germany,2025-02-01,27.9,2025
Butter,Germany,2025-03-01,23.4,2025
Butter,Germany,2025-04-01,16.6,2025
Butter,Germany,2025-05-01,17.6,2025
Butter,Germany,2025-06-01,13.8,2025
Butter,Germany,2025-07-01,8.1,2025
Butter,Germany,2025-08-01,6.8,2025
Butter,Germany,2025-09-01,2.6,2025
Butter,Germany,2025-10-01,-16.0,2025
Butter,Germany,2025-11-01,-21.9,2025
Butter,Germany,2025-12-01,-31.7,2025
Butter,"Euro area (EA11-1999, EA12-2001, EA13-2007, EA15-2008, EA16-2009, EA17-2011, EA18-2014, EA19-2015, EA20-2023, EA21-2026)",2019-01-01,4.7,2019
Butter,"Euro area (EA11-1999, EA12-2001, EA13-2007, EA15-2008, EA16-2009, EA17-2011, EA18-2014, EA19-2015, EA20-2023, EA21-2026)",2019-02-01,8.8,2019
Butter,"Euro area (EA11-1999, EA12-2001, EA13-2007, EA15-2008, EA16-2009, EA17-2011, EA18-2014, EA19-2015, EA20-2023, EA21-2026)",2019-03-01,4.5,2019
Butter,"Euro area (EA11-1999, EA12-2001, EA13-2007, EA15-2008, EA16-2009, EA17-2011, EA18-2014, EA19-2015, EA20-2023, EA21-2026)",2019-04-01,2.6,2019
Butter,"Euro area (EA11-1999, EA12-2001, EA13-2007, EA15-2008, EA16-2009, EA17-2011, EA18-2014, EA19-2015, EA20-2023, EA21-2026)",2019-05-01,-0.4,2019
Butter,"Euro area (EA11-1999, EA12-2001, EA13-2007, EA15-2008, EA16-2009, EA17-2011, EA18-2014, EA19-2015, EA20-2023, EA21-2026)",2019-06-01,-3.5,2019
Butter,"Euro area (EA11-1999, EA12-2001, EA13-2007, EA15-2008, EA16-2009, EA17-2011, EA18-2014, EA19-2015, EA20-2023, EA21-2026)",2019-07-01,-4.8,2019
Butter,"Euro area (EA11-1999, EA12-2001, EA13-2007, EA15-2008, EA16-2009, EA17-2011, EA18-2014, EA19-2015, EA20-2023, EA21-2026)",2019-08-01,-4.6,2019
Butter,"Euro area (EA11-1999, EA12-2001, EA13-2007, EA15-2008, EA16-2009, EA17-2011, EA18-2014, EA19-2015, EA20-2023, EA21-2026)",2019-09-01,-7.9,2019
Butter,"Euro area (EA11-1999, EA12-2001, EA13-2007, EA15-2008, EA16-2009, EA17-2011, EA18-2014, EA19-2015, EA20-2023, EA21-2026)",2019-10-01,-6.2,2019
Butter,"Euro area (EA11-1999, EA12-2001, EA13-2007, EA15-2008, EA16-2009, EA17-2011, EA18-2014, EA19-2015, EA20-2023, EA21-2026)",2019-11-01,-4.5,2019
Butter,"Euro area (EA11-1999, EA12-2001, EA13-2007, EA15-2008, EA16-2009, EA17-2011, EA18-2014, EA19-2015, EA20-2023, EA21-2026)",2019-12-01,-4.7,2019
Butter,"Euro area (EA11-1999, EA12-2001, EA13-2007, EA15-2008, EA16-2009, EA17-2011, EA18-2014, EA19-2015, EA20-2023, EA21-2026)",2020-01-01,-4.8,2020
Butter,"Euro area (EA11-1999, EA12-2001, EA13-2007, EA15-2008, EA16-2009, EA17-2011, EA18-2014, EA19-2015, EA20-2023, EA21-2026)",2020-02-01,-4.5,2020
Butter,"Euro area (EA11-1999, EA12-2001, EA13-2007, EA15-2008, EA16-2009, EA17-2011, EA18-2014, EA19-2015, EA20-2023, EA21-2026)",2020-03-01,-3.5,2020
Butter,"Euro area (EA11-1999, EA12-2001, EA13-2007, EA15-2008, EA16-2009, EA17-2011, EA18-2014, EA19-2015, EA20-2023, EA21-2026)",2020-04-01,-2.6,2020
Butter,"Euro area (EA11-1999, EA12-2001, EA13-2007, EA15-2008, EA16-2009, EA17-2011, EA18-2014, EA19-2015, EA20-2023, EA21-2026)",2020-05-01,-2.9,2020
Butter,"Euro area (EA11-1999, EA12-2001, EA13-2007, EA15-2008, EA16-2009, EA17-2011, EA18-2014, EA19-2015, EA20-2023, EA21-2026)",2020-06-01,-2.7,2020
Butter,"Euro area (EA11-1999, EA12-2001, EA13-2007, EA15-2008, EA16-2009, EA17-2011, EA18-2014, EA19-2015, EA20-2023, EA21-2026)",2020-07-01,-2.2,2020
Butter,"Euro area (EA11-1999, EA12-2001, EA13-2007, EA15-2008, EA16-2009, EA17-2011, EA18-2014, EA19-2015, EA20-2023, EA21-2026)",2020-08-01,-1.4,2020
Butter,"Euro area (EA11-1999, EA12-2001, EA13-2007, EA15-2008, EA16-2009, EA17-2011, EA18-2014, EA19-2015, EA20-2023, EA21-2026)",2020-09-01,-0.6,2020
Butter,"Euro area (EA11-1999, EA12-2001, EA13-2007, EA15-2008, EA16-2009, EA17-2011, EA18-2014, EA19-2015, EA20-2023, EA21-2026)",2020-10-01,-2.0,2020
Butter,"Euro area (EA11-1999, EA12-2001, EA13-2007, EA15-2008, EA16-2009, EA17-2011, EA18-2014, EA19-2015, EA20-2023, EA21-2026)",2020-11-01,-1.7,2020
Butter,"Euro area (EA11-1999, EA12-2001, EA13-2007, EA15-2008, EA16-2009, EA17-2011, EA18-2014, EA19-2015, EA20-2023, EA21-2026)",2020-12-01,-1.6,2020
Butter,"Euro area (EA11-1999, EA12-2001, EA13-2007, EA15-2008, EA16-2009, EA17-2011, EA18-2014, EA19-2015, EA20-2023, EA21-2026)",2021-01-01,-1.3,2021
Butter,"Euro area (EA11-1999, EA12-2001, EA13-2007, EA15-2008, EA16-2009, EA17-2011, EA18-2014, EA19-2015, EA20-2023, EA21-2026)",2021-02-01,-1.4,2021
Butter,"Euro area (EA11-1999, EA12-2001, EA13-2007, EA15-2008, EA16-2009, EA17-2011, EA18-2014, EA19-2015, EA20-2023, EA21-2026)",2021-03-01,-0.7,2021
Butter,"Euro area (EA11-1999, EA12-2001, EA13-2007, EA15-2008, EA16-2009, EA17-2011, EA18-2014, EA19-2015, EA20-2023, EA21-2026)",2021-04-01,0.3,2021
Butter,"Euro area (EA11-1999, EA12-2001, EA13-2007, EA15-2008, EA16-2009, EA17-2011, EA18-2014, EA19-2015, EA20-2023, EA21-2026)",2021-05-01,0.8,2021
Butter,"Euro area (EA11-1999, EA12-2001, EA13-2007, EA15-2008, EA16-2009, EA17-2011, EA18-2014, EA19-2015, EA20-2023, EA21-2026)",2021-06-01,1.9,2021
Butter,"Euro area (EA11-1999, EA12-2001, EA13-2007, EA15-2008, EA16-2009, EA17-2011, EA18-2014, EA19-2015, EA20-2023, EA21-2026)",2021-07-01,1.8,2021
Butter,"Euro area (EA11-1999, EA12-2001, EA13-2007, EA15-2008, EA16-2009, EA17-2011, EA18-2014, EA19-2015, EA20-2023, EA21-2026)",2021-08-01,2.0,2021
Butter,"Euro area (EA11-1999, EA12-2001, EA13-2007, EA15-2008, EA16-2009, EA17-2011, EA18-2014, EA19-2015, EA20-2023, EA21-2026)",2021-09-01,1.3,2021
Butter,"Euro area (EA11-1999, EA12-2001, EA13-2007, EA15-2008, EA16-2009, EA17-2011, EA18-2014, EA19-2015, EA20-2023, EA21-2026)",2021-10-01,2.0,2021
Butter,"Euro area (EA11-1999, EA12-2001, EA13-2007, EA15-2008, EA16-2009, EA17-2011, EA18-2014, EA19-2015, EA20-2023, EA21-2026)",2021-11-01,5.3,2021
Butter,"Euro area (EA11-1999, EA12-2001, EA13-2007, EA15-2008, EA16-2009, EA17-2011, EA18-2014, EA19-2015, EA20-2023, EA21-2026)",2021-12-01,7.4,2021
Butter,"Euro area (EA11-1999, EA12-2001, EA13-2007, EA15-2008, EA16-2009, EA17-2011, EA18-2014, EA19-2015, EA20-2023, EA21-2026)",2022-01-01,10.0,2022
Butter,"Euro area (EA11-1999, EA12-2001, EA13-2007, EA15-2008, EA16-2009, EA17-2011, EA18-2014, EA19-2015, EA20-2023, EA21-2026)",2022-02-01,11.7,2022
Butter,"Euro area (EA11-1999, EA12-2001, EA13-2007, EA15-2008, EA16-2009, EA17-2011, EA18-2014, EA19-2015, EA20-2023, EA21-2026)",2022-03-01,12.4,2022
Butter,"Euro area (EA11-1999, EA12-2001, EA13-2007, EA15-2008, EA16-2009, EA17-2011, EA18-2014, EA19-2015, EA20-2023, EA21-2026)",2022-04-01,17.8,2022
Butter,"Euro area (EA11-1999, EA12-2001, EA13-2007, EA15-2008, EA16-2009, EA17-2011, EA18-2014, EA19-2015, EA20-2023, EA21-2026)",2022-05-01,25.1,2022
Butter,"Euro area (EA11-1999, EA12-2001, EA13-2007, EA15-2008, EA16-2009, EA17-2011, EA18-2014, EA19-2015, EA20-2023, EA21-2026)",2022-06-01,28.3,2022
Butter,"Euro area (EA11-1999, EA12-2001, EA13-2007, EA15-2008, EA16-2009, EA17-2011, EA18-2014, EA19-2015, EA20-2023, EA21-2026)",2022-07-01,31.2,2022
Butter,"Euro area (EA11-1999, EA12-2001, EA13-2007, EA15-2008, EA16-2009, EA17-2011, EA18-2014, EA19-2015, EA20-2023, EA21-2026)",2022-08-01,32.8,2022
Butter,"Euro area (EA11-1999, EA12-2001, EA13-2007, EA15-2008, EA16-2009, EA17-2011, EA18-2014, EA19-2015, EA20-2023, EA21-2026)",2022-09-01,36.8,2022
Butter,"Euro area (EA11-1999, EA12-2001, EA13-2007, EA15-2008, EA16-2009, EA17-2011, EA18-2014, EA19-2015, EA20-2023, EA21-2026)",2022-10-01,37.7,2022
Butter,"Euro area (EA11-1999, EA12-2001, EA13-2007, EA15-2008, EA16-2009, EA17-2011, EA18-2014, EA19-2015, EA20-2023, EA21-2026)",2022-11-01,33.6,2022
Butter,"Euro area (EA11-1999, EA12-2001, EA13-2007, EA15-2008, EA16-2009, EA17-2011, EA18-2014, EA19-2015, EA20-2023, EA21-2026)",2022-12-01,33.5,2022
Butter,"Euro area (EA11-1999, EA12-2001, EA13-2007, EA15-2008, EA16-2009, EA17-2011, EA18-2014, EA19-2015, EA20-2023, EA21-2026)",2023-01-01,27.1,2023
Butter,"Euro area (EA11-1999, EA12-2001, EA13-2007, EA15-2008, EA16-2009, EA17-2011, EA18-2014, EA19-2015, EA20-2023, EA21-2026)",2023-02-01,18.7,2023
Butter,"Euro area (EA11-1999, EA12-2001, EA13-2007, EA15-2008, EA16-2009, EA17-2011, EA18-2014, EA19-2015, EA20-2023, EA21-2026)",2023-03-01,14.3,2023
Butter,"Euro area (EA11-1999, EA12-2001, EA13-2007, EA15-2008, EA16-2009, EA17-2011, EA18-2014, EA19-2015, EA20-2023, EA21-2026)",2023-04-01,6.1,2023
Butter,"Euro area (EA11-1999, EA12-2001, EA13-2007, EA15-2008, EA16-2009, EA17-2011, EA18-2014, EA19-2015, EA20-2023, EA21-2026)",2023-05-01,-0.2,2023
Butter,"Euro area (EA11-1999, EA12-2001, EA13-2007, EA15-2008, EA16-2009, EA17-2011, EA18-2014, EA19-2015, EA20-2023, EA21-2026)",2023-06-01,-4.0,2023
Butter,"Euro area (EA11-1999, EA12-2001, EA13-2007, EA15-2008, EA16-2009, EA17-2011, EA18-2014, EA19-2015, EA20-2023, EA21-2026)",2023-07-01,-5.5,2023
Butter,"Euro area (EA11-1999, EA12-2001, EA13-2007, EA15-2008, EA16-2009, EA17-2011, EA18-2014, EA19-2015, EA20-2023, EA21-2026)",2023-08-01,-7.7,2023
Butter,"Euro area (EA11-1999, EA12-2001, EA13-2007, EA15-2008, EA16-2009, EA17-2011, EA18-2014, EA19-2015, EA20-2023, EA21-2026)",2023-09-01,-9.2,2023
Butter,"Euro area (EA11-1999, EA12-2001, EA13-2007, EA15-2008, EA16-2009, EA17-2011, EA18-2014, EA19-2015, EA20-2023, EA21-2026)",2023-10-01,-10.3,2023
Butter,"Euro area (EA11-1999, EA12-2001, EA13-2007, EA15-2008, EA16-2009, EA17-2011, EA18-2014, EA19-2015, EA20-2023, EA21-2026)",2023-11-01,-9.7,2023
Butter,"Euro area (EA11-1999, EA12-2001, EA13-2007, EA15-2008, EA16-2009, EA17-2011, EA18-2014, EA19-2015, EA20-2023, EA21-2026)",2023-12-01,-11.1,2023
Butter,"Euro area (EA11-1999, EA12-2001, EA13-2007, EA15-2008, EA16-2009, EA17-2011, EA18-2014, EA19-2015, EA20-2023, EA21-2026)",2024-01-01,-7.2,2024
Butter,"Euro area (EA11-1999, EA12-2001, EA13-2007, EA15-2008, EA16-2009, EA17-2011, EA18-2014, EA19-2015, EA20-2023, EA21-2026)",2024-02-01,-1.8,2024
Butter,"Euro area (EA11-1999, EA12-2001, EA13-2007, EA15-2008, EA16-2009, EA17-2011, EA18-2014, EA19-2015, EA20-2023, EA21-2026)",2024-03-01,0.9,2024
Butter,"Euro area (EA11-1999, EA12-2001, EA13-2007, EA15-2008, EA16-2009, EA17-2011, EA18-2014, EA19-2015, EA20-2023, EA21-2026)",2024-04-01,3.3,2024
Butter,"Euro area (EA11-1999, EA12-2001, EA13-2007, EA15-2008, EA16-2009, EA17-2011, EA18-2014, EA19-2015, EA20-2023, EA21-2026)",2024-05-01,3.9,2024
Butter,"Euro area (EA11-1999, EA12-2001, EA13-2007, EA15-2008, EA16-2009, EA17-2011, EA18-2014, EA19-2015, EA20-2023, EA21-2026)",2024-06-01,6.1,2024
Butter,"Euro area (EA11-1999, EA12-2001, EA13-2007, EA15-2008, EA16-2009, EA17-2011, EA18-2014, EA19-2015, EA20-2023, EA21-2026)",2024-07-01,8.1,2024
Butter,"Euro area (EA11-1999, EA12-2001, EA13-2007, EA15-2008, EA16-2009, EA17-2011, EA18-2014, EA19-2015, EA20-2023, EA21-2026)",2024-08-01,10.5,2024
Butter,"Euro area (EA11-1999, EA12-2001, EA13-2007, EA15-2008, EA16-2009, EA17-2011, EA18-2014, EA19-2015, EA20-2023, EA21-2026)",2024-09-01,13.7,2024
Butter,"Euro area (EA11-1999, EA12-2001, EA13-2007, EA15-2008, EA16-2009, EA17-2011, EA18-2014, EA19-2015, EA20-2023, EA21-2026)",2024-10-01,20.3,2024
Butter,"Euro area (EA11-1999, EA12-2001, EA13-2007, EA15-2008, EA16-2009, EA17-2011, EA18-2014, EA19-2015, EA20-2023, EA21-2026)",2024-11-01,21.1,2024
Butter,"Euro area (EA11-1999, EA12-2001, EA13-2007, EA15-2008, EA16-2009, EA17-2011, EA18-2014, EA19-2015, EA20-2023, EA21-2026)",2024-12-01,21.4,2024
Butter,"Euro area (EA11-1999, EA12-2001, EA13-2007, EA15-2008, EA16-2009, EA17-2011, EA18-2014, EA19-2015, EA20-2023, EA21-2026)",2025-01-01,18.4,2025
Butter,"Euro area (EA11-1999, EA12-2001, EA13-2007, EA15-2008, EA16-2009, EA17-2011, EA18-2014, EA19-2015, EA20-2023, EA21-2026)",2025-02-01,17.8,2025
Butter,"Euro area (EA11-1999, EA12-2001, EA13-2007, EA15-2008, EA16-2009, EA17-2011, EA18-2014, EA19-2015, EA20-2023, EA21-2026)",2025-03-01,15.8,2025
Butter,"Euro area (EA11-1999, EA12-2001, EA13-2007, EA15-2008, EA16-2009, EA17-2011, EA18-2014, EA19-2015, EA20-2023, EA21-2026)",2025-04-01,13.3,2025
Butter,"Euro area (EA11-1999, EA12-2001, EA13-2007, EA15-2008, EA16-2009, EA17-2011, EA18-2014, EA19-2015, EA20-2023, EA21-2026)",2025-05-01,14.0,2025
Butter,"Euro area (EA11-1999, EA12-2001, EA13-2007, EA15-2008, EA16-2009, EA17-2011, EA18-2014, EA19-2015, EA20-2023, EA21-2026)",2025-06-01,12.9,2025
Butter,"Euro area (EA11-1999, EA12-2001, EA13-2007, EA15-2008, EA16-2009, EA17-2011, EA18-2014, EA19-2015, EA20-2023, EA21-2026)",2025-07-01,10.1,2025
Butter,"Euro area (EA11-1999, EA12-2001, EA13-2007, EA15-2008, EA16-2009, EA17-2011, EA18-2014, EA19-2015, EA20-2023, EA21-2026)",2025-08-01,8.6,2025
Butter,"Euro area (EA11-1999, EA12-2001, EA13-2007, EA15-2008, EA16-2009, EA17-2011, EA18-2014, EA19-2015, EA20-2023, EA21-2026)",2025-09-01,5.6,2025
Butter,"Euro area (EA11-1999, EA12-2001, EA13-2007, EA15-2008, EA16-2009, EA17-2011, EA18-2014, EA19-2015, EA20-2023, EA21-2026)",2025-10-01,-3.7,2025
Butter,"Euro area (EA11-1999, EA12-2001, EA13-2007, EA15-2008, EA16-2009, EA17-2011, EA18-2014, EA19-2015, EA20-2023, EA21-2026)",2025-11-01,-7.5,2025
Butter,"Euro area (EA11-1999, EA12-2001, EA13-2007, EA15-2008, EA16-2009, EA17-2011, EA18-2014, EA19-2015, EA20-2023, EA21-2026)",2025-12-01,-12.1,2025
Butter,Spain,2019-01-01,2.1,2019
Butter,Spain,2019-02-01,1.4,2019
Butter,Spain,2019-03-01,0.9,2019
Butter,Spain,2019-04-01,1.7,2019
Butter,Spain,2019-05-01,2.0,2019
Butter,Spain,2019-06-01,1.7,2019
Butter,Spain,2019-07-01,1.2,2019
Butter,Spain,2019-08-01,0.2,2019
Butter,Spain,2019-09-01,0.7,2019
Butter,Spain,2019-10-01,0.2,2019
Butter,Spain,2019-11-01,1.1,2019
Butter,Spain,2019-12-01,0.0,2019
Butter,Spain,2020-01-01,0.1,2020
Butter,Spain,2020-02-01,0.6,2020
Butter,Spain,2020-03-01,0.8,2020
Butter,Spain,2020-04-01,0.2,2020
Butter,Spain,2020-05-01,-0.1,2020
Butter,Spain,2020-06-01,0.3,2020
Butter,Spain,2020-07-01,-1.1,2020
Butter,Spain,2020-08-01,-0.5,2020
Butter,Spain,2020-09-01,-0.5,2020
Butter,Spain,2020-10-01,-0.6,2020
Butter,Spain,2020-11-01,-0.2,2020
Butter,Spain,2020-12-01,-0.9,2020
Butter,Spain,2021-01-01,-0.6,2021
Butter,Spain,2021-02-01,-1.0,2021
Butter,Spain,2021-03-01,-0.9,2021
Butter,Spain,2021-04-01,-1.9,2021
Butter,Spain,2021-05-01,-1.7,2021
Butter,Spain,2021-06-01,-2.4,2021
Butter,Spain,2021-07-01,-1.6,2021
Butter,Spain,2021-08-01,-1.5,2021
Butter,Spain,2021-09-01,-1.3,2021
Butter,Spain,2021-10-01,-1.5,2021
Butter,Spain,2021-11-01,-0.3,2021
Butter,Spain,2021-12-01,1.2,2021
Butter,Spain,2022-01-01,5.4,2022
Butter,Spain,2022-02-01,6.3,2022
Butter,Spain,2022-03-01,7.7,2022
Butter,Spain,2022-04-01,12.8,2022
Butter,Spain,2022-05-01,17.6,2022
Butter,Spain,2022-06-01,23.1,2022
Butter,Spain,2022-07-01,26.1,2022
Butter,Spain,2022-08-01,31.8,2022
Butter,Spain,2022-09-01,33.0,2022
Butter,Spain,2022-10-01,34.0,2022
Butter,Spain,2022-11-01,37.5,2022
Butter,Spain,2022-12-01,42.3,2022
Butter,Spain,2023-01-01,38.2,2023
Butter,Spain,2023-02-01,39.1,2023
Butter,Spain,2023-03-01,37.7,2023
Butter,Spain,2023-04-01,31.2,2023
Butter,Spain,2023-05-01,25.2,2023
Butter,Spain,2023-06-01,20.0,2023
Butter,Spain,2023-07-01,17.9,2023
Butter,Spain,2023-08-01,12.0,2023
Butter,Spain,2023-09-01,11.1,2023
Butter,Spain,2023-10-01,9.8,2023
Butter,Spain,2023-11-01,5.4,2023
Butter,Spain,2023-12-01,1.0,2023
Butter,Spain,2024-01-01,-0.6,2024
Butter,Spain,2024-02-01,-3.5,2024
Butter,Spain,2024-03-01,-2.6,2024
Butter,Spain,2024-04-01,-1.7,2024
Butter,Spain,2024-05-01,-1.8,2024
Butter,Spain,2024-06-01,-1.4,2024
Butter,Spain,2024-07-01,-2.0,2024
Butter,Spain,2024-08-01,-0.9,2024
Butter,Spain,2024-09-01,-0.3,2024
Butter,Spain,2024-10-01,0.5,2024
Butter,Spain,2024-11-01,2.8,2024
Butter,Spain,2024-12-01,3.1,2024
Butter,Spain,2025-01-01,4.4,2025
Butter,Spain,2025-02-01,5.6,2025
Butter,Spain,2025-03-01,4.9,2025
Butter,Spain,2025-04-01,5.1,2025
Butter,Spain,2025-05-01,5.2,2025
Butter,Spain,2025-06-01,6.7,2025
Butter,Spain,2025-07-01,7.2,2025
Butter,Spain,2025-08-01,6.9,2025
Butter,Spain,2025-09-01,7.5,2025
Butter,Spain,2025-10-01,7.1,2025
Butter,Spain,2025-11-01,5.5,2025
Butter,Spain,2025-12-01,3.8,2025
Butter,France,2019-01-01,11.7,2019
Butter,France,2019-02-01,12.7,2019
Butter,France,2019-03-01,12.6,2019
Butter,France,2019-04-01,10.1,2019
Butter,France,2019-05-01,8.4,2019
Butter,France,2019-06-01,7.7,2019
Butter,France,2019-07-01,7.0,2019
Butter,France,2019-08-01,5.9,2019
Butter,France,2019-09-01,5.8,2019
Butter,France,2019-10-01,5.6,2019
Butter,France,2019-11-01,4.5,2019
Butter,France,2019-12-01,2.8,2019
Butter,France,2020-01-01,1.4,2020
Butter,France,2020-02-01,0.5,2020
Butter,France,2020-03-01,0.1,2020
Butter,France,2020-04-01,-0.6,2020
Butter,France,2020-05-01,-0.7,2020
Butter,France,2020-06-01,-0.5,2020
Butter,France,2020-07-01,-0.6,2020
Butter,France,2020-08-01,-0.1,2020
Butter,France,2020-09-01,0.1,2020
Butter,France,2020-10-01,-0.1,2020
Butter,France,2020-11-01,0.1,2020
Butter,France,2020-12-01,-0.2,2020
Butter,France,2021-01-01,-0.3,2021
Butter,France,2021-02-01,-0.3,2021
Butter,France,2021-03-01,-0.3,2021
Butter,France,2021-04-01,0.1,2021
Butter,France,2021-05-01,-0.5,2021
Butter,France,2021-06-01,-0.4,2021
Butter,France,2021-07-01,-0.3,2021
Butter,France,2021-08-01,-0.7,2021
Butter,France,2021-09-01,-0.8,2021
Butter,France,2021-10-01,-0.5,2021
Butter,France,2021-11-01,-0.4,2021
Butter,France,2021-12-01,-0.3,2021
Butter,France,2022-01-01,0.5,2022
Butter,France,2022-02-01,1.3,2022
Butter,France,2022-03-01,2.9,2022
Butter,France,2022-04-01,5.0,2022
Butter,France,2022-05-01,8.3,2022
Butter,France,2022-06-01,9.7,2022
Butter,France,2022-07-01,13.2,2022
Butter,France,2022-08-01,15.8,2022
Butter,France,2022-09-01,17.4,2022
Butter,France,2022-10-01,18.8,2022
Butter,France,2022-11-01,19.8,2022
Butter,France,2022-12-01,21.7,2022
Butter,France,2023-01-01,23.2,2023
Butter,France,2023-02-01,23.7,2023
Butter,France,2023-03-01,23.8,2023
Butter,France,2023-04-01,23.7,2023
Butter,France,2023-05-01,21.7,2023
Butter,France,2023-06-01,20.1,2023
Butter,France,2023-07-01,16.6,2023
Butter,France,2023-08-01,14.7,2023
Butter,France,2023-09-01,13.1,2023
Butter,France,2023-10-01,11.6,2023
Butter,France,2023-11-01,10.6,2023
Butter,France,2023-12-01,8.7,2023
Butter,France,2024-01-01,6.7,2024
Butter,France,2024-02-01,5.6,2024
Butter,France,2024-03-01,3.7,2024
Butter,France,2024-04-01,2.0,2024
Butter,France,2024-05-01,1.1,2024
Butter,France,2024-06-01,1.2,2024
Butter,France,2024-07-01,0.6,2024
Butter,France,2024-08-01,0.4,2024
Butter,France,2024-09-01,0.6,2024
Butter,France,2024-10-01,1.4,2024
Butter,France,2024-11-01,1.7,2024
Butter,France,2024-12-01,2.0,2024
Butter,France,2025-01-01,2.1,2025
Butter,France,2025-02-01,2.3,2025
Butter,France,2025-03-01,2.3,2025
Butter,France,2025-04-01,2.6,2025
Butter,France,2025-05-01,3.0,2025
Butter,France,2025-06-01,2.8,2025
Butter,France,2025-07-01,3.2,2025
Butter,France,2025-08-01,3.3,2025
Butter,France,2025-09-01,3.7,2025
Butter,France,2025-10-01,2.9,2025
Butter,France,2025-11-01,2.6,2025
Butter,France,2025-12-01,2.2,2025
Butter,Italy,2019-01-01,0.6,2019
Butter,Italy,2019-02-01,1.7,2019
Butter,Italy,2019-03-01,1.9,2019
Butter,Italy,2019-04-01,-0.3,2019
Butter,Italy,2019-05-01,1.1,2019
Butter,Italy,2019-06-01,0.9,2019
Butter,Italy,2019-07-01,0.7,2019
Butter,Italy,2019-08-01,-0.1,2019
Butter,Italy,2019-09-01,-1.1,2019
Butter,Italy,2019-10-01,-0.7,2019
Butter,Italy,2019-11-01,-1.0,2019
Butter,Italy,2019-12-01,-0.1,2019
Butter,Italy,2020-01-01,0.5,2020
Butter,Italy,2020-02-01,-0.5,2020
Butter,Italy,2020-03-01,-0.3,2020
Butter,Italy,2020-04-01,2.6,2020
Butter,Italy,2020-05-01,1.4,2020
Butter,Italy,2020-06-01,-0.9,2020
Butter,Italy,2020-07-01,-0.4,2020
Butter,Italy,2020-08-01,-0.6,2020
Butter,Italy,2020-09-01,-0.6,2020
Butter,Italy,2020-10-01,-1.1,2020
Butter,Italy,2020-11-01,-0.5,2020
Butter,Italy,2020-12-01,-1.0,2020
Butter,Italy,2021-01-01,-3.9,2021
Butter,Italy,2021-02-01,-1.7,2021
Butter,Italy,2021-03-01,-4.5,2021
Butter,Italy,2021-04-01,-2.1,2021
Butter,Italy,2021-05-01,-1.2,2021
Butter,Italy,2021-06-01,1.0,2021
Butter,Italy,2021-07-01,-0.2,2021
Butter,Italy,2021-08-01,1.2,2021
Butter,Italy,2021-09-01,1.7,2021
Butter,Italy,2021-10-01,0.7,2021
Butter,Italy,2021-11-01,3.0,2021
Butter,Italy,2021-12-01,3.6,2021
Butter,Italy,2022-01-01,10.7,2022
Butter,Italy,2022-02-01,11.1,2022
Butter,Italy,2022-03-01,17.6,2022
Butter,Italy,2022-04-01,15.6,2022
Butter,Italy,2022-05-01,23.3,2022
Butter,Italy,2022-06-01,28.2,2022
Butter,Italy,2022-07-01,32.4,2022
Butter,Italy,2022-08-01,33.5,2022
Butter,Italy,2022-09-01,38.0,2022
Butter,Italy,2022-10-01,42.8,2022
Butter,Italy,2022-11-01,41.2,2022
Butter,Italy,2022-12-01,42.9,2022
Butter,Italy,2023-01-01,33.9,2023
Butter,Italy,2023-02-01,28.7,2023
Butter,Italy,2023-03-01,24.9,2023
Butter,Italy,2023-04-01,19.8,2023
Butter,Italy,2023-05-01,12.6,2023
Butter,Italy,2023-06-01,5.5,2023
Butter,Italy,2023-07-01,3.2,2023
Butter,Italy,2023-08-01,1.7,2023
Butter,Italy,2023-09-01,-2.7,2023
Butter,Italy,2023-10-01,-8.3,2023
Butter,Italy,2023-11-01,-9.4,2023
Butter,Italy,2023-12-01,-10.0,2023
Butter,Italy,2024-01-01,-7.3,2024
Butter,Italy,2024-02-01,-6.0,2024
Butter,Italy,2024-03-01,-6.0,2024
Butter,Italy,2024-04-01,-3.0,2024
Butter,Italy,2024-05-01,-3.9,2024
Butter,Italy,2024-06-01,-1.9,2024
Butter,Italy,2024-07-01,0.0,2024
Butter,Italy,2024-08-01,1.4,2024
Butter,Italy,2024-09-01,6.9,2024
Butter,Italy,2024-10-01,14.7,2024
Butter,Italy,2024-11-01,19.9,2024
Butter,Italy,2024-12-01,19.7,2024
Butter,Italy,2025-01-01,18.4,2025
Butter,Italy,2025-02-01,19.2,2025
Butter,Italy,2025-03-01,19.5,2025
Butter,Italy,2025-04-01,17.8,2025
Butter,Italy,2025-05-01,19.6,2025
Butter,Italy,2025-06-01,19.7,2025
Butter,Italy,2025-07-01,16.9,2025
Butter,Italy,2025-08-01,15.0,2025
Butter,Italy,2025-09-01,10.7,2025
Butter,Italy,2025-10-01,6.6,2025
Butter,Italy,2025-11-01,0.8,2025
Butter,Italy,2025-12-01,-2.6,2025
Butter,Portugal,2019-01-01,3.2,2019
Butter,Portugal,2019-02-01,4.1,2019
Butter,Portugal,2019-03-01,3.9,2019
Butter,Portugal,2019-04-01,5.5,2019
Butter,Portugal,2019-05-01,3.4,2019
Butter,Portugal,2019-06-01,4.4,2019
Butter,Portugal,2019-07-01,3.9,2019
Butter,Portugal,2019-08-01,2.1,2019
Butter,Portugal,2019-09-01,1.9,2019
Butter,Portugal,2019-10-01,1.5,2019
Butter,Portugal,2019-11-01,3.2,2019
Butter,Portugal,2019-12-01,2.4,2019
Butter,Portugal,2020-01-01,0.3,2020
Butter,Portugal,2020-02-01,0.6,2020
Butter,Portugal,2020-03-01,1.8,2020
Butter,Portugal,2020-04-01,2.8,2020
Butter,Portugal,2020-05-01,0.2,2020
Butter,Portugal,2020-06-01,3.7,2020
Butter,Portugal,2020-07-01,1.2,2020
Butter,Portugal,2020-08-01,2.7,2020
Butter,Portugal,2020-09-01,2.7,2020
Butter,Portugal,2020-10-01,2.4,2020
Butter,Portugal,2020-11-01,2.0,2020
Butter,Portugal,2020-12-01,0.7,2020
Butter,Portugal,2021-01-01,2.1,2021
Butter,Portugal,2021-02-01,2.9,2021
Butter,Portugal,2021-03-01,3.8,2021
Butter,Portugal,2021-04-01,0.7,2021
Butter,Portugal,2021-05-01,2.3,2021
Butter,Portugal,2021-06-01,-0.5,2021
Butter,Portugal,2021-07-01,-1.0,2021
Butter,Portugal,2021-08-01,-2.0,2021
Butter,Portugal,2021-09-01,0.2,2021
Butter,Portugal,2021-10-01,-2.8,2021
Butter,Portugal,2021-11-01,-0.1,2021
Butter,Portugal,2021-12-01,0.9,2021
Butter,Portugal,2022-01-01,3.8,2022
Butter,Portugal,2022-02-01,6.3,2022
Butter,Portugal,2022-03-01,8.4,2022
Butter,Portugal,2022-04-01,10.5,2022
Butter,Portugal,2022-05-01,19.6,2022
Butter,Portugal,2022-06-01,20.2,2022
Butter,Portugal,2022-07-01,22.8,2022
Butter,Portugal,2022-08-01,23.3,2022
Butter,Portugal,2022-09-01,20.7,2022
Butter,Portugal,2022-10-01,30.4,2022
Butter,Portugal,2022-11-01,31.9,2022
Butter,Portugal,2022-12-01,34.9,2022
Butter,Portugal,2023-01-01,31.6,2023
Butter,Portugal,2023-02-01,29.2,2023
Butter,Portugal,2023-03-01,25.0,2023
Butter,Portugal,2023-04-01,23.2,2023
Butter,Portugal,2023-05-01,9.3,2023
Butter,Portugal,2023-06-01,4.4,2023
Butter,Portugal,2023-07-01,5.1,2023
Butter,Portugal,2023-08-01,-1.0,2023
Butter,Portugal,2023-09-01,0.0,2023
Butter,Portugal,2023-10-01,-5.2,2023
Butter,Portugal,2023-11-01,-7.8,2023
Butter,Portugal,2023-12-01,-7.8,2023
Butter,Portugal,2024-01-01,-5.6,2024
Butter,Portugal,2024-02-01,-5.9,2024
Butter,Portugal,2024-03-01,-5.0,2024
Butter,Portugal,2024-04-01,-4.4,2024
Butter,Portugal,2024-05-01,-0.1,2024
Butter,Portugal,2024-06-01,1.7,2024
Butter,Portugal,2024-07-01,2.5,2024
Butter,Portugal,2024-08-01,7.9,2024
Butter,Portugal,2024-09-01,7.2,2024
Butter,Portugal,2024-10-01,8.2,2024
Butter,Portugal,2024-11-01,6.8,2024
Butter,Portugal,2024-12-01,4.6,2024
Butter,Portugal,2025-01-01,3.1,2025
Butter,Portugal,2025-02-01,4.5,2025
Butter,Portugal,2025-03-01,5.3,2025
Butter,Portugal,2025-04-01,4.3,2025
Butter,Portugal,2025-05-01,6.9,2025
Butter,Portugal,2025-06-01,8.4,2025
Butter,Portugal,2025-07-01,6.5,2025
Butter,Portugal,2025-08-01,5.9,2025
Butter,Portugal,2025-09-01,9.0,2025
Butter,Portugal,2025-10-01,7.0,2025
Butter,Portugal,2025-11-01,7.4,2025
Butter,Portugal,2025-12-01,7.2,2025
Olive oil,Germany,2019-01-01,0.3,2019
Olive oil,Germany,2019-02-01,-2.0,2019
Olive oil,Germany,2019-03-01,-2.5,2019
Olive oil,Germany,2019-04-01,-2.5,2019
Olive oil,Germany,2019-05-01,-2.6,2019
Olive oil,Germany,2019-06-01,-3.2,2019
Olive oil,Germany,2019-07-01,-3.9,2019
Olive oil,Germany,2019-08-01,-2.6,2019
Olive oil,Germany,2019-09-01,-2.6,2019
Olive oil,Germany,2019-10-01,-3.1,2019
Olive oil,Germany,2019-11-01,-3.5,2019
Olive oil,Germany,2019-12-01,-3.5,2019
Olive oil,Germany,2020-01-01,-2.9,2020
Olive oil,Germany,2020-02-01,-2.5,2020
Olive oil,Germany,2020-03-01,-2.3,2020
Olive oil,Germany,2020-04-01,-1.4,2020
Olive oil,Germany,2020-05-01,-1.4,2020
Olive oil,Germany,2020-06-01,-1.3,2020
Olive oil,Germany,2020-07-01,-3.9,2020
Olive oil,Germany,2020-08-01,-4.4,2020
Olive oil,Germany,2020-09-01,-3.7,2020
Olive oil,Germany,2020-10-01,-5.0,2020
Olive oil,Germany,2020-11-01,-4.3,2020
Olive oil,Germany,2020-12-01,-4.1,2020
Olive oil,Germany,2021-01-01,-4.5,2021
Olive oil,Germany,2021-02-01,-2.0,2021
Olive oil,Germany,2021-03-01,-2.5,2021
Olive oil,Germany,2021-04-01,-4.9,2021
Olive oil,Germany,2021-05-01,-2.0,2021
Olive oil,Germany,2021-06-01,-0.7,2021
Olive oil,Germany,2021-07-01,3.6,2021
Olive oil,Germany,2021-08-01,3.9,2021
Olive oil,Germany,2021-09-01,5.4,2021
Olive oil,Germany,2021-10-01,7.8,2021
Olive oil,Germany,2021-11-01,7.5,2021
Olive oil,Germany,2021-12-01,8.0,2021
Olive oil,Germany,2022-01-01,7.0,2022
Olive oil,Germany,2022-02-01,7.2,2022
Olive oil,Germany,2022-03-01,9.1,2022
Olive oil,Germany,2022-04-01,14.5,2022
Olive oil,Germany,2022-05-01,14.8,2022
Olive oil,Germany,2022-06-01,14.7,2022
Olive oil,Germany,2022-07-01,17.1,2022
Olive oil,Germany,2022-08-01,15.7,2022
Olive oil,Germany,2022-09-01,14.1,2022
Olive oil,Germany,2022-10-01,12.5,2022
Olive oil,Germany,2022-11-01,13.3,2022
Olive oil,Germany,2022-12-01,17.3,2022
Olive oil,Germany,2023-01-01,18.9,2023
Olive oil,Germany,2023-02-01,19.0,2023
Olive oil,Germany,2023-03-01,20.9,2023
Olive oil,Germany,2023-04-01,19.5,2023
Olive oil,Germany,2023-05-01,20.9,2023
Olive oil,Germany,2023-06-01,22.0,2023
Olive oil,Germany,2023-07-01,22.5,2023
Olive oil,Germany,2023-08-01,31.9,2023
Olive oil,Germany,2023-09-01,35.3,2023
Olive oil,Germany,2023-10-01,38.4,2023
Olive oil,Germany,2023-11-01,43.6,2023
Olive oil,Germany,2023-12-01,40.5,2023
Olive oil,Germany,2024-01-01,45.9,2024
Olive oil,Germany,2024-02-01,50.8,2024
Olive oil,Germany,2024-03-01,54.1,2024
Olive oil,Germany,2024-04-01,52.9,2024
Olive oil,Germany,2024-05-01,48.6,2024
Olive oil,Germany,2024-06-01,46.8,2024
Olive oil,Germany,2024-07-01,45.0,2024
Olive oil,Germany,2024-08-01,34.9,2024
Olive oil,Germany,2024-09-01,29.6,2024
Olive oil,Germany,2024-10-01,28.1,2024
Olive oil,Germany,2024-11-01,13.3,2024
Olive oil,Germany,2024-12-01,11.8,2024
Olive oil,Germany,2025-01-01,1.5,2025
Olive oil,Germany,2025-02-01,-5.0,2025
Olive oil,Germany,2025-03-01,-9.7,2025
Olive oil,Germany,2025-04-01,-14.4,2025
Olive oil,Germany,2025-05-01,-17.2,2025
Olive oil,Germany,2025-06-01,-21.2,2025
Olive oil,Germany,2025-07-01,-22.6,2025
Olive oil,Germany,2025-08-01,-22.6,2025
Olive oil,Germany,2025-09-01,-22.7,2025
Olive oil,Germany,2025-10-01,-22.6,2025
Olive oil,Germany,2025-11-01,-17.4,2025
Olive oil,Germany,2025-12-01,-17.7,2025
Olive oil,"Euro area (EA11-1999, EA12-2001, EA13-2007, EA15-2008, EA16-2009, EA17-2011, EA18-2014, EA19-2015, EA20-2023, EA21-2026)",2019-01-01,-7.6,2019
Olive oil,"Euro area (EA11-1999, EA12-2001, EA13-2007, EA15-2008, EA16-2009, EA17-2011, EA18-2014, EA19-2015, EA20-2023, EA21-2026)",2019-02-01,-7.4,2019
Olive oil,"Euro area (EA11-1999, EA12-2001, EA13-2007, EA15-2008, EA16-2009, EA17-2011, EA18-2014, EA19-2015, EA20-2023, EA21-2026)",2019-03-01,-7.6,2019
Olive oil,"Euro area (EA11-1999, EA12-2001, EA13-2007, EA15-2008, EA16-2009, EA17-2011, EA18-2014, EA19-2015, EA20-2023, EA21-2026)",2019-04-01,-8.4,2019
Olive oil,"Euro area (EA11-1999, EA12-2001, EA13-2007, EA15-2008, EA16-2009, EA17-2011, EA18-2014, EA19-2015, EA20-2023, EA21-2026)",2019-05-01,-7.9,2019
Olive oil,"Euro area (EA11-1999, EA12-2001, EA13-2007, EA15-2008, EA16-2009, EA17-2011, EA18-2014, EA19-2015, EA20-2023, EA21-2026)",2019-06-01,-7.7,2019
Olive oil,"Euro area (EA11-1999, EA12-2001, EA13-2007, EA15-2008, EA16-2009, EA17-2011, EA18-2014, EA19-2015, EA20-2023, EA21-2026)",2019-07-01,-7.1,2019
Olive oil,"Euro area (EA11-1999, EA12-2001, EA13-2007, EA15-2008, EA16-2009, EA17-2011, EA18-2014, EA19-2015, EA20-2023, EA21-2026)",2019-08-01,-6.3,2019
Olive oil,"Euro area (EA11-1999, EA12-2001, EA13-2007, EA15-2008, EA16-2009, EA17-2011, EA18-2014, EA19-2015, EA20-2023, EA21-2026)",2019-09-01,-7.1,2019
Olive oil,"Euro area (EA11-1999, EA12-2001, EA13-2007, EA15-2008, EA16-2009, EA17-2011, EA18-2014, EA19-2015, EA20-2023, EA21-2026)",2019-10-01,-7.4,2019
Olive oil,"Euro area (EA11-1999, EA12-2001, EA13-2007, EA15-2008, EA16-2009, EA17-2011, EA18-2014, EA19-2015, EA20-2023, EA21-2026)",2019-11-01,-6.0,2019
Olive oil,"Euro area (EA11-1999, EA12-2001, EA13-2007, EA15-2008, EA16-2009, EA17-2011, EA18-2014, EA19-2015, EA20-2023, EA21-2026)",2019-12-01,-5.0,2019
Olive oil,"Euro area (EA11-1999, EA12-2001, EA13-2007, EA15-2008, EA16-2009, EA17-2011, EA18-2014, EA19-2015, EA20-2023, EA21-2026)",2020-01-01,-4.6,2020
Olive oil,"Euro area (EA11-1999, EA12-2001, EA13-2007, EA15-2008, EA16-2009, EA17-2011, EA18-2014, EA19-2015, EA20-2023, EA21-2026)",2020-02-01,-5.7,2020
Olive oil,"Euro area (EA11-1999, EA12-2001, EA13-2007, EA15-2008, EA16-2009, EA17-2011, EA18-2014, EA19-2015, EA20-2023, EA21-2026)",2020-03-01,-5.1,2020
Olive oil,"Euro area (EA11-1999, EA12-2001, EA13-2007, EA15-2008, EA16-2009, EA17-2011, EA18-2014, EA19-2015, EA20-2023, EA21-2026)",2020-04-01,-3.6,2020
Olive oil,"Euro area (EA11-1999, EA12-2001, EA13-2007, EA15-2008, EA16-2009, EA17-2011, EA18-2014, EA19-2015, EA20-2023, EA21-2026)",2020-05-01,-3.8,2020
Olive oil,"Euro area (EA11-1999, EA12-2001, EA13-2007, EA15-2008, EA16-2009, EA17-2011, EA18-2014, EA19-2015, EA20-2023, EA21-2026)",2020-06-01,-3.0,2020
Olive oil,"Euro area (EA11-1999, EA12-2001, EA13-2007, EA15-2008, EA16-2009, EA17-2011, EA18-2014, EA19-2015, EA20-2023, EA21-2026)",2020-07-01,-4.6,2020
Olive oil,"Euro area (EA11-1999, EA12-2001, EA13-2007, EA15-2008, EA16-2009, EA17-2011, EA18-2014, EA19-2015, EA20-2023, EA21-2026)",2020-08-01,-5.0,2020
Olive oil,"Euro area (EA11-1999, EA12-2001, EA13-2007, EA15-2008, EA16-2009, EA17-2011, EA18-2014, EA19-2015, EA20-2023, EA21-2026)",2020-09-01,-4.5,2020
Olive oil,"Euro area (EA11-1999, EA12-2001, EA13-2007, EA15-2008, EA16-2009, EA17-2011, EA18-2014, EA19-2015, EA20-2023, EA21-2026)",2020-10-01,-4.3,2020
Olive oil,"Euro area (EA11-1999, EA12-2001, EA13-2007, EA15-2008, EA16-2009, EA17-2011, EA18-2014, EA19-2015, EA20-2023, EA21-2026)",2020-11-01,-5.1,2020
Olive oil,"Euro area (EA11-1999, EA12-2001, EA13-2007, EA15-2008, EA16-2009, EA17-2011, EA18-2014, EA19-2015, EA20-2023, EA21-2026)",2020-12-01,-4.7,2020
Olive oil,"Euro area (EA11-1999, EA12-2001, EA13-2007, EA15-2008, EA16-2009, EA17-2011, EA18-2014, EA19-2015, EA20-2023, EA21-2026)",2021-01-01,-3.8,2021
Olive oil,"Euro area (EA11-1999, EA12-2001, EA13-2007, EA15-2008, EA16-2009, EA17-2011, EA18-2014, EA19-2015, EA20-2023, EA21-2026)",2021-02-01,-1.9,2021
Olive oil,"Euro area (EA11-1999, EA12-2001, EA13-2007, EA15-2008, EA16-2009, EA17-2011, EA18-2014, EA19-2015, EA20-2023, EA21-2026)",2021-03-01,-2.4,2021
Olive oil,"Euro area (EA11-1999, EA12-2001, EA13-2007, EA15-2008, EA16-2009, EA17-2011, EA18-2014, EA19-2015, EA20-2023, EA21-2026)",2021-04-01,-1.3,2021
Olive oil,"Euro area (EA11-1999, EA12-2001, EA13-2007, EA15-2008, EA16-2009, EA17-2011, EA18-2014, EA19-2015, EA20-2023, EA21-2026)",2021-05-01,0.3,2021
Olive oil,"Euro area (EA11-1999, EA12-2001, EA13-2007, EA15-2008, EA16-2009, EA17-2011, EA18-2014, EA19-2015, EA20-2023, EA21-2026)",2021-06-01,2.1,2021
Olive oil,"Euro area (EA11-1999, EA12-2001, EA13-2007, EA15-2008, EA16-2009, EA17-2011, EA18-2014, EA19-2015, EA20-2023, EA21-2026)",2021-07-01,6.6,2021
Olive oil,"Euro area (EA11-1999, EA12-2001, EA13-2007, EA15-2008, EA16-2009, EA17-2011, EA18-2014, EA19-2015, EA20-2023, EA21-2026)",2021-08-01,8.7,2021
Olive oil,"Euro area (EA11-1999, EA12-2001, EA13-2007, EA15-2008, EA16-2009, EA17-2011, EA18-2014, EA19-2015, EA20-2023, EA21-2026)",2021-09-01,10.5,2021
Olive oil,"Euro area (EA11-1999, EA12-2001, EA13-2007, EA15-2008, EA16-2009, EA17-2011, EA18-2014, EA19-2015, EA20-2023, EA21-2026)",2021-10-01,11.1,2021
Olive oil,"Euro area (EA11-1999, EA12-2001, EA13-2007, EA15-2008, EA16-2009, EA17-2011, EA18-2014, EA19-2015, EA20-2023, EA21-2026)",2021-11-01,11.6,2021
Olive oil,"Euro area (EA11-1999, EA12-2001, EA13-2007, EA15-2008, EA16-2009, EA17-2011, EA18-2014, EA19-2015, EA20-2023, EA21-2026)",2021-12-01,11.9,2021
Olive oil,"Euro area (EA11-1999, EA12-2001, EA13-2007, EA15-2008, EA16-2009, EA17-2011, EA18-2014, EA19-2015, EA20-2023, EA21-2026)",2022-01-01,11.4,2022
Olive oil,"Euro area (EA11-1999, EA12-2001, EA13-2007, EA15-2008, EA16-2009, EA17-2011, EA18-2014, EA19-2015, EA20-2023, EA21-2026)",2022-02-01,11.9,2022
Olive oil,"Euro area (EA11-1999, EA12-2001, EA13-2007, EA15-2008, EA16-2009, EA17-2011, EA18-2014, EA19-2015, EA20-2023, EA21-2026)",2022-03-01,14.0,2022
Olive oil,"Euro area (EA11-1999, EA12-2001, EA13-2007, EA15-2008, EA16-2009, EA17-2011, EA18-2014, EA19-2015, EA20-2023, EA21-2026)",2022-04-01,16.8,2022
Olive oil,"Euro area (EA11-1999, EA12-2001, EA13-2007, EA15-2008, EA16-2009, EA17-2011, EA18-2014, EA19-2015, EA20-2023, EA21-2026)",2022-05-01,17.1,2022
Olive oil,"Euro area (EA11-1999, EA12-2001, EA13-2007, EA15-2008, EA16-2009, EA17-2011, EA18-2014, EA19-2015, EA20-2023, EA21-2026)",2022-06-01,15.7,2022
Olive oil,"Euro area (EA11-1999, EA12-2001, EA13-2007, EA15-2008, EA16-2009, EA17-2011, EA18-2014, EA19-2015, EA20-2023, EA21-2026)",2022-07-01,13.7,2022
Olive oil,"Euro area (EA11-1999, EA12-2001, EA13-2007, EA15-2008, EA16-2009, EA17-2011, EA18-2014, EA19-2015, EA20-2023, EA21-2026)",2022-08-01,11.8,2022
Olive oil,"Euro area (EA11-1999, EA12-2001, EA13-2007, EA15-2008, EA16-2009, EA17-2011, EA18-2014, EA19-2015, EA20-2023, EA21-2026)",2022-09-01,11.6,2022
Olive oil,"Euro area (EA11-1999, EA12-2001, EA13-2007, EA15-2008, EA16-2009, EA17-2011, EA18-2014, EA19-2015, EA20-2023, EA21-2026)",2022-10-01,12.8,2022
Olive oil,"Euro area (EA11-1999, EA12-2001, EA13-2007, EA15-2008, EA16-2009, EA17-2011, EA18-2014, EA19-2015, EA20-2023, EA21-2026)",2022-11-01,17.9,2022
Olive oil,"Euro area (EA11-1999, EA12-2001, EA13-2007, EA15-2008, EA16-2009, EA17-2011, EA18-2014, EA19-2015, EA20-2023, EA21-2026)",2022-12-01,22.3,2022
Olive oil,"Euro area (EA11-1999, EA12-2001, EA13-2007, EA15-2008, EA16-2009, EA17-2011, EA18-2014, EA19-2015, EA20-2023, EA21-2026)",2023-01-01,23.6,2023
Olive oil,"Euro area (EA11-1999, EA12-2001, EA13-2007, EA15-2008, EA16-2009, EA17-2011, EA18-2014, EA19-2015, EA20-2023, EA21-2026)",2023-02-01,27.6,2023
Olive oil,"Euro area (EA11-1999, EA12-2001, EA13-2007, EA15-2008, EA16-2009, EA17-2011, EA18-2014, EA19-2015, EA20-2023, EA21-2026)",2023-03-01,27.1,2023
Olive oil,"Euro area (EA11-1999, EA12-2001, EA13-2007, EA15-2008, EA16-2009, EA17-2011, EA18-2014, EA19-2015, EA20-2023, EA21-2026)",2023-04-01,24.1,2023
Olive oil,"Euro area (EA11-1999, EA12-2001, EA13-2007, EA15-2008, EA16-2009, EA17-2011, EA18-2014, EA19-2015, EA20-2023, EA21-2026)",2023-05-01,23.9,2023
Olive oil,"Euro area (EA11-1999, EA12-2001, EA13-2007, EA15-2008, EA16-2009, EA17-2011, EA18-2014, EA19-2015, EA20-2023, EA21-2026)",2023-06-01,26.5,2023
Olive oil,"Euro area (EA11-1999, EA12-2001, EA13-2007, EA15-2008, EA16-2009, EA17-2011, EA18-2014, EA19-2015, EA20-2023, EA21-2026)",2023-07-01,29.9,2023
Olive oil,"Euro area (EA11-1999, EA12-2001, EA13-2007, EA15-2008, EA16-2009, EA17-2011, EA18-2014, EA19-2015, EA20-2023, EA21-2026)",2023-08-01,38.3,2023
Olive oil,"Euro area (EA11-1999, EA12-2001, EA13-2007, EA15-2008, EA16-2009, EA17-2011, EA18-2014, EA19-2015, EA20-2023, EA21-2026)",2023-09-01,45.6,2023
Olive oil,"Euro area (EA11-1999, EA12-2001, EA13-2007, EA15-2008, EA16-2009, EA17-2011, EA18-2014, EA19-2015, EA20-2023, EA21-2026)",2023-10-01,51.9,2023
Olive oil,"Euro area (EA11-1999, EA12-2001, EA13-2007, EA15-2008, EA16-2009, EA17-2011, EA18-2014, EA19-2015, EA20-2023, EA21-2026)",2023-11-01,52.3,2023
Olive oil,"Euro area (EA11-1999, EA12-2001, EA13-2007, EA15-2008, EA16-2009, EA17-2011, EA18-2014, EA19-2015, EA20-2023, EA21-2026)",2023-12-01,48.5,2023
Olive oil,"Euro area (EA11-1999, EA12-2001, EA13-2007, EA15-2008, EA16-2009, EA17-2011, EA18-2014, EA19-2015, EA20-2023, EA21-2026)",2024-01-01,50.7,2024
Olive oil,"Euro area (EA11-1999, EA12-2001, EA13-2007, EA15-2008, EA16-2009, EA17-2011, EA18-2014, EA19-2015, EA20-2023, EA21-2026)",2024-02-01,51.5,2024
Olive oil,"Euro area (EA11-1999, EA12-2001, EA13-2007, EA15-2008, EA16-2009, EA17-2011, EA18-2014, EA19-2015, EA20-2023, EA21-2026)",2024-03-01,53.5,2024
Olive oil,"Euro area (EA11-1999, EA12-2001, EA13-2007, EA15-2008, EA16-2009, EA17-2011, EA18-2014, EA19-2015, EA20-2023, EA21-2026)",2024-04-01,52.3,2024
Olive oil,"Euro area (EA11-1999, EA12-2001, EA13-2007, EA15-2008, EA16-2009, EA17-2011, EA18-2014, EA19-2015, EA20-2023, EA21-2026)",2024-05-01,50.0,2024
Olive oil,"Euro area (EA11-1999, EA12-2001, EA13-2007, EA15-2008, EA16-2009, EA17-2011, EA18-2014, EA19-2015, EA20-2023, EA21-2026)",2024-06-01,45.9,2024
Olive oil,"Euro area (EA11-1999, EA12-2001, EA13-2007, EA15-2008, EA16-2009, EA17-2011, EA18-2014, EA19-2015, EA20-2023, EA21-2026)",2024-07-01,38.9,2024
Olive oil,"Euro area (EA11-1999, EA12-2001, EA13-2007, EA15-2008, EA16-2009, EA17-2011, EA18-2014, EA19-2015, EA20-2023, EA21-2026)",2024-08-01,30.1,2024
Olive oil,"Euro area (EA11-1999, EA12-2001, EA13-2007, EA15-2008, EA16-2009, EA17-2011, EA18-2014, EA19-2015, EA20-2023, EA21-2026)",2024-09-01,21.4,2024
Olive oil,"Euro area (EA11-1999, EA12-2001, EA13-2007, EA15-2008, EA16-2009, EA17-2011, EA18-2014, EA19-2015, EA20-2023, EA21-2026)",2024-10-01,13.8,2024
Olive oil,"Euro area (EA11-1999, EA12-2001, EA13-2007, EA15-2008, EA16-2009, EA17-2011, EA18-2014, EA19-2015, EA20-2023, EA21-2026)",2024-11-01,6.7,2024
Olive oil,"Euro area (EA11-1999, EA12-2001, EA13-2007, EA15-2008, EA16-2009, EA17-2011, EA18-2014, EA19-2015, EA20-2023, EA21-2026)",2024-12-01,0.7,2024
Olive oil,"Euro area (EA11-1999, EA12-2001, EA13-2007, EA15-2008, EA16-2009, EA17-2011, EA18-2014, EA19-2015, EA20-2023, EA21-2026)",2025-01-01,-6.3,2025
Olive oil,"Euro area (EA11-1999, EA12-2001, EA13-2007, EA15-2008, EA16-2009, EA17-2011, EA18-2014, EA19-2015, EA20-2023, EA21-2026)",2025-02-01,-14.8,2025
Olive oil,"Euro area (EA11-1999, EA12-2001, EA13-2007, EA15-2008, EA16-2009, EA17-2011, EA18-2014, EA19-2015, EA20-2023, EA21-2026)",2025-03-01,-20.6,2025
Olive oil,"Euro area (EA11-1999, EA12-2001, EA13-2007, EA15-2008, EA16-2009, EA17-2011, EA18-2014, EA19-2015, EA20-2023, EA21-2026)",2025-04-01,-24.4,2025
Olive oil,"Euro area (EA11-1999, EA12-2001, EA13-2007, EA15-2008, EA16-2009, EA17-2011, EA18-2014, EA19-2015, EA20-2023, EA21-2026)",2025-05-01,-26.9,2025
Olive oil,"Euro area (EA11-1999, EA12-2001, EA13-2007, EA15-2008, EA16-2009, EA17-2011, EA18-2014, EA19-2015, EA20-2023, EA21-2026)",2025-06-01,-28.3,2025
Olive oil,"Euro area (EA11-1999, EA12-2001, EA13-2007, EA15-2008, EA16-2009, EA17-2011, EA18-2014, EA19-2015, EA20-2023, EA21-2026)",2025-07-01,-27.6,2025
Olive oil,"Euro area (EA11-1999, EA12-2001, EA13-2007, EA15-2008, EA16-2009, EA17-2011, EA18-2014, EA19-2015, EA20-2023, EA21-2026)",2025-08-01,-28.3,2025
Olive oil,"Euro area (EA11-1999, EA12-2001, EA13-2007, EA15-2008, EA16-2009, EA17-2011, EA18-2014, EA19-2015, EA20-2023, EA21-2026)",2025-09-01,-28.9,2025
Olive oil,"Euro area (EA11-1999, EA12-2001, EA13-2007, EA15-2008, EA16-2009, EA17-2011, EA18-2014, EA19-2015, EA20-2023, EA21-2026)",2025-10-01,-28.1,2025
Olive oil,"Euro area (EA11-1999, EA12-2001, EA13-2007, EA15-2008, EA16-2009, EA17-2011, EA18-2014, EA19-2015, EA20-2023, EA21-2026)",2025-11-01,-26.3,2025
Olive oil,"Euro area (EA11-1999, EA12-2001, EA13-2007, EA15-2008, EA16-2009, EA17-2011, EA18-2014, EA19-2015, EA20-2023, EA21-2026)",2025-12-01,-23.1,2025
Olive oil,Spain,2019-01-01,-15.3,2019
Olive oil,Spain,2019-02-01,-17.0,2019
Olive oil,Spain,2019-03-01,-17.3,2019
Olive oil,Spain,2019-04-01,-18.4,2019
Olive oil,Spain,2019-05-01,-18.1,2019
Olive oil,Spain,2019-06-01,-18.8,2019
Olive oil,Spain,2019-07-01,-17.0,2019
Olive oil,Spain,2019-08-01,-17.1,2019
Olive oil,Spain,2019-09-01,-16.5,2019
Olive oil,Spain,2019-10-01,-15.7,2019
Olive oil,Spain,2019-11-01,-12.5,2019
Olive oil,Spain,2019-12-01,-11.4,2019
Olive oil,Spain,2020-01-01,-12.5,2020
Olive oil,Spain,2020-02-01,-11.8,2020
Olive oil,Spain,2020-03-01,-11.8,2020
Olive oil,Spain,2020-04-01,-9.8,2020
Olive oil,Spain,2020-05-01,-8.5,2020
Olive oil,Spain,2020-06-01,-6.4,2020
Olive oil,Spain,2020-07-01,-5.8,2020
Olive oil,Spain,2020-08-01,-5.7,2020
Olive oil,Spain,2020-09-01,-5.7,2020
Olive oil,Spain,2020-10-01,-5.0,2020
Olive oil,Spain,2020-11-01,-4.4,2020
Olive oil,Spain,2020-12-01,-4.2,2020
Olive oil,Spain,2021-01-01,-3.1,2021
Olive oil,Spain,2021-02-01,-1.7,2021
Olive oil,Spain,2021-03-01,-0.8,2021
Olive oil,Spain,2021-04-01,1.9,2021
Olive oil,Spain,2021-05-01,5.2,2021
Olive oil,Spain,2021-06-01,11.9,2021
Olive oil,Spain,2021-07-01,21.6,2021
Olive oil,Spain,2021-08-01,25.3,2021
Olive oil,Spain,2021-09-01,25.6,2021
Olive oil,Spain,2021-10-01,26.0,2021
Olive oil,Spain,2021-11-01,25.5,2021
Olive oil,Spain,2021-12-01,26.7,2021
Olive oil,Spain,2022-01-01,30.1,2022
Olive oil,Spain,2022-02-01,30.5,2022
Olive oil,Spain,2022-03-01,32.9,2022
Olive oil,Spain,2022-04-01,42.5,2022
Olive oil,Spain,2022-05-01,36.5,2022
Olive oil,Spain,2022-06-01,27.2,2022
Olive oil,Spain,2022-07-01,16.9,2022
Olive oil,Spain,2022-08-01,13.2,2022
Olive oil,Spain,2022-09-01,14.1,2022
Olive oil,Spain,2022-10-01,15.7,2022
Olive oil,Spain,2022-11-01,25.9,2022
Olive oil,Spain,2022-12-01,35.2,2022
Olive oil,Spain,2023-01-01,30.5,2023
Olive oil,Spain,2023-02-01,33.5,2023
Olive oil,Spain,2023-03-01,32.1,2023
Olive oil,Spain,2023-04-01,22.2,2023
Olive oil,Spain,2023-05-01,24.7,2023
Olive oil,Spain,2023-06-01,31.0,2023
Olive oil,Spain,2023-07-01,38.8,2023
Olive oil,Spain,2023-08-01,52.5,2023
Olive oil,Spain,2023-09-01,67.0,2023
Olive oil,Spain,2023-10-01,73.5,2023
Olive oil,Spain,2023-11-01,66.7,2023
Olive oil,Spain,2023-12-01,54.6,2023
Olive oil,Spain,2024-01-01,62.9,2024
Olive oil,Spain,2024-02-01,67.0,2024
Olive oil,Spain,2024-03-01,70.0,2024
Olive oil,Spain,2024-04-01,68.1,2024
Olive oil,Spain,2024-05-01,62.8,2024
Olive oil,Spain,2024-06-01,53.7,2024
Olive oil,Spain,2024-07-01,38.3,2024
Olive oil,Spain,2024-08-01,25.1,2024
Olive oil,Spain,2024-09-01,10.3,2024
Olive oil,Spain,2024-10-01,4.2,2024
Olive oil,Spain,2024-11-01,-3.7,2024
Olive oil,Spain,2024-12-01,-12.3,2024
Olive oil,Spain,2025-01-01,-21.9,2025
Olive oil,Spain,2025-02-01,-32.3,2025
Olive oil,Spain,2025-03-01,-37.9,2025
Olive oil,Spain,2025-04-01,-42.2,2025
Olive oil,Spain,2025-05-01,-43.8,2025
Olive oil,Spain,2025-06-01,-45.7,2025
Olive oil,Spain,2025-07-01,-44.3,2025
Olive oil,Spain,2025-08-01,-43.7,2025
Olive oil,Spain,2025-09-01,-43.0,2025
Olive oil,Spain,2025-10-01,-41.6,2025
Olive oil,Spain,2025-11-01,-38.1,2025
Olive oil,Spain,2025-12-01,-31.6,2025
Olive oil,France,2019-01-01,2.7,2019
Olive oil,France,2019-02-01,3.1,2019
Olive oil,France,2019-03-01,3.1,2019
Olive oil,France,2019-04-01,3.7,2019
Olive oil,France,2019-05-01,3.6,2019
Olive oil,France,2019-06-01,3.5,2019
Olive oil,France,2019-07-01,2.4,2019
Olive oil,France,2019-08-01,2.3,2019
Olive oil,France,2019-09-01,2.1,2019
Olive oil,France,2019-10-01,2.1,2019
Olive oil,France,2019-11-01,1.5,2019
Olive oil,France,2019-12-01,1.6,2019
Olive oil,France,2020-01-01,1.7,2020
Olive oil,France,2020-02-01,0.9,2020
Olive oil,France,2020-03-01,0.5,2020
Olive oil,France,2020-04-01,-0.4,2020
Olive oil,France,2020-05-01,-0.7,2020
Olive oil,France,2020-06-01,-0.4,2020
Olive oil,France,2020-07-01,0.1,2020
Olive oil,France,2020-08-01,-0.1,2020
Olive oil,France,2020-09-01,-0.4,2020
Olive oil,France,2020-10-01,-0.2,2020
Olive oil,France,2020-11-01,-1.2,2020
Olive oil,France,2020-12-01,-0.6,2020
Olive oil,France,2021-01-01,-0.5,2021
Olive oil,France,2021-02-01,-0.8,2021
Olive oil,France,2021-03-01,-0.7,2021
Olive oil,France,2021-04-01,0.0,2021
Olive oil,France,2021-05-01,-0.7,2021
Olive oil,France,2021-06-01,-0.6,2021
Olive oil,France,2021-07-01,-0.3,2021
Olive oil,France,2021-08-01,-0.4,2021
Olive oil,France,2021-09-01,-0.3,2021
Olive oil,France,2021-10-01,-0.4,2021
Olive oil,France,2021-11-01,1.3,2021
Olive oil,France,2021-12-01,1.5,2021
Olive oil,France,2022-01-01,1.3,2022
Olive oil,France,2022-02-01,2.0,2022
Olive oil,France,2022-03-01,3.5,2022
Olive oil,France,2022-04-01,4.7,2022
Olive oil,France,2022-05-01,7.7,2022
Olive oil,France,2022-06-01,9.8,2022
Olive oil,France,2022-07-01,10.3,2022
Olive oil,France,2022-08-01,11.7,2022
Olive oil,France,2022-09-01,13.3,2022
Olive oil,France,2022-10-01,15.8,2022
Olive oil,France,2022-11-01,15.7,2022
Olive oil,France,2022-12-01,15.9,2022
Olive oil,France,2023-01-01,18.6,2023
Olive oil,France,2023-02-01,21.2,2023
Olive oil,France,2023-03-01,23.0,2023
Olive oil,France,2023-04-01,24.0,2023
Olive oil,France,2023-05-01,22.9,2023
Olive oil,France,2023-06-01,20.3,2023
Olive oil,France,2023-07-01,20.8,2023
Olive oil,France,2023-08-01,21.3,2023
Olive oil,France,2023-09-01,20.2,2023
Olive oil,France,2023-10-01,18.6,2023
Olive oil,France,2023-11-01,18.5,2023
Olive oil,France,2023-12-01,18.3,2023
Olive oil,France,2024-01-01,21.4,2024
Olive oil,France,2024-02-01,23.6,2024
Olive oil,France,2024-03-01,28.6,2024
Olive oil,France,2024-04-01,32.3,2024
Olive oil,France,2024-05-01,34.2,2024
Olive oil,France,2024-06-01,33.6,2024
Olive oil,France,2024-07-01,32.9,2024
Olive oil,France,2024-08-01,31.5,2024
Olive oil,France,2024-09-01,31.3,2024
Olive oil,France,2024-10-01,29.9,2024
Olive oil,France,2024-11-01,29.2,2024
Olive oil,France,2024-12-01,28.3,2024
Olive oil,France,2025-01-01,21.7,2025
Olive oil,France,2025-02-01,15.5,2025
Olive oil,France,2025-03-01,6.9,2025
Olive oil,France,2025-04-01,0.6,2025
Olive oil,France,2025-05-01,-4.3,2025
Olive oil,France,2025-06-01,-5.8,2025
Olive oil,France,2025-07-01,-7.0,2025
Olive oil,France,2025-08-01,-8.1,2025
Olive oil,France,2025-09-01,-9.4,2025
Olive oil,France,2025-10-01,-10.2,2025
Olive oil,France,2025-11-01,-10.7,2025
Olive oil,France,2025-12-01,-10.7,2025
Olive oil,Italy,2019-01-01,-3.5,2019
Olive oil,Italy,2019-02-01,-1.7,2019
Olive oil,Italy,2019-03-01,-2.2,2019
Olive oil,Italy,2019-04-01,-2.5,2019
Olive oil,Italy,2019-05-01,-2.3,2019
Olive oil,Italy,2019-06-01,-1.4,2019
Olive oil,Italy,2019-07-01,-2.8,2019
Olive oil,Italy,2019-08-01,-0.9,2019
Olive oil,Italy,2019-09-01,-2.1,2019
Olive oil,Italy,2019-10-01,-2.9,2019
Olive oil,Italy,2019-11-01,-2.8,2019
Olive oil,Italy,2019-12-01,-1.9,2019
Olive oil,Italy,2020-01-01,0.2,2020
Olive oil,Italy,2020-02-01,-2.5,2020
Olive oil,Italy,2020-03-01,-1.2,2020
Olive oil,Italy,2020-04-01,-0.2,2020
Olive oil,Italy,2020-05-01,-0.8,2020
Olive oil,Italy,2020-06-01,-1.6,2020
Olive oil,Italy,2020-07-01,-3.4,2020
Olive oil,Italy,2020-08-01,-4.7,2020
Olive oil,Italy,2020-09-01,-4.3,2020
Olive oil,Italy,2020-10-01,-3.6,2020
Olive oil,Italy,2020-11-01,-5.4,2020
Olive oil,Italy,2020-12-01,-5.5,2020
Olive oil,Italy,2021-01-01,-4.3,2021
Olive oil,Italy,2021-02-01,-2.8,2021
Olive oil,Italy,2021-03-01,-3.6,2021
Olive oil,Italy,2021-04-01,-2.3,2021
Olive oil,Italy,2021-05-01,-1.8,2021
Olive oil,Italy,2021-06-01,-0.6,2021
Olive oil,Italy,2021-07-01,1.7,2021
Olive oil,Italy,2021-08-01,3.7,2021
Olive oil,Italy,2021-09-01,4.2,2021
Olive oil,Italy,2021-10-01,4.2,2021
Olive oil,Italy,2021-11-01,5.5,2021
Olive oil,Italy,2021-12-01,6.2,2021
Olive oil,Italy,2022-01-01,3.6,2022
Olive oil,Italy,2022-02-01,4.2,2022
Olive oil,Italy,2022-03-01,5.3,2022
Olive oil,Italy,2022-04-01,4.8,2022
Olive oil,Italy,2022-05-01,7.2,2022
Olive oil,Italy,2022-06-01,8.2,2022
Olive oil,Italy,2022-07-01,8.9,2022
Olive oil,Italy,2022-08-01,7.2,2022
Olive oil,Italy,2022-09-01,8.7,2022
Olive oil,Italy,2022-10-01,10.0,2022
Olive oil,Italy,2022-11-01,13.5,2022
Olive oil,Italy,2022-12-01,16.1,2022
Olive oil,Italy,2023-01-01,20.4,2023
Olive oil,Italy,2023-02-01,25.5,2023
Olive oil,Italy,2023-03-01,26.9,2023
Olive oil,Italy,2023-04-01,26.0,2023
Olive oil,Italy,2023-05-01,24.6,2023
Olive oil,Italy,2023-06-01,26.7,2023
Olive oil,Italy,2023-07-01,30.7,2023
Olive oil,Italy,2023-08-01,37.2,2023
Olive oil,Italy,2023-09-01,43.1,2023
Olive oil,Italy,2023-10-01,49.3,2023
Olive oil,Italy,2023-11-01,50.0,2023
Olive oil,Italy,2023-12-01,49.2,2023
Olive oil,Italy,2024-01-01,44.8,2024
Olive oil,Italy,2024-02-01,46.3,2024
Olive oil,Italy,2024-03-01,45.7,2024
Olive oil,Italy,2024-04-01,44.3,2024
Olive oil,Italy,2024-05-01,44.1,2024
Olive oil,Italy,2024-06-01,41.5,2024
Olive oil,Italy,2024-07-01,35.4,2024
Olive oil,Italy,2024-08-01,29.2,2024
Olive oil,Italy,2024-09-01,22.5,2024
Olive oil,Italy,2024-10-01,14.3,2024
Olive oil,Italy,2024-11-01,9.7,2024
Olive oil,Italy,2024-12-01,3.4,2024
Olive oil,Italy,2025-01-01,1.3,2025
Olive oil,Italy,2025-02-01,-6.8,2025
Olive oil,Italy,2025-03-01,-11.8,2025
Olive oil,Italy,2025-04-01,-13.2,2025
Olive oil,Italy,2025-05-01,-16.0,2025
Olive oil,Italy,2025-06-01,-17.8,2025
Olive oil,Italy,2025-07-01,-17.8,2025
Olive oil,Italy,2025-08-01,-18.9,2025
Olive oil,Italy,2025-09-01,-19.7,2025
Olive oil,Italy,2025-10-01,-18.6,2025
Olive oil,Italy,2025-11-01,-17.8,2025
Olive oil,Italy,2025-12-01,-15.5,2025
Olive oil,Portugal,2019-01-01,-3.4,2019
Olive oil,Portugal,2019-02-01,-6.0,2019
Olive oil,Portugal,2019-03-01,-4.2,2019
Olive oil,Portugal,2019-04-01,-9.2,2019
Olive oil,Portugal,2019-05-01,-6.5,2019
Olive oil,Portugal,2019-06-01,-7.8,2019
Olive oil,Portugal,2019-07-01,-9.5,2019
Olive oil,Portugal,2019-08-01,-5.7,2019
Olive oil,Portugal,2019-09-01,-11.9,2019
Olive oil,Portugal,2019-10-01,-12.0,2019
Olive oil,Portugal,2019-11-01,-5.3,2019
Olive oil,Portugal,2019-12-01,-4.7,2019
Olive oil,Portugal,2020-01-01,-6.4,2020
Olive oil,Portugal,2020-02-01,-8.9,2020
Olive oil,Portugal,2020-03-01,-7.1,2020
Olive oil,Portugal,2020-04-01,-6.4,2020
Olive oil,Portugal,2020-05-01,-9.0,2020
Olive oil,Portugal,2020-06-01,1.8,2020
Olive oil,Portugal,2020-07-01,-10.8,2020
Olive oil,Portugal,2020-08-01,-10.1,2020
Olive oil,Portugal,2020-09-01,-9.3,2020
Olive oil,Portugal,2020-10-01,-9.3,2020
Olive oil,Portugal,2020-11-01,-12.7,2020
Olive oil,Portugal,2020-12-01,-12.3,2020
Olive oil,Portugal,2021-01-01,-12.6,2021
Olive oil,Portugal,2021-02-01,-0.6,2021
Olive oil,Portugal,2021-03-01,-4.2,2021
Olive oil,Portugal,2021-04-01,-1.9,2021
Olive oil,Portugal,2021-05-01,-1.1,2021
Olive oil,Portugal,2021-06-01,-8.0,2021
Olive oil,Portugal,2021-07-01,10.2,2021
Olive oil,Portugal,2021-08-01,4.5,2021
Olive oil,Portugal,2021-09-01,10.1,2021
Olive oil,Portugal,2021-10-01,11.2,2021
Olive oil,Portugal,2021-11-01,12.1,2021
Olive oil,Portugal,2021-12-01,11.2,2021
Olive oil,Portugal,2022-01-01,10.4,2022
Olive oil,Portugal,2022-02-01,6.1,2022
Olive oil,Portugal,2022-03-01,9.3,2022
Olive oil,Portugal,2022-04-01,14.5,2022
Olive oil,Portugal,2022-05-01,18.8,2022
Olive oil,Portugal,2022-06-01,16.0,2022
Olive oil,Portugal,2022-07-01,8.1,2022
Olive oil,Portugal,2022-08-01,13.6,2022
Olive oil,Portugal,2022-09-01,11.6,2022
Olive oil,Portugal,2022-10-01,18.5,2022
Olive oil,Portugal,2022-11-01,21.5,2022
Olive oil,Portugal,2022-12-01,26.1,2022
Olive oil,Portugal,2023-01-01,30.9,2023
Olive oil,Portugal,2023-02-01,55.8,2023
Olive oil,Portugal,2023-03-01,45.2,2023
Olive oil,Portugal,2023-04-01,39.7,2023
Olive oil,Portugal,2023-05-01,30.0,2023
Olive oil,Portugal,2023-06-01,29.2,2023
Olive oil,Portugal,2023-07-01,27.8,2023
Olive oil,Portugal,2023-08-01,45.7,2023
Olive oil,Portugal,2023-09-01,53.5,2023
Olive oil,Portugal,2023-10-01,60.7,2023
Olive oil,Portugal,2023-11-01,75.1,2023
Olive oil,Portugal,2023-12-01,64.8,2023
Olive oil,Portugal,2024-01-01,69.1,2024
Olive oil,Portugal,2024-02-01,42.4,2024
Olive oil,Portugal,2024-03-01,52.1,2024
Olive oil,Portugal,2024-04-01,51.0,2024
Olive oil,Portugal,2024-05-01,50.7,2024
Olive oil,Portugal,2024-06-01,48.6,2024
Olive oil,Portugal,2024-07-01,48.2,2024
Olive oil,Portugal,2024-08-01,32.1,2024
Olive oil,Portugal,2024-09-01,23.7,2024
Olive oil,Portugal,2024-10-01,11.1,2024
Olive oil,Portugal,2024-11-01,1.0,2024
Olive oil,Portugal,2024-12-01,-2.3,2024
Olive oil,Portugal,2025-01-01,-11.1,2025
Olive oil,Portugal,2025-02-01,-17.2,2025
Olive oil,Portugal,2025-03-01,-23.8,2025
Olive oil,Portugal,2025-04-01,-28.2,2025
Olive oil,Portugal,2025-05-01,-26.6,2025
Olive oil,Portugal,2025-06-01,-25.9,2025
Olive oil,Portugal,2025-07-01,-24.8,2025
Olive oil,Portugal,2025-08-01,-25.3,2025
Olive oil,Portugal,2025-09-01,-25.6,2025
Olive oil,Portugal,2025-10-01,-26.8,2025
Olive oil,Portugal,2025-11-01,-27.2,2025
Olive oil,Portugal,2025-12-01,-25.7,2025
Vegetables,Germany,2019-01-01,5.9,2019
Vegetables,Germany,2019-02-01,11.6,2019
Vegetables,Germany,2019-03-01,8.0,2019
Vegetables,Germany,2019-04-01,9.7,2019
Vegetables,Germany,2019-05-01,8.7,2019
Vegetables,Germany,2019-06-01,9.9,2019
Vegetables,Germany,2019-07-01,11.2,2019
Vegetables,Germany,2019-08-01,12.3,2019
Vegetables,Germany,2019-09-01,1.1,2019
Vegetables,Germany,2019-10-01,-3.0,2019
Vegetables,Germany,2019-11-01,0.3,2019
Vegetables,Germany,2019-12-01,0.1,2019
Vegetables,Germany,2020-01-01,-0.8,2020
Vegetables,Germany,2020-02-01,0.6,2020
Vegetables,Germany,2020-03-01,2.1,2020
Vegetables,Germany,2020-04-01,6.5,2020
Vegetables,Germany,2020-05-01,2.4,2020
Vegetables,Germany,2020-06-01,1.1,2020
Vegetables,Germany,2020-07-01,-5.1,2020
Vegetables,Germany,2020-08-01,-6.9,2020
Vegetables,Germany,2020-09-01,-5.4,2020
Vegetables,Germany,2020-10-01,1.5,2020
Vegetables,Germany,2020-11-01,2.5,2020
Vegetables,Germany,2020-12-01,-2.7,2020
Vegetables,Germany,2021-01-01,2.9,2021
Vegetables,Germany,2021-02-01,-0.1,2021
Vegetables,Germany,2021-03-01,0.1,2021
Vegetables,Germany,2021-04-01,1.5,2021
Vegetables,Germany,2021-05-01,0.7,2021
Vegetables,Germany,2021-06-01,-1.0,2021
Vegetables,Germany,2021-07-01,6.6,2021
Vegetables,Germany,2021-08-01,8.5,2021
Vegetables,Germany,2021-09-01,8.8,2021
Vegetables,Germany,2021-10-01,3.5,2021
Vegetables,Germany,2021-11-01,2.4,2021
Vegetables,Germany,2021-12-01,9.2,2021
Vegetables,Germany,2022-01-01,7.7,2022
Vegetables,Germany,2022-02-01,9.9,2022
Vegetables,Germany,2022-03-01,12.3,2022
Vegetables,Germany,2022-04-01,9.0,2022
Vegetables,Germany,2022-05-01,7.4,2022
Vegetables,Germany,2022-06-01,8.0,2022
Vegetables,Germany,2022-07-01,7.7,2022
Vegetables,Germany,2022-08-01,9.8,2022
Vegetables,Germany,2022-09-01,14.3,2022
Vegetables,Germany,2022-10-01,22.6,2022
Vegetables,Germany,2022-11-01,19.4,2022
Vegetables,Germany,2022-12-01,16.2,2022
Vegetables,Germany,2023-01-01,12.6,2023
Vegetables,Germany,2023-02-01,21.8,2023
Vegetables,Germany,2023-03-01,29.4,2023
Vegetables,Germany,2023-04-01,16.2,2023
Vegetables,Germany,2023-05-01,17.5,2023
Vegetables,Germany,2023-06-01,19.1,2023
Vegetables,Germany,2023-07-01,16.0,2023
Vegetables,Germany,2023-08-01,12.1,2023
Vegetables,Germany,2023-09-01,8.8,2023
Vegetables,Germany,2023-10-01,2.2,2023
Vegetables,Germany,2023-11-01,6.8,2023
Vegetables,Germany,2023-12-01,6.8,2023
Vegetables,Germany,2024-01-01,8.7,2024
Vegetables,Germany,2024-02-01,-5.9,2024
Vegetables,Germany,2024-03-01,-13.8,2024
Vegetables,Germany,2024-04-01,-4.9,2024
Vegetables,Germany,2024-05-01,-1.5,2024
Vegetables,Germany,2024-06-01,1.7,2024
Vegetables,Germany,2024-07-01,2.5,2024
Vegetables,Germany,2024-08-01,1.4,2024
Vegetables,Germany,2024-09-01,0.8,2024
Vegetables,Germany,2024-10-01,3.8,2024
Vegetables,Germany,2024-11-01,0.8,2024
Vegetables,Germany,2024-12-01,0.1,2024
Vegetables,Germany,2025-01-01,-1.9,2025
Vegetables,Germany,2025-02-01,4.1,2025
Vegetables,Germany,2025-03-01,5.3,2025
Vegetables,Germany,2025-04-01,5.2,2025
Vegetables,Germany,2025-05-01,-1.4,2025
Vegetables,Germany,2025-06-01,-4.9,2025
Vegetables,Germany,2025-07-01,-4.8,2025
Vegetables,Germany,2025-08-01,-2.2,2025
Vegetables,Germany,2025-09-01,-2.7,2025
Vegetables,Germany,2025-10-01,-4.4,2025
Vegetables,Germany,2025-11-01,-2.8,2025
Vegetables,Germany,2025-12-01,0.7,2025
Vegetables,"Euro area (EA11-1999, EA12-2001, EA13-2007, EA15-2008, EA16-2009, EA17-2011, EA18-2014, EA19-2015, EA20-2023, EA21-2026)",2019-01-01,6.6,2019
Vegetables,"Euro area (EA11-1999, EA12-2001, EA13-2007, EA15-2008, EA16-2009, EA17-2011, EA18-2014, EA19-2015, EA20-2023, EA21-2026)",2019-02-01,10.3,2019
Vegetables,"Euro area (EA11-1999, EA12-2001, EA13-2007, EA15-2008, EA16-2009, EA17-2011, EA18-2014, EA19-2015, EA20-2023, EA21-2026)",2019-03-01,6.8,2019
Vegetables,"Euro area (EA11-1999, EA12-2001, EA13-2007, EA15-2008, EA16-2009, EA17-2011, EA18-2014, EA19-2015, EA20-2023, EA21-2026)",2019-04-01,7.1,2019
Vegetables,"Euro area (EA11-1999, EA12-2001, EA13-2007, EA15-2008, EA16-2009, EA17-2011, EA18-2014, EA19-2015, EA20-2023, EA21-2026)",2019-05-01,6.0,2019
Vegetables,"Euro area (EA11-1999, EA12-2001, EA13-2007, EA15-2008, EA16-2009, EA17-2011, EA18-2014, EA19-2015, EA20-2023, EA21-2026)",2019-06-01,6.9,2019
Vegetables,"Euro area (EA11-1999, EA12-2001, EA13-2007, EA15-2008, EA16-2009, EA17-2011, EA18-2014, EA19-2015, EA20-2023, EA21-2026)",2019-07-01,8.1,2019
Vegetables,"Euro area (EA11-1999, EA12-2001, EA13-2007, EA15-2008, EA16-2009, EA17-2011, EA18-2014, EA19-2015, EA20-2023, EA21-2026)",2019-08-01,9.2,2019
Vegetables,"Euro area (EA11-1999, EA12-2001, EA13-2007, EA15-2008, EA16-2009, EA17-2011, EA18-2014, EA19-2015, EA20-2023, EA21-2026)",2019-09-01,2.8,2019
Vegetables,"Euro area (EA11-1999, EA12-2001, EA13-2007, EA15-2008, EA16-2009, EA17-2011, EA18-2014, EA19-2015, EA20-2023, EA21-2026)",2019-10-01,0.1,2019
Vegetables,"Euro area (EA11-1999, EA12-2001, EA13-2007, EA15-2008, EA16-2009, EA17-2011, EA18-2014, EA19-2015, EA20-2023, EA21-2026)",2019-11-01,1.0,2019
Vegetables,"Euro area (EA11-1999, EA12-2001, EA13-2007, EA15-2008, EA16-2009, EA17-2011, EA18-2014, EA19-2015, EA20-2023, EA21-2026)",2019-12-01,0.9,2019
Vegetables,"Euro area (EA11-1999, EA12-2001, EA13-2007, EA15-2008, EA16-2009, EA17-2011, EA18-2014, EA19-2015, EA20-2023, EA21-2026)",2020-01-01,-0.3,2020
Vegetables,"Euro area (EA11-1999, EA12-2001, EA13-2007, EA15-2008, EA16-2009, EA17-2011, EA18-2014, EA19-2015, EA20-2023, EA21-2026)",2020-02-01,-0.6,2020
Vegetables,"Euro area (EA11-1999, EA12-2001, EA13-2007, EA15-2008, EA16-2009, EA17-2011, EA18-2014, EA19-2015, EA20-2023, EA21-2026)",2020-03-01,0.6,2020
Vegetables,"Euro area (EA11-1999, EA12-2001, EA13-2007, EA15-2008, EA16-2009, EA17-2011, EA18-2014, EA19-2015, EA20-2023, EA21-2026)",2020-04-01,6.5,2020
Vegetables,"Euro area (EA11-1999, EA12-2001, EA13-2007, EA15-2008, EA16-2009, EA17-2011, EA18-2014, EA19-2015, EA20-2023, EA21-2026)",2020-05-01,4.5,2020
Vegetables,"Euro area (EA11-1999, EA12-2001, EA13-2007, EA15-2008, EA16-2009, EA17-2011, EA18-2014, EA19-2015, EA20-2023, EA21-2026)",2020-06-01,2.8,2020
Vegetables,"Euro area (EA11-1999, EA12-2001, EA13-2007, EA15-2008, EA16-2009, EA17-2011, EA18-2014, EA19-2015, EA20-2023, EA21-2026)",2020-07-01,-1.5,2020
Vegetables,"Euro area (EA11-1999, EA12-2001, EA13-2007, EA15-2008, EA16-2009, EA17-2011, EA18-2014, EA19-2015, EA20-2023, EA21-2026)",2020-08-01,-2.8,2020
Vegetables,"Euro area (EA11-1999, EA12-2001, EA13-2007, EA15-2008, EA16-2009, EA17-2011, EA18-2014, EA19-2015, EA20-2023, EA21-2026)",2020-09-01,-1.2,2020
Vegetables,"Euro area (EA11-1999, EA12-2001, EA13-2007, EA15-2008, EA16-2009, EA17-2011, EA18-2014, EA19-2015, EA20-2023, EA21-2026)",2020-10-01,3.2,2020
Vegetables,"Euro area (EA11-1999, EA12-2001, EA13-2007, EA15-2008, EA16-2009, EA17-2011, EA18-2014, EA19-2015, EA20-2023, EA21-2026)",2020-11-01,4.6,2020
Vegetables,"Euro area (EA11-1999, EA12-2001, EA13-2007, EA15-2008, EA16-2009, EA17-2011, EA18-2014, EA19-2015, EA20-2023, EA21-2026)",2020-12-01,-0.2,2020
Vegetables,"Euro area (EA11-1999, EA12-2001, EA13-2007, EA15-2008, EA16-2009, EA17-2011, EA18-2014, EA19-2015, EA20-2023, EA21-2026)",2021-01-01,1.5,2021
Vegetables,"Euro area (EA11-1999, EA12-2001, EA13-2007, EA15-2008, EA16-2009, EA17-2011, EA18-2014, EA19-2015, EA20-2023, EA21-2026)",2021-02-01,0.0,2021
Vegetables,"Euro area (EA11-1999, EA12-2001, EA13-2007, EA15-2008, EA16-2009, EA17-2011, EA18-2014, EA19-2015, EA20-2023, EA21-2026)",2021-03-01,0.7,2021
Vegetables,"Euro area (EA11-1999, EA12-2001, EA13-2007, EA15-2008, EA16-2009, EA17-2011, EA18-2014, EA19-2015, EA20-2023, EA21-2026)",2021-04-01,-1.6,2021
Vegetables,"Euro area (EA11-1999, EA12-2001, EA13-2007, EA15-2008, EA16-2009, EA17-2011, EA18-2014, EA19-2015, EA20-2023, EA21-2026)",2021-05-01,-1.1,2021
Vegetables,"Euro area (EA11-1999, EA12-2001, EA13-2007, EA15-2008, EA16-2009, EA17-2011, EA18-2014, EA19-2015, EA20-2023, EA21-2026)",2021-06-01,-1.5,2021
Vegetables,"Euro area (EA11-1999, EA12-2001, EA13-2007, EA15-2008, EA16-2009, EA17-2011, EA18-2014, EA19-2015, EA20-2023, EA21-2026)",2021-07-01,2.6,2021
Vegetables,"Euro area (EA11-1999, EA12-2001, EA13-2007, EA15-2008, EA16-2009, EA17-2011, EA18-2014, EA19-2015, EA20-2023, EA21-2026)",2021-08-01,4.7,2021
Vegetables,"Euro area (EA11-1999, EA12-2001, EA13-2007, EA15-2008, EA16-2009, EA17-2011, EA18-2014, EA19-2015, EA20-2023, EA21-2026)",2021-09-01,4.0,2021
Vegetables,"Euro area (EA11-1999, EA12-2001, EA13-2007, EA15-2008, EA16-2009, EA17-2011, EA18-2014, EA19-2015, EA20-2023, EA21-2026)",2021-10-01,1.0,2021
Vegetables,"Euro area (EA11-1999, EA12-2001, EA13-2007, EA15-2008, EA16-2009, EA17-2011, EA18-2014, EA19-2015, EA20-2023, EA21-2026)",2021-11-01,0.3,2021
Vegetables,"Euro area (EA11-1999, EA12-2001, EA13-2007, EA15-2008, EA16-2009, EA17-2011, EA18-2014, EA19-2015, EA20-2023, EA21-2026)",2021-12-01,5.7,2021
Vegetables,"Euro area (EA11-1999, EA12-2001, EA13-2007, EA15-2008, EA16-2009, EA17-2011, EA18-2014, EA19-2015, EA20-2023, EA21-2026)",2022-01-01,5.8,2022
Vegetables,"Euro area (EA11-1999, EA12-2001, EA13-2007, EA15-2008, EA16-2009, EA17-2011, EA18-2014, EA19-2015, EA20-2023, EA21-2026)",2022-02-01,8.1,2022
Vegetables,"Euro area (EA11-1999, EA12-2001, EA13-2007, EA15-2008, EA16-2009, EA17-2011, EA18-2014, EA19-2015, EA20-2023, EA21-2026)",2022-03-01,9.7,2022
Vegetables,"Euro area (EA11-1999, EA12-2001, EA13-2007, EA15-2008, EA16-2009, EA17-2011, EA18-2014, EA19-2015, EA20-2023, EA21-2026)",2022-04-01,9.3,2022
Vegetables,"Euro area (EA11-1999, EA12-2001, EA13-2007, EA15-2008, EA16-2009, EA17-2011, EA18-2014, EA19-2015, EA20-2023, EA21-2026)",2022-05-01,7.4,2022
Vegetables,"Euro area (EA11-1999, EA12-2001, EA13-2007, EA15-2008, EA16-2009, EA17-2011, EA18-2014, EA19-2015, EA20-2023, EA21-2026)",2022-06-01,9.2,2022
Vegetables,"Euro area (EA11-1999, EA12-2001, EA13-2007, EA15-2008, EA16-2009, EA17-2011, EA18-2014, EA19-2015, EA20-2023, EA21-2026)",2022-07-01,9.2,2022
Vegetables,"Euro area (EA11-1999, EA12-2001, EA13-2007, EA15-2008, EA16-2009, EA17-2011, EA18-2014, EA19-2015, EA20-2023, EA21-2026)",2022-08-01,9.3,2022
Vegetables,"Euro area (EA11-1999, EA12-2001, EA13-2007, EA15-2008, EA16-2009, EA17-2011, EA18-2014, EA19-2015, EA20-2023, EA21-2026)",2022-09-01,13.4,2022
Vegetables,"Euro area (EA11-1999, EA12-2001, EA13-2007, EA15-2008, EA16-2009, EA17-2011, EA18-2014, EA19-2015, EA20-2023, EA21-2026)",2022-10-01,20.0,2022
Vegetables,"Euro area (EA11-1999, EA12-2001, EA13-2007, EA15-2008, EA16-2009, EA17-2011, EA18-2014, EA19-2015, EA20-2023, EA21-2026)",2022-11-01,16.6,2022
Vegetables,"Euro area (EA11-1999, EA12-2001, EA13-2007, EA15-2008, EA16-2009, EA17-2011, EA18-2014, EA19-2015, EA20-2023, EA21-2026)",2022-12-01,14.1,2022
Vegetables,"Euro area (EA11-1999, EA12-2001, EA13-2007, EA15-2008, EA16-2009, EA17-2011, EA18-2014, EA19-2015, EA20-2023, EA21-2026)",2023-01-01,12.2,2023
Vegetables,"Euro area (EA11-1999, EA12-2001, EA13-2007, EA15-2008, EA16-2009, EA17-2011, EA18-2014, EA19-2015, EA20-2023, EA21-2026)",2023-02-01,17.9,2023
Vegetables,"Euro area (EA11-1999, EA12-2001, EA13-2007, EA15-2008, EA16-2009, EA17-2011, EA18-2014, EA19-2015, EA20-2023, EA21-2026)",2023-03-01,21.6,2023
Vegetables,"Euro area (EA11-1999, EA12-2001, EA13-2007, EA15-2008, EA16-2009, EA17-2011, EA18-2014, EA19-2015, EA20-2023, EA21-2026)",2023-04-01,14.1,2023
Vegetables,"Euro area (EA11-1999, EA12-2001, EA13-2007, EA15-2008, EA16-2009, EA17-2011, EA18-2014, EA19-2015, EA20-2023, EA21-2026)",2023-05-01,16.5,2023
Vegetables,"Euro area (EA11-1999, EA12-2001, EA13-2007, EA15-2008, EA16-2009, EA17-2011, EA18-2014, EA19-2015, EA20-2023, EA21-2026)",2023-06-01,17.0,2023
Vegetables,"Euro area (EA11-1999, EA12-2001, EA13-2007, EA15-2008, EA16-2009, EA17-2011, EA18-2014, EA19-2015, EA20-2023, EA21-2026)",2023-07-01,15.5,2023
Vegetables,"Euro area (EA11-1999, EA12-2001, EA13-2007, EA15-2008, EA16-2009, EA17-2011, EA18-2014, EA19-2015, EA20-2023, EA21-2026)",2023-08-01,14.4,2023
Vegetables,"Euro area (EA11-1999, EA12-2001, EA13-2007, EA15-2008, EA16-2009, EA17-2011, EA18-2014, EA19-2015, EA20-2023, EA21-2026)",2023-09-01,11.6,2023
Vegetables,"Euro area (EA11-1999, EA12-2001, EA13-2007, EA15-2008, EA16-2009, EA17-2011, EA18-2014, EA19-2015, EA20-2023, EA21-2026)",2023-10-01,5.5,2023
Vegetables,"Euro area (EA11-1999, EA12-2001, EA13-2007, EA15-2008, EA16-2009, EA17-2011, EA18-2014, EA19-2015, EA20-2023, EA21-2026)",2023-11-01,9.1,2023
Vegetables,"Euro area (EA11-1999, EA12-2001, EA13-2007, EA15-2008, EA16-2009, EA17-2011, EA18-2014, EA19-2015, EA20-2023, EA21-2026)",2023-12-01,9.6,2023
Vegetables,"Euro area (EA11-1999, EA12-2001, EA13-2007, EA15-2008, EA16-2009, EA17-2011, EA18-2014, EA19-2015, EA20-2023, EA21-2026)",2024-01-01,10.5,2024
Vegetables,"Euro area (EA11-1999, EA12-2001, EA13-2007, EA15-2008, EA16-2009, EA17-2011, EA18-2014, EA19-2015, EA20-2023, EA21-2026)",2024-02-01,0.7,2024
Vegetables,"Euro area (EA11-1999, EA12-2001, EA13-2007, EA15-2008, EA16-2009, EA17-2011, EA18-2014, EA19-2015, EA20-2023, EA21-2026)",2024-03-01,-4.2,2024
Vegetables,"Euro area (EA11-1999, EA12-2001, EA13-2007, EA15-2008, EA16-2009, EA17-2011, EA18-2014, EA19-2015, EA20-2023, EA21-2026)",2024-04-01,-0.2,2024
Vegetables,"Euro area (EA11-1999, EA12-2001, EA13-2007, EA15-2008, EA16-2009, EA17-2011, EA18-2014, EA19-2015, EA20-2023, EA21-2026)",2024-05-01,1.4,2024
Vegetables,"Euro area (EA11-1999, EA12-2001, EA13-2007, EA15-2008, EA16-2009, EA17-2011, EA18-2014, EA19-2015, EA20-2023, EA21-2026)",2024-06-01,1.5,2024
Vegetables,"Euro area (EA11-1999, EA12-2001, EA13-2007, EA15-2008, EA16-2009, EA17-2011, EA18-2014, EA19-2015, EA20-2023, EA21-2026)",2024-07-01,2.2,2024
Vegetables,"Euro area (EA11-1999, EA12-2001, EA13-2007, EA15-2008, EA16-2009, EA17-2011, EA18-2014, EA19-2015, EA20-2023, EA21-2026)",2024-08-01,1.4,2024
Vegetables,"Euro area (EA11-1999, EA12-2001, EA13-2007, EA15-2008, EA16-2009, EA17-2011, EA18-2014, EA19-2015, EA20-2023, EA21-2026)",2024-09-01,1.1,2024
Vegetables,"Euro area (EA11-1999, EA12-2001, EA13-2007, EA15-2008, EA16-2009, EA17-2011, EA18-2014, EA19-2015, EA20-2023, EA21-2026)",2024-10-01,4.3,2024
Vegetables,"Euro area (EA11-1999, EA12-2001, EA13-2007, EA15-2008, EA16-2009, EA17-2011, EA18-2014, EA19-2015, EA20-2023, EA21-2026)",2024-11-01,2.5,2024
Vegetables,"Euro area (EA11-1999, EA12-2001, EA13-2007, EA15-2008, EA16-2009, EA17-2011, EA18-2014, EA19-2015, EA20-2023, EA21-2026)",2024-12-01,0.1,2024
Vegetables,"Euro area (EA11-1999, EA12-2001, EA13-2007, EA15-2008, EA16-2009, EA17-2011, EA18-2014, EA19-2015, EA20-2023, EA21-2026)",2025-01-01,-0.4,2025
Vegetables,"Euro area (EA11-1999, EA12-2001, EA13-2007, EA15-2008, EA16-2009, EA17-2011, EA18-2014, EA19-2015, EA20-2023, EA21-2026)",2025-02-01,2.1,2025
Vegetables,"Euro area (EA11-1999, EA12-2001, EA13-2007, EA15-2008, EA16-2009, EA17-2011, EA18-2014, EA19-2015, EA20-2023, EA21-2026)",2025-03-01,3.2,2025
Vegetables,"Euro area (EA11-1999, EA12-2001, EA13-2007, EA15-2008, EA16-2009, EA17-2011, EA18-2014, EA19-2015, EA20-2023, EA21-2026)",2025-04-01,3.4,2025
Vegetables,"Euro area (EA11-1999, EA12-2001, EA13-2007, EA15-2008, EA16-2009, EA17-2011, EA18-2014, EA19-2015, EA20-2023, EA21-2026)",2025-05-01,0.1,2025
Vegetables,"Euro area (EA11-1999, EA12-2001, EA13-2007, EA15-2008, EA16-2009, EA17-2011, EA18-2014, EA19-2015, EA20-2023, EA21-2026)",2025-06-01,-1.0,2025
Vegetables,"Euro area (EA11-1999, EA12-2001, EA13-2007, EA15-2008, EA16-2009, EA17-2011, EA18-2014, EA19-2015, EA20-2023, EA21-2026)",2025-07-01,-0.6,2025
Vegetables,"Euro area (EA11-1999, EA12-2001, EA13-2007, EA15-2008, EA16-2009, EA17-2011, EA18-2014, EA19-2015, EA20-2023, EA21-2026)",2025-08-01,0.6,2025
Vegetables,"Euro area (EA11-1999, EA12-2001, EA13-2007, EA15-2008, EA16-2009, EA17-2011, EA18-2014, EA19-2015, EA20-2023, EA21-2026)",2025-09-01,-0.2,2025
Vegetables,"Euro area (EA11-1999, EA12-2001, EA13-2007, EA15-2008, EA16-2009, EA17-2011, EA18-2014, EA19-2015, EA20-2023, EA21-2026)",2025-10-01,-3.4,2025
Vegetables,"Euro area (EA11-1999, EA12-2001, EA13-2007, EA15-2008, EA16-2009, EA17-2011, EA18-2014, EA19-2015, EA20-2023, EA21-2026)",2025-11-01,-3.3,2025
Vegetables,"Euro area (EA11-1999, EA12-2001, EA13-2007, EA15-2008, EA16-2009, EA17-2011, EA18-2014, EA19-2015, EA20-2023, EA21-2026)",2025-12-01,-0.2,2025
Vegetables,Spain,2019-01-01,4.7,2019
Vegetables,Spain,2019-02-01,7.8,2019
Vegetables,Spain,2019-03-01,5.8,2019
Vegetables,Spain,2019-04-01,8.1,2019
Vegetables,Spain,2019-05-01,5.0,2019
Vegetables,Spain,2019-06-01,5.5,2019
Vegetables,Spain,2019-07-01,6.1,2019
Vegetables,Spain,2019-08-01,6.9,2019
Vegetables,Spain,2019-09-01,4.6,2019
Vegetables,Spain,2019-10-01,0.9,2019
Vegetables,Spain,2019-11-01,0.2,2019
Vegetables,Spain,2019-12-01,1.5,2019
Vegetables,Spain,2020-01-01,1.3,2020
Vegetables,Spain,2020-02-01,-0.5,2020
Vegetables,Spain,2020-03-01,1.0,2020
Vegetables,Spain,2020-04-01,3.9,2020
Vegetables,Spain,2020-05-01,2.7,2020
Vegetables,Spain,2020-06-01,1.0,2020
Vegetables,Spain,2020-07-01,-0.5,2020
Vegetables,Spain,2020-08-01,-0.1,2020
Vegetables,Spain,2020-09-01,2.6,2020
Vegetables,Spain,2020-10-01,4.6,2020
Vegetables,Spain,2020-11-01,3.2,2020
Vegetables,Spain,2020-12-01,0.2,2020
Vegetables,Spain,2021-01-01,3.2,2021
Vegetables,Spain,2021-02-01,0.5,2021
Vegetables,Spain,2021-03-01,1.7,2021
Vegetables,Spain,2021-04-01,-0.7,2021
Vegetables,Spain,2021-05-01,0.7,2021
Vegetables,Spain,2021-06-01,0.2,2021
Vegetables,Spain,2021-07-01,1.0,2021
Vegetables,Spain,2021-08-01,1.2,2021
Vegetables,Spain,2021-09-01,-0.4,2021
Vegetables,Spain,2021-10-01,-1.1,2021
Vegetables,Spain,2021-11-01,0.5,2021
Vegetables,Spain,2021-12-01,5.2,2021
Vegetables,Spain,2022-01-01,1.6,2022
Vegetables,Spain,2022-02-01,5.2,2022
Vegetables,Spain,2022-03-01,6.9,2022
Vegetables,Spain,2022-04-01,11.1,2022
Vegetables,Spain,2022-05-01,8.7,2022
Vegetables,Spain,2022-06-01,12.4,2022
Vegetables,Spain,2022-07-01,13.9,2022
Vegetables,Spain,2022-08-01,14.2,2022
Vegetables,Spain,2022-09-01,16.3,2022
Vegetables,Spain,2022-10-01,21.2,2022
Vegetables,Spain,2022-11-01,16.0,2022
Vegetables,Spain,2022-12-01,14.9,2022
Vegetables,Spain,2023-01-01,14.1,2023
Vegetables,Spain,2023-02-01,20.4,2023
Vegetables,Spain,2023-03-01,22.3,2023
Vegetables,Spain,2023-04-01,12.4,2023
Vegetables,Spain,2023-05-01,15.3,2023
Vegetables,Spain,2023-06-01,13.4,2023
Vegetables,Spain,2023-07-01,10.6,2023
Vegetables,Spain,2023-08-01,11.4,2023
Vegetables,Spain,2023-09-01,12.3,2023
Vegetables,Spain,2023-10-01,7.4,2023
Vegetables,Spain,2023-11-01,13.0,2023
Vegetables,Spain,2023-12-01,10.5,2023
Vegetables,Spain,2024-01-01,11.8,2024
Vegetables,Spain,2024-02-01,1.9,2024
Vegetables,Spain,2024-03-01,-1.9,2024
Vegetables,Spain,2024-04-01,0.5,2024
Vegetables,Spain,2024-05-01,2.4,2024
Vegetables,Spain,2024-06-01,1.7,2024
Vegetables,Spain,2024-07-01,4.6,2024
Vegetables,Spain,2024-08-01,2.8,2024
Vegetables,Spain,2024-09-01,0.8,2024
Vegetables,Spain,2024-10-01,3.4,2024
Vegetables,Spain,2024-11-01,1.2,2024
Vegetables,Spain,2024-12-01,0.2,2024
Vegetables,Spain,2025-01-01,1.7,2025
Vegetables,Spain,2025-02-01,4.6,2025
Vegetables,Spain,2025-03-01,5.1,2025
Vegetables,Spain,2025-04-01,4.7,2025
Vegetables,Spain,2025-05-01,2.6,2025
Vegetables,Spain,2025-06-01,4.3,2025
Vegetables,Spain,2025-07-01,4.5,2025
Vegetables,Spain,2025-08-01,5.1,2025
Vegetables,Spain,2025-09-01,3.9,2025
Vegetables,Spain,2025-10-01,0.6,2025
Vegetables,Spain,2025-11-01,0.7,2025
Vegetables,Spain,2025-12-01,3.8,2025
Vegetables,France,2019-01-01,9.6,2019
Vegetables,France,2019-02-01,10.3,2019
Vegetables,France,2019-03-01,4.8,2019
Vegetables,France,2019-04-01,4.7,2019
Vegetables,France,2019-05-01,4.7,2019
Vegetables,France,2019-06-01,7.8,2019
Vegetables,France,2019-07-01,10.5,2019
Vegetables,France,2019-08-01,12.1,2019
Vegetables,France,2019-09-01,3.5,2019
Vegetables,France,2019-10-01,0.0,2019
Vegetables,France,2019-11-01,2.4,2019
Vegetables,France,2019-12-01,2.0,2019
Vegetables,France,2020-01-01,0.7,2020
Vegetables,France,2020-02-01,2.1,2020
Vegetables,France,2020-03-01,3.0,2020
Vegetables,France,2020-04-01,15.6,2020
Vegetables,France,2020-05-01,12.7,2020
Vegetables,France,2020-06-01,7.4,2020
Vegetables,France,2020-07-01,-1.0,2020
Vegetables,France,2020-08-01,-2.3,2020
Vegetables,France,2020-09-01,-1.4,2020
Vegetables,France,2020-10-01,5.9,2020
Vegetables,France,2020-11-01,9.4,2020
Vegetables,France,2020-12-01,1.4,2020
Vegetables,France,2021-01-01,4.0,2021
Vegetables,France,2021-02-01,0.7,2021
Vegetables,France,2021-03-01,2.9,2021
Vegetables,France,2021-04-01,-4.5,2021
Vegetables,France,2021-05-01,-3.8,2021
Vegetables,France,2021-06-01,-3.5,2021
Vegetables,France,2021-07-01,2.6,2021
Vegetables,France,2021-08-01,6.2,2021
Vegetables,France,2021-09-01,3.1,2021
Vegetables,France,2021-10-01,-1.9,2021
Vegetables,France,2021-11-01,-4.2,2021
Vegetables,France,2021-12-01,2.8,2021
Vegetables,France,2022-01-01,1.2,2022
Vegetables,France,2022-02-01,4.1,2022
Vegetables,France,2022-03-01,5.5,2022
Vegetables,France,2022-04-01,6.9,2022
Vegetables,France,2022-05-01,2.8,2022
Vegetables,France,2022-06-01,6.4,2022
Vegetables,France,2022-07-01,5.1,2022
Vegetables,France,2022-08-01,3.0,2022
Vegetables,France,2022-09-01,12.9,2022
Vegetables,France,2022-10-01,22.1,2022
Vegetables,France,2022-11-01,16.4,2022
Vegetables,France,2022-12-01,12.8,2022
Vegetables,France,2023-01-01,13.3,2023
Vegetables,France,2023-02-01,19.9,2023
Vegetables,France,2023-03-01,23.6,2023
Vegetables,France,2023-04-01,14.1,2023
Vegetables,France,2023-05-01,17.1,2023
Vegetables,France,2023-06-01,16.9,2023
Vegetables,France,2023-07-01,15.0,2023
Vegetables,France,2023-08-01,15.2,2023
Vegetables,France,2023-09-01,9.1,2023
Vegetables,France,2023-10-01,3.1,2023
Vegetables,France,2023-11-01,9.9,2023
Vegetables,France,2023-12-01,11.6,2023
Vegetables,France,2024-01-01,11.2,2024
Vegetables,France,2024-02-01,1.4,2024
Vegetables,France,2024-03-01,-3.8,2024
Vegetables,France,2024-04-01,-0.2,2024
Vegetables,France,2024-05-01,3.5,2024
Vegetables,France,2024-06-01,2.6,2024
Vegetables,France,2024-07-01,4.1,2024
Vegetables,France,2024-08-01,2.8,2024
Vegetables,France,2024-09-01,1.8,2024
Vegetables,France,2024-10-01,4.1,2024
Vegetables,France,2024-11-01,0.7,2024
Vegetables,France,2024-12-01,-2.0,2024
Vegetables,France,2025-01-01,-2.0,2025
Vegetables,France,2025-02-01,0.2,2025
Vegetables,France,2025-03-01,1.6,2025
Vegetables,France,2025-04-01,1.4,2025
Vegetables,France,2025-05-01,-2.3,2025
Vegetables,France,2025-06-01,-3.3,2025
Vegetables,France,2025-07-01,-2.2,2025
Vegetables,France,2025-08-01,-1.5,2025
Vegetables,France,2025-09-01,-1.0,2025
Vegetables,France,2025-10-01,-5.1,2025
Vegetables,France,2025-11-01,-5.1,2025
Vegetables,France,2025-12-01,-2.3,2025
Vegetables,Italy,2019-01-01,4.0,2019
Vegetables,Italy,2019-02-01,11.2,2019
Vegetables,Italy,2019-03-01,6.1,2019
Vegetables,Italy,2019-04-01,4.3,2019
Vegetables,Italy,2019-05-01,4.6,2019
Vegetables,Italy,2019-06-01,4.0,2019
Vegetables,Italy,2019-07-01,5.3,2019
Vegetables,Italy,2019-08-01,6.7,2019
Vegetables,Italy,2019-09-01,4.1,2019
Vegetables,Italy,2019-10-01,3.0,2019
Vegetables,Italy,2019-11-01,1.4,2019
Vegetables,Italy,2019-12-01,0.5,2019
Vegetables,Italy,2020-01-01,-1.6,2020
Vegetables,Italy,2020-02-01,-4.2,2020
Vegetables,Italy,2020-03-01,-1.9,2020
Vegetables,Italy,2020-04-01,4.8,2020
Vegetables,Italy,2020-05-01,3.7,2020
Vegetables,Italy,2020-06-01,3.1,2020
Vegetables,Italy,2020-07-01,0.2,2020
Vegetables,Italy,2020-08-01,-1.4,2020
Vegetables,Italy,2020-09-01,-0.1,2020
Vegetables,Italy,2020-10-01,3.1,2020
Vegetables,Italy,2020-11-01,5.2,2020
Vegetables,Italy,2020-12-01,1.1,2020
Vegetables,Italy,2021-01-01,0.5,2021
Vegetables,Italy,2021-02-01,-0.1,2021
Vegetables,Italy,2021-03-01,0.1,2021
Vegetables,Italy,2021-04-01,-1.3,2021
Vegetables,Italy,2021-05-01,-1.4,2021
Vegetables,Italy,2021-06-01,-1.3,2021
Vegetables,Italy,2021-07-01,0.9,2021
Vegetables,Italy,2021-08-01,2.4,2021
Vegetables,Italy,2021-09-01,2.9,2021
Vegetables,Italy,2021-10-01,0.5,2021
Vegetables,Italy,2021-11-01,-0.3,2021
Vegetables,Italy,2021-12-01,5.2,2021
Vegetables,Italy,2022-01-01,9.0,2022
Vegetables,Italy,2022-02-01,11.3,2022
Vegetables,Italy,2022-03-01,11.8,2022
Vegetables,Italy,2022-04-01,8.9,2022
Vegetables,Italy,2022-05-01,8.8,2022
Vegetables,Italy,2022-06-01,9.8,2022
Vegetables,Italy,2022-07-01,10.4,2022
Vegetables,Italy,2022-08-01,11.2,2022
Vegetables,Italy,2022-09-01,14.2,2022
Vegetables,Italy,2022-10-01,20.2,2022
Vegetables,Italy,2022-11-01,15.2,2022
Vegetables,Italy,2022-12-01,10.8,2022
Vegetables,Italy,2023-01-01,5.8,2023
Vegetables,Italy,2023-02-01,10.5,2023
Vegetables,Italy,2023-03-01,12.6,2023
Vegetables,Italy,2023-04-01,11.5,2023
Vegetables,Italy,2023-05-01,15.9,2023
Vegetables,Italy,2023-06-01,17.9,2023
Vegetables,Italy,2023-07-01,19.2,2023
Vegetables,Italy,2023-08-01,19.0,2023
Vegetables,Italy,2023-09-01,15.3,2023
Vegetables,Italy,2023-10-01,6.9,2023
Vegetables,Italy,2023-11-01,8.6,2023
Vegetables,Italy,2023-12-01,11.4,2023
Vegetables,Italy,2024-01-01,13.7,2024
Vegetables,Italy,2024-02-01,4.3,2024
Vegetables,Italy,2024-03-01,1.8,2024
Vegetables,Italy,2024-04-01,2.8,2024
Vegetables,Italy,2024-05-01,1.3,2024
Vegetables,Italy,2024-06-01,0.1,2024
Vegetables,Italy,2024-07-01,-1.4,2024
Vegetables,Italy,2024-08-01,-1.6,2024
Vegetables,Italy,2024-09-01,-1.0,2024
Vegetables,Italy,2024-10-01,6.1,2024
Vegetables,Italy,2024-11-01,7.7,2024
Vegetables,Italy,2024-12-01,2.3,2024
Vegetables,Italy,2025-01-01,1.7,2025
Vegetables,Italy,2025-02-01,2.7,2025
Vegetables,Italy,2025-03-01,3.2,2025
Vegetables,Italy,2025-04-01,4.4,2025
Vegetables,Italy,2025-05-01,1.9,2025
Vegetables,Italy,2025-06-01,1.2,2025
Vegetables,Italy,2025-07-01,2.5,2025
Vegetables,Italy,2025-08-01,3.7,2025
Vegetables,Italy,2025-09-01,2.3,2025
Vegetables,Italy,2025-10-01,-4.0,2025
Vegetables,Italy,2025-11-01,-5.4,2025
Vegetables,Italy,2025-12-01,-1.0,2025
Vegetables,Portugal,2019-01-01,7.1,2019
Vegetables,Portugal,2019-02-01,11.7,2019
Vegetables,Portugal,2019-03-01,11.2,2019
Vegetables,Portugal,2019-04-01,8.2,2019
Vegetables,Portugal,2019-05-01,7.1,2019
Vegetables,Portugal,2019-06-01,6.5,2019
Vegetables,Portugal,2019-07-01,4.1,2019
Vegetables,Portugal,2019-08-01,5.5,2019
Vegetables,Portugal,2019-09-01,3.0,2019
Vegetables,Portugal,2019-10-01,0.4,2019
Vegetables,Portugal,2019-11-01,-0.4,2019
Vegetables,Portugal,2019-12-01,-0.4,2019
Vegetables,Portugal,2020-01-01,-0.8,2020
Vegetables,Portugal,2020-02-01,-2.0,2020
Vegetables,Portugal,2020-03-01,-1.4,2020
Vegetables,Portugal,2020-04-01,6.6,2020
Vegetables,Portugal,2020-05-01,2.0,2020
Vegetables,Portugal,2020-06-01,0.0,2020
Vegetables,Portugal,2020-07-01,-1.8,2020
Vegetables,Portugal,2020-08-01,-1.3,2020
Vegetables,Portugal,2020-09-01,1.3,2020
Vegetables,Portugal,2020-10-01,3.3,2020
Vegetables,Portugal,2020-11-01,4.1,2020
Vegetables,Portugal,2020-12-01,1.5,2020
Vegetables,Portugal,2021-01-01,1.6,2021
Vegetables,Portugal,2021-02-01,2.2,2021
Vegetables,Portugal,2021-03-01,1.1,2021
Vegetables,Portugal,2021-04-01,-3.7,2021
Vegetables,Portugal,2021-05-01,-0.6,2021
Vegetables,Portugal,2021-06-01,0.1,2021
Vegetables,Portugal,2021-07-01,2.5,2021
Vegetables,Portugal,2021-08-01,-0.3,2021
Vegetables,Portugal,2021-09-01,-1.8,2021
Vegetables,Portugal,2021-10-01,-1.0,2021
Vegetables,Portugal,2021-11-01,-1.0,2021
Vegetables,Portugal,2021-12-01,4.0,2021
Vegetables,Portugal,2022-01-01,3.4,2022
Vegetables,Portugal,2022-02-01,2.3,2022
Vegetables,Portugal,2022-03-01,6.7,2022
Vegetables,Portugal,2022-04-01,8.5,2022
Vegetables,Portugal,2022-05-01,7.5,2022
Vegetables,Portugal,2022-06-01,10.5,2022
Vegetables,Portugal,2022-07-01,14.7,2022
Vegetables,Portugal,2022-08-01,19.8,2022
Vegetables,Portugal,2022-09-01,23.9,2022
Vegetables,Portugal,2022-10-01,26.2,2022
Vegetables,Portugal,2022-11-01,24.9,2022
Vegetables,Portugal,2022-12-01,23.5,2022
Vegetables,Portugal,2023-01-01,26.1,2023
Vegetables,Portugal,2023-02-01,33.2,2023
Vegetables,Portugal,2023-03-01,35.5,2023
Vegetables,Portugal,2023-04-01,24.0,2023
Vegetables,Portugal,2023-05-01,22.9,2023
Vegetables,Portugal,2023-06-01,19.7,2023
Vegetables,Portugal,2023-07-01,14.9,2023
Vegetables,Portugal,2023-08-01,11.1,2023
Vegetables,Portugal,2023-09-01,8.9,2023
Vegetables,Portugal,2023-10-01,5.9,2023
Vegetables,Portugal,2023-11-01,8.8,2023
Vegetables,Portugal,2023-12-01,8.4,2023
Vegetables,Portugal,2024-01-01,7.4,2024
Vegetables,Portugal,2024-02-01,-1.9,2024
Vegetables,Portugal,2024-03-01,-6.7,2024
Vegetables,Portugal,2024-04-01,-2.2,2024
Vegetables,Portugal,2024-05-01,1.0,2024
Vegetables,Portugal,2024-06-01,1.0,2024
Vegetables,Portugal,2024-07-01,2.2,2024
Vegetables,Portugal,2024-08-01,1.7,2024
Vegetables,Portugal,2024-09-01,1.0,2024
Vegetables,Portugal,2024-10-01,1.1,2024
Vegetables,Portugal,2024-11-01,-1.4,2024
Vegetables,Portugal,2024-12-01,-4.1,2024
Vegetables,Portugal,2025-01-01,-5.9,2025
Vegetables,Portugal,2025-02-01,-3.5,2025
Vegetables,Portugal,2025-03-01,-1.7,2025
Vegetables,Portugal,2025-04-01,-1.7,2025
Vegetables,Portugal,2025-05-01,-1.7,2025
Vegetables,Portugal,2025-06-01,0.0,2025
Vegetables,Portugal,2025-07-01,0.5,2025
Vegetables,Portugal,2025-08-01,2.5,2025
Vegetables,Portugal,2025-09-01,3.1,2025
Vegetables,Portugal,2025-10-01,0.5,2025
Vegetables,Portugal,2025-11-01,-0.3,2025
Vegetables,Portugal,2025-12-01,1.6,2025
Potatoes,Germany,2019-01-01,25.2,2019
Potatoes,Germany,2019-02-01,27.3,2019
Potatoes,Germany,2019-03-01,30.0,2019
Potatoes,Germany,2019-04-01,29.9,2019
Potatoes,Germany,2019-05-01,32.3,2019
Potatoes,Germany,2019-06-01,32.4,2019
Potatoes,Germany,2019-07-01,34.8,2019
Potatoes,Germany,2019-08-01,27.0,2019
Potatoes,Germany,2019-09-01,10.1,2019
Potatoes,Germany,2019-10-01,1.7,2019
Potatoes,Germany,2019-11-01,-3.0,2019
Potatoes,Germany,2019-12-01,-1.3,2019
Potatoes,Germany,2020-01-01,-1.8,2020
Potatoes,Germany,2020-02-01,-4.7,2020
Potatoes,Germany,2020-03-01,-7.1,2020
Potatoes,Germany,2020-04-01,-7.1,2020
Potatoes,Germany,2020-05-01,-6.3,2020
Potatoes,Germany,2020-06-01,-7.8,2020
Potatoes,Germany,2020-07-01,-13.7,2020
Potatoes,Germany,2020-08-01,-15.6,2020
Potatoes,Germany,2020-09-01,-11.6,2020
Potatoes,Germany,2020-10-01,-8.3,2020
Potatoes,Germany,2020-11-01,-8.3,2020
Potatoes,Germany,2020-12-01,-10.2,2020
Potatoes,Germany,2021-01-01,-9.1,2021
Potatoes,Germany,2021-02-01,-8.2,2021
Potatoes,Germany,2021-03-01,-7.9,2021
Potatoes,Germany,2021-04-01,-7.6,2021
Potatoes,Germany,2021-05-01,-8.4,2021
Potatoes,Germany,2021-06-01,-7.5,2021
Potatoes,Germany,2021-07-01,3.4,2021
Potatoes,Germany,2021-08-01,12.9,2021
Potatoes,Germany,2021-09-01,9.7,2021
Potatoes,Germany,2021-10-01,9.4,2021
Potatoes,Germany,2021-11-01,11.4,2021
Potatoes,Germany,2021-12-01,13.5,2021
Potatoes,Germany,2022-01-01,12.5,2022
Potatoes,Germany,2022-02-01,11.9,2022
Potatoes,Germany,2022-03-01,13.7,2022
Potatoes,Germany,2022-04-01,13.7,2022
Potatoes,Germany,2022-05-01,12.1,2022
Potatoes,Germany,2022-06-01,11.8,2022
Potatoes,Germany,2022-07-01,7.5,2022
Potatoes,Germany,2022-08-01,4.8,2022
Potatoes,Germany,2022-09-01,16.1,2022
Potatoes,Germany,2022-10-01,21.8,2022
Potatoes,Germany,2022-11-01,25.9,2022
Potatoes,Germany,2022-12-01,25.1,2022
Potatoes,Germany,2023-01-01,22.8,2023
Potatoes,Germany,2023-02-01,25.2,2023
Potatoes,Germany,2023-03-01,20.5,2023
Potatoes,Germany,2023-04-01,15.7,2023
Potatoes,Germany,2023-05-01,13.3,2023
Potatoes,Germany,2023-06-01,20.3,2023
Potatoes,Germany,2023-07-01,23.4,2023
Potatoes,Germany,2023-08-01,27.6,2023
Potatoes,Germany,2023-09-01,23.7,2023
Potatoes,Germany,2023-10-01,13.8,2023
Potatoes,Germany,2023-11-01,6.9,2023
Potatoes,Germany,2023-12-01,7.3,2023
Potatoes,Germany,2024-01-01,9.9,2024
Potatoes,Germany,2024-02-01,10.8,2024
Potatoes,Germany,2024-03-01,13.4,2024
Potatoes,Germany,2024-04-01,13.3,2024
Potatoes,Germany,2024-05-01,13.1,2024
Potatoes,Germany,2024-06-01,10.6,2024
Potatoes,Germany,2024-07-01,9.4,2024
Potatoes,Germany,2024-08-01,1.4,2024
Potatoes,Germany,2024-09-01,-6.7,2024
Potatoes,Germany,2024-10-01,-3.1,2024
Potatoes,Germany,2024-11-01,-3.1,2024
Potatoes,Germany,2024-12-01,-4.2,2024
Potatoes,Germany,2025-01-01,-9.8,2025
Potatoes,Germany,2025-02-01,-4.9,2025
Potatoes,Germany,2025-03-01,-5.3,2025
Potatoes,Germany,2025-04-01,-6.7,2025
Potatoes,Germany,2025-05-01,-6.3,2025
Potatoes,Germany,2025-06-01,-11.8,2025
Potatoes,Germany,2025-07-01,-16.2,2025
Potatoes,Germany,2025-08-01,-16.2,2025
Potatoes,Germany,2025-09-01,-10.3,2025
Potatoes,Germany,2025-10-01,-11.0,2025
Potatoes,Germany,2025-11-01,-11.5,2025
Potatoes,Germany,2025-12-01,-11.7,2025
Potatoes,"Euro area (EA11-1999, EA12-2001, EA13-2007, EA15-2008, EA16-2009, EA17-2011, EA18-2014, EA19-2015, EA20-2023, EA21-2026)",2019-01-01,17.4,2019
Potatoes,"Euro area (EA11-1999, EA12-2001, EA13-2007, EA15-2008, EA16-2009, EA17-2011, EA18-2014, EA19-2015, EA20-2023, EA21-2026)",2019-02-01,19.1,2019
Potatoes,"Euro area (EA11-1999, EA12-2001, EA13-2007, EA15-2008, EA16-2009, EA17-2011, EA18-2014, EA19-2015, EA20-2023, EA21-2026)",2019-03-01,21.2,2019
Potatoes,"Euro area (EA11-1999, EA12-2001, EA13-2007, EA15-2008, EA16-2009, EA17-2011, EA18-2014, EA19-2015, EA20-2023, EA21-2026)",2019-04-01,21.6,2019
Potatoes,"Euro area (EA11-1999, EA12-2001, EA13-2007, EA15-2008, EA16-2009, EA17-2011, EA18-2014, EA19-2015, EA20-2023, EA21-2026)",2019-05-01,21.6,2019
Potatoes,"Euro area (EA11-1999, EA12-2001, EA13-2007, EA15-2008, EA16-2009, EA17-2011, EA18-2014, EA19-2015, EA20-2023, EA21-2026)",2019-06-01,22.3,2019
Potatoes,"Euro area (EA11-1999, EA12-2001, EA13-2007, EA15-2008, EA16-2009, EA17-2011, EA18-2014, EA19-2015, EA20-2023, EA21-2026)",2019-07-01,22.7,2019
Potatoes,"Euro area (EA11-1999, EA12-2001, EA13-2007, EA15-2008, EA16-2009, EA17-2011, EA18-2014, EA19-2015, EA20-2023, EA21-2026)",2019-08-01,17.2,2019
Potatoes,"Euro area (EA11-1999, EA12-2001, EA13-2007, EA15-2008, EA16-2009, EA17-2011, EA18-2014, EA19-2015, EA20-2023, EA21-2026)",2019-09-01,9.6,2019
Potatoes,"Euro area (EA11-1999, EA12-2001, EA13-2007, EA15-2008, EA16-2009, EA17-2011, EA18-2014, EA19-2015, EA20-2023, EA21-2026)",2019-10-01,5.1,2019
Potatoes,"Euro area (EA11-1999, EA12-2001, EA13-2007, EA15-2008, EA16-2009, EA17-2011, EA18-2014, EA19-2015, EA20-2023, EA21-2026)",2019-11-01,2.3,2019
Potatoes,"Euro area (EA11-1999, EA12-2001, EA13-2007, EA15-2008, EA16-2009, EA17-2011, EA18-2014, EA19-2015, EA20-2023, EA21-2026)",2019-12-01,1.5,2019
Potatoes,"Euro area (EA11-1999, EA12-2001, EA13-2007, EA15-2008, EA16-2009, EA17-2011, EA18-2014, EA19-2015, EA20-2023, EA21-2026)",2020-01-01,0.7,2020
Potatoes,"Euro area (EA11-1999, EA12-2001, EA13-2007, EA15-2008, EA16-2009, EA17-2011, EA18-2014, EA19-2015, EA20-2023, EA21-2026)",2020-02-01,-0.5,2020
Potatoes,"Euro area (EA11-1999, EA12-2001, EA13-2007, EA15-2008, EA16-2009, EA17-2011, EA18-2014, EA19-2015, EA20-2023, EA21-2026)",2020-03-01,-1.8,2020
Potatoes,"Euro area (EA11-1999, EA12-2001, EA13-2007, EA15-2008, EA16-2009, EA17-2011, EA18-2014, EA19-2015, EA20-2023, EA21-2026)",2020-04-01,-2.1,2020
Potatoes,"Euro area (EA11-1999, EA12-2001, EA13-2007, EA15-2008, EA16-2009, EA17-2011, EA18-2014, EA19-2015, EA20-2023, EA21-2026)",2020-05-01,-3.1,2020
Potatoes,"Euro area (EA11-1999, EA12-2001, EA13-2007, EA15-2008, EA16-2009, EA17-2011, EA18-2014, EA19-2015, EA20-2023, EA21-2026)",2020-06-01,-5.2,2020
Potatoes,"Euro area (EA11-1999, EA12-2001, EA13-2007, EA15-2008, EA16-2009, EA17-2011, EA18-2014, EA19-2015, EA20-2023, EA21-2026)",2020-07-01,-7.3,2020
Potatoes,"Euro area (EA11-1999, EA12-2001, EA13-2007, EA15-2008, EA16-2009, EA17-2011, EA18-2014, EA19-2015, EA20-2023, EA21-2026)",2020-08-01,-8.0,2020
Potatoes,"Euro area (EA11-1999, EA12-2001, EA13-2007, EA15-2008, EA16-2009, EA17-2011, EA18-2014, EA19-2015, EA20-2023, EA21-2026)",2020-09-01,-7.0,2020
Potatoes,"Euro area (EA11-1999, EA12-2001, EA13-2007, EA15-2008, EA16-2009, EA17-2011, EA18-2014, EA19-2015, EA20-2023, EA21-2026)",2020-10-01,-5.1,2020
Potatoes,"Euro area (EA11-1999, EA12-2001, EA13-2007, EA15-2008, EA16-2009, EA17-2011, EA18-2014, EA19-2015, EA20-2023, EA21-2026)",2020-11-01,-5.5,2020
Potatoes,"Euro area (EA11-1999, EA12-2001, EA13-2007, EA15-2008, EA16-2009, EA17-2011, EA18-2014, EA19-2015, EA20-2023, EA21-2026)",2020-12-01,-5.8,2020
Potatoes,"Euro area (EA11-1999, EA12-2001, EA13-2007, EA15-2008, EA16-2009, EA17-2011, EA18-2014, EA19-2015, EA20-2023, EA21-2026)",2021-01-01,-5.6,2021
Potatoes,"Euro area (EA11-1999, EA12-2001, EA13-2007, EA15-2008, EA16-2009, EA17-2011, EA18-2014, EA19-2015, EA20-2023, EA21-2026)",2021-02-01,-5.1,2021
Potatoes,"Euro area (EA11-1999, EA12-2001, EA13-2007, EA15-2008, EA16-2009, EA17-2011, EA18-2014, EA19-2015, EA20-2023, EA21-2026)",2021-03-01,-5.2,2021
Potatoes,"Euro area (EA11-1999, EA12-2001, EA13-2007, EA15-2008, EA16-2009, EA17-2011, EA18-2014, EA19-2015, EA20-2023, EA21-2026)",2021-04-01,-6.1,2021
Potatoes,"Euro area (EA11-1999, EA12-2001, EA13-2007, EA15-2008, EA16-2009, EA17-2011, EA18-2014, EA19-2015, EA20-2023, EA21-2026)",2021-05-01,-5.2,2021
Potatoes,"Euro area (EA11-1999, EA12-2001, EA13-2007, EA15-2008, EA16-2009, EA17-2011, EA18-2014, EA19-2015, EA20-2023, EA21-2026)",2021-06-01,-4.1,2021
Potatoes,"Euro area (EA11-1999, EA12-2001, EA13-2007, EA15-2008, EA16-2009, EA17-2011, EA18-2014, EA19-2015, EA20-2023, EA21-2026)",2021-07-01,0.1,2021
Potatoes,"Euro area (EA11-1999, EA12-2001, EA13-2007, EA15-2008, EA16-2009, EA17-2011, EA18-2014, EA19-2015, EA20-2023, EA21-2026)",2021-08-01,4.6,2021
Potatoes,"Euro area (EA11-1999, EA12-2001, EA13-2007, EA15-2008, EA16-2009, EA17-2011, EA18-2014, EA19-2015, EA20-2023, EA21-2026)",2021-09-01,5.2,2021
Potatoes,"Euro area (EA11-1999, EA12-2001, EA13-2007, EA15-2008, EA16-2009, EA17-2011, EA18-2014, EA19-2015, EA20-2023, EA21-2026)",2021-10-01,5.3,2021
Potatoes,"Euro area (EA11-1999, EA12-2001, EA13-2007, EA15-2008, EA16-2009, EA17-2011, EA18-2014, EA19-2015, EA20-2023, EA21-2026)",2021-11-01,7.4,2021
Potatoes,"Euro area (EA11-1999, EA12-2001, EA13-2007, EA15-2008, EA16-2009, EA17-2011, EA18-2014, EA19-2015, EA20-2023, EA21-2026)",2021-12-01,8.3,2021
Potatoes,"Euro area (EA11-1999, EA12-2001, EA13-2007, EA15-2008, EA16-2009, EA17-2011, EA18-2014, EA19-2015, EA20-2023, EA21-2026)",2022-01-01,8.5,2022
Potatoes,"Euro area (EA11-1999, EA12-2001, EA13-2007, EA15-2008, EA16-2009, EA17-2011, EA18-2014, EA19-2015, EA20-2023, EA21-2026)",2022-02-01,8.6,2022
Potatoes,"Euro area (EA11-1999, EA12-2001, EA13-2007, EA15-2008, EA16-2009, EA17-2011, EA18-2014, EA19-2015, EA20-2023, EA21-2026)",2022-03-01,10.0,2022
Potatoes,"Euro area (EA11-1999, EA12-2001, EA13-2007, EA15-2008, EA16-2009, EA17-2011, EA18-2014, EA19-2015, EA20-2023, EA21-2026)",2022-04-01,10.7,2022
Potatoes,"Euro area (EA11-1999, EA12-2001, EA13-2007, EA15-2008, EA16-2009, EA17-2011, EA18-2014, EA19-2015, EA20-2023, EA21-2026)",2022-05-01,9.8,2022
Potatoes,"Euro area (EA11-1999, EA12-2001, EA13-2007, EA15-2008, EA16-2009, EA17-2011, EA18-2014, EA19-2015, EA20-2023, EA21-2026)",2022-06-01,10.1,2022
Potatoes,"Euro area (EA11-1999, EA12-2001, EA13-2007, EA15-2008, EA16-2009, EA17-2011, EA18-2014, EA19-2015, EA20-2023, EA21-2026)",2022-07-01,8.5,2022
Potatoes,"Euro area (EA11-1999, EA12-2001, EA13-2007, EA15-2008, EA16-2009, EA17-2011, EA18-2014, EA19-2015, EA20-2023, EA21-2026)",2022-08-01,7.5,2022
Potatoes,"Euro area (EA11-1999, EA12-2001, EA13-2007, EA15-2008, EA16-2009, EA17-2011, EA18-2014, EA19-2015, EA20-2023, EA21-2026)",2022-09-01,11.0,2022
Potatoes,"Euro area (EA11-1999, EA12-2001, EA13-2007, EA15-2008, EA16-2009, EA17-2011, EA18-2014, EA19-2015, EA20-2023, EA21-2026)",2022-10-01,14.4,2022
Potatoes,"Euro area (EA11-1999, EA12-2001, EA13-2007, EA15-2008, EA16-2009, EA17-2011, EA18-2014, EA19-2015, EA20-2023, EA21-2026)",2022-11-01,17.2,2022
Potatoes,"Euro area (EA11-1999, EA12-2001, EA13-2007, EA15-2008, EA16-2009, EA17-2011, EA18-2014, EA19-2015, EA20-2023, EA21-2026)",2022-12-01,18.5,2022
Potatoes,"Euro area (EA11-1999, EA12-2001, EA13-2007, EA15-2008, EA16-2009, EA17-2011, EA18-2014, EA19-2015, EA20-2023, EA21-2026)",2023-01-01,18.7,2023
Potatoes,"Euro area (EA11-1999, EA12-2001, EA13-2007, EA15-2008, EA16-2009, EA17-2011, EA18-2014, EA19-2015, EA20-2023, EA21-2026)",2023-02-01,19.7,2023
Potatoes,"Euro area (EA11-1999, EA12-2001, EA13-2007, EA15-2008, EA16-2009, EA17-2011, EA18-2014, EA19-2015, EA20-2023, EA21-2026)",2023-03-01,18.7,2023
Potatoes,"Euro area (EA11-1999, EA12-2001, EA13-2007, EA15-2008, EA16-2009, EA17-2011, EA18-2014, EA19-2015, EA20-2023, EA21-2026)",2023-04-01,17.1,2023
Potatoes,"Euro area (EA11-1999, EA12-2001, EA13-2007, EA15-2008, EA16-2009, EA17-2011, EA18-2014, EA19-2015, EA20-2023, EA21-2026)",2023-05-01,17.3,2023
Potatoes,"Euro area (EA11-1999, EA12-2001, EA13-2007, EA15-2008, EA16-2009, EA17-2011, EA18-2014, EA19-2015, EA20-2023, EA21-2026)",2023-06-01,20.9,2023
Potatoes,"Euro area (EA11-1999, EA12-2001, EA13-2007, EA15-2008, EA16-2009, EA17-2011, EA18-2014, EA19-2015, EA20-2023, EA21-2026)",2023-07-01,22.4,2023
Potatoes,"Euro area (EA11-1999, EA12-2001, EA13-2007, EA15-2008, EA16-2009, EA17-2011, EA18-2014, EA19-2015, EA20-2023, EA21-2026)",2023-08-01,23.0,2023
Potatoes,"Euro area (EA11-1999, EA12-2001, EA13-2007, EA15-2008, EA16-2009, EA17-2011, EA18-2014, EA19-2015, EA20-2023, EA21-2026)",2023-09-01,21.6,2023
Potatoes,"Euro area (EA11-1999, EA12-2001, EA13-2007, EA15-2008, EA16-2009, EA17-2011, EA18-2014, EA19-2015, EA20-2023, EA21-2026)",2023-10-01,17.3,2023
Potatoes,"Euro area (EA11-1999, EA12-2001, EA13-2007, EA15-2008, EA16-2009, EA17-2011, EA18-2014, EA19-2015, EA20-2023, EA21-2026)",2023-11-01,12.4,2023
Potatoes,"Euro area (EA11-1999, EA12-2001, EA13-2007, EA15-2008, EA16-2009, EA17-2011, EA18-2014, EA19-2015, EA20-2023, EA21-2026)",2023-12-01,10.6,2023
Potatoes,"Euro area (EA11-1999, EA12-2001, EA13-2007, EA15-2008, EA16-2009, EA17-2011, EA18-2014, EA19-2015, EA20-2023, EA21-2026)",2024-01-01,10.5,2024
Potatoes,"Euro area (EA11-1999, EA12-2001, EA13-2007, EA15-2008, EA16-2009, EA17-2011, EA18-2014, EA19-2015, EA20-2023, EA21-2026)",2024-02-01,10.9,2024
Potatoes,"Euro area (EA11-1999, EA12-2001, EA13-2007, EA15-2008, EA16-2009, EA17-2011, EA18-2014, EA19-2015, EA20-2023, EA21-2026)",2024-03-01,10.5,2024
Potatoes,"Euro area (EA11-1999, EA12-2001, EA13-2007, EA15-2008, EA16-2009, EA17-2011, EA18-2014, EA19-2015, EA20-2023, EA21-2026)",2024-04-01,10.1,2024
Potatoes,"Euro area (EA11-1999, EA12-2001, EA13-2007, EA15-2008, EA16-2009, EA17-2011, EA18-2014, EA19-2015, EA20-2023, EA21-2026)",2024-05-01,9.3,2024
Potatoes,"Euro area (EA11-1999, EA12-2001, EA13-2007, EA15-2008, EA16-2009, EA17-2011, EA18-2014, EA19-2015, EA20-2023, EA21-2026)",2024-06-01,6.5,2024
Potatoes,"Euro area (EA11-1999, EA12-2001, EA13-2007, EA15-2008, EA16-2009, EA17-2011, EA18-2014, EA19-2015, EA20-2023, EA21-2026)",2024-07-01,5.1,2024
Potatoes,"Euro area (EA11-1999, EA12-2001, EA13-2007, EA15-2008, EA16-2009, EA17-2011, EA18-2014, EA19-2015, EA20-2023, EA21-2026)",2024-08-01,2.4,2024
Potatoes,"Euro area (EA11-1999, EA12-2001, EA13-2007, EA15-2008, EA16-2009, EA17-2011, EA18-2014, EA19-2015, EA20-2023, EA21-2026)",2024-09-01,0.3,2024
Potatoes,"Euro area (EA11-1999, EA12-2001, EA13-2007, EA15-2008, EA16-2009, EA17-2011, EA18-2014, EA19-2015, EA20-2023, EA21-2026)",2024-10-01,0.5,2024
Potatoes,"Euro area (EA11-1999, EA12-2001, EA13-2007, EA15-2008, EA16-2009, EA17-2011, EA18-2014, EA19-2015, EA20-2023, EA21-2026)",2024-11-01,1.2,2024
Potatoes,"Euro area (EA11-1999, EA12-2001, EA13-2007, EA15-2008, EA16-2009, EA17-2011, EA18-2014, EA19-2015, EA20-2023, EA21-2026)",2024-12-01,0.2,2024
Potatoes,"Euro area (EA11-1999, EA12-2001, EA13-2007, EA15-2008, EA16-2009, EA17-2011, EA18-2014, EA19-2015, EA20-2023, EA21-2026)",2025-01-01,-1.0,2025
Potatoes,"Euro area (EA11-1999, EA12-2001, EA13-2007, EA15-2008, EA16-2009, EA17-2011, EA18-2014, EA19-2015, EA20-2023, EA21-2026)",2025-02-01,-0.6,2025
Potatoes,"Euro area (EA11-1999, EA12-2001, EA13-2007, EA15-2008, EA16-2009, EA17-2011, EA18-2014, EA19-2015, EA20-2023, EA21-2026)",2025-03-01,-0.7,2025
Potatoes,"Euro area (EA11-1999, EA12-2001, EA13-2007, EA15-2008, EA16-2009, EA17-2011, EA18-2014, EA19-2015, EA20-2023, EA21-2026)",2025-04-01,-1.6,2025
Potatoes,"Euro area (EA11-1999, EA12-2001, EA13-2007, EA15-2008, EA16-2009, EA17-2011, EA18-2014, EA19-2015, EA20-2023, EA21-2026)",2025-05-01,-2.1,2025
Potatoes,"Euro area (EA11-1999, EA12-2001, EA13-2007, EA15-2008, EA16-2009, EA17-2011, EA18-2014, EA19-2015, EA20-2023, EA21-2026)",2025-06-01,-4.9,2025
Potatoes,"Euro area (EA11-1999, EA12-2001, EA13-2007, EA15-2008, EA16-2009, EA17-2011, EA18-2014, EA19-2015, EA20-2023, EA21-2026)",2025-07-01,-7.4,2025
Potatoes,"Euro area (EA11-1999, EA12-2001, EA13-2007, EA15-2008, EA16-2009, EA17-2011, EA18-2014, EA19-2015, EA20-2023, EA21-2026)",2025-08-01,-8.2,2025
Potatoes,"Euro area (EA11-1999, EA12-2001, EA13-2007, EA15-2008, EA16-2009, EA17-2011, EA18-2014, EA19-2015, EA20-2023, EA21-2026)",2025-09-01,-6.9,2025
Potatoes,"Euro area (EA11-1999, EA12-2001, EA13-2007, EA15-2008, EA16-2009, EA17-2011, EA18-2014, EA19-2015, EA20-2023, EA21-2026)",2025-10-01,-6.6,2025
Potatoes,"Euro area (EA11-1999, EA12-2001, EA13-2007, EA15-2008, EA16-2009, EA17-2011, EA18-2014, EA19-2015, EA20-2023, EA21-2026)",2025-11-01,-7.0,2025
Potatoes,"Euro area (EA11-1999, EA12-2001, EA13-2007, EA15-2008, EA16-2009, EA17-2011, EA18-2014, EA19-2015, EA20-2023, EA21-2026)",2025-12-01,-6.8,2025
Potatoes,Spain,2019-01-01,16.3,2019
Potatoes,Spain,2019-02-01,18.0,2019
Potatoes,Spain,2019-03-01,18.6,2019
Potatoes,Spain,2019-04-01,18.8,2019
Potatoes,Spain,2019-05-01,18.4,2019
Potatoes,Spain,2019-06-01,11.4,2019
Potatoes,Spain,2019-07-01,9.0,2019
Potatoes,Spain,2019-08-01,9.5,2019
Potatoes,Spain,2019-09-01,7.3,2019
Potatoes,Spain,2019-10-01,5.2,2019
Potatoes,Spain,2019-11-01,5.2,2019
Potatoes,Spain,2019-12-01,3.3,2019
Potatoes,Spain,2020-01-01,2.7,2020
Potatoes,Spain,2020-02-01,1.2,2020
Potatoes,Spain,2020-03-01,1.4,2020
Potatoes,Spain,2020-04-01,2.2,2020
Potatoes,Spain,2020-05-01,-0.7,2020
Potatoes,Spain,2020-06-01,-3.4,2020
Potatoes,Spain,2020-07-01,-6.1,2020
Potatoes,Spain,2020-08-01,-7.0,2020
Potatoes,Spain,2020-09-01,-2.2,2020
Potatoes,Spain,2020-10-01,-1.3,2020
Potatoes,Spain,2020-11-01,-0.8,2020
Potatoes,Spain,2020-12-01,-1.1,2020
Potatoes,Spain,2021-01-01,-1.7,2021
Potatoes,Spain,2021-02-01,-1.3,2021
Potatoes,Spain,2021-03-01,-1.9,2021
Potatoes,Spain,2021-04-01,-2.1,2021
Potatoes,Spain,2021-05-01,-1.5,2021
Potatoes,Spain,2021-06-01,2.3,2021
Potatoes,Spain,2021-07-01,3.2,2021
Potatoes,Spain,2021-08-01,1.3,2021
Potatoes,Spain,2021-09-01,0.4,2021
Potatoes,Spain,2021-10-01,1.2,2021
Potatoes,Spain,2021-11-01,1.0,2021
Potatoes,Spain,2021-12-01,2.4,2021
Potatoes,Spain,2022-01-01,2.8,2022
Potatoes,Spain,2022-02-01,2.8,2022
Potatoes,Spain,2022-03-01,5.1,2022
Potatoes,Spain,2022-04-01,6.2,2022
Potatoes,Spain,2022-05-01,6.9,2022
Potatoes,Spain,2022-06-01,8.9,2022
Potatoes,Spain,2022-07-01,12.0,2022
Potatoes,Spain,2022-08-01,15.3,2022
Potatoes,Spain,2022-09-01,16.4,2022
Potatoes,Spain,2022-10-01,19.0,2022
Potatoes,Spain,2022-11-01,20.5,2022
Potatoes,Spain,2022-12-01,21.6,2022
Potatoes,Spain,2023-01-01,18.9,2023
Potatoes,Spain,2023-02-01,21.0,2023
Potatoes,Spain,2023-03-01,20.8,2023
Potatoes,Spain,2023-04-01,20.1,2023
Potatoes,Spain,2023-05-01,23.6,2023
Potatoes,Spain,2023-06-01,27.8,2023
Potatoes,Spain,2023-07-01,22.9,2023
Potatoes,Spain,2023-08-01,18.0,2023
Potatoes,Spain,2023-09-01,20.5,2023
Potatoes,Spain,2023-10-01,15.9,2023
Potatoes,Spain,2023-11-01,13.4,2023
Potatoes,Spain,2023-12-01,10.2,2023
Potatoes,Spain,2024-01-01,13.0,2024
Potatoes,Spain,2024-02-01,11.6,2024
Potatoes,Spain,2024-03-01,10.3,2024
Potatoes,Spain,2024-04-01,8.6,2024
Potatoes,Spain,2024-05-01,6.5,2024
Potatoes,Spain,2024-06-01,2.3,2024
Potatoes,Spain,2024-07-01,7.9,2024
Potatoes,Spain,2024-08-01,12.3,2024
Potatoes,Spain,2024-09-01,8.9,2024
Potatoes,Spain,2024-10-01,8.8,2024
Potatoes,Spain,2024-11-01,7.7,2024
Potatoes,Spain,2024-12-01,7.4,2024
Potatoes,Spain,2025-01-01,7.5,2025
Potatoes,Spain,2025-02-01,6.4,2025
Potatoes,Spain,2025-03-01,5.4,2025
Potatoes,Spain,2025-04-01,4.7,2025
Potatoes,Spain,2025-05-01,3.3,2025
Potatoes,Spain,2025-06-01,2.0,2025
Potatoes,Spain,2025-07-01,-1.6,2025
Potatoes,Spain,2025-08-01,-3.5,2025
Potatoes,Spain,2025-09-01,-4.5,2025
Potatoes,Spain,2025-10-01,-3.4,2025
Potatoes,Spain,2025-11-01,-3.0,2025
Potatoes,Spain,2025-12-01,-1.8,2025
Potatoes,France,2019-01-01,16.4,2019
Potatoes,France,2019-02-01,18.6,2019
Potatoes,France,2019-03-01,17.5,2019
Potatoes,France,2019-04-01,17.7,2019
Potatoes,France,2019-05-01,20.0,2019
Potatoes,France,2019-06-01,25.2,2019
Potatoes,France,2019-07-01,29.5,2019
Potatoes,France,2019-08-01,19.1,2019
Potatoes,France,2019-09-01,11.9,2019
Potatoes,France,2019-10-01,7.7,2019
Potatoes,France,2019-11-01,4.3,2019
Potatoes,France,2019-12-01,3.6,2019
Potatoes,France,2020-01-01,2.3,2020
Potatoes,France,2020-02-01,1.4,2020
Potatoes,France,2020-03-01,0.9,2020
Potatoes,France,2020-04-01,0.0,2020
Potatoes,France,2020-05-01,-0.7,2020
Potatoes,France,2020-06-01,-4.8,2020
Potatoes,France,2020-07-01,-5.4,2020
Potatoes,France,2020-08-01,-3.6,2020
Potatoes,France,2020-09-01,-4.0,2020
Potatoes,France,2020-10-01,-2.3,2020
Potatoes,France,2020-11-01,-3.3,2020
Potatoes,France,2020-12-01,-3.0,2020
Potatoes,France,2021-01-01,-2.3,2021
Potatoes,France,2021-02-01,-2.3,2021
Potatoes,France,2021-03-01,-0.8,2021
Potatoes,France,2021-04-01,-2.5,2021
Potatoes,France,2021-05-01,-2.7,2021
Potatoes,France,2021-06-01,-0.9,2021
Potatoes,France,2021-07-01,-0.6,2021
Potatoes,France,2021-08-01,2.9,2021
Potatoes,France,2021-09-01,4.0,2021
Potatoes,France,2021-10-01,2.4,2021
Potatoes,France,2021-11-01,5.6,2021
Potatoes,France,2021-12-01,5.9,2021
Potatoes,France,2022-01-01,4.6,2022
Potatoes,France,2022-02-01,4.7,2022
Potatoes,France,2022-03-01,3.9,2022
Potatoes,France,2022-04-01,6.4,2022
Potatoes,France,2022-05-01,6.8,2022
Potatoes,France,2022-06-01,5.8,2022
Potatoes,France,2022-07-01,3.3,2022
Potatoes,France,2022-08-01,1.1,2022
Potatoes,France,2022-09-01,4.0,2022
Potatoes,France,2022-10-01,7.8,2022
Potatoes,France,2022-11-01,9.3,2022
Potatoes,France,2022-12-01,11.7,2022
Potatoes,France,2023-01-01,12.8,2023
Potatoes,France,2023-02-01,14.3,2023
Potatoes,France,2023-03-01,15.7,2023
Potatoes,France,2023-04-01,15.7,2023
Potatoes,France,2023-05-01,14.6,2023
Potatoes,France,2023-06-01,17.2,2023
Potatoes,France,2023-07-01,22.8,2023
Potatoes,France,2023-08-01,24.0,2023
Potatoes,France,2023-09-01,21.8,2023
Potatoes,France,2023-10-01,19.1,2023
Potatoes,France,2023-11-01,14.8,2023
Potatoes,France,2023-12-01,11.9,2023
Potatoes,France,2024-01-01,11.7,2024
Potatoes,France,2024-02-01,11.6,2024
Potatoes,France,2024-03-01,10.5,2024
Potatoes,France,2024-04-01,9.2,2024
Potatoes,France,2024-05-01,9.4,2024
Potatoes,France,2024-06-01,6.8,2024
Potatoes,France,2024-07-01,2.7,2024
Potatoes,France,2024-08-01,0.8,2024
Potatoes,France,2024-09-01,1.0,2024
Potatoes,France,2024-10-01,-1.0,2024
Potatoes,France,2024-11-01,-0.6,2024
Potatoes,France,2024-12-01,0.0,2024
Potatoes,France,2025-01-01,-1.1,2025
Potatoes,France,2025-02-01,-2.1,2025
Potatoes,France,2025-03-01,-1.9,2025
Potatoes,France,2025-04-01,-1.8,2025
Potatoes,France,2025-05-01,-3.4,2025
Potatoes,France,2025-06-01,-4.5,2025
Potatoes,France,2025-07-01,-7.7,2025
Potatoes,France,2025-08-01,-10.1,2025
Potatoes,France,2025-09-01,-9.2,2025
Potatoes,France,2025-10-01,-7.3,2025
Potatoes,France,2025-11-01,-6.7,2025
Potatoes,France,2025-12-01,-7.3,2025
Potatoes,Italy,2019-01-01,4.4,2019
Potatoes,Italy,2019-02-01,4.8,2019
Potatoes,Italy,2019-03-01,6.7,2019
Potatoes,Italy,2019-04-01,6.0,2019
Potatoes,Italy,2019-05-01,8.4,2019
Potatoes,Italy,2019-06-01,11.5,2019
Potatoes,Italy,2019-07-01,10.1,2019
Potatoes,Italy,2019-08-01,8.2,2019
Potatoes,Italy,2019-09-01,7.4,2019
Potatoes,Italy,2019-10-01,6.4,2019
Potatoes,Italy,2019-11-01,6.2,2019
Potatoes,Italy,2019-12-01,5.8,2019
Potatoes,Italy,2020-01-01,4.7,2020
Potatoes,Italy,2020-02-01,4.7,2020
Potatoes,Italy,2020-03-01,4.1,2020
Potatoes,Italy,2020-04-01,5.8,2020
Potatoes,Italy,2020-05-01,2.8,2020
Potatoes,Italy,2020-06-01,-0.7,2020
Potatoes,Italy,2020-07-01,-1.4,2020
Potatoes,Italy,2020-08-01,-0.5,2020
Potatoes,Italy,2020-09-01,-0.4,2020
Potatoes,Italy,2020-10-01,-0.4,2020
Potatoes,Italy,2020-11-01,-1.5,2020
Potatoes,Italy,2020-12-01,-2.2,2020
Potatoes,Italy,2021-01-01,-2.5,2021
Potatoes,Italy,2021-02-01,-2.6,2021
Potatoes,Italy,2021-03-01,-2.3,2021
Potatoes,Italy,2021-04-01,-4.2,2021
Potatoes,Italy,2021-05-01,-3.8,2021
Potatoes,Italy,2021-06-01,-3.0,2021
Potatoes,Italy,2021-07-01,-1.2,2021
Potatoes,Italy,2021-08-01,0.0,2021
Potatoes,Italy,2021-09-01,0.2,2021
Potatoes,Italy,2021-10-01,0.8,2021
Potatoes,Italy,2021-11-01,1.3,2021
Potatoes,Italy,2021-12-01,2.6,2021
Potatoes,Italy,2022-01-01,3.3,2022
Potatoes,Italy,2022-02-01,4.1,2022
Potatoes,Italy,2022-03-01,4.5,2022
Potatoes,Italy,2022-04-01,4.4,2022
Potatoes,Italy,2022-05-01,6.2,2022
Potatoes,Italy,2022-06-01,7.6,2022
Potatoes,Italy,2022-07-01,8.7,2022
Potatoes,Italy,2022-08-01,9.4,2022
Potatoes,Italy,2022-09-01,10.5,2022
Potatoes,Italy,2022-10-01,12.3,2022
Potatoes,Italy,2022-11-01,16.4,2022
Potatoes,Italy,2022-12-01,17.7,2022
Potatoes,Italy,2023-01-01,18.5,2023
Potatoes,Italy,2023-02-01,19.8,2023
Potatoes,Italy,2023-03-01,21.6,2023
Potatoes,Italy,2023-04-01,21.8,2023
Potatoes,Italy,2023-05-01,23.9,2023
Potatoes,Italy,2023-06-01,29.7,2023
Potatoes,Italy,2023-07-01,29.3,2023
Potatoes,Italy,2023-08-01,28.2,2023
Potatoes,Italy,2023-09-01,27.2,2023
Potatoes,Italy,2023-10-01,24.4,2023
Potatoes,Italy,2023-11-01,20.1,2023
Potatoes,Italy,2023-12-01,17.5,2023
Potatoes,Italy,2024-01-01,16.5,2024
Potatoes,Italy,2024-02-01,16.5,2024
Potatoes,Italy,2024-03-01,13.4,2024
Potatoes,Italy,2024-04-01,13.6,2024
Potatoes,Italy,2024-05-01,10.8,2024
Potatoes,Italy,2024-06-01,4.4,2024
Potatoes,Italy,2024-07-01,3.2,2024
Potatoes,Italy,2024-08-01,1.2,2024
Potatoes,Italy,2024-09-01,2.7,2024
Potatoes,Italy,2024-10-01,1.7,2024
Potatoes,Italy,2024-11-01,3.5,2024
Potatoes,Italy,2024-12-01,1.4,2024
Potatoes,Italy,2025-01-01,3.0,2025
Potatoes,Italy,2025-02-01,3.2,2025
Potatoes,Italy,2025-03-01,3.0,2025
Potatoes,Italy,2025-04-01,1.6,2025
Potatoes,Italy,2025-05-01,1.9,2025
Potatoes,Italy,2025-06-01,1.4,2025
Potatoes,Italy,2025-07-01,1.0,2025
Potatoes,Italy,2025-08-01,1.2,2025
Potatoes,Italy,2025-09-01,-0.9,2025
Potatoes,Italy,2025-10-01,-2.0,2025
Potatoes,Italy,2025-11-01,-3.3,2025
Potatoes,Italy,2025-12-01,-2.2,2025
Potatoes,Portugal,2019-01-01,15.3,2019
Potatoes,Portugal,2019-02-01,20.5,2019
Potatoes,Portugal,2019-03-01,31.7,2019
Potatoes,Portugal,2019-04-01,26.8,2019
Potatoes,Portugal,2019-05-01,34.1,2019
Potatoes,Portugal,2019-06-01,24.8,2019
Potatoes,Portugal,2019-07-01,12.1,2019
Potatoes,Portugal,2019-08-01,6.8,2019
Potatoes,Portugal,2019-09-01,5.2,2019
Potatoes,Portugal,2019-10-01,5.9,2019
Potatoes,Portugal,2019-11-01,3.5,2019
Potatoes,Portugal,2019-12-01,-0.1,2019
Potatoes,Portugal,2020-01-01,0.8,2020
Potatoes,Portugal,2020-02-01,-0.5,2020
Potatoes,Portugal,2020-03-01,-0.6,2020
Potatoes,Portugal,2020-04-01,-5.6,2020
Potatoes,Portugal,2020-05-01,-8.5,2020
Potatoes,Portugal,2020-06-01,-7.4,2020
Potatoes,Portugal,2020-07-01,-8.0,2020
Potatoes,Portugal,2020-08-01,-8.6,2020
Potatoes,Portugal,2020-09-01,-6.8,2020
Potatoes,Portugal,2020-10-01,1.1,2020
Potatoes,Portugal,2020-11-01,0.2,2020
Potatoes,Portugal,2020-12-01,0.7,2020
Potatoes,Portugal,2021-01-01,-5.6,2021
Potatoes,Portugal,2021-02-01,-1.4,2021
Potatoes,Portugal,2021-03-01,-6.0,2021
Potatoes,Portugal,2021-04-01,-1.0,2021
Potatoes,Portugal,2021-05-01,-2.1,2021
Potatoes,Portugal,2021-06-01,-1.3,2021
Potatoes,Portugal,2021-07-01,4.9,2021
Potatoes,Portugal,2021-08-01,0.9,2021
Potatoes,Portugal,2021-09-01,0.5,2021
Potatoes,Portugal,2021-10-01,1.8,2021
Potatoes,Portugal,2021-11-01,-2.4,2021
Potatoes,Portugal,2021-12-01,3.8,2021
Potatoes,Portugal,2022-01-01,8.0,2022
Potatoes,Portugal,2022-02-01,1.2,2022
Potatoes,Portugal,2022-03-01,8.2,2022
Potatoes,Portugal,2022-04-01,6.5,2022
Potatoes,Portugal,2022-05-01,6.1,2022
Potatoes,Portugal,2022-06-01,12.6,2022
Potatoes,Portugal,2022-07-01,17.7,2022
Potatoes,Portugal,2022-08-01,23.8,2022
Potatoes,Portugal,2022-09-01,29.2,2022
Potatoes,Portugal,2022-10-01,27.3,2022
Potatoes,Portugal,2022-11-01,34.5,2022
Potatoes,Portugal,2022-12-01,27.5,2022
Potatoes,Portugal,2023-01-01,34.8,2023
Potatoes,Portugal,2023-02-01,40.8,2023
Potatoes,Portugal,2023-03-01,37.1,2023
Potatoes,Portugal,2023-04-01,34.8,2023
Potatoes,Portugal,2023-05-01,31.6,2023
Potatoes,Portugal,2023-06-01,28.0,2023
Potatoes,Portugal,2023-07-01,23.3,2023
Potatoes,Portugal,2023-08-01,18.4,2023
Potatoes,Portugal,2023-09-01,15.7,2023
Potatoes,Portugal,2023-10-01,11.8,2023
Potatoes,Portugal,2023-11-01,6.9,2023
Potatoes,Portugal,2023-12-01,6.9,2023
Potatoes,Portugal,2024-01-01,2.8,2024
Potatoes,Portugal,2024-02-01,3.4,2024
Potatoes,Portugal,2024-03-01,1.8,2024
Potatoes,Portugal,2024-04-01,2.9,2024
Potatoes,Portugal,2024-05-01,5.4,2024
Potatoes,Portugal,2024-06-01,3.6,2024
Potatoes,Portugal,2024-07-01,4.8,2024
Potatoes,Portugal,2024-08-01,8.0,2024
Potatoes,Portugal,2024-09-01,8.2,2024
Potatoes,Portugal,2024-10-01,5.4,2024
Potatoes,Portugal,2024-11-01,4.3,2024
Potatoes,Portugal,2024-12-01,3.1,2024
Potatoes,Portugal,2025-01-01,1.0,2025
Potatoes,Portugal,2025-02-01,-1.1,2025
Potatoes,Portugal,2025-03-01,-0.7,2025
Potatoes,Portugal,2025-04-01,-2.1,2025
Potatoes,Portugal,2025-05-01,-4.4,2025
Potatoes,Portugal,2025-06-01,-4.4,2025
Potatoes,Portugal,2025-07-01,-4.9,2025
Potatoes,Portugal,2025-08-01,-6.2,2025
Potatoes,Portugal,2025-09-01,-6.4,2025
Potatoes,Portugal,2025-10-01,-5.4,2025
Potatoes,Portugal,2025-11-01,-4.7,2025
Potatoes,Portugal,2025-12-01,-2.7,2025
Chocolate,Germany,2019-01-01,0.1,2019
Chocolate,Germany,2019-02-01,0.1,2019
Chocolate,Germany,2019-03-01,1.6,2019
Chocolate,Germany,2019-04-01,-0.3,2019
Chocolate,Germany,2019-05-01,1.2,2019
Chocolate,Germany,2019-06-01,0.0,2019
Chocolate,Germany,2019-07-01,0.4,2019
Chocolate,Germany,2019-08-01,-0.3,2019
Chocolate,Germany,2019-09-01,0.7,2019
Chocolate,Germany,2019-10-01,-0.6,2019
Chocolate,Germany,2019-11-01,0.4,2019
Chocolate,Germany,2019-12-01,1.3,2019
Chocolate,Germany,2020-01-01,0.7,2020
Chocolate,Germany,2020-02-01,0.8,2020
Chocolate,Germany,2020-03-01,0.5,2020
Chocolate,Germany,2020-04-01,1.0,2020
Chocolate,Germany,2020-05-01,0.5,2020
Chocolate,Germany,2020-06-01,1.9,2020
Chocolate,Germany,2020-07-01,-0.5,2020
Chocolate,Germany,2020-08-01,0.1,2020
Chocolate,Germany,2020-09-01,-0.5,2020
Chocolate,Germany,2020-10-01,2.1,2020
Chocolate,Germany,2020-11-01,1.2,2020
Chocolate,Germany,2020-12-01,2.7,2020
Chocolate,Germany,2021-01-01,2.7,2021
Chocolate,Germany,2021-02-01,4.9,2021
Chocolate,Germany,2021-03-01,3.2,2021
Chocolate,Germany,2021-04-01,5.6,2021
Chocolate,Germany,2021-05-01,3.4,2021
Chocolate,Germany,2021-06-01,3.4,2021
Chocolate,Germany,2021-07-01,6.0,2021
Chocolate,Germany,2021-08-01,3.2,2021
Chocolate,Germany,2021-09-01,5.6,2021
Chocolate,Germany,2021-10-01,4.5,2021
Chocolate,Germany,2021-11-01,3.3,2021
Chocolate,Germany,2021-12-01,3.8,2021
Chocolate,Germany,2022-01-01,3.5,2022
Chocolate,Germany,2022-02-01,0.8,2022
Chocolate,Germany,2022-03-01,1.5,2022
Chocolate,Germany,2022-04-01,-3.2,2022
Chocolate,Germany,2022-05-01,2.7,2022
Chocolate,Germany,2022-06-01,2.0,2022
Chocolate,Germany,2022-07-01,1.4,2022
Chocolate,Germany,2022-08-01,8.6,2022
Chocolate,Germany,2022-09-01,10.2,2022
Chocolate,Germany,2022-10-01,10.5,2022
Chocolate,Germany,2022-11-01,10.1,2022
Chocolate,Germany,2022-12-01,9.7,2022
Chocolate,Germany,2023-01-01,8.2,2023
Chocolate,Germany,2023-02-01,9.7,2023
Chocolate,Germany,2023-03-01,14.3,2023
Chocolate,Germany,2023-04-01,19.2,2023
Chocolate,Germany,2023-05-01,15.8,2023
Chocolate,Germany,2023-06-01,18.0,2023
Chocolate,Germany,2023-07-01,17.5,2023
Chocolate,Germany,2023-08-01,14.0,2023
Chocolate,Germany,2023-09-01,11.7,2023
Chocolate,Germany,2023-10-01,11.8,2023
Chocolate,Germany,2023-11-01,13.0,2023
Chocolate,Germany,2023-12-01,11.7,2023
Chocolate,Germany,2024-01-01,14.2,2024
Chocolate,Germany,2024-02-01,13.0,2024
Chocolate,Germany,2024-03-01,10.8,2024
Chocolate,Germany,2024-04-01,12.7,2024
Chocolate,Germany,2024-05-01,11.3,2024
Chocolate,Germany,2024-06-01,11.3,2024
Chocolate,Germany,2024-07-01,11.1,2024
Chocolate,Germany,2024-08-01,8.9,2024
Chocolate,Germany,2024-09-01,9.8,2024
Chocolate,Germany,2024-10-01,8.6,2024
Chocolate,Germany,2024-11-01,9.8,2024
Chocolate,Germany,2024-12-01,11.0,2024
Chocolate,Germany,2025-01-01,8.0,2025
Chocolate,Germany,2025-02-01,15.2,2025
Chocolate,Germany,2025-03-01,17.1,2025
Chocolate,Germany,2025-04-01,15.2,2025
Chocolate,Germany,2025-05-01,20.6,2025
Chocolate,Germany,2025-06-01,17.5,2025
Chocolate,Germany,2025-07-01,18.9,2025
Chocolate,Germany,2025-08-01,21.7,2025
Chocolate,Germany,2025-09-01,21.4,2025
Chocolate,Germany,2025-10-01,22.1,2025
Chocolate,Germany,2025-11-01,19.7,2025
Chocolate,Germany,2025-12-01,19.1,2025
Chocolate,"Euro area (EA11-1999, EA12-2001, EA13-2007, EA15-2008, EA16-2009, EA17-2011, EA18-2014, EA19-2015, EA20-2023, EA21-2026)",2019-01-01,0.6,2019
Chocolate,"Euro area (EA11-1999, EA12-2001, EA13-2007, EA15-2008, EA16-2009, EA17-2011, EA18-2014, EA19-2015, EA20-2023, EA21-2026)",2019-02-01,1.0,2019
Chocolate,"Euro area (EA11-1999, EA12-2001, EA13-2007, EA15-2008, EA16-2009, EA17-2011, EA18-2014, EA19-2015, EA20-2023, EA21-2026)",2019-03-01,1.3,2019
Chocolate,"Euro area (EA11-1999, EA12-2001, EA13-2007, EA15-2008, EA16-2009, EA17-2011, EA18-2014, EA19-2015, EA20-2023, EA21-2026)",2019-04-01,0.8,2019
Chocolate,"Euro area (EA11-1999, EA12-2001, EA13-2007, EA15-2008, EA16-2009, EA17-2011, EA18-2014, EA19-2015, EA20-2023, EA21-2026)",2019-05-01,1.3,2019
Chocolate,"Euro area (EA11-1999, EA12-2001, EA13-2007, EA15-2008, EA16-2009, EA17-2011, EA18-2014, EA19-2015, EA20-2023, EA21-2026)",2019-06-01,1.3,2019
Chocolate,"Euro area (EA11-1999, EA12-2001, EA13-2007, EA15-2008, EA16-2009, EA17-2011, EA18-2014, EA19-2015, EA20-2023, EA21-2026)",2019-07-01,1.0,2019
Chocolate,"Euro area (EA11-1999, EA12-2001, EA13-2007, EA15-2008, EA16-2009, EA17-2011, EA18-2014, EA19-2015, EA20-2023, EA21-2026)",2019-08-01,1.1,2019
Chocolate,"Euro area (EA11-1999, EA12-2001, EA13-2007, EA15-2008, EA16-2009, EA17-2011, EA18-2014, EA19-2015, EA20-2023, EA21-2026)",2019-09-01,1.3,2019
Chocolate,"Euro area (EA11-1999, EA12-2001, EA13-2007, EA15-2008, EA16-2009, EA17-2011, EA18-2014, EA19-2015, EA20-2023, EA21-2026)",2019-10-01,0.8,2019
Chocolate,"Euro area (EA11-1999, EA12-2001, EA13-2007, EA15-2008, EA16-2009, EA17-2011, EA18-2014, EA19-2015, EA20-2023, EA21-2026)",2019-11-01,1.0,2019
Chocolate,"Euro area (EA11-1999, EA12-2001, EA13-2007, EA15-2008, EA16-2009, EA17-2011, EA18-2014, EA19-2015, EA20-2023, EA21-2026)",2019-12-01,1.0,2019
Chocolate,"Euro area (EA11-1999, EA12-2001, EA13-2007, EA15-2008, EA16-2009, EA17-2011, EA18-2014, EA19-2015, EA20-2023, EA21-2026)",2020-01-01,0.4,2020
Chocolate,"Euro area (EA11-1999, EA12-2001, EA13-2007, EA15-2008, EA16-2009, EA17-2011, EA18-2014, EA19-2015, EA20-2023, EA21-2026)",2020-02-01,0.3,2020
Chocolate,"Euro area (EA11-1999, EA12-2001, EA13-2007, EA15-2008, EA16-2009, EA17-2011, EA18-2014, EA19-2015, EA20-2023, EA21-2026)",2020-03-01,0.3,2020
Chocolate,"Euro area (EA11-1999, EA12-2001, EA13-2007, EA15-2008, EA16-2009, EA17-2011, EA18-2014, EA19-2015, EA20-2023, EA21-2026)",2020-04-01,0.1,2020
Chocolate,"Euro area (EA11-1999, EA12-2001, EA13-2007, EA15-2008, EA16-2009, EA17-2011, EA18-2014, EA19-2015, EA20-2023, EA21-2026)",2020-05-01,0.1,2020
Chocolate,"Euro area (EA11-1999, EA12-2001, EA13-2007, EA15-2008, EA16-2009, EA17-2011, EA18-2014, EA19-2015, EA20-2023, EA21-2026)",2020-06-01,0.4,2020
Chocolate,"Euro area (EA11-1999, EA12-2001, EA13-2007, EA15-2008, EA16-2009, EA17-2011, EA18-2014, EA19-2015, EA20-2023, EA21-2026)",2020-07-01,-0.1,2020
Chocolate,"Euro area (EA11-1999, EA12-2001, EA13-2007, EA15-2008, EA16-2009, EA17-2011, EA18-2014, EA19-2015, EA20-2023, EA21-2026)",2020-08-01,-0.3,2020
Chocolate,"Euro area (EA11-1999, EA12-2001, EA13-2007, EA15-2008, EA16-2009, EA17-2011, EA18-2014, EA19-2015, EA20-2023, EA21-2026)",2020-09-01,-0.8,2020
Chocolate,"Euro area (EA11-1999, EA12-2001, EA13-2007, EA15-2008, EA16-2009, EA17-2011, EA18-2014, EA19-2015, EA20-2023, EA21-2026)",2020-10-01,0.1,2020
Chocolate,"Euro area (EA11-1999, EA12-2001, EA13-2007, EA15-2008, EA16-2009, EA17-2011, EA18-2014, EA19-2015, EA20-2023, EA21-2026)",2020-11-01,0.0,2020
Chocolate,"Euro area (EA11-1999, EA12-2001, EA13-2007, EA15-2008, EA16-2009, EA17-2011, EA18-2014, EA19-2015, EA20-2023, EA21-2026)",2020-12-01,0.3,2020
Chocolate,"Euro area (EA11-1999, EA12-2001, EA13-2007, EA15-2008, EA16-2009, EA17-2011, EA18-2014, EA19-2015, EA20-2023, EA21-2026)",2021-01-01,-0.2,2021
Chocolate,"Euro area (EA11-1999, EA12-2001, EA13-2007, EA15-2008, EA16-2009, EA17-2011, EA18-2014, EA19-2015, EA20-2023, EA21-2026)",2021-02-01,0.2,2021
Chocolate,"Euro area (EA11-1999, EA12-2001, EA13-2007, EA15-2008, EA16-2009, EA17-2011, EA18-2014, EA19-2015, EA20-2023, EA21-2026)",2021-03-01,0.2,2021
Chocolate,"Euro area (EA11-1999, EA12-2001, EA13-2007, EA15-2008, EA16-2009, EA17-2011, EA18-2014, EA19-2015, EA20-2023, EA21-2026)",2021-04-01,1.4,2021
Chocolate,"Euro area (EA11-1999, EA12-2001, EA13-2007, EA15-2008, EA16-2009, EA17-2011, EA18-2014, EA19-2015, EA20-2023, EA21-2026)",2021-05-01,0.6,2021
Chocolate,"Euro area (EA11-1999, EA12-2001, EA13-2007, EA15-2008, EA16-2009, EA17-2011, EA18-2014, EA19-2015, EA20-2023, EA21-2026)",2021-06-01,0.5,2021
Chocolate,"Euro area (EA11-1999, EA12-2001, EA13-2007, EA15-2008, EA16-2009, EA17-2011, EA18-2014, EA19-2015, EA20-2023, EA21-2026)",2021-07-01,1.2,2021
Chocolate,"Euro area (EA11-1999, EA12-2001, EA13-2007, EA15-2008, EA16-2009, EA17-2011, EA18-2014, EA19-2015, EA20-2023, EA21-2026)",2021-08-01,0.7,2021
Chocolate,"Euro area (EA11-1999, EA12-2001, EA13-2007, EA15-2008, EA16-2009, EA17-2011, EA18-2014, EA19-2015, EA20-2023, EA21-2026)",2021-09-01,1.3,2021
Chocolate,"Euro area (EA11-1999, EA12-2001, EA13-2007, EA15-2008, EA16-2009, EA17-2011, EA18-2014, EA19-2015, EA20-2023, EA21-2026)",2021-10-01,0.9,2021
Chocolate,"Euro area (EA11-1999, EA12-2001, EA13-2007, EA15-2008, EA16-2009, EA17-2011, EA18-2014, EA19-2015, EA20-2023, EA21-2026)",2021-11-01,0.5,2021
Chocolate,"Euro area (EA11-1999, EA12-2001, EA13-2007, EA15-2008, EA16-2009, EA17-2011, EA18-2014, EA19-2015, EA20-2023, EA21-2026)",2021-12-01,0.8,2021
Chocolate,"Euro area (EA11-1999, EA12-2001, EA13-2007, EA15-2008, EA16-2009, EA17-2011, EA18-2014, EA19-2015, EA20-2023, EA21-2026)",2022-01-01,1.6,2022
Chocolate,"Euro area (EA11-1999, EA12-2001, EA13-2007, EA15-2008, EA16-2009, EA17-2011, EA18-2014, EA19-2015, EA20-2023, EA21-2026)",2022-02-01,1.2,2022
Chocolate,"Euro area (EA11-1999, EA12-2001, EA13-2007, EA15-2008, EA16-2009, EA17-2011, EA18-2014, EA19-2015, EA20-2023, EA21-2026)",2022-03-01,1.2,2022
Chocolate,"Euro area (EA11-1999, EA12-2001, EA13-2007, EA15-2008, EA16-2009, EA17-2011, EA18-2014, EA19-2015, EA20-2023, EA21-2026)",2022-04-01,0.3,2022
Chocolate,"Euro area (EA11-1999, EA12-2001, EA13-2007, EA15-2008, EA16-2009, EA17-2011, EA18-2014, EA19-2015, EA20-2023, EA21-2026)",2022-05-01,2.1,2022
Chocolate,"Euro area (EA11-1999, EA12-2001, EA13-2007, EA15-2008, EA16-2009, EA17-2011, EA18-2014, EA19-2015, EA20-2023, EA21-2026)",2022-06-01,2.6,2022
Chocolate,"Euro area (EA11-1999, EA12-2001, EA13-2007, EA15-2008, EA16-2009, EA17-2011, EA18-2014, EA19-2015, EA20-2023, EA21-2026)",2022-07-01,3.1,2022
Chocolate,"Euro area (EA11-1999, EA12-2001, EA13-2007, EA15-2008, EA16-2009, EA17-2011, EA18-2014, EA19-2015, EA20-2023, EA21-2026)",2022-08-01,5.3,2022
Chocolate,"Euro area (EA11-1999, EA12-2001, EA13-2007, EA15-2008, EA16-2009, EA17-2011, EA18-2014, EA19-2015, EA20-2023, EA21-2026)",2022-09-01,6.5,2022
Chocolate,"Euro area (EA11-1999, EA12-2001, EA13-2007, EA15-2008, EA16-2009, EA17-2011, EA18-2014, EA19-2015, EA20-2023, EA21-2026)",2022-10-01,7.6,2022
Chocolate,"Euro area (EA11-1999, EA12-2001, EA13-2007, EA15-2008, EA16-2009, EA17-2011, EA18-2014, EA19-2015, EA20-2023, EA21-2026)",2022-11-01,7.6,2022
Chocolate,"Euro area (EA11-1999, EA12-2001, EA13-2007, EA15-2008, EA16-2009, EA17-2011, EA18-2014, EA19-2015, EA20-2023, EA21-2026)",2022-12-01,8.2,2022
Chocolate,"Euro area (EA11-1999, EA12-2001, EA13-2007, EA15-2008, EA16-2009, EA17-2011, EA18-2014, EA19-2015, EA20-2023, EA21-2026)",2023-01-01,8.9,2023
Chocolate,"Euro area (EA11-1999, EA12-2001, EA13-2007, EA15-2008, EA16-2009, EA17-2011, EA18-2014, EA19-2015, EA20-2023, EA21-2026)",2023-02-01,10.3,2023
Chocolate,"Euro area (EA11-1999, EA12-2001, EA13-2007, EA15-2008, EA16-2009, EA17-2011, EA18-2014, EA19-2015, EA20-2023, EA21-2026)",2023-03-01,12.6,2023
Chocolate,"Euro area (EA11-1999, EA12-2001, EA13-2007, EA15-2008, EA16-2009, EA17-2011, EA18-2014, EA19-2015, EA20-2023, EA21-2026)",2023-04-01,14.0,2023
Chocolate,"Euro area (EA11-1999, EA12-2001, EA13-2007, EA15-2008, EA16-2009, EA17-2011, EA18-2014, EA19-2015, EA20-2023, EA21-2026)",2023-05-01,13.2,2023
Chocolate,"Euro area (EA11-1999, EA12-2001, EA13-2007, EA15-2008, EA16-2009, EA17-2011, EA18-2014, EA19-2015, EA20-2023, EA21-2026)",2023-06-01,13.7,2023
Chocolate,"Euro area (EA11-1999, EA12-2001, EA13-2007, EA15-2008, EA16-2009, EA17-2011, EA18-2014, EA19-2015, EA20-2023, EA21-2026)",2023-07-01,13.2,2023
Chocolate,"Euro area (EA11-1999, EA12-2001, EA13-2007, EA15-2008, EA16-2009, EA17-2011, EA18-2014, EA19-2015, EA20-2023, EA21-2026)",2023-08-01,11.8,2023
Chocolate,"Euro area (EA11-1999, EA12-2001, EA13-2007, EA15-2008, EA16-2009, EA17-2011, EA18-2014, EA19-2015, EA20-2023, EA21-2026)",2023-09-01,10.5,2023
Chocolate,"Euro area (EA11-1999, EA12-2001, EA13-2007, EA15-2008, EA16-2009, EA17-2011, EA18-2014, EA19-2015, EA20-2023, EA21-2026)",2023-10-01,9.9,2023
Chocolate,"Euro area (EA11-1999, EA12-2001, EA13-2007, EA15-2008, EA16-2009, EA17-2011, EA18-2014, EA19-2015, EA20-2023, EA21-2026)",2023-11-01,10.0,2023
Chocolate,"Euro area (EA11-1999, EA12-2001, EA13-2007, EA15-2008, EA16-2009, EA17-2011, EA18-2014, EA19-2015, EA20-2023, EA21-2026)",2023-12-01,9.0,2023
Chocolate,"Euro area (EA11-1999, EA12-2001, EA13-2007, EA15-2008, EA16-2009, EA17-2011, EA18-2014, EA19-2015, EA20-2023, EA21-2026)",2024-01-01,8.7,2024
Chocolate,"Euro area (EA11-1999, EA12-2001, EA13-2007, EA15-2008, EA16-2009, EA17-2011, EA18-2014, EA19-2015, EA20-2023, EA21-2026)",2024-02-01,7.7,2024
Chocolate,"Euro area (EA11-1999, EA12-2001, EA13-2007, EA15-2008, EA16-2009, EA17-2011, EA18-2014, EA19-2015, EA20-2023, EA21-2026)",2024-03-01,6.7,2024
Chocolate,"Euro area (EA11-1999, EA12-2001, EA13-2007, EA15-2008, EA16-2009, EA17-2011, EA18-2014, EA19-2015, EA20-2023, EA21-2026)",2024-04-01,6.8,2024
Chocolate,"Euro area (EA11-1999, EA12-2001, EA13-2007, EA15-2008, EA16-2009, EA17-2011, EA18-2014, EA19-2015, EA20-2023, EA21-2026)",2024-05-01,6.7,2024
Chocolate,"Euro area (EA11-1999, EA12-2001, EA13-2007, EA15-2008, EA16-2009, EA17-2011, EA18-2014, EA19-2015, EA20-2023, EA21-2026)",2024-06-01,6.9,2024
Chocolate,"Euro area (EA11-1999, EA12-2001, EA13-2007, EA15-2008, EA16-2009, EA17-2011, EA18-2014, EA19-2015, EA20-2023, EA21-2026)",2024-07-01,7.5,2024
Chocolate,"Euro area (EA11-1999, EA12-2001, EA13-2007, EA15-2008, EA16-2009, EA17-2011, EA18-2014, EA19-2015, EA20-2023, EA21-2026)",2024-08-01,8.6,2024
Chocolate,"Euro area (EA11-1999, EA12-2001, EA13-2007, EA15-2008, EA16-2009, EA17-2011, EA18-2014, EA19-2015, EA20-2023, EA21-2026)",2024-09-01,9.9,2024
Chocolate,"Euro area (EA11-1999, EA12-2001, EA13-2007, EA15-2008, EA16-2009, EA17-2011, EA18-2014, EA19-2015, EA20-2023, EA21-2026)",2024-10-01,10.5,2024
Chocolate,"Euro area (EA11-1999, EA12-2001, EA13-2007, EA15-2008, EA16-2009, EA17-2011, EA18-2014, EA19-2015, EA20-2023, EA21-2026)",2024-11-01,11.2,2024
Chocolate,"Euro area (EA11-1999, EA12-2001, EA13-2007, EA15-2008, EA16-2009, EA17-2011, EA18-2014, EA19-2015, EA20-2023, EA21-2026)",2024-12-01,11.4,2024
Chocolate,"Euro area (EA11-1999, EA12-2001, EA13-2007, EA15-2008, EA16-2009, EA17-2011, EA18-2014, EA19-2015, EA20-2023, EA21-2026)",2025-01-01,12.2,2025
Chocolate,"Euro area (EA11-1999, EA12-2001, EA13-2007, EA15-2008, EA16-2009, EA17-2011, EA18-2014, EA19-2015, EA20-2023, EA21-2026)",2025-02-01,14.8,2025
Chocolate,"Euro area (EA11-1999, EA12-2001, EA13-2007, EA15-2008, EA16-2009, EA17-2011, EA18-2014, EA19-2015, EA20-2023, EA21-2026)",2025-03-01,15.8,2025
Chocolate,"Euro area (EA11-1999, EA12-2001, EA13-2007, EA15-2008, EA16-2009, EA17-2011, EA18-2014, EA19-2015, EA20-2023, EA21-2026)",2025-04-01,16.7,2025
Chocolate,"Euro area (EA11-1999, EA12-2001, EA13-2007, EA15-2008, EA16-2009, EA17-2011, EA18-2014, EA19-2015, EA20-2023, EA21-2026)",2025-05-01,18.9,2025
Chocolate,"Euro area (EA11-1999, EA12-2001, EA13-2007, EA15-2008, EA16-2009, EA17-2011, EA18-2014, EA19-2015, EA20-2023, EA21-2026)",2025-06-01,17.7,2025
Chocolate,"Euro area (EA11-1999, EA12-2001, EA13-2007, EA15-2008, EA16-2009, EA17-2011, EA18-2014, EA19-2015, EA20-2023, EA21-2026)",2025-07-01,17.5,2025
Chocolate,"Euro area (EA11-1999, EA12-2001, EA13-2007, EA15-2008, EA16-2009, EA17-2011, EA18-2014, EA19-2015, EA20-2023, EA21-2026)",2025-08-01,17.0,2025
Chocolate,"Euro area (EA11-1999, EA12-2001, EA13-2007, EA15-2008, EA16-2009, EA17-2011, EA18-2014, EA19-2015, EA20-2023, EA21-2026)",2025-09-01,16.1,2025
Chocolate,"Euro area (EA11-1999, EA12-2001, EA13-2007, EA15-2008, EA16-2009, EA17-2011, EA18-2014, EA19-2015, EA20-2023, EA21-2026)",2025-10-01,15.1,2025
Chocolate,"Euro area (EA11-1999, EA12-2001, EA13-2007, EA15-2008, EA16-2009, EA17-2011, EA18-2014, EA19-2015, EA20-2023, EA21-2026)",2025-11-01,14.1,2025
Chocolate,"Euro area (EA11-1999, EA12-2001, EA13-2007, EA15-2008, EA16-2009, EA17-2011, EA18-2014, EA19-2015, EA20-2023, EA21-2026)",2025-12-01,13.7,2025
Chocolate,Spain,2019-01-01,0.7,2019
Chocolate,Spain,2019-02-01,1.4,2019
Chocolate,Spain,2019-03-01,1.0,2019
Chocolate,Spain,2019-04-01,1.4,2019
Chocolate,Spain,2019-05-01,0.8,2019
Chocolate,Spain,2019-06-01,1.9,2019
Chocolate,Spain,2019-07-01,1.1,2019
Chocolate,Spain,2019-08-01,1.2,2019
Chocolate,Spain,2019-09-01,1.3,2019
Chocolate,Spain,2019-10-01,1.3,2019
Chocolate,Spain,2019-11-01,0.9,2019
Chocolate,Spain,2019-12-01,0.8,2019
Chocolate,Spain,2020-01-01,1.3,2020
Chocolate,Spain,2020-02-01,1.3,2020
Chocolate,Spain,2020-03-01,1.1,2020
Chocolate,Spain,2020-04-01,1.7,2020
Chocolate,Spain,2020-05-01,1.6,2020
Chocolate,Spain,2020-06-01,0.2,2020
Chocolate,Spain,2020-07-01,1.0,2020
Chocolate,Spain,2020-08-01,1.1,2020
Chocolate,Spain,2020-09-01,0.7,2020
Chocolate,Spain,2020-10-01,0.1,2020
Chocolate,Spain,2020-11-01,-0.1,2020
Chocolate,Spain,2020-12-01,-0.4,2020
Chocolate,Spain,2021-01-01,-0.5,2021
Chocolate,Spain,2021-02-01,-1.0,2021
Chocolate,Spain,2021-03-01,-0.9,2021
Chocolate,Spain,2021-04-01,-0.6,2021
Chocolate,Spain,2021-05-01,-0.7,2021
Chocolate,Spain,2021-06-01,0.1,2021
Chocolate,Spain,2021-07-01,0.0,2021
Chocolate,Spain,2021-08-01,0.3,2021
Chocolate,Spain,2021-09-01,0.1,2021
Chocolate,Spain,2021-10-01,0.5,2021
Chocolate,Spain,2021-11-01,0.6,2021
Chocolate,Spain,2021-12-01,1.4,2021
Chocolate,Spain,2022-01-01,1.4,2022
Chocolate,Spain,2022-02-01,2.6,2022
Chocolate,Spain,2022-03-01,3.5,2022
Chocolate,Spain,2022-04-01,2.6,2022
Chocolate,Spain,2022-05-01,2.9,2022
Chocolate,Spain,2022-06-01,3.5,2022
Chocolate,Spain,2022-07-01,4.5,2022
Chocolate,Spain,2022-08-01,4.9,2022
Chocolate,Spain,2022-09-01,5.2,2022
Chocolate,Spain,2022-10-01,5.6,2022
Chocolate,Spain,2022-11-01,6.1,2022
Chocolate,Spain,2022-12-01,6.7,2022
Chocolate,Spain,2023-01-01,8.3,2023
Chocolate,Spain,2023-02-01,11.2,2023
Chocolate,Spain,2023-03-01,12.4,2023
Chocolate,Spain,2023-04-01,13.5,2023
Chocolate,Spain,2023-05-01,11.9,2023
Chocolate,Spain,2023-06-01,12.3,2023
Chocolate,Spain,2023-07-01,11.9,2023
Chocolate,Spain,2023-08-01,11.5,2023
Chocolate,Spain,2023-09-01,10.8,2023
Chocolate,Spain,2023-10-01,10.5,2023
Chocolate,Spain,2023-11-01,10.2,2023
Chocolate,Spain,2023-12-01,8.9,2023
Chocolate,Spain,2024-01-01,9.1,2024
Chocolate,Spain,2024-02-01,10.0,2024
Chocolate,Spain,2024-03-01,8.9,2024
Chocolate,Spain,2024-04-01,8.1,2024
Chocolate,Spain,2024-05-01,9.2,2024
Chocolate,Spain,2024-06-01,12.1,2024
Chocolate,Spain,2024-07-01,13.7,2024
Chocolate,Spain,2024-08-01,16.9,2024
Chocolate,Spain,2024-09-01,20.7,2024
Chocolate,Spain,2024-10-01,21.2,2024
Chocolate,Spain,2024-11-01,21.9,2024
Chocolate,Spain,2024-12-01,23.9,2024
Chocolate,Spain,2025-01-01,24.9,2025
Chocolate,Spain,2025-02-01,24.0,2025
Chocolate,Spain,2025-03-01,24.6,2025
Chocolate,Spain,2025-04-01,24.2,2025
Chocolate,Spain,2025-05-01,25.1,2025
Chocolate,Spain,2025-06-01,21.6,2025
Chocolate,Spain,2025-07-01,21.6,2025
Chocolate,Spain,2025-08-01,18.8,2025
Chocolate,Spain,2025-09-01,15.6,2025
Chocolate,Spain,2025-10-01,16.1,2025
Chocolate,Spain,2025-11-01,14.5,2025
Chocolate,Spain,2025-12-01,12.7,2025
Chocolate,France,2019-01-01,0.6,2019
Chocolate,France,2019-02-01,1.5,2019
Chocolate,France,2019-03-01,1.5,2019
Chocolate,France,2019-04-01,1.7,2019
Chocolate,France,2019-05-01,2.3,2019
Chocolate,France,2019-06-01,2.8,2019
Chocolate,France,2019-07-01,2.2,2019
Chocolate,France,2019-08-01,2.1,2019
Chocolate,France,2019-09-01,2.2,2019
Chocolate,France,2019-10-01,1.8,2019
Chocolate,France,2019-11-01,1.9,2019
Chocolate,France,2019-12-01,1.7,2019
Chocolate,France,2020-01-01,0.9,2020
Chocolate,France,2020-02-01,0.5,2020
Chocolate,France,2020-03-01,0.5,2020
Chocolate,France,2020-04-01,0.5,2020
Chocolate,France,2020-05-01,-0.1,2020
Chocolate,France,2020-06-01,0.1,2020
Chocolate,France,2020-07-01,0.1,2020
Chocolate,France,2020-08-01,0.0,2020
Chocolate,France,2020-09-01,-0.5,2020
Chocolate,France,2020-10-01,-0.4,2020
Chocolate,France,2020-11-01,-0.4,2020
Chocolate,France,2020-12-01,-0.4,2020
Chocolate,France,2021-01-01,0.0,2021
Chocolate,France,2021-02-01,-0.3,2021
Chocolate,France,2021-03-01,0.0,2021
Chocolate,France,2021-04-01,-0.1,2021
Chocolate,France,2021-05-01,0.1,2021
Chocolate,France,2021-06-01,-0.2,2021
Chocolate,France,2021-07-01,0.1,2021
Chocolate,France,2021-08-01,-0.2,2021
Chocolate,France,2021-09-01,-0.3,2021
Chocolate,France,2021-10-01,-0.6,2021
Chocolate,France,2021-11-01,-0.6,2021
Chocolate,France,2021-12-01,-0.3,2021
Chocolate,France,2022-01-01,-0.2,2022
Chocolate,France,2022-02-01,0.2,2022
Chocolate,France,2022-03-01,0.7,2022
Chocolate,France,2022-04-01,1.6,2022
Chocolate,France,2022-05-01,2.2,2022
Chocolate,France,2022-06-01,2.7,2022
Chocolate,France,2022-07-01,3.3,2022
Chocolate,France,2022-08-01,4.5,2022
Chocolate,France,2022-09-01,5.3,2022
Chocolate,France,2022-10-01,6.6,2022
Chocolate,France,2022-11-01,7.2,2022
Chocolate,France,2022-12-01,7.5,2022
Chocolate,France,2023-01-01,8.9,2023
Chocolate,France,2023-02-01,10.3,2023
Chocolate,France,2023-03-01,12.5,2023
Chocolate,France,2023-04-01,13.4,2023
Chocolate,France,2023-05-01,13.7,2023
Chocolate,France,2023-06-01,13.4,2023
Chocolate,France,2023-07-01,13.1,2023
Chocolate,France,2023-08-01,12.6,2023
Chocolate,France,2023-09-01,11.5,2023
Chocolate,France,2023-10-01,10.6,2023
Chocolate,France,2023-11-01,9.6,2023
Chocolate,France,2023-12-01,9.2,2023
Chocolate,France,2024-01-01,7.7,2024
Chocolate,France,2024-02-01,6.2,2024
Chocolate,France,2024-03-01,4.9,2024
Chocolate,France,2024-04-01,4.5,2024
Chocolate,France,2024-05-01,4.1,2024
Chocolate,France,2024-06-01,4.1,2024
Chocolate,France,2024-07-01,4.1,2024
Chocolate,France,2024-08-01,6.5,2024
Chocolate,France,2024-09-01,8.4,2024
Chocolate,France,2024-10-01,9.0,2024
Chocolate,France,2024-11-01,9.7,2024
Chocolate,France,2024-12-01,10.3,2024
Chocolate,France,2025-01-01,10.2,2025
Chocolate,France,2025-02-01,11.1,2025
Chocolate,France,2025-03-01,10.7,2025
Chocolate,France,2025-04-01,15.7,2025
Chocolate,France,2025-05-01,17.9,2025
Chocolate,France,2025-06-01,18.0,2025
Chocolate,France,2025-07-01,17.5,2025
Chocolate,France,2025-08-01,14.7,2025
Chocolate,France,2025-09-01,13.7,2025
Chocolate,France,2025-10-01,12.9,2025
Chocolate,France,2025-11-01,13.0,2025
Chocolate,France,2025-12-01,12.2,2025
Chocolate,Italy,2019-01-01,1.3,2019
Chocolate,Italy,2019-02-01,0.6,2019
Chocolate,Italy,2019-03-01,1.1,2019
Chocolate,Italy,2019-04-01,0.3,2019
Chocolate,Italy,2019-05-01,1.0,2019
Chocolate,Italy,2019-06-01,0.5,2019
Chocolate,Italy,2019-07-01,0.9,2019
Chocolate,Italy,2019-08-01,0.7,2019
Chocolate,Italy,2019-09-01,0.6,2019
Chocolate,Italy,2019-10-01,0.7,2019
Chocolate,Italy,2019-11-01,0.6,2019
Chocolate,Italy,2019-12-01,0.9,2019
Chocolate,Italy,2020-01-01,0.7,2020
Chocolate,Italy,2020-02-01,-1.0,2020
Chocolate,Italy,2020-03-01,0.0,2020
Chocolate,Italy,2020-04-01,0.3,2020
Chocolate,Italy,2020-05-01,-0.4,2020
Chocolate,Italy,2020-06-01,-1.1,2020
Chocolate,Italy,2020-07-01,-1.8,2020
Chocolate,Italy,2020-08-01,-2.5,2020
Chocolate,Italy,2020-09-01,-3.4,2020
Chocolate,Italy,2020-10-01,-3.3,2020
Chocolate,Italy,2020-11-01,-2.7,2020
Chocolate,Italy,2020-12-01,-3.5,2020
Chocolate,Italy,2021-01-01,-4.3,2021
Chocolate,Italy,2021-02-01,-4.0,2021
Chocolate,Italy,2021-03-01,-4.3,2021
Chocolate,Italy,2021-04-01,-4.1,2021
Chocolate,Italy,2021-05-01,-4.1,2021
Chocolate,Italy,2021-06-01,-3.4,2021
Chocolate,Italy,2021-07-01,-2.8,2021
Chocolate,Italy,2021-08-01,-2.1,2021
Chocolate,Italy,2021-09-01,-1.8,2021
Chocolate,Italy,2021-10-01,-1.4,2021
Chocolate,Italy,2021-11-01,-2.3,2021
Chocolate,Italy,2021-12-01,-1.5,2021
Chocolate,Italy,2022-01-01,-2.2,2022
Chocolate,Italy,2022-02-01,-2.0,2022
Chocolate,Italy,2022-03-01,-1.8,2022
Chocolate,Italy,2022-04-01,-1.3,2022
Chocolate,Italy,2022-05-01,-0.9,2022
Chocolate,Italy,2022-06-01,-0.9,2022
Chocolate,Italy,2022-07-01,-0.4,2022
Chocolate,Italy,2022-08-01,0.1,2022
Chocolate,Italy,2022-09-01,1.6,2022
Chocolate,Italy,2022-10-01,2.5,2022
Chocolate,Italy,2022-11-01,3.6,2022
Chocolate,Italy,2022-12-01,4.8,2022
Chocolate,Italy,2023-01-01,6.5,2023
Chocolate,Italy,2023-02-01,7.5,2023
Chocolate,Italy,2023-03-01,7.3,2023
Chocolate,Italy,2023-04-01,7.4,2023
Chocolate,Italy,2023-05-01,6.0,2023
Chocolate,Italy,2023-06-01,6.5,2023
Chocolate,Italy,2023-07-01,6.2,2023
Chocolate,Italy,2023-08-01,5.7,2023
Chocolate,Italy,2023-09-01,4.9,2023
Chocolate,Italy,2023-10-01,4.5,2023
Chocolate,Italy,2023-11-01,4.1,2023
Chocolate,Italy,2023-12-01,2.2,2023
Chocolate,Italy,2024-01-01,2.2,2024
Chocolate,Italy,2024-02-01,1.7,2024
Chocolate,Italy,2024-03-01,1.7,2024
Chocolate,Italy,2024-04-01,0.6,2024
Chocolate,Italy,2024-05-01,1.9,2024
Chocolate,Italy,2024-06-01,1.3,2024
Chocolate,Italy,2024-07-01,1.7,2024
Chocolate,Italy,2024-08-01,3.4,2024
Chocolate,Italy,2024-09-01,5.5,2024
Chocolate,Italy,2024-10-01,8.3,2024
Chocolate,Italy,2024-11-01,8.5,2024
Chocolate,Italy,2024-12-01,8.9,2024
Chocolate,Italy,2025-01-01,9.1,2025
Chocolate,Italy,2025-02-01,9.6,2025
Chocolate,Italy,2025-03-01,9.6,2025
Chocolate,Italy,2025-04-01,12.0,2025
Chocolate,Italy,2025-05-01,12.0,2025
Chocolate,Italy,2025-06-01,13.0,2025
Chocolate,Italy,2025-07-01,13.2,2025
Chocolate,Italy,2025-08-01,12.6,2025
Chocolate,Italy,2025-09-01,11.0,2025
Chocolate,Italy,2025-10-01,10.0,2025
Chocolate,Italy,2025-11-01,9.1,2025
Chocolate,Italy,2025-12-01,9.3,2025
Chocolate,Portugal,2019-01-01,1.3,2019
Chocolate,Portugal,2019-02-01,0.4,2019
Chocolate,Portugal,2019-03-01,-4.2,2019
Chocolate,Portugal,2019-04-01,-2.1,2019
Chocolate,Portugal,2019-05-01,-0.4,2019
Chocolate,Portugal,2019-06-01,-0.4,2019
Chocolate,Portugal,2019-07-01,-0.2,2019
Chocolate,Portugal,2019-08-01,-1.7,2019
Chocolate,Portugal,2019-09-01,-2.9,2019
Chocolate,Portugal,2019-10-01,-2.5,2019
Chocolate,Portugal,2019-11-01,-1.9,2019
Chocolate,Portugal,2019-12-01,-2.5,2019
Chocolate,Portugal,2020-01-01,-4.0,2020
Chocolate,Portugal,2020-02-01,-2.8,2020
Chocolate,Portugal,2020-03-01,-2.9,2020
Chocolate,Portugal,2020-04-01,-8.9,2020
Chocolate,Portugal,2020-05-01,-5.1,2020
Chocolate,Portugal,2020-06-01,-7.1,2020
Chocolate,Portugal,2020-07-01,-2.6,2020
Chocolate,Portugal,2020-08-01,-4.3,2020
Chocolate,Portugal,2020-09-01,-0.8,2020
Chocolate,Portugal,2020-10-01,1.4,2020
Chocolate,Portugal,2020-11-01,0.4,2020
Chocolate,Portugal,2020-12-01,-0.6,2020
Chocolate,Portugal,2021-01-01,-0.4,2021
Chocolate,Portugal,2021-02-01,1.3,2021
Chocolate,Portugal,2021-03-01,3.4,2021
Chocolate,Portugal,2021-04-01,10.4,2021
Chocolate,Portugal,2021-05-01,4.8,2021
Chocolate,Portugal,2021-06-01,6.7,2021
Chocolate,Portugal,2021-07-01,3.1,2021
Chocolate,Portugal,2021-08-01,4.7,2021
Chocolate,Portugal,2021-09-01,1.9,2021
Chocolate,Portugal,2021-10-01,1.2,2021
Chocolate,Portugal,2021-11-01,0.7,2021
Chocolate,Portugal,2021-12-01,-1.9,2021
Chocolate,Portugal,2022-01-01,2.6,2022
Chocolate,Portugal,2022-02-01,0.5,2022
Chocolate,Portugal,2022-03-01,-0.7,2022
Chocolate,Portugal,2022-04-01,-1.1,2022
Chocolate,Portugal,2022-05-01,1.1,2022
Chocolate,Portugal,2022-06-01,4.5,2022
Chocolate,Portugal,2022-07-01,2.2,2022
Chocolate,Portugal,2022-08-01,4.6,2022
Chocolate,Portugal,2022-09-01,4.9,2022
Chocolate,Portugal,2022-10-01,7.6,2022
Chocolate,Portugal,2022-11-01,4.1,2022
Chocolate,Portugal,2022-12-01,3.6,2022
Chocolate,Portugal,2023-01-01,9.1,2023
Chocolate,Portugal,2023-02-01,9.0,2023
Chocolate,Portugal,2023-03-01,10.8,2023
Chocolate,Portugal,2023-04-01,11.6,2023
Chocolate,Portugal,2023-05-01,8.9,2023
Chocolate,Portugal,2023-06-01,10.2,2023
Chocolate,Portugal,2023-07-01,13.7,2023
Chocolate,Portugal,2023-08-01,11.7,2023
Chocolate,Portugal,2023-09-01,11.5,2023
Chocolate,Portugal,2023-10-01,9.2,2023
Chocolate,Portugal,2023-11-01,11.2,2023
Chocolate,Portugal,2023-12-01,14.7,2023
Chocolate,Portugal,2024-01-01,7.0,2024
Chocolate,Portugal,2024-02-01,1.4,2024
Chocolate,Portugal,2024-03-01,5.7,2024
Chocolate,Portugal,2024-04-01,10.0,2024
Chocolate,Portugal,2024-05-01,9.7,2024
Chocolate,Portugal,2024-06-01,7.9,2024
Chocolate,Portugal,2024-07-01,9.5,2024
Chocolate,Portugal,2024-08-01,12.1,2024
Chocolate,Portugal,2024-09-01,13.8,2024
Chocolate,Portugal,2024-10-01,12.0,2024
Chocolate,Portugal,2024-11-01,15.8,2024
Chocolate,Portugal,2024-12-01,13.9,2024
Chocolate,Portugal,2025-01-01,18.5,2025
Chocolate,Portugal,2025-02-01,25.9,2025
Chocolate,Portugal,2025-03-01,22.8,2025
Chocolate,Portugal,2025-04-01,17.8,2025
Chocolate,Portugal,2025-05-01,19.8,2025
Chocolate,Portugal,2025-06-01,20.4,2025
Chocolate,Portugal,2025-07-01,16.6,2025
Chocolate,Portugal,2025-08-01,14.9,2025
Chocolate,Portugal,2025-09-01,13.7,2025
Chocolate,Portugal,2025-10-01,12.5,2025
Chocolate,Portugal,2025-11-01,11.2,2025
Chocolate,Portugal,2025-12-01,12.9,2025
Coffee,Germany,2019-01-01,-2.0,2019
Coffee,Germany,2019-02-01,-0.8,2019
Coffee,Germany,2019-03-01,-1.7,2019
Coffee,Germany,2019-04-01,-4.4,2019
Coffee,Germany,2019-05-01,-1.4,2019
Coffee,Germany,2019-06-01,-4.0,2019
Coffee,Germany,2019-07-01,-2.8,2019
Coffee,Germany,2019-08-01,-1.4,2019
Coffee,Germany,2019-09-01,-0.8,2019
Coffee,Germany,2019-10-01,-0.2,2019
Coffee,Germany,2019-11-01,-1.0,2019
Coffee,Germany,2019-12-01,-2.6,2019
Coffee,Germany,2020-01-01,0.0,2020
Coffee,Germany,2020-02-01,-1.4,2020
Coffee,Germany,2020-03-01,-2.1,2020
Coffee,Germany,2020-04-01,-0.8,2020
Coffee,Germany,2020-05-01,-0.2,2020
Coffee,Germany,2020-06-01,1.4,2020
Coffee,Germany,2020-07-01,-0.8,2020
Coffee,Germany,2020-08-01,-2.1,2020
Coffee,Germany,2020-09-01,-3.6,2020
Coffee,Germany,2020-10-01,-1.0,2020
Coffee,Germany,2020-11-01,-2.4,2020
Coffee,Germany,2020-12-01,-0.4,2020
Coffee,Germany,2021-01-01,0.0,2021
Coffee,Germany,2021-02-01,0.9,2021
Coffee,Germany,2021-03-01,1.6,2021
Coffee,Germany,2021-04-01,5.0,2021
Coffee,Germany,2021-05-01,1.7,2021
Coffee,Germany,2021-06-01,1.3,2021
Coffee,Germany,2021-07-01,4.2,2021
Coffee,Germany,2021-08-01,3.5,2021
Coffee,Germany,2021-09-01,5.8,2021
Coffee,Germany,2021-10-01,5.0,2021
Coffee,Germany,2021-11-01,6.3,2021
Coffee,Germany,2021-12-01,7.3,2021
Coffee,Germany,2022-01-01,5.2,2022
Coffee,Germany,2022-02-01,6.7,2022
Coffee,Germany,2022-03-01,8.9,2022
Coffee,Germany,2022-04-01,8.0,2022
Coffee,Germany,2022-05-01,13.8,2022
Coffee,Germany,2022-06-01,16.0,2022
Coffee,Germany,2022-07-01,14.6,2022
Coffee,Germany,2022-08-01,19.4,2022
Coffee,Germany,2022-09-01,19.8,2022
Coffee,Germany,2022-10-01,18.7,2022
Coffee,Germany,2022-11-01,17.9,2022
Coffee,Germany,2022-12-01,18.1,2022
Coffee,Germany,2023-01-01,18.0,2023
Coffee,Germany,2023-02-01,13.1,2023
Coffee,Germany,2023-03-01,10.4,2023
Coffee,Germany,2023-04-01,8.2,2023
Coffee,Germany,2023-05-01,2.5,2023
Coffee,Germany,2023-06-01,2.4,2023
Coffee,Germany,2023-07-01,2.2,2023
Coffee,Germany,2023-08-01,-2.0,2023
Coffee,Germany,2023-09-01,-1.3,2023
Coffee,Germany,2023-10-01,-2.0,2023
Coffee,Germany,2023-11-01,-1.3,2023
Coffee,Germany,2023-12-01,-1.8,2023
Coffee,Germany,2024-01-01,-4.5,2024
Coffee,Germany,2024-02-01,-1.9,2024
Coffee,Germany,2024-03-01,-0.8,2024
Coffee,Germany,2024-04-01,0.3,2024
Coffee,Germany,2024-05-01,-0.3,2024
Coffee,Germany,2024-06-01,-2.1,2024
Coffee,Germany,2024-07-01,1.1,2024
Coffee,Germany,2024-08-01,2.7,2024
Coffee,Germany,2024-09-01,1.9,2024
Coffee,Germany,2024-10-01,4.1,2024
Coffee,Germany,2024-11-01,2.9,2024
Coffee,Germany,2024-12-01,3.8,2024
Coffee,Germany,2025-01-01,5.3,2025
Coffee,Germany,2025-02-01,6.8,2025
Coffee,Germany,2025-03-01,11.2,2025
Coffee,Germany,2025-04-01,11.6,2025
Coffee,Germany,2025-05-01,17.7,2025
Coffee,Germany,2025-06-01,19.9,2025
Coffee,Germany,2025-07-01,19.9,2025
Coffee,Germany,2025-08-01,22.8,2025
Coffee,Germany,2025-09-01,22.0,2025
Coffee,Germany,2025-10-01,21.3,2025
Coffee,Germany,2025-11-01,21.2,2025
Coffee,Germany,2025-12-01,19.9,2025
Coffee,"Euro area (EA11-1999, EA12-2001, EA13-2007, EA15-2008, EA16-2009, EA17-2011, EA18-2014, EA19-2015, EA20-2023, EA21-2026)",2019-01-01,-1.0,2019
Coffee,"Euro area (EA11-1999, EA12-2001, EA13-2007, EA15-2008, EA16-2009, EA17-2011, EA18-2014, EA19-2015, EA20-2023, EA21-2026)",2019-02-01,-0.5,2019
Coffee,"Euro area (EA11-1999, EA12-2001, EA13-2007, EA15-2008, EA16-2009, EA17-2011, EA18-2014, EA19-2015, EA20-2023, EA21-2026)",2019-03-01,-0.3,2019
Coffee,"Euro area (EA11-1999, EA12-2001, EA13-2007, EA15-2008, EA16-2009, EA17-2011, EA18-2014, EA19-2015, EA20-2023, EA21-2026)",2019-04-01,-1.7,2019
Coffee,"Euro area (EA11-1999, EA12-2001, EA13-2007, EA15-2008, EA16-2009, EA17-2011, EA18-2014, EA19-2015, EA20-2023, EA21-2026)",2019-05-01,-1.0,2019
Coffee,"Euro area (EA11-1999, EA12-2001, EA13-2007, EA15-2008, EA16-2009, EA17-2011, EA18-2014, EA19-2015, EA20-2023, EA21-2026)",2019-06-01,-1.9,2019
Coffee,"Euro area (EA11-1999, EA12-2001, EA13-2007, EA15-2008, EA16-2009, EA17-2011, EA18-2014, EA19-2015, EA20-2023, EA21-2026)",2019-07-01,-1.0,2019
Coffee,"Euro area (EA11-1999, EA12-2001, EA13-2007, EA15-2008, EA16-2009, EA17-2011, EA18-2014, EA19-2015, EA20-2023, EA21-2026)",2019-08-01,-1.1,2019
Coffee,"Euro area (EA11-1999, EA12-2001, EA13-2007, EA15-2008, EA16-2009, EA17-2011, EA18-2014, EA19-2015, EA20-2023, EA21-2026)",2019-09-01,-0.9,2019
Coffee,"Euro area (EA11-1999, EA12-2001, EA13-2007, EA15-2008, EA16-2009, EA17-2011, EA18-2014, EA19-2015, EA20-2023, EA21-2026)",2019-10-01,-1.0,2019
Coffee,"Euro area (EA11-1999, EA12-2001, EA13-2007, EA15-2008, EA16-2009, EA17-2011, EA18-2014, EA19-2015, EA20-2023, EA21-2026)",2019-11-01,-1.1,2019
Coffee,"Euro area (EA11-1999, EA12-2001, EA13-2007, EA15-2008, EA16-2009, EA17-2011, EA18-2014, EA19-2015, EA20-2023, EA21-2026)",2019-12-01,-1.4,2019
Coffee,"Euro area (EA11-1999, EA12-2001, EA13-2007, EA15-2008, EA16-2009, EA17-2011, EA18-2014, EA19-2015, EA20-2023, EA21-2026)",2020-01-01,-0.8,2020
Coffee,"Euro area (EA11-1999, EA12-2001, EA13-2007, EA15-2008, EA16-2009, EA17-2011, EA18-2014, EA19-2015, EA20-2023, EA21-2026)",2020-02-01,-1.1,2020
Coffee,"Euro area (EA11-1999, EA12-2001, EA13-2007, EA15-2008, EA16-2009, EA17-2011, EA18-2014, EA19-2015, EA20-2023, EA21-2026)",2020-03-01,-0.9,2020
Coffee,"Euro area (EA11-1999, EA12-2001, EA13-2007, EA15-2008, EA16-2009, EA17-2011, EA18-2014, EA19-2015, EA20-2023, EA21-2026)",2020-04-01,-0.2,2020
Coffee,"Euro area (EA11-1999, EA12-2001, EA13-2007, EA15-2008, EA16-2009, EA17-2011, EA18-2014, EA19-2015, EA20-2023, EA21-2026)",2020-05-01,0.0,2020
Coffee,"Euro area (EA11-1999, EA12-2001, EA13-2007, EA15-2008, EA16-2009, EA17-2011, EA18-2014, EA19-2015, EA20-2023, EA21-2026)",2020-06-01,0.8,2020
Coffee,"Euro area (EA11-1999, EA12-2001, EA13-2007, EA15-2008, EA16-2009, EA17-2011, EA18-2014, EA19-2015, EA20-2023, EA21-2026)",2020-07-01,-0.4,2020
Coffee,"Euro area (EA11-1999, EA12-2001, EA13-2007, EA15-2008, EA16-2009, EA17-2011, EA18-2014, EA19-2015, EA20-2023, EA21-2026)",2020-08-01,-0.7,2020
Coffee,"Euro area (EA11-1999, EA12-2001, EA13-2007, EA15-2008, EA16-2009, EA17-2011, EA18-2014, EA19-2015, EA20-2023, EA21-2026)",2020-09-01,-1.3,2020
Coffee,"Euro area (EA11-1999, EA12-2001, EA13-2007, EA15-2008, EA16-2009, EA17-2011, EA18-2014, EA19-2015, EA20-2023, EA21-2026)",2020-10-01,-0.4,2020
Coffee,"Euro area (EA11-1999, EA12-2001, EA13-2007, EA15-2008, EA16-2009, EA17-2011, EA18-2014, EA19-2015, EA20-2023, EA21-2026)",2020-11-01,-0.7,2020
Coffee,"Euro area (EA11-1999, EA12-2001, EA13-2007, EA15-2008, EA16-2009, EA17-2011, EA18-2014, EA19-2015, EA20-2023, EA21-2026)",2020-12-01,-0.6,2020
Coffee,"Euro area (EA11-1999, EA12-2001, EA13-2007, EA15-2008, EA16-2009, EA17-2011, EA18-2014, EA19-2015, EA20-2023, EA21-2026)",2021-01-01,-0.3,2021
Coffee,"Euro area (EA11-1999, EA12-2001, EA13-2007, EA15-2008, EA16-2009, EA17-2011, EA18-2014, EA19-2015, EA20-2023, EA21-2026)",2021-02-01,0.1,2021
Coffee,"Euro area (EA11-1999, EA12-2001, EA13-2007, EA15-2008, EA16-2009, EA17-2011, EA18-2014, EA19-2015, EA20-2023, EA21-2026)",2021-03-01,-0.6,2021
Coffee,"Euro area (EA11-1999, EA12-2001, EA13-2007, EA15-2008, EA16-2009, EA17-2011, EA18-2014, EA19-2015, EA20-2023, EA21-2026)",2021-04-01,0.6,2021
Coffee,"Euro area (EA11-1999, EA12-2001, EA13-2007, EA15-2008, EA16-2009, EA17-2011, EA18-2014, EA19-2015, EA20-2023, EA21-2026)",2021-05-01,-0.5,2021
Coffee,"Euro area (EA11-1999, EA12-2001, EA13-2007, EA15-2008, EA16-2009, EA17-2011, EA18-2014, EA19-2015, EA20-2023, EA21-2026)",2021-06-01,-0.4,2021
Coffee,"Euro area (EA11-1999, EA12-2001, EA13-2007, EA15-2008, EA16-2009, EA17-2011, EA18-2014, EA19-2015, EA20-2023, EA21-2026)",2021-07-01,0.9,2021
Coffee,"Euro area (EA11-1999, EA12-2001, EA13-2007, EA15-2008, EA16-2009, EA17-2011, EA18-2014, EA19-2015, EA20-2023, EA21-2026)",2021-08-01,0.5,2021
Coffee,"Euro area (EA11-1999, EA12-2001, EA13-2007, EA15-2008, EA16-2009, EA17-2011, EA18-2014, EA19-2015, EA20-2023, EA21-2026)",2021-09-01,1.6,2021
Coffee,"Euro area (EA11-1999, EA12-2001, EA13-2007, EA15-2008, EA16-2009, EA17-2011, EA18-2014, EA19-2015, EA20-2023, EA21-2026)",2021-10-01,1.9,2021
Coffee,"Euro area (EA11-1999, EA12-2001, EA13-2007, EA15-2008, EA16-2009, EA17-2011, EA18-2014, EA19-2015, EA20-2023, EA21-2026)",2021-11-01,3.1,2021
Coffee,"Euro area (EA11-1999, EA12-2001, EA13-2007, EA15-2008, EA16-2009, EA17-2011, EA18-2014, EA19-2015, EA20-2023, EA21-2026)",2021-12-01,4.1,2021
Coffee,"Euro area (EA11-1999, EA12-2001, EA13-2007, EA15-2008, EA16-2009, EA17-2011, EA18-2014, EA19-2015, EA20-2023, EA21-2026)",2022-01-01,4.6,2022
Coffee,"Euro area (EA11-1999, EA12-2001, EA13-2007, EA15-2008, EA16-2009, EA17-2011, EA18-2014, EA19-2015, EA20-2023, EA21-2026)",2022-02-01,6.1,2022
Coffee,"Euro area (EA11-1999, EA12-2001, EA13-2007, EA15-2008, EA16-2009, EA17-2011, EA18-2014, EA19-2015, EA20-2023, EA21-2026)",2022-03-01,8.1,2022
Coffee,"Euro area (EA11-1999, EA12-2001, EA13-2007, EA15-2008, EA16-2009, EA17-2011, EA18-2014, EA19-2015, EA20-2023, EA21-2026)",2022-04-01,8.8,2022
Coffee,"Euro area (EA11-1999, EA12-2001, EA13-2007, EA15-2008, EA16-2009, EA17-2011, EA18-2014, EA19-2015, EA20-2023, EA21-2026)",2022-05-01,11.5,2022
Coffee,"Euro area (EA11-1999, EA12-2001, EA13-2007, EA15-2008, EA16-2009, EA17-2011, EA18-2014, EA19-2015, EA20-2023, EA21-2026)",2022-06-01,12.7,2022
Coffee,"Euro area (EA11-1999, EA12-2001, EA13-2007, EA15-2008, EA16-2009, EA17-2011, EA18-2014, EA19-2015, EA20-2023, EA21-2026)",2022-07-01,12.9,2022
Coffee,"Euro area (EA11-1999, EA12-2001, EA13-2007, EA15-2008, EA16-2009, EA17-2011, EA18-2014, EA19-2015, EA20-2023, EA21-2026)",2022-08-01,15.4,2022
Coffee,"Euro area (EA11-1999, EA12-2001, EA13-2007, EA15-2008, EA16-2009, EA17-2011, EA18-2014, EA19-2015, EA20-2023, EA21-2026)",2022-09-01,15.6,2022
Coffee,"Euro area (EA11-1999, EA12-2001, EA13-2007, EA15-2008, EA16-2009, EA17-2011, EA18-2014, EA19-2015, EA20-2023, EA21-2026)",2022-10-01,15.4,2022
Coffee,"Euro area (EA11-1999, EA12-2001, EA13-2007, EA15-2008, EA16-2009, EA17-2011, EA18-2014, EA19-2015, EA20-2023, EA21-2026)",2022-11-01,14.9,2022
Coffee,"Euro area (EA11-1999, EA12-2001, EA13-2007, EA15-2008, EA16-2009, EA17-2011, EA18-2014, EA19-2015, EA20-2023, EA21-2026)",2022-12-01,15.2,2022
Coffee,"Euro area (EA11-1999, EA12-2001, EA13-2007, EA15-2008, EA16-2009, EA17-2011, EA18-2014, EA19-2015, EA20-2023, EA21-2026)",2023-01-01,14.6,2023
Coffee,"Euro area (EA11-1999, EA12-2001, EA13-2007, EA15-2008, EA16-2009, EA17-2011, EA18-2014, EA19-2015, EA20-2023, EA21-2026)",2023-02-01,13.2,2023
Coffee,"Euro area (EA11-1999, EA12-2001, EA13-2007, EA15-2008, EA16-2009, EA17-2011, EA18-2014, EA19-2015, EA20-2023, EA21-2026)",2023-03-01,11.5,2023
Coffee,"Euro area (EA11-1999, EA12-2001, EA13-2007, EA15-2008, EA16-2009, EA17-2011, EA18-2014, EA19-2015, EA20-2023, EA21-2026)",2023-04-01,10.0,2023
Coffee,"Euro area (EA11-1999, EA12-2001, EA13-2007, EA15-2008, EA16-2009, EA17-2011, EA18-2014, EA19-2015, EA20-2023, EA21-2026)",2023-05-01,8.2,2023
Coffee,"Euro area (EA11-1999, EA12-2001, EA13-2007, EA15-2008, EA16-2009, EA17-2011, EA18-2014, EA19-2015, EA20-2023, EA21-2026)",2023-06-01,7.4,2023
Coffee,"Euro area (EA11-1999, EA12-2001, EA13-2007, EA15-2008, EA16-2009, EA17-2011, EA18-2014, EA19-2015, EA20-2023, EA21-2026)",2023-07-01,6.7,2023
Coffee,"Euro area (EA11-1999, EA12-2001, EA13-2007, EA15-2008, EA16-2009, EA17-2011, EA18-2014, EA19-2015, EA20-2023, EA21-2026)",2023-08-01,5.1,2023
Coffee,"Euro area (EA11-1999, EA12-2001, EA13-2007, EA15-2008, EA16-2009, EA17-2011, EA18-2014, EA19-2015, EA20-2023, EA21-2026)",2023-09-01,4.6,2023
Coffee,"Euro area (EA11-1999, EA12-2001, EA13-2007, EA15-2008, EA16-2009, EA17-2011, EA18-2014, EA19-2015, EA20-2023, EA21-2026)",2023-10-01,3.8,2023
Coffee,"Euro area (EA11-1999, EA12-2001, EA13-2007, EA15-2008, EA16-2009, EA17-2011, EA18-2014, EA19-2015, EA20-2023, EA21-2026)",2023-11-01,3.2,2023
Coffee,"Euro area (EA11-1999, EA12-2001, EA13-2007, EA15-2008, EA16-2009, EA17-2011, EA18-2014, EA19-2015, EA20-2023, EA21-2026)",2023-12-01,2.1,2023
Coffee,"Euro area (EA11-1999, EA12-2001, EA13-2007, EA15-2008, EA16-2009, EA17-2011, EA18-2014, EA19-2015, EA20-2023, EA21-2026)",2024-01-01,1.2,2024
Coffee,"Euro area (EA11-1999, EA12-2001, EA13-2007, EA15-2008, EA16-2009, EA17-2011, EA18-2014, EA19-2015, EA20-2023, EA21-2026)",2024-02-01,0.4,2024
Coffee,"Euro area (EA11-1999, EA12-2001, EA13-2007, EA15-2008, EA16-2009, EA17-2011, EA18-2014, EA19-2015, EA20-2023, EA21-2026)",2024-03-01,0.7,2024
Coffee,"Euro area (EA11-1999, EA12-2001, EA13-2007, EA15-2008, EA16-2009, EA17-2011, EA18-2014, EA19-2015, EA20-2023, EA21-2026)",2024-04-01,1.4,2024
Coffee,"Euro area (EA11-1999, EA12-2001, EA13-2007, EA15-2008, EA16-2009, EA17-2011, EA18-2014, EA19-2015, EA20-2023, EA21-2026)",2024-05-01,0.3,2024
Coffee,"Euro area (EA11-1999, EA12-2001, EA13-2007, EA15-2008, EA16-2009, EA17-2011, EA18-2014, EA19-2015, EA20-2023, EA21-2026)",2024-06-01,0.7,2024
Coffee,"Euro area (EA11-1999, EA12-2001, EA13-2007, EA15-2008, EA16-2009, EA17-2011, EA18-2014, EA19-2015, EA20-2023, EA21-2026)",2024-07-01,2.0,2024
Coffee,"Euro area (EA11-1999, EA12-2001, EA13-2007, EA15-2008, EA16-2009, EA17-2011, EA18-2014, EA19-2015, EA20-2023, EA21-2026)",2024-08-01,3.6,2024
Coffee,"Euro area (EA11-1999, EA12-2001, EA13-2007, EA15-2008, EA16-2009, EA17-2011, EA18-2014, EA19-2015, EA20-2023, EA21-2026)",2024-09-01,3.5,2024
Coffee,"Euro area (EA11-1999, EA12-2001, EA13-2007, EA15-2008, EA16-2009, EA17-2011, EA18-2014, EA19-2015, EA20-2023, EA21-2026)",2024-10-01,4.7,2024
Coffee,"Euro area (EA11-1999, EA12-2001, EA13-2007, EA15-2008, EA16-2009, EA17-2011, EA18-2014, EA19-2015, EA20-2023, EA21-2026)",2024-11-01,5.7,2024
Coffee,"Euro area (EA11-1999, EA12-2001, EA13-2007, EA15-2008, EA16-2009, EA17-2011, EA18-2014, EA19-2015, EA20-2023, EA21-2026)",2024-12-01,6.8,2024
Coffee,"Euro area (EA11-1999, EA12-2001, EA13-2007, EA15-2008, EA16-2009, EA17-2011, EA18-2014, EA19-2015, EA20-2023, EA21-2026)",2025-01-01,8.3,2025
Coffee,"Euro area (EA11-1999, EA12-2001, EA13-2007, EA15-2008, EA16-2009, EA17-2011, EA18-2014, EA19-2015, EA20-2023, EA21-2026)",2025-02-01,10.9,2025
Coffee,"Euro area (EA11-1999, EA12-2001, EA13-2007, EA15-2008, EA16-2009, EA17-2011, EA18-2014, EA19-2015, EA20-2023, EA21-2026)",2025-03-01,13.0,2025
Coffee,"Euro area (EA11-1999, EA12-2001, EA13-2007, EA15-2008, EA16-2009, EA17-2011, EA18-2014, EA19-2015, EA20-2023, EA21-2026)",2025-04-01,15.1,2025
Coffee,"Euro area (EA11-1999, EA12-2001, EA13-2007, EA15-2008, EA16-2009, EA17-2011, EA18-2014, EA19-2015, EA20-2023, EA21-2026)",2025-05-01,19.1,2025
Coffee,"Euro area (EA11-1999, EA12-2001, EA13-2007, EA15-2008, EA16-2009, EA17-2011, EA18-2014, EA19-2015, EA20-2023, EA21-2026)",2025-06-01,20.3,2025
Coffee,"Euro area (EA11-1999, EA12-2001, EA13-2007, EA15-2008, EA16-2009, EA17-2011, EA18-2014, EA19-2015, EA20-2023, EA21-2026)",2025-07-01,20.8,2025
Coffee,"Euro area (EA11-1999, EA12-2001, EA13-2007, EA15-2008, EA16-2009, EA17-2011, EA18-2014, EA19-2015, EA20-2023, EA21-2026)",2025-08-01,21.0,2025
Coffee,"Euro area (EA11-1999, EA12-2001, EA13-2007, EA15-2008, EA16-2009, EA17-2011, EA18-2014, EA19-2015, EA20-2023, EA21-2026)",2025-09-01,20.4,2025
Coffee,"Euro area (EA11-1999, EA12-2001, EA13-2007, EA15-2008, EA16-2009, EA17-2011, EA18-2014, EA19-2015, EA20-2023, EA21-2026)",2025-10-01,20.0,2025
Coffee,"Euro area (EA11-1999, EA12-2001, EA13-2007, EA15-2008, EA16-2009, EA17-2011, EA18-2014, EA19-2015, EA20-2023, EA21-2026)",2025-11-01,19.0,2025
Coffee,"Euro area (EA11-1999, EA12-2001, EA13-2007, EA15-2008, EA16-2009, EA17-2011, EA18-2014, EA19-2015, EA20-2023, EA21-2026)",2025-12-01,18.0,2025
Coffee,Spain,2019-01-01,-0.4,2019
Coffee,Spain,2019-02-01,-0.5,2019
Coffee,Spain,2019-03-01,-0.6,2019
Coffee,Spain,2019-04-01,-1.3,2019
Coffee,Spain,2019-05-01,-1.1,2019
Coffee,Spain,2019-06-01,-1.1,2019
Coffee,Spain,2019-07-01,-0.9,2019
Coffee,Spain,2019-08-01,-1.8,2019
Coffee,Spain,2019-09-01,-1.9,2019
Coffee,Spain,2019-10-01,-1.3,2019
Coffee,Spain,2019-11-01,-0.2,2019
Coffee,Spain,2019-12-01,-1.6,2019
Coffee,Spain,2020-01-01,-0.7,2020
Coffee,Spain,2020-02-01,-0.8,2020
Coffee,Spain,2020-03-01,0.3,2020
Coffee,Spain,2020-04-01,1.1,2020
Coffee,Spain,2020-05-01,1.2,2020
Coffee,Spain,2020-06-01,0.7,2020
Coffee,Spain,2020-07-01,0.2,2020
Coffee,Spain,2020-08-01,1.4,2020
Coffee,Spain,2020-09-01,0.6,2020
Coffee,Spain,2020-10-01,1.0,2020
Coffee,Spain,2020-11-01,0.0,2020
Coffee,Spain,2020-12-01,0.3,2020
Coffee,Spain,2021-01-01,-0.2,2021
Coffee,Spain,2021-02-01,-0.9,2021
Coffee,Spain,2021-03-01,-0.9,2021
Coffee,Spain,2021-04-01,-0.6,2021
Coffee,Spain,2021-05-01,-0.8,2021
Coffee,Spain,2021-06-01,-0.7,2021
Coffee,Spain,2021-07-01,0.3,2021
Coffee,Spain,2021-08-01,-1.2,2021
Coffee,Spain,2021-09-01,0.5,2021
Coffee,Spain,2021-10-01,0.9,2021
Coffee,Spain,2021-11-01,3.2,2021
Coffee,Spain,2021-12-01,4.6,2021
Coffee,Spain,2022-01-01,5.0,2022
Coffee,Spain,2022-02-01,8.2,2022
Coffee,Spain,2022-03-01,9.8,2022
Coffee,Spain,2022-04-01,10.7,2022
Coffee,Spain,2022-05-01,11.8,2022
Coffee,Spain,2022-06-01,11.8,2022
Coffee,Spain,2022-07-01,12.3,2022
Coffee,Spain,2022-08-01,13.7,2022
Coffee,Spain,2022-09-01,12.2,2022
Coffee,Spain,2022-10-01,11.9,2022
Coffee,Spain,2022-11-01,9.6,2022
Coffee,Spain,2022-12-01,10.5,2022
Coffee,Spain,2023-01-01,10.9,2023
Coffee,Spain,2023-02-01,10.1,2023
Coffee,Spain,2023-03-01,9.0,2023
Coffee,Spain,2023-04-01,7.5,2023
Coffee,Spain,2023-05-01,6.8,2023
Coffee,Spain,2023-06-01,5.3,2023
Coffee,Spain,2023-07-01,5.9,2023
Coffee,Spain,2023-08-01,5.9,2023
Coffee,Spain,2023-09-01,6.8,2023
Coffee,Spain,2023-10-01,6.9,2023
Coffee,Spain,2023-11-01,6.5,2023
Coffee,Spain,2023-12-01,4.9,2023
Coffee,Spain,2024-01-01,5.1,2024
Coffee,Spain,2024-02-01,3.0,2024
Coffee,Spain,2024-03-01,1.8,2024
Coffee,Spain,2024-04-01,2.4,2024
Coffee,Spain,2024-05-01,1.9,2024
Coffee,Spain,2024-06-01,4.3,2024
Coffee,Spain,2024-07-01,4.6,2024
Coffee,Spain,2024-08-01,5.1,2024
Coffee,Spain,2024-09-01,4.3,2024
Coffee,Spain,2024-10-01,5.3,2024
Coffee,Spain,2024-11-01,6.9,2024
Coffee,Spain,2024-12-01,7.2,2024
Coffee,Spain,2025-01-01,9.8,2025
Coffee,Spain,2025-02-01,14.5,2025
Coffee,Spain,2025-03-01,15.5,2025
Coffee,Spain,2025-04-01,18.5,2025
Coffee,Spain,2025-05-01,19.8,2025
Coffee,Spain,2025-06-01,19.8,2025
Coffee,Spain,2025-07-01,19.8,2025
Coffee,Spain,2025-08-01,20.2,2025
Coffee,Spain,2025-09-01,19.9,2025
Coffee,Spain,2025-10-01,19.4,2025
Coffee,Spain,2025-11-01,17.3,2025
Coffee,Spain,2025-12-01,16.3,2025
Coffee,France,2019-01-01,0.8,2019
Coffee,France,2019-02-01,1.1,2019
Coffee,France,2019-03-01,1.3,2019
Coffee,France,2019-04-01,1.1,2019
Coffee,France,2019-05-01,0.9,2019
Coffee,France,2019-06-01,0.6,2019
Coffee,France,2019-07-01,0.7,2019
Coffee,France,2019-08-01,0.4,2019
Coffee,France,2019-09-01,0.3,2019
Coffee,France,2019-10-01,0.2,2019
Coffee,France,2019-11-01,0.0,2019
Coffee,France,2019-12-01,-0.3,2019
Coffee,France,2020-01-01,-0.1,2020
Coffee,France,2020-02-01,-0.1,2020
Coffee,France,2020-03-01,-0.5,2020
Coffee,France,2020-04-01,-0.8,2020
Coffee,France,2020-05-01,0.0,2020
Coffee,France,2020-06-01,-0.3,2020
Coffee,France,2020-07-01,0.2,2020
Coffee,France,2020-08-01,0.1,2020
Coffee,France,2020-09-01,-0.5,2020
Coffee,France,2020-10-01,-0.4,2020
Coffee,France,2020-11-01,-0.2,2020
Coffee,France,2020-12-01,-0.9,2020
Coffee,France,2021-01-01,-0.4,2021
Coffee,France,2021-02-01,-0.7,2021
Coffee,France,2021-03-01,-0.3,2021
Coffee,France,2021-04-01,0.1,2021
Coffee,France,2021-05-01,-1.0,2021
Coffee,France,2021-06-01,0.1,2021
Coffee,France,2021-07-01,-0.3,2021
Coffee,France,2021-08-01,-0.1,2021
Coffee,France,2021-09-01,-0.3,2021
Coffee,France,2021-10-01,-0.2,2021
Coffee,France,2021-11-01,0.3,2021
Coffee,France,2021-12-01,2.0,2021
Coffee,France,2022-01-01,1.9,2022
Coffee,France,2022-02-01,2.7,2022
Coffee,France,2022-03-01,3.5,2022
Coffee,France,2022-04-01,6.2,2022
Coffee,France,2022-05-01,9.1,2022
Coffee,France,2022-06-01,8.7,2022
Coffee,France,2022-07-01,10.5,2022
Coffee,France,2022-08-01,11.2,2022
Coffee,France,2022-09-01,12.1,2022
Coffee,France,2022-10-01,13.5,2022
Coffee,France,2022-11-01,14.5,2022
Coffee,France,2022-12-01,15.1,2022
Coffee,France,2023-01-01,15.3,2023
Coffee,France,2023-02-01,16.0,2023
Coffee,France,2023-03-01,16.2,2023
Coffee,France,2023-04-01,14.4,2023
Coffee,France,2023-05-01,13.4,2023
Coffee,France,2023-06-01,13.5,2023
Coffee,France,2023-07-01,12.2,2023
Coffee,France,2023-08-01,11.5,2023
Coffee,France,2023-09-01,10.7,2023
Coffee,France,2023-10-01,9.3,2023
Coffee,France,2023-11-01,7.7,2023
Coffee,France,2023-12-01,6.5,2023
Coffee,France,2024-01-01,5.8,2024
Coffee,France,2024-02-01,3.8,2024
Coffee,France,2024-03-01,2.5,2024
Coffee,France,2024-04-01,1.6,2024
Coffee,France,2024-05-01,0.5,2024
Coffee,France,2024-06-01,0.0,2024
Coffee,France,2024-07-01,-0.4,2024
Coffee,France,2024-08-01,0.2,2024
Coffee,France,2024-09-01,0.4,2024
Coffee,France,2024-10-01,1.1,2024
Coffee,France,2024-11-01,1.8,2024
Coffee,France,2024-12-01,2.0,2024
Coffee,France,2025-01-01,2.5,2025
Coffee,France,2025-02-01,3.2,2025
Coffee,France,2025-03-01,4.9,2025
Coffee,France,2025-04-01,10.5,2025
Coffee,France,2025-05-01,14.3,2025
Coffee,France,2025-06-01,16.0,2025
Coffee,France,2025-07-01,16.3,2025
Coffee,France,2025-08-01,17.1,2025
Coffee,France,2025-09-01,18.0,2025
Coffee,France,2025-10-01,18.0,2025
Coffee,France,2025-11-01,17.9,2025
Coffee,France,2025-12-01,17.8,2025
Coffee,Italy,2019-01-01,-1.6,2019
Coffee,Italy,2019-02-01,-0.9,2019
Coffee,Italy,2019-03-01,-0.7,2019
Coffee,Italy,2019-04-01,-1.2,2019
Coffee,Italy,2019-05-01,-1.2,2019
Coffee,Italy,2019-06-01,-0.8,2019
Coffee,Italy,2019-07-01,-0.1,2019
Coffee,Italy,2019-08-01,-1.2,2019
Coffee,Italy,2019-09-01,-0.5,2019
Coffee,Italy,2019-10-01,-1.0,2019
Coffee,Italy,2019-11-01,-1.5,2019
Coffee,Italy,2019-12-01,-0.8,2019
Coffee,Italy,2020-01-01,-1.7,2020
Coffee,Italy,2020-02-01,-1.6,2020
Coffee,Italy,2020-03-01,-0.4,2020
Coffee,Italy,2020-04-01,0.0,2020
Coffee,Italy,2020-05-01,-0.4,2020
Coffee,Italy,2020-06-01,-0.4,2020
Coffee,Italy,2020-07-01,-2.1,2020
Coffee,Italy,2020-08-01,-1.6,2020
Coffee,Italy,2020-09-01,-2.5,2020
Coffee,Italy,2020-10-01,-1.9,2020
Coffee,Italy,2020-11-01,-1.3,2020
Coffee,Italy,2020-12-01,-1.8,2020
Coffee,Italy,2021-01-01,-1.3,2021
Coffee,Italy,2021-02-01,-1.0,2021
Coffee,Italy,2021-03-01,-2.1,2021
Coffee,Italy,2021-04-01,-2.5,2021
Coffee,Italy,2021-05-01,-2.8,2021
Coffee,Italy,2021-06-01,-2.4,2021
Coffee,Italy,2021-07-01,-0.9,2021
Coffee,Italy,2021-08-01,-0.9,2021
Coffee,Italy,2021-09-01,-0.3,2021
Coffee,Italy,2021-10-01,-0.6,2021
Coffee,Italy,2021-11-01,-0.5,2021
Coffee,Italy,2021-12-01,1.2,2021
Coffee,Italy,2022-01-01,1.6,2022
Coffee,Italy,2022-02-01,2.1,2022
Coffee,Italy,2022-03-01,2.6,2022
Coffee,Italy,2022-04-01,3.8,2022
Coffee,Italy,2022-05-01,5.1,2022
Coffee,Italy,2022-06-01,6.1,2022
Coffee,Italy,2022-07-01,5.7,2022
Coffee,Italy,2022-08-01,6.6,2022
Coffee,Italy,2022-09-01,7.6,2022
Coffee,Italy,2022-10-01,8.4,2022
Coffee,Italy,2022-11-01,9.3,2022
Coffee,Italy,2022-12-01,9.3,2022
Coffee,Italy,2023-01-01,8.7,2023
Coffee,Italy,2023-02-01,9.0,2023
Coffee,Italy,2023-03-01,8.6,2023
Coffee,Italy,2023-04-01,7.4,2023
Coffee,Italy,2023-05-01,7.8,2023
Coffee,Italy,2023-06-01,6.5,2023
Coffee,Italy,2023-07-01,6.6,2023
Coffee,Italy,2023-08-01,6.2,2023
Coffee,Italy,2023-09-01,5.2,2023
Coffee,Italy,2023-10-01,4.1,2023
Coffee,Italy,2023-11-01,3.2,2023
Coffee,Italy,2023-12-01,2.2,2023
Coffee,Italy,2024-01-01,2.4,2024
Coffee,Italy,2024-02-01,1.5,2024
Coffee,Italy,2024-03-01,2.6,2024
Coffee,Italy,2024-04-01,2.5,2024
Coffee,Italy,2024-05-01,2.1,2024
Coffee,Italy,2024-06-01,4.0,2024
Coffee,Italy,2024-07-01,6.0,2024
Coffee,Italy,2024-08-01,8.7,2024
Coffee,Italy,2024-09-01,9.1,2024
Coffee,Italy,2024-10-01,11.8,2024
Coffee,Italy,2024-11-01,13.4,2024
Coffee,Italy,2024-12-01,14.8,2024
Coffee,Italy,2025-01-01,15.9,2025
Coffee,Italy,2025-02-01,18.3,2025
Coffee,Italy,2025-03-01,19.5,2025
Coffee,Italy,2025-04-01,21.8,2025
Coffee,Italy,2025-05-01,24.7,2025
Coffee,Italy,2025-06-01,24.7,2025
Coffee,Italy,2025-07-01,23.5,2025
Coffee,Italy,2025-08-01,22.7,2025
Coffee,Italy,2025-09-01,22.0,2025
Coffee,Italy,2025-10-01,20.7,2025
Coffee,Italy,2025-11-01,18.4,2025
Coffee,Italy,2025-12-01,17.5,2025
Coffee,Portugal,2019-01-01,-1.2,2019
Coffee,Portugal,2019-02-01,2.2,2019
Coffee,Portugal,2019-03-01,-0.4,2019
Coffee,Portugal,2019-04-01,1.2,2019
Coffee,Portugal,2019-05-01,0.7,2019
Coffee,Portugal,2019-06-01,-1.0,2019
Coffee,Portugal,2019-07-01,1.5,2019
Coffee,Portugal,2019-08-01,0.3,2019
Coffee,Portugal,2019-09-01,-0.4,2019
Coffee,Portugal,2019-10-01,0.3,2019
Coffee,Portugal,2019-11-01,1.0,2019
Coffee,Portugal,2019-12-01,-1.8,2019
Coffee,Portugal,2020-01-01,1.0,2020
Coffee,Portugal,2020-02-01,-2.0,2020
Coffee,Portugal,2020-03-01,-0.6,2020
Coffee,Portugal,2020-04-01,1.5,2020
Coffee,Portugal,2020-05-01,0.7,2020
Coffee,Portugal,2020-06-01,1.9,2020
Coffee,Portugal,2020-07-01,-1.3,2020
Coffee,Portugal,2020-08-01,-0.2,2020
Coffee,Portugal,2020-09-01,-0.3,2020
Coffee,Portugal,2020-10-01,0.1,2020
Coffee,Portugal,2020-11-01,-1.9,2020
Coffee,Portugal,2020-12-01,1.5,2020
Coffee,Portugal,2021-01-01,0.8,2021
Coffee,Portugal,2021-02-01,0.4,2021
Coffee,Portugal,2021-03-01,-0.4,2021
Coffee,Portugal,2021-04-01,-2.5,2021
Coffee,Portugal,2021-05-01,-1.4,2021
Coffee,Portugal,2021-06-01,-1.8,2021
Coffee,Portugal,2021-07-01,0.2,2021
Coffee,Portugal,2021-08-01,0.4,2021
Coffee,Portugal,2021-09-01,-1.3,2021
Coffee,Portugal,2021-10-01,-0.3,2021
Coffee,Portugal,2021-11-01,1.2,2021
Coffee,Portugal,2021-12-01,3.6,2021
Coffee,Portugal,2022-01-01,5.2,2022
Coffee,Portugal,2022-02-01,5.2,2022
Coffee,Portugal,2022-03-01,7.5,2022
Coffee,Portugal,2022-04-01,7.3,2022
Coffee,Portugal,2022-05-01,5.4,2022
Coffee,Portugal,2022-06-01,8.2,2022
Coffee,Portugal,2022-07-01,8.6,2022
Coffee,Portugal,2022-08-01,10.5,2022
Coffee,Portugal,2022-09-01,13.4,2022
Coffee,Portugal,2022-10-01,11.5,2022
Coffee,Portugal,2022-11-01,9.1,2022
Coffee,Portugal,2022-12-01,8.5,2022
Coffee,Portugal,2023-01-01,6.9,2023
Coffee,Portugal,2023-02-01,10.5,2023
Coffee,Portugal,2023-03-01,8.4,2023
Coffee,Portugal,2023-04-01,8.4,2023
Coffee,Portugal,2023-05-01,11.9,2023
Coffee,Portugal,2023-06-01,10.1,2023
Coffee,Portugal,2023-07-01,9.5,2023
Coffee,Portugal,2023-08-01,8.6,2023
Coffee,Portugal,2023-09-01,6.4,2023
Coffee,Portugal,2023-10-01,6.7,2023
Coffee,Portugal,2023-11-01,7.9,2023
Coffee,Portugal,2023-12-01,5.2,2023
Coffee,Portugal,2024-01-01,5.9,2024
Coffee,Portugal,2024-02-01,1.2,2024
Coffee,Portugal,2024-03-01,3.0,2024
Coffee,Portugal,2024-04-01,6.3,2024
Coffee,Portugal,2024-05-01,2.6,2024
Coffee,Portugal,2024-06-01,1.5,2024
Coffee,Portugal,2024-07-01,0.4,2024
Coffee,Portugal,2024-08-01,1.7,2024
Coffee,Portugal,2024-09-01,2.6,2024
Coffee,Portugal,2024-10-01,0.3,2024
Coffee,Portugal,2024-11-01,3.3,2024
Coffee,Portugal,2024-12-01,6.2,2024
Coffee,Portugal,2025-01-01,8.7,2025
Coffee,Portugal,2025-02-01,9.1,2025
Coffee,Portugal,2025-03-01,7.3,2025
Coffee,Portugal,2025-04-01,5.9,2025
Coffee,Portugal,2025-05-01,8.9,2025
Coffee,Portugal,2025-06-01,10.9,2025
Coffee,Portugal,2025-07-01,14.3,2025
Coffee,Portugal,2025-08-01,10.6,2025
Coffee,Portugal,2025-09-01,9.9,2025
Coffee,Portugal,2025-10-01,10.3,2025
Coffee,Portugal,2025-11-01,10.5,2025
Coffee,Portugal,2025-12-01,6.3,2025
Wine from grapes,Germany,2019-01-01,2.5,2019
Wine from grapes,Germany,2019-02-01,2.1,2019
Wine from grapes,Germany,2019-03-01,1.0,2019
Wine from grapes,Germany,2019-04-01,0.0,2019
Wine from grapes,Germany,2019-05-01,0.6,2019
Wine from grapes,Germany,2019-06-01,-0.3,2019
Wine from grapes,Germany,2019-07-01,-0.3,2019
Wine from grapes,Germany,2019-08-01,0.0,2019
Wine from grapes,Germany,2019-09-01,-0.6,2019
Wine from grapes,Germany,2019-10-01,-0.4,2019
Wine from grapes,Germany,2019-11-01,-0.1,2019
Wine from grapes,Germany,2019-12-01,-0.4,2019
Wine from grapes,Germany,2020-01-01,-0.2,2020
Wine from grapes,Germany,2020-02-01,-0.1,2020
Wine from grapes,Germany,2020-03-01,0.1,2020
Wine from grapes,Germany,2020-04-01,1.0,2020
Wine from grapes,Germany,2020-05-01,1.0,2020
Wine from grapes,Germany,2020-06-01,1.2,2020
Wine from grapes,Germany,2020-07-01,-1.3,2020
Wine from grapes,Germany,2020-08-01,-1.3,2020
Wine from grapes,Germany,2020-09-01,-0.9,2020
Wine from grapes,Germany,2020-10-01,-1.2,2020
Wine from grapes,Germany,2020-11-01,-1.1,2020
Wine from grapes,Germany,2020-12-01,-1.0,2020
Wine from grapes,Germany,2021-01-01,0.7,2021
Wine from grapes,Germany,2021-02-01,1.0,2021
Wine from grapes,Germany,2021-03-01,1.5,2021
Wine from grapes,Germany,2021-04-01,1.5,2021
Wine from grapes,Germany,2021-05-01,0.8,2021
Wine from grapes,Germany,2021-06-01,0.9,2021
Wine from grapes,Germany,2021-07-01,3.1,2021
Wine from grapes,Germany,2021-08-01,3.3,2021
Wine from grapes,Germany,2021-09-01,3.1,2021
Wine from grapes,Germany,2021-10-01,3.1,2021
Wine from grapes,Germany,2021-11-01,2.8,2021
Wine from grapes,Germany,2021-12-01,3.5,2021
Wine from grapes,Germany,2022-01-01,0.9,2022
Wine from grapes,Germany,2022-02-01,0.6,2022
Wine from grapes,Germany,2022-03-01,0.9,2022
Wine from grapes,Germany,2022-04-01,2.0,2022
Wine from grapes,Germany,2022-05-01,3.5,2022
Wine from grapes,Germany,2022-06-01,4.4,2022
Wine from grapes,Germany,2022-07-01,6.4,2022
Wine from grapes,Germany,2022-08-01,7.1,2022
Wine from grapes,Germany,2022-09-01,7.5,2022
Wine from grapes,Germany,2022-10-01,7.7,2022
Wine from grapes,Germany,2022-11-01,8.4,2022
Wine from grapes,Germany,2022-12-01,8.2,2022
Wine from grapes,Germany,2023-01-01,9.2,2023
Wine from grapes,Germany,2023-02-01,9.2,2023
Wine from grapes,Germany,2023-03-01,10.6,2023
Wine from grapes,Germany,2023-04-01,10.4,2023
Wine from grapes,Germany,2023-05-01,9.7,2023
Wine from grapes,Germany,2023-06-01,10.3,2023
Wine from grapes,Germany,2023-07-01,8.5,2023
Wine from grapes,Germany,2023-08-01,8.4,2023
Wine from grapes,Germany,2023-09-01,7.7,2023
Wine from grapes,Germany,2023-10-01,7.7,2023
Wine from grapes,Germany,2023-11-01,7.0,2023
Wine from grapes,Germany,2023-12-01,5.6,2023
Wine from grapes,Germany,2024-01-01,5.7,2024
Wine from grapes,Germany,2024-02-01,5.6,2024
Wine from grapes,Germany,2024-03-01,3.6,2024
Wine from grapes,Germany,2024-04-01,3.6,2024
Wine from grapes,Germany,2024-05-01,1.6,2024
Wine from grapes,Germany,2024-06-01,1.2,2024
Wine from grapes,Germany,2024-07-01,1.0,2024
Wine from grapes,Germany,2024-08-01,-0.1,2024
Wine from grapes,Germany,2024-09-01,0.2,2024
Wine from grapes,Germany,2024-10-01,0.5,2024
Wine from grapes,Germany,2024-11-01,0.7,2024
Wine from grapes,Germany,2024-12-01,1.0,2024
Wine from grapes,Germany,2025-01-01,0.6,2025
Wine from grapes,Germany,2025-02-01,-0.1,2025
Wine from grapes,Germany,2025-03-01,-0.4,2025
Wine from grapes,Germany,2025-04-01,-1.4,2025
Wine from grapes,Germany,2025-05-01,1.0,2025
Wine from grapes,Germany,2025-06-01,-0.2,2025
Wine from grapes,Germany,2025-07-01,-0.1,2025
Wine from grapes,Germany,2025-08-01,0.2,2025
Wine from grapes,Germany,2025-09-01,0.1,2025
Wine from grapes,Germany,2025-10-01,-0.1,2025
Wine from grapes,Germany,2025-11-01,-0.2,2025
Wine from grapes,Germany,2025-12-01,-0.3,2025
Wine from grapes,"Euro area (EA11-1999, EA12-2001, EA13-2007, EA15-2008, EA16-2009, EA17-2011, EA18-2014, EA19-2015, EA20-2023, EA21-2026)",2019-01-01,2.4,2019
Wine from grapes,"Euro area (EA11-1999, EA12-2001, EA13-2007, EA15-2008, EA16-2009, EA17-2011, EA18-2014, EA19-2015, EA20-2023, EA21-2026)",2019-02-01,2.1,2019
Wine from grapes,"Euro area (EA11-1999, EA12-2001, EA13-2007, EA15-2008, EA16-2009, EA17-2011, EA18-2014, EA19-2015, EA20-2023, EA21-2026)",2019-03-01,1.9,2019
Wine from grapes,"Euro area (EA11-1999, EA12-2001, EA13-2007, EA15-2008, EA16-2009, EA17-2011, EA18-2014, EA19-2015, EA20-2023, EA21-2026)",2019-04-01,0.9,2019
Wine from grapes,"Euro area (EA11-1999, EA12-2001, EA13-2007, EA15-2008, EA16-2009, EA17-2011, EA18-2014, EA19-2015, EA20-2023, EA21-2026)",2019-05-01,0.9,2019
Wine from grapes,"Euro area (EA11-1999, EA12-2001, EA13-2007, EA15-2008, EA16-2009, EA17-2011, EA18-2014, EA19-2015, EA20-2023, EA21-2026)",2019-06-01,0.5,2019
Wine from grapes,"Euro area (EA11-1999, EA12-2001, EA13-2007, EA15-2008, EA16-2009, EA17-2011, EA18-2014, EA19-2015, EA20-2023, EA21-2026)",2019-07-01,0.3,2019
Wine from grapes,"Euro area (EA11-1999, EA12-2001, EA13-2007, EA15-2008, EA16-2009, EA17-2011, EA18-2014, EA19-2015, EA20-2023, EA21-2026)",2019-08-01,0.3,2019
Wine from grapes,"Euro area (EA11-1999, EA12-2001, EA13-2007, EA15-2008, EA16-2009, EA17-2011, EA18-2014, EA19-2015, EA20-2023, EA21-2026)",2019-09-01,0.0,2019
Wine from grapes,"Euro area (EA11-1999, EA12-2001, EA13-2007, EA15-2008, EA16-2009, EA17-2011, EA18-2014, EA19-2015, EA20-2023, EA21-2026)",2019-10-01,0.0,2019
Wine from grapes,"Euro area (EA11-1999, EA12-2001, EA13-2007, EA15-2008, EA16-2009, EA17-2011, EA18-2014, EA19-2015, EA20-2023, EA21-2026)",2019-11-01,-0.1,2019
Wine from grapes,"Euro area (EA11-1999, EA12-2001, EA13-2007, EA15-2008, EA16-2009, EA17-2011, EA18-2014, EA19-2015, EA20-2023, EA21-2026)",2019-12-01,-0.1,2019
Wine from grapes,"Euro area (EA11-1999, EA12-2001, EA13-2007, EA15-2008, EA16-2009, EA17-2011, EA18-2014, EA19-2015, EA20-2023, EA21-2026)",2020-01-01,0.7,2020
Wine from grapes,"Euro area (EA11-1999, EA12-2001, EA13-2007, EA15-2008, EA16-2009, EA17-2011, EA18-2014, EA19-2015, EA20-2023, EA21-2026)",2020-02-01,0.5,2020
Wine from grapes,"Euro area (EA11-1999, EA12-2001, EA13-2007, EA15-2008, EA16-2009, EA17-2011, EA18-2014, EA19-2015, EA20-2023, EA21-2026)",2020-03-01,0.8,2020
Wine from grapes,"Euro area (EA11-1999, EA12-2001, EA13-2007, EA15-2008, EA16-2009, EA17-2011, EA18-2014, EA19-2015, EA20-2023, EA21-2026)",2020-04-01,1.0,2020
Wine from grapes,"Euro area (EA11-1999, EA12-2001, EA13-2007, EA15-2008, EA16-2009, EA17-2011, EA18-2014, EA19-2015, EA20-2023, EA21-2026)",2020-05-01,0.8,2020
Wine from grapes,"Euro area (EA11-1999, EA12-2001, EA13-2007, EA15-2008, EA16-2009, EA17-2011, EA18-2014, EA19-2015, EA20-2023, EA21-2026)",2020-06-01,0.9,2020
Wine from grapes,"Euro area (EA11-1999, EA12-2001, EA13-2007, EA15-2008, EA16-2009, EA17-2011, EA18-2014, EA19-2015, EA20-2023, EA21-2026)",2020-07-01,-0.3,2020
Wine from grapes,"Euro area (EA11-1999, EA12-2001, EA13-2007, EA15-2008, EA16-2009, EA17-2011, EA18-2014, EA19-2015, EA20-2023, EA21-2026)",2020-08-01,0.0,2020
Wine from grapes,"Euro area (EA11-1999, EA12-2001, EA13-2007, EA15-2008, EA16-2009, EA17-2011, EA18-2014, EA19-2015, EA20-2023, EA21-2026)",2020-09-01,-0.2,2020
Wine from grapes,"Euro area (EA11-1999, EA12-2001, EA13-2007, EA15-2008, EA16-2009, EA17-2011, EA18-2014, EA19-2015, EA20-2023, EA21-2026)",2020-10-01,-0.3,2020
Wine from grapes,"Euro area (EA11-1999, EA12-2001, EA13-2007, EA15-2008, EA16-2009, EA17-2011, EA18-2014, EA19-2015, EA20-2023, EA21-2026)",2020-11-01,-0.2,2020
Wine from grapes,"Euro area (EA11-1999, EA12-2001, EA13-2007, EA15-2008, EA16-2009, EA17-2011, EA18-2014, EA19-2015, EA20-2023, EA21-2026)",2020-12-01,-0.3,2020
Wine from grapes,"Euro area (EA11-1999, EA12-2001, EA13-2007, EA15-2008, EA16-2009, EA17-2011, EA18-2014, EA19-2015, EA20-2023, EA21-2026)",2021-01-01,0.1,2021
Wine from grapes,"Euro area (EA11-1999, EA12-2001, EA13-2007, EA15-2008, EA16-2009, EA17-2011, EA18-2014, EA19-2015, EA20-2023, EA21-2026)",2021-02-01,0.1,2021
Wine from grapes,"Euro area (EA11-1999, EA12-2001, EA13-2007, EA15-2008, EA16-2009, EA17-2011, EA18-2014, EA19-2015, EA20-2023, EA21-2026)",2021-03-01,-0.1,2021
Wine from grapes,"Euro area (EA11-1999, EA12-2001, EA13-2007, EA15-2008, EA16-2009, EA17-2011, EA18-2014, EA19-2015, EA20-2023, EA21-2026)",2021-04-01,0.3,2021
Wine from grapes,"Euro area (EA11-1999, EA12-2001, EA13-2007, EA15-2008, EA16-2009, EA17-2011, EA18-2014, EA19-2015, EA20-2023, EA21-2026)",2021-05-01,0.0,2021
Wine from grapes,"Euro area (EA11-1999, EA12-2001, EA13-2007, EA15-2008, EA16-2009, EA17-2011, EA18-2014, EA19-2015, EA20-2023, EA21-2026)",2021-06-01,-0.3,2021
Wine from grapes,"Euro area (EA11-1999, EA12-2001, EA13-2007, EA15-2008, EA16-2009, EA17-2011, EA18-2014, EA19-2015, EA20-2023, EA21-2026)",2021-07-01,0.7,2021
Wine from grapes,"Euro area (EA11-1999, EA12-2001, EA13-2007, EA15-2008, EA16-2009, EA17-2011, EA18-2014, EA19-2015, EA20-2023, EA21-2026)",2021-08-01,0.7,2021
Wine from grapes,"Euro area (EA11-1999, EA12-2001, EA13-2007, EA15-2008, EA16-2009, EA17-2011, EA18-2014, EA19-2015, EA20-2023, EA21-2026)",2021-09-01,0.9,2021
Wine from grapes,"Euro area (EA11-1999, EA12-2001, EA13-2007, EA15-2008, EA16-2009, EA17-2011, EA18-2014, EA19-2015, EA20-2023, EA21-2026)",2021-10-01,1.0,2021
Wine from grapes,"Euro area (EA11-1999, EA12-2001, EA13-2007, EA15-2008, EA16-2009, EA17-2011, EA18-2014, EA19-2015, EA20-2023, EA21-2026)",2021-11-01,0.8,2021
Wine from grapes,"Euro area (EA11-1999, EA12-2001, EA13-2007, EA15-2008, EA16-2009, EA17-2011, EA18-2014, EA19-2015, EA20-2023, EA21-2026)",2021-12-01,1.1,2021
Wine from grapes,"Euro area (EA11-1999, EA12-2001, EA13-2007, EA15-2008, EA16-2009, EA17-2011, EA18-2014, EA19-2015, EA20-2023, EA21-2026)",2022-01-01,0.7,2022
Wine from grapes,"Euro area (EA11-1999, EA12-2001, EA13-2007, EA15-2008, EA16-2009, EA17-2011, EA18-2014, EA19-2015, EA20-2023, EA21-2026)",2022-02-01,0.9,2022
Wine from grapes,"Euro area (EA11-1999, EA12-2001, EA13-2007, EA15-2008, EA16-2009, EA17-2011, EA18-2014, EA19-2015, EA20-2023, EA21-2026)",2022-03-01,1.8,2022
Wine from grapes,"Euro area (EA11-1999, EA12-2001, EA13-2007, EA15-2008, EA16-2009, EA17-2011, EA18-2014, EA19-2015, EA20-2023, EA21-2026)",2022-04-01,1.9,2022
Wine from grapes,"Euro area (EA11-1999, EA12-2001, EA13-2007, EA15-2008, EA16-2009, EA17-2011, EA18-2014, EA19-2015, EA20-2023, EA21-2026)",2022-05-01,3.5,2022
Wine from grapes,"Euro area (EA11-1999, EA12-2001, EA13-2007, EA15-2008, EA16-2009, EA17-2011, EA18-2014, EA19-2015, EA20-2023, EA21-2026)",2022-06-01,4.5,2022
Wine from grapes,"Euro area (EA11-1999, EA12-2001, EA13-2007, EA15-2008, EA16-2009, EA17-2011, EA18-2014, EA19-2015, EA20-2023, EA21-2026)",2022-07-01,5.3,2022
Wine from grapes,"Euro area (EA11-1999, EA12-2001, EA13-2007, EA15-2008, EA16-2009, EA17-2011, EA18-2014, EA19-2015, EA20-2023, EA21-2026)",2022-08-01,6.0,2022
Wine from grapes,"Euro area (EA11-1999, EA12-2001, EA13-2007, EA15-2008, EA16-2009, EA17-2011, EA18-2014, EA19-2015, EA20-2023, EA21-2026)",2022-09-01,6.1,2022
Wine from grapes,"Euro area (EA11-1999, EA12-2001, EA13-2007, EA15-2008, EA16-2009, EA17-2011, EA18-2014, EA19-2015, EA20-2023, EA21-2026)",2022-10-01,6.5,2022
Wine from grapes,"Euro area (EA11-1999, EA12-2001, EA13-2007, EA15-2008, EA16-2009, EA17-2011, EA18-2014, EA19-2015, EA20-2023, EA21-2026)",2022-11-01,7.0,2022
Wine from grapes,"Euro area (EA11-1999, EA12-2001, EA13-2007, EA15-2008, EA16-2009, EA17-2011, EA18-2014, EA19-2015, EA20-2023, EA21-2026)",2022-12-01,7.3,2022
Wine from grapes,"Euro area (EA11-1999, EA12-2001, EA13-2007, EA15-2008, EA16-2009, EA17-2011, EA18-2014, EA19-2015, EA20-2023, EA21-2026)",2023-01-01,7.5,2023
Wine from grapes,"Euro area (EA11-1999, EA12-2001, EA13-2007, EA15-2008, EA16-2009, EA17-2011, EA18-2014, EA19-2015, EA20-2023, EA21-2026)",2023-02-01,8.0,2023
Wine from grapes,"Euro area (EA11-1999, EA12-2001, EA13-2007, EA15-2008, EA16-2009, EA17-2011, EA18-2014, EA19-2015, EA20-2023, EA21-2026)",2023-03-01,8.0,2023
Wine from grapes,"Euro area (EA11-1999, EA12-2001, EA13-2007, EA15-2008, EA16-2009, EA17-2011, EA18-2014, EA19-2015, EA20-2023, EA21-2026)",2023-04-01,8.1,2023
Wine from grapes,"Euro area (EA11-1999, EA12-2001, EA13-2007, EA15-2008, EA16-2009, EA17-2011, EA18-2014, EA19-2015, EA20-2023, EA21-2026)",2023-05-01,7.1,2023
Wine from grapes,"Euro area (EA11-1999, EA12-2001, EA13-2007, EA15-2008, EA16-2009, EA17-2011, EA18-2014, EA19-2015, EA20-2023, EA21-2026)",2023-06-01,7.4,2023
Wine from grapes,"Euro area (EA11-1999, EA12-2001, EA13-2007, EA15-2008, EA16-2009, EA17-2011, EA18-2014, EA19-2015, EA20-2023, EA21-2026)",2023-07-01,6.5,2023
Wine from grapes,"Euro area (EA11-1999, EA12-2001, EA13-2007, EA15-2008, EA16-2009, EA17-2011, EA18-2014, EA19-2015, EA20-2023, EA21-2026)",2023-08-01,6.0,2023
Wine from grapes,"Euro area (EA11-1999, EA12-2001, EA13-2007, EA15-2008, EA16-2009, EA17-2011, EA18-2014, EA19-2015, EA20-2023, EA21-2026)",2023-09-01,5.8,2023
Wine from grapes,"Euro area (EA11-1999, EA12-2001, EA13-2007, EA15-2008, EA16-2009, EA17-2011, EA18-2014, EA19-2015, EA20-2023, EA21-2026)",2023-10-01,5.2,2023
Wine from grapes,"Euro area (EA11-1999, EA12-2001, EA13-2007, EA15-2008, EA16-2009, EA17-2011, EA18-2014, EA19-2015, EA20-2023, EA21-2026)",2023-11-01,4.9,2023
Wine from grapes,"Euro area (EA11-1999, EA12-2001, EA13-2007, EA15-2008, EA16-2009, EA17-2011, EA18-2014, EA19-2015, EA20-2023, EA21-2026)",2023-12-01,4.2,2023
Wine from grapes,"Euro area (EA11-1999, EA12-2001, EA13-2007, EA15-2008, EA16-2009, EA17-2011, EA18-2014, EA19-2015, EA20-2023, EA21-2026)",2024-01-01,4.0,2024
Wine from grapes,"Euro area (EA11-1999, EA12-2001, EA13-2007, EA15-2008, EA16-2009, EA17-2011, EA18-2014, EA19-2015, EA20-2023, EA21-2026)",2024-02-01,3.6,2024
Wine from grapes,"Euro area (EA11-1999, EA12-2001, EA13-2007, EA15-2008, EA16-2009, EA17-2011, EA18-2014, EA19-2015, EA20-2023, EA21-2026)",2024-03-01,2.2,2024
Wine from grapes,"Euro area (EA11-1999, EA12-2001, EA13-2007, EA15-2008, EA16-2009, EA17-2011, EA18-2014, EA19-2015, EA20-2023, EA21-2026)",2024-04-01,2.7,2024
Wine from grapes,"Euro area (EA11-1999, EA12-2001, EA13-2007, EA15-2008, EA16-2009, EA17-2011, EA18-2014, EA19-2015, EA20-2023, EA21-2026)",2024-05-01,1.9,2024
Wine from grapes,"Euro area (EA11-1999, EA12-2001, EA13-2007, EA15-2008, EA16-2009, EA17-2011, EA18-2014, EA19-2015, EA20-2023, EA21-2026)",2024-06-01,1.1,2024
Wine from grapes,"Euro area (EA11-1999, EA12-2001, EA13-2007, EA15-2008, EA16-2009, EA17-2011, EA18-2014, EA19-2015, EA20-2023, EA21-2026)",2024-07-01,1.0,2024
Wine from grapes,"Euro area (EA11-1999, EA12-2001, EA13-2007, EA15-2008, EA16-2009, EA17-2011, EA18-2014, EA19-2015, EA20-2023, EA21-2026)",2024-08-01,0.8,2024
Wine from grapes,"Euro area (EA11-1999, EA12-2001, EA13-2007, EA15-2008, EA16-2009, EA17-2011, EA18-2014, EA19-2015, EA20-2023, EA21-2026)",2024-09-01,0.9,2024
Wine from grapes,"Euro area (EA11-1999, EA12-2001, EA13-2007, EA15-2008, EA16-2009, EA17-2011, EA18-2014, EA19-2015, EA20-2023, EA21-2026)",2024-10-01,1.2,2024
Wine from grapes,"Euro area (EA11-1999, EA12-2001, EA13-2007, EA15-2008, EA16-2009, EA17-2011, EA18-2014, EA19-2015, EA20-2023, EA21-2026)",2024-11-01,1.0,2024
Wine from grapes,"Euro area (EA11-1999, EA12-2001, EA13-2007, EA15-2008, EA16-2009, EA17-2011, EA18-2014, EA19-2015, EA20-2023, EA21-2026)",2024-12-01,1.0,2024
Wine from grapes,"Euro area (EA11-1999, EA12-2001, EA13-2007, EA15-2008, EA16-2009, EA17-2011, EA18-2014, EA19-2015, EA20-2023, EA21-2026)",2025-01-01,1.0,2025
Wine from grapes,"Euro area (EA11-1999, EA12-2001, EA13-2007, EA15-2008, EA16-2009, EA17-2011, EA18-2014, EA19-2015, EA20-2023, EA21-2026)",2025-02-01,0.4,2025
Wine from grapes,"Euro area (EA11-1999, EA12-2001, EA13-2007, EA15-2008, EA16-2009, EA17-2011, EA18-2014, EA19-2015, EA20-2023, EA21-2026)",2025-03-01,1.0,2025
Wine from grapes,"Euro area (EA11-1999, EA12-2001, EA13-2007, EA15-2008, EA16-2009, EA17-2011, EA18-2014, EA19-2015, EA20-2023, EA21-2026)",2025-04-01,-0.6,2025
Wine from grapes,"Euro area (EA11-1999, EA12-2001, EA13-2007, EA15-2008, EA16-2009, EA17-2011, EA18-2014, EA19-2015, EA20-2023, EA21-2026)",2025-05-01,0.5,2025
Wine from grapes,"Euro area (EA11-1999, EA12-2001, EA13-2007, EA15-2008, EA16-2009, EA17-2011, EA18-2014, EA19-2015, EA20-2023, EA21-2026)",2025-06-01,0.3,2025
Wine from grapes,"Euro area (EA11-1999, EA12-2001, EA13-2007, EA15-2008, EA16-2009, EA17-2011, EA18-2014, EA19-2015, EA20-2023, EA21-2026)",2025-07-01,0.5,2025
Wine from grapes,"Euro area (EA11-1999, EA12-2001, EA13-2007, EA15-2008, EA16-2009, EA17-2011, EA18-2014, EA19-2015, EA20-2023, EA21-2026)",2025-08-01,0.5,2025
Wine from grapes,"Euro area (EA11-1999, EA12-2001, EA13-2007, EA15-2008, EA16-2009, EA17-2011, EA18-2014, EA19-2015, EA20-2023, EA21-2026)",2025-09-01,0.2,2025
Wine from grapes,"Euro area (EA11-1999, EA12-2001, EA13-2007, EA15-2008, EA16-2009, EA17-2011, EA18-2014, EA19-2015, EA20-2023, EA21-2026)",2025-10-01,0.4,2025
Wine from grapes,"Euro area (EA11-1999, EA12-2001, EA13-2007, EA15-2008, EA16-2009, EA17-2011, EA18-2014, EA19-2015, EA20-2023, EA21-2026)",2025-11-01,0.3,2025
Wine from grapes,"Euro area (EA11-1999, EA12-2001, EA13-2007, EA15-2008, EA16-2009, EA17-2011, EA18-2014, EA19-2015, EA20-2023, EA21-2026)",2025-12-01,0.1,2025
Wine from grapes,Spain,2019-01-01,6.5,2019
Wine from grapes,Spain,2019-02-01,4.2,2019
Wine from grapes,Spain,2019-03-01,2.3,2019
Wine from grapes,Spain,2019-04-01,0.6,2019
Wine from grapes,Spain,2019-05-01,-0.3,2019
Wine from grapes,Spain,2019-06-01,-0.7,2019
Wine from grapes,Spain,2019-07-01,-1.0,2019
Wine from grapes,Spain,2019-08-01,-1.0,2019
Wine from grapes,Spain,2019-09-01,-1.1,2019
Wine from grapes,Spain,2019-10-01,-1.0,2019
Wine from grapes,Spain,2019-11-01,-1.5,2019
Wine from grapes,Spain,2019-12-01,-1.3,2019
Wine from grapes,Spain,2020-01-01,-0.5,2020
Wine from grapes,Spain,2020-02-01,0.2,2020
Wine from grapes,Spain,2020-03-01,0.1,2020
Wine from grapes,Spain,2020-04-01,0.5,2020
Wine from grapes,Spain,2020-05-01,0.5,2020
Wine from grapes,Spain,2020-06-01,0.0,2020
Wine from grapes,Spain,2020-07-01,0.0,2020
Wine from grapes,Spain,2020-08-01,-0.4,2020
Wine from grapes,Spain,2020-09-01,0.1,2020
Wine from grapes,Spain,2020-10-01,-0.7,2020
Wine from grapes,Spain,2020-11-01,-0.5,2020
Wine from grapes,Spain,2020-12-01,-1.2,2020
Wine from grapes,Spain,2021-01-01,-1.4,2021
Wine from grapes,Spain,2021-02-01,-2.2,2021
Wine from grapes,Spain,2021-03-01,-2.3,2021
Wine from grapes,Spain,2021-04-01,-2.5,2021
Wine from grapes,Spain,2021-05-01,-2.6,2021
Wine from grapes,Spain,2021-06-01,-2.6,2021
Wine from grapes,Spain,2021-07-01,-2.6,2021
Wine from grapes,Spain,2021-08-01,-2.1,2021
Wine from grapes,Spain,2021-09-01,-2.2,2021
Wine from grapes,Spain,2021-10-01,-2.1,2021
Wine from grapes,Spain,2021-11-01,-2.1,2021
Wine from grapes,Spain,2021-12-01,-0.3,2021
Wine from grapes,Spain,2022-01-01,-0.7,2022
Wine from grapes,Spain,2022-02-01,2.6,2022
Wine from grapes,Spain,2022-03-01,5.1,2022
Wine from grapes,Spain,2022-04-01,6.1,2022
Wine from grapes,Spain,2022-05-01,6.7,2022
Wine from grapes,Spain,2022-06-01,7.6,2022
Wine from grapes,Spain,2022-07-01,8.1,2022
Wine from grapes,Spain,2022-08-01,8.0,2022
Wine from grapes,Spain,2022-09-01,8.2,2022
Wine from grapes,Spain,2022-10-01,8.3,2022
Wine from grapes,Spain,2022-11-01,9.0,2022
Wine from grapes,Spain,2022-12-01,8.5,2022
Wine from grapes,Spain,2023-01-01,9.0,2023
Wine from grapes,Spain,2023-02-01,8.0,2023
Wine from grapes,Spain,2023-03-01,6.9,2023
Wine from grapes,Spain,2023-04-01,6.2,2023
Wine from grapes,Spain,2023-05-01,5.9,2023
Wine from grapes,Spain,2023-06-01,5.3,2023
Wine from grapes,Spain,2023-07-01,4.9,2023
Wine from grapes,Spain,2023-08-01,4.8,2023
Wine from grapes,Spain,2023-09-01,5.0,2023
Wine from grapes,Spain,2023-10-01,5.0,2023
Wine from grapes,Spain,2023-11-01,4.9,2023
Wine from grapes,Spain,2023-12-01,3.4,2023
Wine from grapes,Spain,2024-01-01,4.1,2024
Wine from grapes,Spain,2024-02-01,3.2,2024
Wine from grapes,Spain,2024-03-01,1.6,2024
Wine from grapes,Spain,2024-04-01,1.9,2024
Wine from grapes,Spain,2024-05-01,1.9,2024
Wine from grapes,Spain,2024-06-01,1.3,2024
Wine from grapes,Spain,2024-07-01,1.5,2024
Wine from grapes,Spain,2024-08-01,1.4,2024
Wine from grapes,Spain,2024-09-01,1.9,2024
Wine from grapes,Spain,2024-10-01,1.5,2024
Wine from grapes,Spain,2024-11-01,1.9,2024
Wine from grapes,Spain,2024-12-01,2.3,2024
Wine from grapes,Spain,2025-01-01,1.4,2025
Wine from grapes,Spain,2025-02-01,1.4,2025
Wine from grapes,Spain,2025-03-01,1.9,2025
Wine from grapes,Spain,2025-04-01,1.1,2025
Wine from grapes,Spain,2025-05-01,1.1,2025
Wine from grapes,Spain,2025-06-01,1.7,2025
Wine from grapes,Spain,2025-07-01,1.1,2025
Wine from grapes,Spain,2025-08-01,1.2,2025
Wine from grapes,Spain,2025-09-01,0.6,2025
Wine from grapes,Spain,2025-10-01,0.6,2025
Wine from grapes,Spain,2025-11-01,0.3,2025
Wine from grapes,Spain,2025-12-01,0.2,2025
Wine from grapes,France,2019-01-01,3.0,2019
Wine from grapes,France,2019-02-01,2.9,2019
Wine from grapes,France,2019-03-01,2.7,2019
Wine from grapes,France,2019-04-01,2.5,2019
Wine from grapes,France,2019-05-01,2.1,2019
Wine from grapes,France,2019-06-01,2.1,2019
Wine from grapes,France,2019-07-01,2.0,2019
Wine from grapes,France,2019-08-01,1.6,2019
Wine from grapes,France,2019-09-01,1.1,2019
Wine from grapes,France,2019-10-01,0.9,2019
Wine from grapes,France,2019-11-01,0.8,2019
Wine from grapes,France,2019-12-01,0.8,2019
Wine from grapes,France,2020-01-01,1.2,2020
Wine from grapes,France,2020-02-01,1.5,2020
Wine from grapes,France,2020-03-01,1.3,2020
Wine from grapes,France,2020-04-01,0.0,2020
Wine from grapes,France,2020-05-01,0.2,2020
Wine from grapes,France,2020-06-01,1.3,2020
Wine from grapes,France,2020-07-01,1.3,2020
Wine from grapes,France,2020-08-01,1.5,2020
Wine from grapes,France,2020-09-01,1.4,2020
Wine from grapes,France,2020-10-01,0.9,2020
Wine from grapes,France,2020-11-01,1.3,2020
Wine from grapes,France,2020-12-01,0.8,2020
Wine from grapes,France,2021-01-01,1.2,2021
Wine from grapes,France,2021-02-01,0.8,2021
Wine from grapes,France,2021-03-01,0.8,2021
Wine from grapes,France,2021-04-01,2.0,2021
Wine from grapes,France,2021-05-01,1.8,2021
Wine from grapes,France,2021-06-01,0.6,2021
Wine from grapes,France,2021-07-01,0.5,2021
Wine from grapes,France,2021-08-01,0.6,2021
Wine from grapes,France,2021-09-01,0.5,2021
Wine from grapes,France,2021-10-01,0.7,2021
Wine from grapes,France,2021-11-01,1.1,2021
Wine from grapes,France,2021-12-01,1.0,2021
Wine from grapes,France,2022-01-01,1.0,2022
Wine from grapes,France,2022-02-01,1.3,2022
Wine from grapes,France,2022-03-01,2.3,2022
Wine from grapes,France,2022-04-01,2.7,2022
Wine from grapes,France,2022-05-01,3.7,2022
Wine from grapes,France,2022-06-01,4.3,2022
Wine from grapes,France,2022-07-01,5.0,2022
Wine from grapes,France,2022-08-01,5.5,2022
Wine from grapes,France,2022-09-01,5.9,2022
Wine from grapes,France,2022-10-01,6.8,2022
Wine from grapes,France,2022-11-01,7.2,2022
Wine from grapes,France,2022-12-01,7.5,2022
Wine from grapes,France,2023-01-01,8.2,2023
Wine from grapes,France,2023-02-01,8.8,2023
Wine from grapes,France,2023-03-01,8.3,2023
Wine from grapes,France,2023-04-01,8.5,2023
Wine from grapes,France,2023-05-01,8.0,2023
Wine from grapes,France,2023-06-01,8.2,2023
Wine from grapes,France,2023-07-01,7.4,2023
Wine from grapes,France,2023-08-01,7.1,2023
Wine from grapes,France,2023-09-01,6.7,2023
Wine from grapes,France,2023-10-01,5.9,2023
Wine from grapes,France,2023-11-01,5.1,2023
Wine from grapes,France,2023-12-01,5.0,2023
Wine from grapes,France,2024-01-01,4.3,2024
Wine from grapes,France,2024-02-01,3.5,2024
Wine from grapes,France,2024-03-01,3.0,2024
Wine from grapes,France,2024-04-01,2.5,2024
Wine from grapes,France,2024-05-01,2.3,2024
Wine from grapes,France,2024-06-01,1.6,2024
Wine from grapes,France,2024-07-01,1.6,2024
Wine from grapes,France,2024-08-01,1.4,2024
Wine from grapes,France,2024-09-01,1.5,2024
Wine from grapes,France,2024-10-01,1.1,2024
Wine from grapes,France,2024-11-01,1.1,2024
Wine from grapes,France,2024-12-01,0.9,2024
Wine from grapes,France,2025-01-01,0.6,2025
Wine from grapes,France,2025-02-01,0.8,2025
Wine from grapes,France,2025-03-01,0.7,2025
Wine from grapes,France,2025-04-01,0.3,2025
Wine from grapes,France,2025-05-01,0.1,2025
Wine from grapes,France,2025-06-01,0.1,2025
Wine from grapes,France,2025-07-01,0.1,2025
Wine from grapes,France,2025-08-01,0.1,2025
Wine from grapes,France,2025-09-01,0.0,2025
Wine from grapes,France,2025-10-01,0.2,2025
Wine from grapes,France,2025-11-01,0.2,2025
Wine from grapes,France,2025-12-01,0.3,2025
Wine from grapes,Italy,2019-01-01,1.3,2019
Wine from grapes,Italy,2019-02-01,1.8,2019
Wine from grapes,Italy,2019-03-01,2.4,2019
Wine from grapes,Italy,2019-04-01,0.0,2019
Wine from grapes,Italy,2019-05-01,0.1,2019
Wine from grapes,Italy,2019-06-01,-0.1,2019
Wine from grapes,Italy,2019-07-01,-0.7,2019
Wine from grapes,Italy,2019-08-01,-1.0,2019
Wine from grapes,Italy,2019-09-01,-1.1,2019
Wine from grapes,Italy,2019-10-01,-1.1,2019
Wine from grapes,Italy,2019-11-01,-1.2,2019
Wine from grapes,Italy,2019-12-01,-0.3,2019
Wine from grapes,Italy,2020-01-01,1.6,2020
Wine from grapes,Italy,2020-02-01,0.4,2020
Wine from grapes,Italy,2020-03-01,0.9,2020
Wine from grapes,Italy,2020-04-01,1.3,2020
Wine from grapes,Italy,2020-05-01,1.2,2020
Wine from grapes,Italy,2020-06-01,0.4,2020
Wine from grapes,Italy,2020-07-01,-0.5,2020
Wine from grapes,Italy,2020-08-01,-0.1,2020
Wine from grapes,Italy,2020-09-01,-1.1,2020
Wine from grapes,Italy,2020-10-01,-1.0,2020
Wine from grapes,Italy,2020-11-01,-1.4,2020
Wine from grapes,Italy,2020-12-01,-2.1,2020
Wine from grapes,Italy,2021-01-01,-1.9,2021
Wine from grapes,Italy,2021-02-01,-2.1,2021
Wine from grapes,Italy,2021-03-01,-3.3,2021
Wine from grapes,Italy,2021-04-01,-2.5,2021
Wine from grapes,Italy,2021-05-01,-3.3,2021
Wine from grapes,Italy,2021-06-01,-2.6,2021
Wine from grapes,Italy,2021-07-01,-1.8,2021
Wine from grapes,Italy,2021-08-01,-2.2,2021
Wine from grapes,Italy,2021-09-01,-1.4,2021
Wine from grapes,Italy,2021-10-01,-1.7,2021
Wine from grapes,Italy,2021-11-01,-1.8,2021
Wine from grapes,Italy,2021-12-01,-1.2,2021
Wine from grapes,Italy,2022-01-01,-1.3,2022
Wine from grapes,Italy,2022-02-01,-0.4,2022
Wine from grapes,Italy,2022-03-01,0.4,2022
Wine from grapes,Italy,2022-04-01,0.0,2022
Wine from grapes,Italy,2022-05-01,2.1,2022
Wine from grapes,Italy,2022-06-01,3.3,2022
Wine from grapes,Italy,2022-07-01,3.7,2022
Wine from grapes,Italy,2022-08-01,4.3,2022
Wine from grapes,Italy,2022-09-01,4.9,2022
Wine from grapes,Italy,2022-10-01,5.5,2022
Wine from grapes,Italy,2022-11-01,5.9,2022
Wine from grapes,Italy,2022-12-01,6.1,2022
Wine from grapes,Italy,2023-01-01,5.4,2023
Wine from grapes,Italy,2023-02-01,5.5,2023
Wine from grapes,Italy,2023-03-01,5.3,2023
Wine from grapes,Italy,2023-04-01,5.2,2023
Wine from grapes,Italy,2023-05-01,4.3,2023
Wine from grapes,Italy,2023-06-01,4.0,2023
Wine from grapes,Italy,2023-07-01,3.5,2023
Wine from grapes,Italy,2023-08-01,3.4,2023
Wine from grapes,Italy,2023-09-01,3.1,2023
Wine from grapes,Italy,2023-10-01,2.3,2023
Wine from grapes,Italy,2023-11-01,2.0,2023
Wine from grapes,Italy,2023-12-01,1.6,2023
Wine from grapes,Italy,2024-01-01,1.2,2024
Wine from grapes,Italy,2024-02-01,0.9,2024
Wine from grapes,Italy,2024-03-01,-0.6,2024
Wine from grapes,Italy,2024-04-01,0.6,2024
Wine from grapes,Italy,2024-05-01,-0.5,2024
Wine from grapes,Italy,2024-06-01,-1.1,2024
Wine from grapes,Italy,2024-07-01,-1.3,2024
Wine from grapes,Italy,2024-08-01,-1.5,2024
Wine from grapes,Italy,2024-09-01,-1.4,2024
Wine from grapes,Italy,2024-10-01,-1.7,2024
Wine from grapes,Italy,2024-11-01,-1.4,2024
Wine from grapes,Italy,2024-12-01,-2.0,2024
Wine from grapes,Italy,2025-01-01,-1.4,2025
Wine from grapes,Italy,2025-02-01,-1.8,2025
Wine from grapes,Italy,2025-03-01,-0.5,2025
Wine from grapes,Italy,2025-04-01,-2.7,2025
Wine from grapes,Italy,2025-05-01,-1.6,2025
Wine from grapes,Italy,2025-06-01,-1.6,2025
Wine from grapes,Italy,2025-07-01,-1.7,2025
Wine from grapes,Italy,2025-08-01,-1.4,2025
Wine from grapes,Italy,2025-09-01,-1.5,2025
Wine from grapes,Italy,2025-10-01,-1.4,2025
Wine from grapes,Italy,2025-11-01,-2.0,2025
Wine from grapes,Italy,2025-12-01,-1.7,2025
Wine from grapes,Portugal,2019-01-01,5.1,2019
Wine from grapes,Portugal,2019-02-01,5.2,2019
Wine from grapes,Portugal,2019-03-01,4.6,2019
Wine from grapes,Portugal,2019-04-01,1.9,2019
Wine from grapes,Portugal,2019-05-01,2.3,2019
Wine from grapes,Portugal,2019-06-01,1.8,2019
Wine from grapes,Portugal,2019-07-01,4.1,2019
Wine from grapes,Portugal,2019-08-01,1.8,2019
Wine from grapes,Portugal,2019-09-01,1.9,2019
Wine from grapes,Portugal,2019-10-01,1.0,2019
Wine from grapes,Portugal,2019-11-01,2.9,2019
Wine from grapes,Portugal,2019-12-01,-0.6,2019
Wine from grapes,Portugal,2020-01-01,2.1,2020
Wine from grapes,Portugal,2020-02-01,-0.5,2020
Wine from grapes,Portugal,2020-03-01,1.5,2020
Wine from grapes,Portugal,2020-04-01,1.1,2020
Wine from grapes,Portugal,2020-05-01,-1.2,2020
Wine from grapes,Portugal,2020-06-01,2.3,2020
Wine from grapes,Portugal,2020-07-01,-2.8,2020
Wine from grapes,Portugal,2020-08-01,-1.3,2020
Wine from grapes,Portugal,2020-09-01,-2.4,2020
Wine from grapes,Portugal,2020-10-01,-3.4,2020
Wine from grapes,Portugal,2020-11-01,-1.4,2020
Wine from grapes,Portugal,2020-12-01,1.3,2020
Wine from grapes,Portugal,2021-01-01,-0.1,2021
Wine from grapes,Portugal,2021-02-01,-2.0,2021
Wine from grapes,Portugal,2021-03-01,-3.0,2021
Wine from grapes,Portugal,2021-04-01,-0.8,2021
Wine from grapes,Portugal,2021-05-01,0.5,2021
Wine from grapes,Portugal,2021-06-01,-3.3,2021
Wine from grapes,Portugal,2021-07-01,0.4,2021
Wine from grapes,Portugal,2021-08-01,-0.4,2021
Wine from grapes,Portugal,2021-09-01,-0.5,2021
Wine from grapes,Portugal,2021-10-01,0.9,2021
Wine from grapes,Portugal,2021-11-01,-0.2,2021
Wine from grapes,Portugal,2021-12-01,-2.0,2021
Wine from grapes,Portugal,2022-01-01,-0.7,2022
Wine from grapes,Portugal,2022-02-01,0.4,2022
Wine from grapes,Portugal,2022-03-01,3.7,2022
Wine from grapes,Portugal,2022-04-01,-2.2,2022
Wine from grapes,Portugal,2022-05-01,4.0,2022
Wine from grapes,Portugal,2022-06-01,3.8,2022
Wine from grapes,Portugal,2022-07-01,4.6,2022
Wine from grapes,Portugal,2022-08-01,5.4,2022
Wine from grapes,Portugal,2022-09-01,6.2,2022
Wine from grapes,Portugal,2022-10-01,4.5,2022
Wine from grapes,Portugal,2022-11-01,5.4,2022
Wine from grapes,Portugal,2022-12-01,6.3,2022
Wine from grapes,Portugal,2023-01-01,6.2,2023
Wine from grapes,Portugal,2023-02-01,6.5,2023
Wine from grapes,Portugal,2023-03-01,5.7,2023
Wine from grapes,Portugal,2023-04-01,10.2,2023
Wine from grapes,Portugal,2023-05-01,3.4,2023
Wine from grapes,Portugal,2023-06-01,3.3,2023
Wine from grapes,Portugal,2023-07-01,2.5,2023
Wine from grapes,Portugal,2023-08-01,2.4,2023
Wine from grapes,Portugal,2023-09-01,1.9,2023
Wine from grapes,Portugal,2023-10-01,2.0,2023
Wine from grapes,Portugal,2023-11-01,1.1,2023
Wine from grapes,Portugal,2023-12-01,1.9,2023
Wine from grapes,Portugal,2024-01-01,-0.7,2024
Wine from grapes,Portugal,2024-02-01,1.0,2024
Wine from grapes,Portugal,2024-03-01,-2.3,2024
Wine from grapes,Portugal,2024-04-01,-0.9,2024
Wine from grapes,Portugal,2024-05-01,-1.2,2024
Wine from grapes,Portugal,2024-06-01,-0.3,2024
Wine from grapes,Portugal,2024-07-01,-0.5,2024
Wine from grapes,Portugal,2024-08-01,1.0,2024
Wine from grapes,Portugal,2024-09-01,-0.5,2024
Wine from grapes,Portugal,2024-10-01,1.5,2024
Wine from grapes,Portugal,2024-11-01,-0.5,2024
Wine from grapes,Portugal,2024-12-01,-2.4,2024
Wine from grapes,Portugal,2025-01-01,-1.3,2025
Wine from grapes,Portugal,2025-02-01,0.1,2025
Wine from grapes,Portugal,2025-03-01,0.1,2025
Wine from grapes,Portugal,2025-04-01,-5.1,2025
Wine from grapes,Portugal,2025-05-01,0.0,2025
Wine from grapes,Portugal,2025-06-01,-1.0,2025
Wine from grapes,Portugal,2025-07-01,1.2,2025
Wine from grapes,Portugal,2025-08-01,-1.9,2025
Wine from grapes,Portugal,2025-09-01,0.2,2025
Wine from grapes,Portugal,2025-10-01,1.3,2025
Wine from grapes,Portugal,2025-11-01,0.6,2025
Wine from grapes,Portugal,2025-12-01,-0.1,2025
Cigarettes,Germany,2019-01-01,2.9,2019
Cigarettes,Germany,2019-02-01,3.0,2019
Cigarettes,Germany,2019-03-01,4.4,2019
Cigarettes,Germany,2019-04-01,3.3,2019
Cigarettes,Germany,2019-05-01,3.6,2019
Cigarettes,Germany,2019-06-01,3.2,2019
Cigarettes,Germany,2019-07-01,3.1,2019
Cigarettes,Germany,2019-08-01,3.2,2019
Cigarettes,Germany,2019-09-01,4.0,2019
Cigarettes,Germany,2019-10-01,4.0,2019
Cigarettes,Germany,2019-11-01,4.1,2019
Cigarettes,Germany,2019-12-01,4.1,2019
Cigarettes,Germany,2020-01-01,4.1,2020
Cigarettes,Germany,2020-02-01,4.0,2020
Cigarettes,Germany,2020-03-01,2.6,2020
Cigarettes,Germany,2020-04-01,4.0,2020
Cigarettes,Germany,2020-05-01,4.0,2020
Cigarettes,Germany,2020-06-01,6.4,2020
Cigarettes,Germany,2020-07-01,6.6,2020
Cigarettes,Germany,2020-08-01,6.6,2020
Cigarettes,Germany,2020-09-01,6.3,2020
Cigarettes,Germany,2020-10-01,5.9,2020
Cigarettes,Germany,2020-11-01,4.0,2020
Cigarettes,Germany,2020-12-01,4.1,2020
Cigarettes,Germany,2021-01-01,4.1,2021
Cigarettes,Germany,2021-02-01,4.1,2021
Cigarettes,Germany,2021-03-01,4.6,2021
Cigarettes,Germany,2021-04-01,4.8,2021
Cigarettes,Germany,2021-05-01,4.2,2021
Cigarettes,Germany,2021-06-01,1.9,2021
Cigarettes,Germany,2021-07-01,1.7,2021
Cigarettes,Germany,2021-08-01,1.7,2021
Cigarettes,Germany,2021-09-01,1.8,2021
Cigarettes,Germany,2021-10-01,2.3,2021
Cigarettes,Germany,2021-11-01,3.7,2021
Cigarettes,Germany,2021-12-01,3.9,2021
Cigarettes,Germany,2022-01-01,5.0,2022
Cigarettes,Germany,2022-02-01,6.2,2022
Cigarettes,Germany,2022-03-01,6.6,2022
Cigarettes,Germany,2022-04-01,3.8,2022
Cigarettes,Germany,2022-05-01,4.3,2022
Cigarettes,Germany,2022-06-01,4.8,2022
Cigarettes,Germany,2022-07-01,4.6,2022
Cigarettes,Germany,2022-08-01,4.8,2022
Cigarettes,Germany,2022-09-01,4.8,2022
Cigarettes,Germany,2022-10-01,4.3,2022
Cigarettes,Germany,2022-11-01,5.6,2022
Cigarettes,Germany,2022-12-01,7.0,2022
Cigarettes,Germany,2023-01-01,8.2,2023
Cigarettes,Germany,2023-02-01,7.6,2023
Cigarettes,Germany,2023-03-01,7.1,2023
Cigarettes,Germany,2023-04-01,6.8,2023
Cigarettes,Germany,2023-05-01,6.5,2023
Cigarettes,Germany,2023-06-01,6.4,2023
Cigarettes,Germany,2023-07-01,8.1,2023
Cigarettes,Germany,2023-08-01,8.2,2023
Cigarettes,Germany,2023-09-01,8.5,2023
Cigarettes,Germany,2023-10-01,8.5,2023
Cigarettes,Germany,2023-11-01,7.8,2023
Cigarettes,Germany,2023-12-01,6.1,2023
Cigarettes,Germany,2024-01-01,5.4,2024
Cigarettes,Germany,2024-02-01,6.3,2024
Cigarettes,Germany,2024-03-01,6.0,2024
Cigarettes,Germany,2024-04-01,6.4,2024
Cigarettes,Germany,2024-05-01,5.8,2024
Cigarettes,Germany,2024-06-01,5.3,2024
Cigarettes,Germany,2024-07-01,4.3,2024
Cigarettes,Germany,2024-08-01,4.8,2024
Cigarettes,Germany,2024-09-01,4.8,2024
Cigarettes,Germany,2024-10-01,6.8,2024
Cigarettes,Germany,2024-11-01,6.8,2024
Cigarettes,Germany,2024-12-01,6.8,2024
Cigarettes,Germany,2025-01-01,5.3,2025
Cigarettes,Germany,2025-02-01,3.6,2025
Cigarettes,Germany,2025-03-01,3.5,2025
Cigarettes,Germany,2025-04-01,4.2,2025
Cigarettes,Germany,2025-05-01,5.3,2025
Cigarettes,Germany,2025-06-01,5.9,2025
Cigarettes,Germany,2025-07-01,5.4,2025
Cigarettes,Germany,2025-08-01,4.7,2025
Cigarettes,Germany,2025-09-01,4.8,2025
Cigarettes,Germany,2025-10-01,2.8,2025
Cigarettes,Germany,2025-11-01,2.9,2025
Cigarettes,Germany,2025-12-01,3.6,2025
Cigarettes,"Euro area (EA11-1999, EA12-2001, EA13-2007, EA15-2008, EA16-2009, EA17-2011, EA18-2014, EA19-2015, EA20-2023, EA21-2026)",2019-01-01,4.7,2019
Cigarettes,"Euro area (EA11-1999, EA12-2001, EA13-2007, EA15-2008, EA16-2009, EA17-2011, EA18-2014, EA19-2015, EA20-2023, EA21-2026)",2019-02-01,5.0,2019
Cigarettes,"Euro area (EA11-1999, EA12-2001, EA13-2007, EA15-2008, EA16-2009, EA17-2011, EA18-2014, EA19-2015, EA20-2023, EA21-2026)",2019-03-01,4.4,2019
Cigarettes,"Euro area (EA11-1999, EA12-2001, EA13-2007, EA15-2008, EA16-2009, EA17-2011, EA18-2014, EA19-2015, EA20-2023, EA21-2026)",2019-04-01,4.0,2019
Cigarettes,"Euro area (EA11-1999, EA12-2001, EA13-2007, EA15-2008, EA16-2009, EA17-2011, EA18-2014, EA19-2015, EA20-2023, EA21-2026)",2019-05-01,4.1,2019
Cigarettes,"Euro area (EA11-1999, EA12-2001, EA13-2007, EA15-2008, EA16-2009, EA17-2011, EA18-2014, EA19-2015, EA20-2023, EA21-2026)",2019-06-01,3.8,2019
Cigarettes,"Euro area (EA11-1999, EA12-2001, EA13-2007, EA15-2008, EA16-2009, EA17-2011, EA18-2014, EA19-2015, EA20-2023, EA21-2026)",2019-07-01,3.7,2019
Cigarettes,"Euro area (EA11-1999, EA12-2001, EA13-2007, EA15-2008, EA16-2009, EA17-2011, EA18-2014, EA19-2015, EA20-2023, EA21-2026)",2019-08-01,3.8,2019
Cigarettes,"Euro area (EA11-1999, EA12-2001, EA13-2007, EA15-2008, EA16-2009, EA17-2011, EA18-2014, EA19-2015, EA20-2023, EA21-2026)",2019-09-01,4.1,2019
Cigarettes,"Euro area (EA11-1999, EA12-2001, EA13-2007, EA15-2008, EA16-2009, EA17-2011, EA18-2014, EA19-2015, EA20-2023, EA21-2026)",2019-10-01,4.0,2019
Cigarettes,"Euro area (EA11-1999, EA12-2001, EA13-2007, EA15-2008, EA16-2009, EA17-2011, EA18-2014, EA19-2015, EA20-2023, EA21-2026)",2019-11-01,5.1,2019
Cigarettes,"Euro area (EA11-1999, EA12-2001, EA13-2007, EA15-2008, EA16-2009, EA17-2011, EA18-2014, EA19-2015, EA20-2023, EA21-2026)",2019-12-01,5.1,2019
Cigarettes,"Euro area (EA11-1999, EA12-2001, EA13-2007, EA15-2008, EA16-2009, EA17-2011, EA18-2014, EA19-2015, EA20-2023, EA21-2026)",2020-01-01,5.0,2020
Cigarettes,"Euro area (EA11-1999, EA12-2001, EA13-2007, EA15-2008, EA16-2009, EA17-2011, EA18-2014, EA19-2015, EA20-2023, EA21-2026)",2020-02-01,4.7,2020
Cigarettes,"Euro area (EA11-1999, EA12-2001, EA13-2007, EA15-2008, EA16-2009, EA17-2011, EA18-2014, EA19-2015, EA20-2023, EA21-2026)",2020-03-01,4.4,2020
Cigarettes,"Euro area (EA11-1999, EA12-2001, EA13-2007, EA15-2008, EA16-2009, EA17-2011, EA18-2014, EA19-2015, EA20-2023, EA21-2026)",2020-04-01,4.8,2020
Cigarettes,"Euro area (EA11-1999, EA12-2001, EA13-2007, EA15-2008, EA16-2009, EA17-2011, EA18-2014, EA19-2015, EA20-2023, EA21-2026)",2020-05-01,5.0,2020
Cigarettes,"Euro area (EA11-1999, EA12-2001, EA13-2007, EA15-2008, EA16-2009, EA17-2011, EA18-2014, EA19-2015, EA20-2023, EA21-2026)",2020-06-01,5.9,2020
Cigarettes,"Euro area (EA11-1999, EA12-2001, EA13-2007, EA15-2008, EA16-2009, EA17-2011, EA18-2014, EA19-2015, EA20-2023, EA21-2026)",2020-07-01,5.9,2020
Cigarettes,"Euro area (EA11-1999, EA12-2001, EA13-2007, EA15-2008, EA16-2009, EA17-2011, EA18-2014, EA19-2015, EA20-2023, EA21-2026)",2020-08-01,5.9,2020
Cigarettes,"Euro area (EA11-1999, EA12-2001, EA13-2007, EA15-2008, EA16-2009, EA17-2011, EA18-2014, EA19-2015, EA20-2023, EA21-2026)",2020-09-01,5.8,2020
Cigarettes,"Euro area (EA11-1999, EA12-2001, EA13-2007, EA15-2008, EA16-2009, EA17-2011, EA18-2014, EA19-2015, EA20-2023, EA21-2026)",2020-10-01,5.8,2020
Cigarettes,"Euro area (EA11-1999, EA12-2001, EA13-2007, EA15-2008, EA16-2009, EA17-2011, EA18-2014, EA19-2015, EA20-2023, EA21-2026)",2020-11-01,5.1,2020
Cigarettes,"Euro area (EA11-1999, EA12-2001, EA13-2007, EA15-2008, EA16-2009, EA17-2011, EA18-2014, EA19-2015, EA20-2023, EA21-2026)",2020-12-01,5.1,2020
Cigarettes,"Euro area (EA11-1999, EA12-2001, EA13-2007, EA15-2008, EA16-2009, EA17-2011, EA18-2014, EA19-2015, EA20-2023, EA21-2026)",2021-01-01,5.2,2021
Cigarettes,"Euro area (EA11-1999, EA12-2001, EA13-2007, EA15-2008, EA16-2009, EA17-2011, EA18-2014, EA19-2015, EA20-2023, EA21-2026)",2021-02-01,5.3,2021
Cigarettes,"Euro area (EA11-1999, EA12-2001, EA13-2007, EA15-2008, EA16-2009, EA17-2011, EA18-2014, EA19-2015, EA20-2023, EA21-2026)",2021-03-01,4.0,2021
Cigarettes,"Euro area (EA11-1999, EA12-2001, EA13-2007, EA15-2008, EA16-2009, EA17-2011, EA18-2014, EA19-2015, EA20-2023, EA21-2026)",2021-04-01,4.1,2021
Cigarettes,"Euro area (EA11-1999, EA12-2001, EA13-2007, EA15-2008, EA16-2009, EA17-2011, EA18-2014, EA19-2015, EA20-2023, EA21-2026)",2021-05-01,3.7,2021
Cigarettes,"Euro area (EA11-1999, EA12-2001, EA13-2007, EA15-2008, EA16-2009, EA17-2011, EA18-2014, EA19-2015, EA20-2023, EA21-2026)",2021-06-01,2.8,2021
Cigarettes,"Euro area (EA11-1999, EA12-2001, EA13-2007, EA15-2008, EA16-2009, EA17-2011, EA18-2014, EA19-2015, EA20-2023, EA21-2026)",2021-07-01,2.7,2021
Cigarettes,"Euro area (EA11-1999, EA12-2001, EA13-2007, EA15-2008, EA16-2009, EA17-2011, EA18-2014, EA19-2015, EA20-2023, EA21-2026)",2021-08-01,2.7,2021
Cigarettes,"Euro area (EA11-1999, EA12-2001, EA13-2007, EA15-2008, EA16-2009, EA17-2011, EA18-2014, EA19-2015, EA20-2023, EA21-2026)",2021-09-01,2.7,2021
Cigarettes,"Euro area (EA11-1999, EA12-2001, EA13-2007, EA15-2008, EA16-2009, EA17-2011, EA18-2014, EA19-2015, EA20-2023, EA21-2026)",2021-10-01,2.9,2021
Cigarettes,"Euro area (EA11-1999, EA12-2001, EA13-2007, EA15-2008, EA16-2009, EA17-2011, EA18-2014, EA19-2015, EA20-2023, EA21-2026)",2021-11-01,2.3,2021
Cigarettes,"Euro area (EA11-1999, EA12-2001, EA13-2007, EA15-2008, EA16-2009, EA17-2011, EA18-2014, EA19-2015, EA20-2023, EA21-2026)",2021-12-01,2.4,2021
Cigarettes,"Euro area (EA11-1999, EA12-2001, EA13-2007, EA15-2008, EA16-2009, EA17-2011, EA18-2014, EA19-2015, EA20-2023, EA21-2026)",2022-01-01,2.7,2022
Cigarettes,"Euro area (EA11-1999, EA12-2001, EA13-2007, EA15-2008, EA16-2009, EA17-2011, EA18-2014, EA19-2015, EA20-2023, EA21-2026)",2022-02-01,2.8,2022
Cigarettes,"Euro area (EA11-1999, EA12-2001, EA13-2007, EA15-2008, EA16-2009, EA17-2011, EA18-2014, EA19-2015, EA20-2023, EA21-2026)",2022-03-01,2.6,2022
Cigarettes,"Euro area (EA11-1999, EA12-2001, EA13-2007, EA15-2008, EA16-2009, EA17-2011, EA18-2014, EA19-2015, EA20-2023, EA21-2026)",2022-04-01,1.9,2022
Cigarettes,"Euro area (EA11-1999, EA12-2001, EA13-2007, EA15-2008, EA16-2009, EA17-2011, EA18-2014, EA19-2015, EA20-2023, EA21-2026)",2022-05-01,2.1,2022
Cigarettes,"Euro area (EA11-1999, EA12-2001, EA13-2007, EA15-2008, EA16-2009, EA17-2011, EA18-2014, EA19-2015, EA20-2023, EA21-2026)",2022-06-01,2.2,2022
Cigarettes,"Euro area (EA11-1999, EA12-2001, EA13-2007, EA15-2008, EA16-2009, EA17-2011, EA18-2014, EA19-2015, EA20-2023, EA21-2026)",2022-07-01,2.2,2022
Cigarettes,"Euro area (EA11-1999, EA12-2001, EA13-2007, EA15-2008, EA16-2009, EA17-2011, EA18-2014, EA19-2015, EA20-2023, EA21-2026)",2022-08-01,2.3,2022
Cigarettes,"Euro area (EA11-1999, EA12-2001, EA13-2007, EA15-2008, EA16-2009, EA17-2011, EA18-2014, EA19-2015, EA20-2023, EA21-2026)",2022-09-01,2.3,2022
Cigarettes,"Euro area (EA11-1999, EA12-2001, EA13-2007, EA15-2008, EA16-2009, EA17-2011, EA18-2014, EA19-2015, EA20-2023, EA21-2026)",2022-10-01,2.1,2022
Cigarettes,"Euro area (EA11-1999, EA12-2001, EA13-2007, EA15-2008, EA16-2009, EA17-2011, EA18-2014, EA19-2015, EA20-2023, EA21-2026)",2022-11-01,2.4,2022
Cigarettes,"Euro area (EA11-1999, EA12-2001, EA13-2007, EA15-2008, EA16-2009, EA17-2011, EA18-2014, EA19-2015, EA20-2023, EA21-2026)",2022-12-01,3.2,2022
Cigarettes,"Euro area (EA11-1999, EA12-2001, EA13-2007, EA15-2008, EA16-2009, EA17-2011, EA18-2014, EA19-2015, EA20-2023, EA21-2026)",2023-01-01,3.6,2023
Cigarettes,"Euro area (EA11-1999, EA12-2001, EA13-2007, EA15-2008, EA16-2009, EA17-2011, EA18-2014, EA19-2015, EA20-2023, EA21-2026)",2023-02-01,3.7,2023
Cigarettes,"Euro area (EA11-1999, EA12-2001, EA13-2007, EA15-2008, EA16-2009, EA17-2011, EA18-2014, EA19-2015, EA20-2023, EA21-2026)",2023-03-01,5.3,2023
Cigarettes,"Euro area (EA11-1999, EA12-2001, EA13-2007, EA15-2008, EA16-2009, EA17-2011, EA18-2014, EA19-2015, EA20-2023, EA21-2026)",2023-04-01,5.6,2023
Cigarettes,"Euro area (EA11-1999, EA12-2001, EA13-2007, EA15-2008, EA16-2009, EA17-2011, EA18-2014, EA19-2015, EA20-2023, EA21-2026)",2023-05-01,5.7,2023
Cigarettes,"Euro area (EA11-1999, EA12-2001, EA13-2007, EA15-2008, EA16-2009, EA17-2011, EA18-2014, EA19-2015, EA20-2023, EA21-2026)",2023-06-01,6.1,2023
Cigarettes,"Euro area (EA11-1999, EA12-2001, EA13-2007, EA15-2008, EA16-2009, EA17-2011, EA18-2014, EA19-2015, EA20-2023, EA21-2026)",2023-07-01,6.4,2023
Cigarettes,"Euro area (EA11-1999, EA12-2001, EA13-2007, EA15-2008, EA16-2009, EA17-2011, EA18-2014, EA19-2015, EA20-2023, EA21-2026)",2023-08-01,6.6,2023
Cigarettes,"Euro area (EA11-1999, EA12-2001, EA13-2007, EA15-2008, EA16-2009, EA17-2011, EA18-2014, EA19-2015, EA20-2023, EA21-2026)",2023-09-01,6.8,2023
Cigarettes,"Euro area (EA11-1999, EA12-2001, EA13-2007, EA15-2008, EA16-2009, EA17-2011, EA18-2014, EA19-2015, EA20-2023, EA21-2026)",2023-10-01,6.9,2023
Cigarettes,"Euro area (EA11-1999, EA12-2001, EA13-2007, EA15-2008, EA16-2009, EA17-2011, EA18-2014, EA19-2015, EA20-2023, EA21-2026)",2023-11-01,6.7,2023
Cigarettes,"Euro area (EA11-1999, EA12-2001, EA13-2007, EA15-2008, EA16-2009, EA17-2011, EA18-2014, EA19-2015, EA20-2023, EA21-2026)",2023-12-01,5.7,2023
Cigarettes,"Euro area (EA11-1999, EA12-2001, EA13-2007, EA15-2008, EA16-2009, EA17-2011, EA18-2014, EA19-2015, EA20-2023, EA21-2026)",2024-01-01,7.1,2024
Cigarettes,"Euro area (EA11-1999, EA12-2001, EA13-2007, EA15-2008, EA16-2009, EA17-2011, EA18-2014, EA19-2015, EA20-2023, EA21-2026)",2024-02-01,8.1,2024
Cigarettes,"Euro area (EA11-1999, EA12-2001, EA13-2007, EA15-2008, EA16-2009, EA17-2011, EA18-2014, EA19-2015, EA20-2023, EA21-2026)",2024-03-01,6.5,2024
Cigarettes,"Euro area (EA11-1999, EA12-2001, EA13-2007, EA15-2008, EA16-2009, EA17-2011, EA18-2014, EA19-2015, EA20-2023, EA21-2026)",2024-04-01,6.6,2024
Cigarettes,"Euro area (EA11-1999, EA12-2001, EA13-2007, EA15-2008, EA16-2009, EA17-2011, EA18-2014, EA19-2015, EA20-2023, EA21-2026)",2024-05-01,6.4,2024
Cigarettes,"Euro area (EA11-1999, EA12-2001, EA13-2007, EA15-2008, EA16-2009, EA17-2011, EA18-2014, EA19-2015, EA20-2023, EA21-2026)",2024-06-01,7.0,2024
Cigarettes,"Euro area (EA11-1999, EA12-2001, EA13-2007, EA15-2008, EA16-2009, EA17-2011, EA18-2014, EA19-2015, EA20-2023, EA21-2026)",2024-07-01,7.2,2024
Cigarettes,"Euro area (EA11-1999, EA12-2001, EA13-2007, EA15-2008, EA16-2009, EA17-2011, EA18-2014, EA19-2015, EA20-2023, EA21-2026)",2024-08-01,7.3,2024
Cigarettes,"Euro area (EA11-1999, EA12-2001, EA13-2007, EA15-2008, EA16-2009, EA17-2011, EA18-2014, EA19-2015, EA20-2023, EA21-2026)",2024-09-01,7.5,2024
Cigarettes,"Euro area (EA11-1999, EA12-2001, EA13-2007, EA15-2008, EA16-2009, EA17-2011, EA18-2014, EA19-2015, EA20-2023, EA21-2026)",2024-10-01,8.1,2024
Cigarettes,"Euro area (EA11-1999, EA12-2001, EA13-2007, EA15-2008, EA16-2009, EA17-2011, EA18-2014, EA19-2015, EA20-2023, EA21-2026)",2024-11-01,8.1,2024
Cigarettes,"Euro area (EA11-1999, EA12-2001, EA13-2007, EA15-2008, EA16-2009, EA17-2011, EA18-2014, EA19-2015, EA20-2023, EA21-2026)",2024-12-01,8.4,2024
Cigarettes,"Euro area (EA11-1999, EA12-2001, EA13-2007, EA15-2008, EA16-2009, EA17-2011, EA18-2014, EA19-2015, EA20-2023, EA21-2026)",2025-01-01,7.1,2025
Cigarettes,"Euro area (EA11-1999, EA12-2001, EA13-2007, EA15-2008, EA16-2009, EA17-2011, EA18-2014, EA19-2015, EA20-2023, EA21-2026)",2025-02-01,6.3,2025
Cigarettes,"Euro area (EA11-1999, EA12-2001, EA13-2007, EA15-2008, EA16-2009, EA17-2011, EA18-2014, EA19-2015, EA20-2023, EA21-2026)",2025-03-01,6.2,2025
Cigarettes,"Euro area (EA11-1999, EA12-2001, EA13-2007, EA15-2008, EA16-2009, EA17-2011, EA18-2014, EA19-2015, EA20-2023, EA21-2026)",2025-04-01,6.1,2025
Cigarettes,"Euro area (EA11-1999, EA12-2001, EA13-2007, EA15-2008, EA16-2009, EA17-2011, EA18-2014, EA19-2015, EA20-2023, EA21-2026)",2025-05-01,6.4,2025
Cigarettes,"Euro area (EA11-1999, EA12-2001, EA13-2007, EA15-2008, EA16-2009, EA17-2011, EA18-2014, EA19-2015, EA20-2023, EA21-2026)",2025-06-01,5.7,2025
Cigarettes,"Euro area (EA11-1999, EA12-2001, EA13-2007, EA15-2008, EA16-2009, EA17-2011, EA18-2014, EA19-2015, EA20-2023, EA21-2026)",2025-07-01,5.3,2025
Cigarettes,"Euro area (EA11-1999, EA12-2001, EA13-2007, EA15-2008, EA16-2009, EA17-2011, EA18-2014, EA19-2015, EA20-2023, EA21-2026)",2025-08-01,4.9,2025
Cigarettes,"Euro area (EA11-1999, EA12-2001, EA13-2007, EA15-2008, EA16-2009, EA17-2011, EA18-2014, EA19-2015, EA20-2023, EA21-2026)",2025-09-01,4.7,2025
Cigarettes,"Euro area (EA11-1999, EA12-2001, EA13-2007, EA15-2008, EA16-2009, EA17-2011, EA18-2014, EA19-2015, EA20-2023, EA21-2026)",2025-10-01,4.1,2025
Cigarettes,"Euro area (EA11-1999, EA12-2001, EA13-2007, EA15-2008, EA16-2009, EA17-2011, EA18-2014, EA19-2015, EA20-2023, EA21-2026)",2025-11-01,4.2,2025
Cigarettes,"Euro area (EA11-1999, EA12-2001, EA13-2007, EA15-2008, EA16-2009, EA17-2011, EA18-2014, EA19-2015, EA20-2023, EA21-2026)",2025-12-01,4.4,2025
Cigarettes,Spain,2019-01-01,0.3,2019
Cigarettes,Spain,2019-02-01,0.4,2019
Cigarettes,Spain,2019-03-01,0.4,2019
Cigarettes,Spain,2019-04-01,0.4,2019
Cigarettes,Spain,2019-05-01,0.3,2019
Cigarettes,Spain,2019-06-01,0.3,2019
Cigarettes,Spain,2019-07-01,0.2,2019
Cigarettes,Spain,2019-08-01,0.3,2019
Cigarettes,Spain,2019-09-01,0.3,2019
Cigarettes,Spain,2019-10-01,0.2,2019
Cigarettes,Spain,2019-11-01,0.3,2019
Cigarettes,Spain,2019-12-01,0.3,2019
Cigarettes,Spain,2020-01-01,0.2,2020
Cigarettes,Spain,2020-02-01,0.1,2020
Cigarettes,Spain,2020-03-01,0.1,2020
Cigarettes,Spain,2020-04-01,0.1,2020
Cigarettes,Spain,2020-05-01,0.1,2020
Cigarettes,Spain,2020-06-01,0.1,2020
Cigarettes,Spain,2020-07-01,0.1,2020
Cigarettes,Spain,2020-08-01,0.1,2020
Cigarettes,Spain,2020-09-01,0.1,2020
Cigarettes,Spain,2020-10-01,0.1,2020
Cigarettes,Spain,2020-11-01,0.1,2020
Cigarettes,Spain,2020-12-01,0.1,2020
Cigarettes,Spain,2021-01-01,0.1,2021
Cigarettes,Spain,2021-02-01,0.0,2021
Cigarettes,Spain,2021-03-01,0.0,2021
Cigarettes,Spain,2021-04-01,0.0,2021
Cigarettes,Spain,2021-05-01,0.0,2021
Cigarettes,Spain,2021-06-01,0.1,2021
Cigarettes,Spain,2021-07-01,0.1,2021
Cigarettes,Spain,2021-08-01,0.1,2021
Cigarettes,Spain,2021-09-01,0.9,2021
Cigarettes,Spain,2021-10-01,2.3,2021
Cigarettes,Spain,2021-11-01,2.3,2021
Cigarettes,Spain,2021-12-01,2.3,2021
Cigarettes,Spain,2022-01-01,2.3,2022
Cigarettes,Spain,2022-02-01,2.3,2022
Cigarettes,Spain,2022-03-01,2.3,2022
Cigarettes,Spain,2022-04-01,2.3,2022
Cigarettes,Spain,2022-05-01,2.3,2022
Cigarettes,Spain,2022-06-01,2.2,2022
Cigarettes,Spain,2022-07-01,2.2,2022
Cigarettes,Spain,2022-08-01,2.2,2022
Cigarettes,Spain,2022-09-01,1.4,2022
Cigarettes,Spain,2022-10-01,0.0,2022
Cigarettes,Spain,2022-11-01,0.4,2022
Cigarettes,Spain,2022-12-01,5.5,2022
Cigarettes,Spain,2023-01-01,6.4,2023
Cigarettes,Spain,2023-02-01,6.5,2023
Cigarettes,Spain,2023-03-01,6.4,2023
Cigarettes,Spain,2023-04-01,6.5,2023
Cigarettes,Spain,2023-05-01,6.5,2023
Cigarettes,Spain,2023-06-01,6.5,2023
Cigarettes,Spain,2023-07-01,6.5,2023
Cigarettes,Spain,2023-08-01,6.7,2023
Cigarettes,Spain,2023-09-01,6.8,2023
Cigarettes,Spain,2023-10-01,7.0,2023
Cigarettes,Spain,2023-11-01,6.4,2023
Cigarettes,Spain,2023-12-01,1.3,2023
Cigarettes,Spain,2024-01-01,3.3,2024
Cigarettes,Spain,2024-02-01,5.0,2024
Cigarettes,Spain,2024-03-01,5.2,2024
Cigarettes,Spain,2024-04-01,5.2,2024
Cigarettes,Spain,2024-05-01,5.2,2024
Cigarettes,Spain,2024-06-01,5.2,2024
Cigarettes,Spain,2024-07-01,5.2,2024
Cigarettes,Spain,2024-08-01,5.0,2024
Cigarettes,Spain,2024-09-01,4.9,2024
Cigarettes,Spain,2024-10-01,4.8,2024
Cigarettes,Spain,2024-11-01,5.1,2024
Cigarettes,Spain,2024-12-01,7.6,2024
Cigarettes,Spain,2025-01-01,5.7,2025
Cigarettes,Spain,2025-02-01,3.9,2025
Cigarettes,Spain,2025-03-01,3.7,2025
Cigarettes,Spain,2025-04-01,3.7,2025
Cigarettes,Spain,2025-05-01,5.2,2025
Cigarettes,Spain,2025-06-01,6.8,2025
Cigarettes,Spain,2025-07-01,6.8,2025
Cigarettes,Spain,2025-08-01,6.8,2025
Cigarettes,Spain,2025-09-01,6.8,2025
Cigarettes,Spain,2025-10-01,6.7,2025
Cigarettes,Spain,2025-11-01,6.9,2025
Cigarettes,Spain,2025-12-01,7.4,2025
Cigarettes,France,2019-01-01,12.9,2019
Cigarettes,France,2019-02-01,12.9,2019
Cigarettes,France,2019-03-01,7.9,2019
Cigarettes,France,2019-04-01,7.9,2019
Cigarettes,France,2019-05-01,9.1,2019
Cigarettes,France,2019-06-01,9.1,2019
Cigarettes,France,2019-07-01,8.8,2019
Cigarettes,France,2019-08-01,8.8,2019
Cigarettes,France,2019-09-01,8.7,2019
Cigarettes,France,2019-10-01,8.7,2019
Cigarettes,France,2019-11-01,14.9,2019
Cigarettes,France,2019-12-01,14.9,2019
Cigarettes,France,2020-01-01,13.8,2020
Cigarettes,France,2020-02-01,13.8,2020
Cigarettes,France,2020-03-01,13.2,2020
Cigarettes,France,2020-04-01,13.2,2020
Cigarettes,France,2020-05-01,13.4,2020
Cigarettes,France,2020-06-01,13.4,2020
Cigarettes,France,2020-07-01,13.3,2020
Cigarettes,France,2020-08-01,13.3,2020
Cigarettes,France,2020-09-01,13.2,2020
Cigarettes,France,2020-10-01,13.2,2020
Cigarettes,France,2020-11-01,12.0,2020
Cigarettes,France,2020-12-01,12.0,2020
Cigarettes,France,2021-01-01,12.3,2021
Cigarettes,France,2021-02-01,12.3,2021
Cigarettes,France,2021-03-01,5.5,2021
Cigarettes,France,2021-04-01,5.5,2021
Cigarettes,France,2021-05-01,5.0,2021
Cigarettes,France,2021-06-01,4.9,2021
Cigarettes,France,2021-07-01,4.7,2021
Cigarettes,France,2021-08-01,4.7,2021
Cigarettes,France,2021-09-01,4.4,2021
Cigarettes,France,2021-10-01,4.4,2021
Cigarettes,France,2021-11-01,-0.2,2021
Cigarettes,France,2021-12-01,-0.1,2021
Cigarettes,France,2022-01-01,-0.3,2022
Cigarettes,France,2022-02-01,-0.3,2022
Cigarettes,France,2022-03-01,-0.3,2022
Cigarettes,France,2022-04-01,-0.3,2022
Cigarettes,France,2022-05-01,-0.3,2022
Cigarettes,France,2022-06-01,-0.3,2022
Cigarettes,France,2022-07-01,-0.1,2022
Cigarettes,France,2022-08-01,-0.1,2022
Cigarettes,France,2022-09-01,0.2,2022
Cigarettes,France,2022-10-01,0.2,2022
Cigarettes,France,2022-11-01,0.2,2022
Cigarettes,France,2022-12-01,0.2,2022
Cigarettes,France,2023-01-01,0.1,2023
Cigarettes,France,2023-02-01,0.0,2023
Cigarettes,France,2023-03-01,7.8,2023
Cigarettes,France,2023-04-01,9.6,2023
Cigarettes,France,2023-05-01,10.0,2023
Cigarettes,France,2023-06-01,10.0,2023
Cigarettes,France,2023-07-01,10.0,2023
Cigarettes,France,2023-08-01,10.0,2023
Cigarettes,France,2023-09-01,10.0,2023
Cigarettes,France,2023-10-01,10.0,2023
Cigarettes,France,2023-11-01,10.0,2023
Cigarettes,France,2023-12-01,10.0,2023
Cigarettes,France,2024-01-01,17.1,2024
Cigarettes,France,2024-02-01,19.1,2024
Cigarettes,France,2024-03-01,11.1,2024
Cigarettes,France,2024-04-01,9.2,2024
Cigarettes,France,2024-05-01,8.9,2024
Cigarettes,France,2024-06-01,8.9,2024
Cigarettes,France,2024-07-01,8.9,2024
Cigarettes,France,2024-08-01,8.9,2024
Cigarettes,France,2024-09-01,8.9,2024
Cigarettes,France,2024-10-01,8.9,2024
Cigarettes,France,2024-11-01,9.0,2024
Cigarettes,France,2024-12-01,9.0,2024
Cigarettes,France,2025-01-01,6.3,2025
Cigarettes,France,2025-02-01,4.6,2025
Cigarettes,France,2025-03-01,4.2,2025
Cigarettes,France,2025-04-01,4.2,2025
Cigarettes,France,2025-05-01,4.2,2025
Cigarettes,France,2025-06-01,4.1,2025
Cigarettes,France,2025-07-01,4.1,2025
Cigarettes,France,2025-08-01,4.1,2025
Cigarettes,France,2025-09-01,4.1,2025
Cigarettes,France,2025-10-01,4.1,2025
Cigarettes,France,2025-11-01,4.1,2025
Cigarettes,France,2025-12-01,4.1,2025
Cigarettes,Italy,2019-01-01,3.0,2019
Cigarettes,Italy,2019-02-01,4.6,2019
Cigarettes,Italy,2019-03-01,4.2,2019
Cigarettes,Italy,2019-04-01,3.6,2019
Cigarettes,Italy,2019-05-01,3.0,2019
Cigarettes,Italy,2019-06-01,3.0,2019
Cigarettes,Italy,2019-07-01,3.0,2019
Cigarettes,Italy,2019-08-01,3.0,2019
Cigarettes,Italy,2019-09-01,3.0,2019
Cigarettes,Italy,2019-10-01,3.0,2019
Cigarettes,Italy,2019-11-01,3.0,2019
Cigarettes,Italy,2019-12-01,3.0,2019
Cigarettes,Italy,2020-01-01,3.0,2020
Cigarettes,Italy,2020-02-01,1.5,2020
Cigarettes,Italy,2020-03-01,2.4,2020
Cigarettes,Italy,2020-04-01,2.8,2020
Cigarettes,Italy,2020-05-01,3.0,2020
Cigarettes,Italy,2020-06-01,3.0,2020
Cigarettes,Italy,2020-07-01,3.0,2020
Cigarettes,Italy,2020-08-01,3.0,2020
Cigarettes,Italy,2020-09-01,3.0,2020
Cigarettes,Italy,2020-10-01,3.0,2020
Cigarettes,Italy,2020-11-01,3.0,2020
Cigarettes,Italy,2020-12-01,3.0,2020
Cigarettes,Italy,2021-01-01,3.0,2021
Cigarettes,Italy,2021-02-01,3.2,2021
Cigarettes,Italy,2021-03-01,1.0,2021
Cigarettes,Italy,2021-04-01,0.6,2021
Cigarettes,Italy,2021-05-01,0.4,2021
Cigarettes,Italy,2021-06-01,0.4,2021
Cigarettes,Italy,2021-07-01,0.4,2021
Cigarettes,Italy,2021-08-01,0.4,2021
Cigarettes,Italy,2021-09-01,0.4,2021
Cigarettes,Italy,2021-10-01,0.4,2021
Cigarettes,Italy,2021-11-01,0.4,2021
Cigarettes,Italy,2021-12-01,0.4,2021
Cigarettes,Italy,2022-01-01,0.4,2022
Cigarettes,Italy,2022-02-01,0.3,2022
Cigarettes,Italy,2022-03-01,0.1,2022
Cigarettes,Italy,2022-04-01,-0.1,2022
Cigarettes,Italy,2022-05-01,-0.1,2022
Cigarettes,Italy,2022-06-01,-0.1,2022
Cigarettes,Italy,2022-07-01,-0.1,2022
Cigarettes,Italy,2022-08-01,-0.1,2022
Cigarettes,Italy,2022-09-01,-0.1,2022
Cigarettes,Italy,2022-10-01,-0.4,2022
Cigarettes,Italy,2022-11-01,-0.4,2022
Cigarettes,Italy,2022-12-01,-0.4,2022
Cigarettes,Italy,2023-01-01,-0.4,2023
Cigarettes,Italy,2023-02-01,1.1,2023
Cigarettes,Italy,2023-03-01,2.0,2023
Cigarettes,Italy,2023-04-01,2.0,2023
Cigarettes,Italy,2023-05-01,2.4,2023
Cigarettes,Italy,2023-06-01,2.2,2023
Cigarettes,Italy,2023-07-01,1.5,2023
Cigarettes,Italy,2023-08-01,1.5,2023
Cigarettes,Italy,2023-09-01,1.5,2023
Cigarettes,Italy,2023-10-01,1.8,2023
Cigarettes,Italy,2023-11-01,1.8,2023
Cigarettes,Italy,2023-12-01,1.8,2023
Cigarettes,Italy,2024-01-01,1.8,2024
Cigarettes,Italy,2024-02-01,2.0,2024
Cigarettes,Italy,2024-03-01,1.2,2024
Cigarettes,Italy,2024-04-01,2.8,2024
Cigarettes,Italy,2024-05-01,2.6,2024
Cigarettes,Italy,2024-06-01,2.8,2024
Cigarettes,Italy,2024-07-01,3.5,2024
Cigarettes,Italy,2024-08-01,3.5,2024
Cigarettes,Italy,2024-09-01,3.5,2024
Cigarettes,Italy,2024-10-01,3.5,2024
Cigarettes,Italy,2024-11-01,3.5,2024
Cigarettes,Italy,2024-12-01,3.5,2024
Cigarettes,Italy,2025-01-01,3.5,2025
Cigarettes,Italy,2025-02-01,4.9,2025
Cigarettes,Italy,2025-03-01,5.5,2025
Cigarettes,Italy,2025-04-01,4.0,2025
Cigarettes,Italy,2025-05-01,3.9,2025
Cigarettes,Italy,2025-06-01,3.9,2025
Cigarettes,Italy,2025-07-01,3.9,2025
Cigarettes,Italy,2025-08-01,3.9,2025
Cigarettes,Italy,2025-09-01,3.9,2025
Cigarettes,Italy,2025-10-01,3.9,2025
Cigarettes,Italy,2025-11-01,3.9,2025
Cigarettes,Italy,2025-12-01,3.9,2025
Cigarettes,Portugal,2019-01-01,2.2,2019
Cigarettes,Portugal,2019-02-01,2.2,2019
Cigarettes,Portugal,2019-03-01,2.7,2019
Cigarettes,Portugal,2019-04-01,3.5,2019
Cigarettes,Portugal,2019-05-01,2.8,2019
Cigarettes,Portugal,2019-06-01,1.8,2019
Cigarettes,Portugal,2019-07-01,1.6,2019
Cigarettes,Portugal,2019-08-01,1.7,2019
Cigarettes,Portugal,2019-09-01,2.1,2019
Cigarettes,Portugal,2019-10-01,2.2,2019
Cigarettes,Portugal,2019-11-01,2.2,2019
Cigarettes,Portugal,2019-12-01,2.2,2019
Cigarettes,Portugal,2020-01-01,2.2,2020
Cigarettes,Portugal,2020-02-01,2.2,2020
Cigarettes,Portugal,2020-03-01,1.7,2020
Cigarettes,Portugal,2020-04-01,1.0,2020
Cigarettes,Portugal,2020-05-01,0.8,2020
Cigarettes,Portugal,2020-06-01,0.8,2020
Cigarettes,Portugal,2020-07-01,0.8,2020
Cigarettes,Portugal,2020-08-01,0.7,2020
Cigarettes,Portugal,2020-09-01,1.5,2020
Cigarettes,Portugal,2020-10-01,1.8,2020
Cigarettes,Portugal,2020-11-01,2.0,2020
Cigarettes,Portugal,2020-12-01,2.1,2020
Cigarettes,Portugal,2021-01-01,2.1,2021
Cigarettes,Portugal,2021-02-01,2.1,2021
Cigarettes,Portugal,2021-03-01,2.1,2021
Cigarettes,Portugal,2021-04-01,2.1,2021
Cigarettes,Portugal,2021-05-01,2.1,2021
Cigarettes,Portugal,2021-06-01,2.0,2021
Cigarettes,Portugal,2021-07-01,2.5,2021
Cigarettes,Portugal,2021-08-01,3.1,2021
Cigarettes,Portugal,2021-09-01,2.2,2021
Cigarettes,Portugal,2021-10-01,2.0,2021
Cigarettes,Portugal,2021-11-01,1.9,2021
Cigarettes,Portugal,2021-12-01,1.9,2021
Cigarettes,Portugal,2022-01-01,1.9,2022
Cigarettes,Portugal,2022-02-01,2.0,2022
Cigarettes,Portugal,2022-03-01,1.9,2022
Cigarettes,Portugal,2022-04-01,1.9,2022
Cigarettes,Portugal,2022-05-01,1.9,2022
Cigarettes,Portugal,2022-06-01,1.9,2022
Cigarettes,Portugal,2022-07-01,1.4,2022
Cigarettes,Portugal,2022-08-01,1.1,2022
Cigarettes,Portugal,2022-09-01,1.5,2022
Cigarettes,Portugal,2022-10-01,1.8,2022
Cigarettes,Portugal,2022-11-01,1.9,2022
Cigarettes,Portugal,2022-12-01,1.9,2022
Cigarettes,Portugal,2023-01-01,1.9,2023
Cigarettes,Portugal,2023-02-01,2.0,2023
Cigarettes,Portugal,2023-03-01,2.6,2023
Cigarettes,Portugal,2023-04-01,3.8,2023
Cigarettes,Portugal,2023-05-01,4.1,2023
Cigarettes,Portugal,2023-06-01,4.2,2023
Cigarettes,Portugal,2023-07-01,4.7,2023
Cigarettes,Portugal,2023-08-01,4.5,2023
Cigarettes,Portugal,2023-09-01,3.8,2023
Cigarettes,Portugal,2023-10-01,3.3,2023
Cigarettes,Portugal,2023-11-01,3.1,2023
Cigarettes,Portugal,2023-12-01,3.0,2023
Cigarettes,Portugal,2024-01-01,2.9,2024
Cigarettes,Portugal,2024-02-01,2.9,2024
Cigarettes,Portugal,2024-03-01,5.3,2024
Cigarettes,Portugal,2024-04-01,6.2,2024
Cigarettes,Portugal,2024-05-01,6.2,2024
Cigarettes,Portugal,2024-06-01,6.2,2024
Cigarettes,Portugal,2024-07-01,5.7,2024
Cigarettes,Portugal,2024-08-01,5.6,2024
Cigarettes,Portugal,2024-09-01,5.6,2024
Cigarettes,Portugal,2024-10-01,5.6,2024
Cigarettes,Portugal,2024-11-01,5.6,2024
Cigarettes,Portugal,2024-12-01,5.6,2024
Cigarettes,Portugal,2025-01-01,5.6,2025
Cigarettes,Portugal,2025-02-01,5.6,2025
Cigarettes,Portugal,2025-03-01,3.6,2025
Cigarettes,Portugal,2025-04-01,2.2,2025
Cigarettes,Portugal,2025-05-01,2.2,2025
Cigarettes,Portugal,2025-06-01,2.4,2025
Cigarettes,Portugal,2025-07-01,2.3,2025
Cigarettes,Portugal,2025-08-01,2.3,2025
Cigarettes,Portugal,2025-09-01,2.4,2025
Cigarettes,Portugal,2025-10-01,2.4,2025
Cigarettes,Portugal,2025-11-01,2.4,2025
Cigarettes,Portugal,2025-12-01,2.4,2025
Clothing,Germany,2019-01-01,2.2,2019
Clothing,Germany,2019-02-01,2.5,2019
Clothing,Germany,2019-03-01,-0.3,2019
Clothing,Germany,2019-04-01,1.6,2019
Clothing,Germany,2019-05-01,1.5,2019
Clothing,Germany,2019-06-01,2.7,2019
Clothing,Germany,2019-07-01,5.3,2019
Clothing,Germany,2019-08-01,2.1,2019
Clothing,Germany,2019-09-01,1.3,2019
Clothing,Germany,2019-10-01,1.1,2019
Clothing,Germany,2019-11-01,1.7,2019
Clothing,Germany,2019-12-01,2.9,2019
Clothing,Germany,2020-01-01,2.5,2020
Clothing,Germany,2020-02-01,1.6,2020
Clothing,Germany,2020-03-01,2.7,2020
Clothing,Germany,2020-04-01,-0.9,2020
Clothing,Germany,2020-05-01,0.1,2020
Clothing,Germany,2020-06-01,-0.8,2020
Clothing,Germany,2020-07-01,-1.3,2020
Clothing,Germany,2020-08-01,-1.1,2020
Clothing,Germany,2020-09-01,-2.6,2020
Clothing,Germany,2020-10-01,-1.9,2020
Clothing,Germany,2020-11-01,-2.3,2020
Clothing,Germany,2020-12-01,-5.8,2020
Clothing,Germany,2021-01-01,1.8,2021
Clothing,Germany,2021-02-01,0.9,2021
Clothing,Germany,2021-03-01,-2.2,2021
Clothing,Germany,2021-04-01,-1.2,2021
Clothing,Germany,2021-05-01,0.5,2021
Clothing,Germany,2021-06-01,3.4,2021
Clothing,Germany,2021-07-01,5.8,2021
Clothing,Germany,2021-08-01,3.8,2021
Clothing,Germany,2021-09-01,3.0,2021
Clothing,Germany,2021-10-01,1.2,2021
Clothing,Germany,2021-11-01,1.8,2021
Clothing,Germany,2021-12-01,6.0,2021
Clothing,Germany,2022-01-01,-0.9,2022
Clothing,Germany,2022-02-01,-1.4,2022
Clothing,Germany,2022-03-01,2.7,2022
Clothing,Germany,2022-04-01,3.9,2022
Clothing,Germany,2022-05-01,2.7,2022
Clothing,Germany,2022-06-01,0.5,2022
Clothing,Germany,2022-07-01,-0.3,2022
Clothing,Germany,2022-08-01,2.1,2022
Clothing,Germany,2022-09-01,3.2,2022
Clothing,Germany,2022-10-01,5.4,2022
Clothing,Germany,2022-11-01,5.0,2022
Clothing,Germany,2022-12-01,5.0,2022
Clothing,Germany,2023-01-01,4.7,2023
Clothing,Germany,2023-02-01,5.2,2023
Clothing,Germany,2023-03-01,5.0,2023
Clothing,Germany,2023-04-01,5.9,2023
Clothing,Germany,2023-05-01,5.0,2023
Clothing,Germany,2023-06-01,6.0,2023
Clothing,Germany,2023-07-01,3.5,2023
Clothing,Germany,2023-08-01,3.9,2023
Clothing,Germany,2023-09-01,3.6,2023
Clothing,Germany,2023-10-01,2.7,2023
Clothing,Germany,2023-11-01,2.5,2023
Clothing,Germany,2023-12-01,3.4,2023
Clothing,Germany,2024-01-01,2.9,2024
Clothing,Germany,2024-02-01,4.5,2024
Clothing,Germany,2024-03-01,3.1,2024
Clothing,Germany,2024-04-01,2.7,2024
Clothing,Germany,2024-05-01,2.6,2024
Clothing,Germany,2024-06-01,2.9,2024
Clothing,Germany,2024-07-01,3.8,2024
Clothing,Germany,2024-08-01,2.6,2024
Clothing,Germany,2024-09-01,2.0,2024
Clothing,Germany,2024-10-01,2.2,2024
Clothing,Germany,2024-11-01,3.1,2024
Clothing,Germany,2024-12-01,2.9,2024
Clothing,Germany,2025-01-01,2.9,2025
Clothing,Germany,2025-02-01,0.4,2025
Clothing,Germany,2025-03-01,1.0,2025
Clothing,Germany,2025-04-01,1.0,2025
Clothing,Germany,2025-05-01,0.6,2025
Clothing,Germany,2025-06-01,-0.4,2025
Clothing,Germany,2025-07-01,0.9,2025
Clothing,Germany,2025-08-01,0.7,2025
Clothing,Germany,2025-09-01,1.2,2025
Clothing,Germany,2025-10-01,1.3,2025
Clothing,Germany,2025-11-01,0.6,2025
Clothing,Germany,2025-12-01,-0.4,2025
Clothing,"Euro area (EA11-1999, EA12-2001, EA13-2007, EA15-2008, EA16-2009, EA17-2011, EA18-2014, EA19-2015, EA20-2023, EA21-2026)",2019-01-01,1.2,2019
Clothing,"Euro area (EA11-1999, EA12-2001, EA13-2007, EA15-2008, EA16-2009, EA17-2011, EA18-2014, EA19-2015, EA20-2023, EA21-2026)",2019-02-01,1.3,2019
Clothing,"Euro area (EA11-1999, EA12-2001, EA13-2007, EA15-2008, EA16-2009, EA17-2011, EA18-2014, EA19-2015, EA20-2023, EA21-2026)",2019-03-01,0.0,2019
Clothing,"Euro area (EA11-1999, EA12-2001, EA13-2007, EA15-2008, EA16-2009, EA17-2011, EA18-2014, EA19-2015, EA20-2023, EA21-2026)",2019-04-01,0.4,2019
Clothing,"Euro area (EA11-1999, EA12-2001, EA13-2007, EA15-2008, EA16-2009, EA17-2011, EA18-2014, EA19-2015, EA20-2023, EA21-2026)",2019-05-01,0.4,2019
Clothing,"Euro area (EA11-1999, EA12-2001, EA13-2007, EA15-2008, EA16-2009, EA17-2011, EA18-2014, EA19-2015, EA20-2023, EA21-2026)",2019-06-01,0.5,2019
Clothing,"Euro area (EA11-1999, EA12-2001, EA13-2007, EA15-2008, EA16-2009, EA17-2011, EA18-2014, EA19-2015, EA20-2023, EA21-2026)",2019-07-01,1.4,2019
Clothing,"Euro area (EA11-1999, EA12-2001, EA13-2007, EA15-2008, EA16-2009, EA17-2011, EA18-2014, EA19-2015, EA20-2023, EA21-2026)",2019-08-01,1.4,2019
Clothing,"Euro area (EA11-1999, EA12-2001, EA13-2007, EA15-2008, EA16-2009, EA17-2011, EA18-2014, EA19-2015, EA20-2023, EA21-2026)",2019-09-01,0.8,2019
Clothing,"Euro area (EA11-1999, EA12-2001, EA13-2007, EA15-2008, EA16-2009, EA17-2011, EA18-2014, EA19-2015, EA20-2023, EA21-2026)",2019-10-01,0.9,2019
Clothing,"Euro area (EA11-1999, EA12-2001, EA13-2007, EA15-2008, EA16-2009, EA17-2011, EA18-2014, EA19-2015, EA20-2023, EA21-2026)",2019-11-01,0.9,2019
Clothing,"Euro area (EA11-1999, EA12-2001, EA13-2007, EA15-2008, EA16-2009, EA17-2011, EA18-2014, EA19-2015, EA20-2023, EA21-2026)",2019-12-01,1.1,2019
Clothing,"Euro area (EA11-1999, EA12-2001, EA13-2007, EA15-2008, EA16-2009, EA17-2011, EA18-2014, EA19-2015, EA20-2023, EA21-2026)",2020-01-01,0.7,2020
Clothing,"Euro area (EA11-1999, EA12-2001, EA13-2007, EA15-2008, EA16-2009, EA17-2011, EA18-2014, EA19-2015, EA20-2023, EA21-2026)",2020-02-01,1.0,2020
Clothing,"Euro area (EA11-1999, EA12-2001, EA13-2007, EA15-2008, EA16-2009, EA17-2011, EA18-2014, EA19-2015, EA20-2023, EA21-2026)",2020-03-01,1.0,2020
Clothing,"Euro area (EA11-1999, EA12-2001, EA13-2007, EA15-2008, EA16-2009, EA17-2011, EA18-2014, EA19-2015, EA20-2023, EA21-2026)",2020-04-01,-0.1,2020
Clothing,"Euro area (EA11-1999, EA12-2001, EA13-2007, EA15-2008, EA16-2009, EA17-2011, EA18-2014, EA19-2015, EA20-2023, EA21-2026)",2020-05-01,-0.4,2020
Clothing,"Euro area (EA11-1999, EA12-2001, EA13-2007, EA15-2008, EA16-2009, EA17-2011, EA18-2014, EA19-2015, EA20-2023, EA21-2026)",2020-06-01,-0.6,2020
Clothing,"Euro area (EA11-1999, EA12-2001, EA13-2007, EA15-2008, EA16-2009, EA17-2011, EA18-2014, EA19-2015, EA20-2023, EA21-2026)",2020-07-01,7.1,2020
Clothing,"Euro area (EA11-1999, EA12-2001, EA13-2007, EA15-2008, EA16-2009, EA17-2011, EA18-2014, EA19-2015, EA20-2023, EA21-2026)",2020-08-01,-1.0,2020
Clothing,"Euro area (EA11-1999, EA12-2001, EA13-2007, EA15-2008, EA16-2009, EA17-2011, EA18-2014, EA19-2015, EA20-2023, EA21-2026)",2020-09-01,-1.4,2020
Clothing,"Euro area (EA11-1999, EA12-2001, EA13-2007, EA15-2008, EA16-2009, EA17-2011, EA18-2014, EA19-2015, EA20-2023, EA21-2026)",2020-10-01,-0.4,2020
Clothing,"Euro area (EA11-1999, EA12-2001, EA13-2007, EA15-2008, EA16-2009, EA17-2011, EA18-2014, EA19-2015, EA20-2023, EA21-2026)",2020-11-01,-0.9,2020
Clothing,"Euro area (EA11-1999, EA12-2001, EA13-2007, EA15-2008, EA16-2009, EA17-2011, EA18-2014, EA19-2015, EA20-2023, EA21-2026)",2020-12-01,-2.2,2020
Clothing,"Euro area (EA11-1999, EA12-2001, EA13-2007, EA15-2008, EA16-2009, EA17-2011, EA18-2014, EA19-2015, EA20-2023, EA21-2026)",2021-01-01,2.8,2021
Clothing,"Euro area (EA11-1999, EA12-2001, EA13-2007, EA15-2008, EA16-2009, EA17-2011, EA18-2014, EA19-2015, EA20-2023, EA21-2026)",2021-02-01,0.8,2021
Clothing,"Euro area (EA11-1999, EA12-2001, EA13-2007, EA15-2008, EA16-2009, EA17-2011, EA18-2014, EA19-2015, EA20-2023, EA21-2026)",2021-03-01,-1.2,2021
Clothing,"Euro area (EA11-1999, EA12-2001, EA13-2007, EA15-2008, EA16-2009, EA17-2011, EA18-2014, EA19-2015, EA20-2023, EA21-2026)",2021-04-01,-0.3,2021
Clothing,"Euro area (EA11-1999, EA12-2001, EA13-2007, EA15-2008, EA16-2009, EA17-2011, EA18-2014, EA19-2015, EA20-2023, EA21-2026)",2021-05-01,0.6,2021
Clothing,"Euro area (EA11-1999, EA12-2001, EA13-2007, EA15-2008, EA16-2009, EA17-2011, EA18-2014, EA19-2015, EA20-2023, EA21-2026)",2021-06-01,2.1,2021
Clothing,"Euro area (EA11-1999, EA12-2001, EA13-2007, EA15-2008, EA16-2009, EA17-2011, EA18-2014, EA19-2015, EA20-2023, EA21-2026)",2021-07-01,-3.4,2021
Clothing,"Euro area (EA11-1999, EA12-2001, EA13-2007, EA15-2008, EA16-2009, EA17-2011, EA18-2014, EA19-2015, EA20-2023, EA21-2026)",2021-08-01,3.8,2021
Clothing,"Euro area (EA11-1999, EA12-2001, EA13-2007, EA15-2008, EA16-2009, EA17-2011, EA18-2014, EA19-2015, EA20-2023, EA21-2026)",2021-09-01,1.7,2021
Clothing,"Euro area (EA11-1999, EA12-2001, EA13-2007, EA15-2008, EA16-2009, EA17-2011, EA18-2014, EA19-2015, EA20-2023, EA21-2026)",2021-10-01,0.9,2021
Clothing,"Euro area (EA11-1999, EA12-2001, EA13-2007, EA15-2008, EA16-2009, EA17-2011, EA18-2014, EA19-2015, EA20-2023, EA21-2026)",2021-11-01,1.5,2021
Clothing,"Euro area (EA11-1999, EA12-2001, EA13-2007, EA15-2008, EA16-2009, EA17-2011, EA18-2014, EA19-2015, EA20-2023, EA21-2026)",2021-12-01,3.0,2021
Clothing,"Euro area (EA11-1999, EA12-2001, EA13-2007, EA15-2008, EA16-2009, EA17-2011, EA18-2014, EA19-2015, EA20-2023, EA21-2026)",2022-01-01,-0.5,2022
Clothing,"Euro area (EA11-1999, EA12-2001, EA13-2007, EA15-2008, EA16-2009, EA17-2011, EA18-2014, EA19-2015, EA20-2023, EA21-2026)",2022-02-01,2.0,2022
Clothing,"Euro area (EA11-1999, EA12-2001, EA13-2007, EA15-2008, EA16-2009, EA17-2011, EA18-2014, EA19-2015, EA20-2023, EA21-2026)",2022-03-01,2.2,2022
Clothing,"Euro area (EA11-1999, EA12-2001, EA13-2007, EA15-2008, EA16-2009, EA17-2011, EA18-2014, EA19-2015, EA20-2023, EA21-2026)",2022-04-01,2.1,2022
Clothing,"Euro area (EA11-1999, EA12-2001, EA13-2007, EA15-2008, EA16-2009, EA17-2011, EA18-2014, EA19-2015, EA20-2023, EA21-2026)",2022-05-01,1.7,2022
Clothing,"Euro area (EA11-1999, EA12-2001, EA13-2007, EA15-2008, EA16-2009, EA17-2011, EA18-2014, EA19-2015, EA20-2023, EA21-2026)",2022-06-01,0.4,2022
Clothing,"Euro area (EA11-1999, EA12-2001, EA13-2007, EA15-2008, EA16-2009, EA17-2011, EA18-2014, EA19-2015, EA20-2023, EA21-2026)",2022-07-01,-0.4,2022
Clothing,"Euro area (EA11-1999, EA12-2001, EA13-2007, EA15-2008, EA16-2009, EA17-2011, EA18-2014, EA19-2015, EA20-2023, EA21-2026)",2022-08-01,1.9,2022
Clothing,"Euro area (EA11-1999, EA12-2001, EA13-2007, EA15-2008, EA16-2009, EA17-2011, EA18-2014, EA19-2015, EA20-2023, EA21-2026)",2022-09-01,3.4,2022
Clothing,"Euro area (EA11-1999, EA12-2001, EA13-2007, EA15-2008, EA16-2009, EA17-2011, EA18-2014, EA19-2015, EA20-2023, EA21-2026)",2022-10-01,4.0,2022
Clothing,"Euro area (EA11-1999, EA12-2001, EA13-2007, EA15-2008, EA16-2009, EA17-2011, EA18-2014, EA19-2015, EA20-2023, EA21-2026)",2022-11-01,3.6,2022
Clothing,"Euro area (EA11-1999, EA12-2001, EA13-2007, EA15-2008, EA16-2009, EA17-2011, EA18-2014, EA19-2015, EA20-2023, EA21-2026)",2022-12-01,3.9,2022
Clothing,"Euro area (EA11-1999, EA12-2001, EA13-2007, EA15-2008, EA16-2009, EA17-2011, EA18-2014, EA19-2015, EA20-2023, EA21-2026)",2023-01-01,5.2,2023
Clothing,"Euro area (EA11-1999, EA12-2001, EA13-2007, EA15-2008, EA16-2009, EA17-2011, EA18-2014, EA19-2015, EA20-2023, EA21-2026)",2023-02-01,5.7,2023
Clothing,"Euro area (EA11-1999, EA12-2001, EA13-2007, EA15-2008, EA16-2009, EA17-2011, EA18-2014, EA19-2015, EA20-2023, EA21-2026)",2023-03-01,4.7,2023
Clothing,"Euro area (EA11-1999, EA12-2001, EA13-2007, EA15-2008, EA16-2009, EA17-2011, EA18-2014, EA19-2015, EA20-2023, EA21-2026)",2023-04-01,4.4,2023
Clothing,"Euro area (EA11-1999, EA12-2001, EA13-2007, EA15-2008, EA16-2009, EA17-2011, EA18-2014, EA19-2015, EA20-2023, EA21-2026)",2023-05-01,4.3,2023
Clothing,"Euro area (EA11-1999, EA12-2001, EA13-2007, EA15-2008, EA16-2009, EA17-2011, EA18-2014, EA19-2015, EA20-2023, EA21-2026)",2023-06-01,4.5,2023
Clothing,"Euro area (EA11-1999, EA12-2001, EA13-2007, EA15-2008, EA16-2009, EA17-2011, EA18-2014, EA19-2015, EA20-2023, EA21-2026)",2023-07-01,3.9,2023
Clothing,"Euro area (EA11-1999, EA12-2001, EA13-2007, EA15-2008, EA16-2009, EA17-2011, EA18-2014, EA19-2015, EA20-2023, EA21-2026)",2023-08-01,4.1,2023
Clothing,"Euro area (EA11-1999, EA12-2001, EA13-2007, EA15-2008, EA16-2009, EA17-2011, EA18-2014, EA19-2015, EA20-2023, EA21-2026)",2023-09-01,3.0,2023
Clothing,"Euro area (EA11-1999, EA12-2001, EA13-2007, EA15-2008, EA16-2009, EA17-2011, EA18-2014, EA19-2015, EA20-2023, EA21-2026)",2023-10-01,2.5,2023
Clothing,"Euro area (EA11-1999, EA12-2001, EA13-2007, EA15-2008, EA16-2009, EA17-2011, EA18-2014, EA19-2015, EA20-2023, EA21-2026)",2023-11-01,2.1,2023
Clothing,"Euro area (EA11-1999, EA12-2001, EA13-2007, EA15-2008, EA16-2009, EA17-2011, EA18-2014, EA19-2015, EA20-2023, EA21-2026)",2023-12-01,2.2,2023
Clothing,"Euro area (EA11-1999, EA12-2001, EA13-2007, EA15-2008, EA16-2009, EA17-2011, EA18-2014, EA19-2015, EA20-2023, EA21-2026)",2024-01-01,1.7,2024
Clothing,"Euro area (EA11-1999, EA12-2001, EA13-2007, EA15-2008, EA16-2009, EA17-2011, EA18-2014, EA19-2015, EA20-2023, EA21-2026)",2024-02-01,2.1,2024
Clothing,"Euro area (EA11-1999, EA12-2001, EA13-2007, EA15-2008, EA16-2009, EA17-2011, EA18-2014, EA19-2015, EA20-2023, EA21-2026)",2024-03-01,1.3,2024
Clothing,"Euro area (EA11-1999, EA12-2001, EA13-2007, EA15-2008, EA16-2009, EA17-2011, EA18-2014, EA19-2015, EA20-2023, EA21-2026)",2024-04-01,1.3,2024
Clothing,"Euro area (EA11-1999, EA12-2001, EA13-2007, EA15-2008, EA16-2009, EA17-2011, EA18-2014, EA19-2015, EA20-2023, EA21-2026)",2024-05-01,1.1,2024
Clothing,"Euro area (EA11-1999, EA12-2001, EA13-2007, EA15-2008, EA16-2009, EA17-2011, EA18-2014, EA19-2015, EA20-2023, EA21-2026)",2024-06-01,1.7,2024
Clothing,"Euro area (EA11-1999, EA12-2001, EA13-2007, EA15-2008, EA16-2009, EA17-2011, EA18-2014, EA19-2015, EA20-2023, EA21-2026)",2024-07-01,2.2,2024
Clothing,"Euro area (EA11-1999, EA12-2001, EA13-2007, EA15-2008, EA16-2009, EA17-2011, EA18-2014, EA19-2015, EA20-2023, EA21-2026)",2024-08-01,0.9,2024
Clothing,"Euro area (EA11-1999, EA12-2001, EA13-2007, EA15-2008, EA16-2009, EA17-2011, EA18-2014, EA19-2015, EA20-2023, EA21-2026)",2024-09-01,1.1,2024
Clothing,"Euro area (EA11-1999, EA12-2001, EA13-2007, EA15-2008, EA16-2009, EA17-2011, EA18-2014, EA19-2015, EA20-2023, EA21-2026)",2024-10-01,1.0,2024
Clothing,"Euro area (EA11-1999, EA12-2001, EA13-2007, EA15-2008, EA16-2009, EA17-2011, EA18-2014, EA19-2015, EA20-2023, EA21-2026)",2024-11-01,1.6,2024
Clothing,"Euro area (EA11-1999, EA12-2001, EA13-2007, EA15-2008, EA16-2009, EA17-2011, EA18-2014, EA19-2015, EA20-2023, EA21-2026)",2024-12-01,0.9,2024
Clothing,"Euro area (EA11-1999, EA12-2001, EA13-2007, EA15-2008, EA16-2009, EA17-2011, EA18-2014, EA19-2015, EA20-2023, EA21-2026)",2025-01-01,-0.2,2025
Clothing,"Euro area (EA11-1999, EA12-2001, EA13-2007, EA15-2008, EA16-2009, EA17-2011, EA18-2014, EA19-2015, EA20-2023, EA21-2026)",2025-02-01,0.0,2025
Clothing,"Euro area (EA11-1999, EA12-2001, EA13-2007, EA15-2008, EA16-2009, EA17-2011, EA18-2014, EA19-2015, EA20-2023, EA21-2026)",2025-03-01,0.3,2025
Clothing,"Euro area (EA11-1999, EA12-2001, EA13-2007, EA15-2008, EA16-2009, EA17-2011, EA18-2014, EA19-2015, EA20-2023, EA21-2026)",2025-04-01,0.2,2025
Clothing,"Euro area (EA11-1999, EA12-2001, EA13-2007, EA15-2008, EA16-2009, EA17-2011, EA18-2014, EA19-2015, EA20-2023, EA21-2026)",2025-05-01,0.1,2025
Clothing,"Euro area (EA11-1999, EA12-2001, EA13-2007, EA15-2008, EA16-2009, EA17-2011, EA18-2014, EA19-2015, EA20-2023, EA21-2026)",2025-06-01,-0.4,2025
Clothing,"Euro area (EA11-1999, EA12-2001, EA13-2007, EA15-2008, EA16-2009, EA17-2011, EA18-2014, EA19-2015, EA20-2023, EA21-2026)",2025-07-01,0.1,2025
Clothing,"Euro area (EA11-1999, EA12-2001, EA13-2007, EA15-2008, EA16-2009, EA17-2011, EA18-2014, EA19-2015, EA20-2023, EA21-2026)",2025-08-01,0.5,2025
Clothing,"Euro area (EA11-1999, EA12-2001, EA13-2007, EA15-2008, EA16-2009, EA17-2011, EA18-2014, EA19-2015, EA20-2023, EA21-2026)",2025-09-01,1.1,2025
Clothing,"Euro area (EA11-1999, EA12-2001, EA13-2007, EA15-2008, EA16-2009, EA17-2011, EA18-2014, EA19-2015, EA20-2023, EA21-2026)",2025-10-01,0.7,2025
Clothing,"Euro area (EA11-1999, EA12-2001, EA13-2007, EA15-2008, EA16-2009, EA17-2011, EA18-2014, EA19-2015, EA20-2023, EA21-2026)",2025-11-01,0.6,2025
Clothing,"Euro area (EA11-1999, EA12-2001, EA13-2007, EA15-2008, EA16-2009, EA17-2011, EA18-2014, EA19-2015, EA20-2023, EA21-2026)",2025-12-01,0.4,2025
Clothing,Spain,2019-01-01,1.0,2019
Clothing,Spain,2019-02-01,-0.1,2019
Clothing,Spain,2019-03-01,-0.4,2019
Clothing,Spain,2019-04-01,1.8,2019
Clothing,Spain,2019-05-01,1.8,2019
Clothing,Spain,2019-06-01,1.8,2019
Clothing,Spain,2019-07-01,1.7,2019
Clothing,Spain,2019-08-01,1.9,2019
Clothing,Spain,2019-09-01,1.6,2019
Clothing,Spain,2019-10-01,0.5,2019
Clothing,Spain,2019-11-01,0.6,2019
Clothing,Spain,2019-12-01,0.5,2019
Clothing,Spain,2020-01-01,0.8,2020
Clothing,Spain,2020-02-01,2.1,2020
Clothing,Spain,2020-03-01,1.7,2020
Clothing,Spain,2020-04-01,0.1,2020
Clothing,Spain,2020-05-01,0.2,2020
Clothing,Spain,2020-06-01,0.3,2020
Clothing,Spain,2020-07-01,0.4,2020
Clothing,Spain,2020-08-01,0.3,2020
Clothing,Spain,2020-09-01,-0.7,2020
Clothing,Spain,2020-10-01,0.5,2020
Clothing,Spain,2020-11-01,1.3,2020
Clothing,Spain,2020-12-01,1.3,2020
Clothing,Spain,2021-01-01,1.4,2021
Clothing,Spain,2021-02-01,1.5,2021
Clothing,Spain,2021-03-01,1.1,2021
Clothing,Spain,2021-04-01,0.5,2021
Clothing,Spain,2021-05-01,0.8,2021
Clothing,Spain,2021-06-01,0.7,2021
Clothing,Spain,2021-07-01,0.9,2021
Clothing,Spain,2021-08-01,1.0,2021
Clothing,Spain,2021-09-01,2.0,2021
Clothing,Spain,2021-10-01,1.3,2021
Clothing,Spain,2021-11-01,0.6,2021
Clothing,Spain,2021-12-01,0.7,2021
Clothing,Spain,2022-01-01,4.7,2022
Clothing,Spain,2022-02-01,4.2,2022
Clothing,Spain,2022-03-01,2.9,2022
Clothing,Spain,2022-04-01,-2.4,2022
Clothing,Spain,2022-05-01,-4.5,2022
Clothing,Spain,2022-06-01,-3.9,2022
Clothing,Spain,2022-07-01,-0.9,2022
Clothing,Spain,2022-08-01,0.5,2022
Clothing,Spain,2022-09-01,3.9,2022
Clothing,Spain,2022-10-01,0.2,2022
Clothing,Spain,2022-11-01,-2.2,2022
Clothing,Spain,2022-12-01,-3.3,2022
Clothing,Spain,2023-01-01,-0.9,2023
Clothing,Spain,2023-02-01,-0.3,2023
Clothing,Spain,2023-03-01,0.7,2023
Clothing,Spain,2023-04-01,-1.2,2023
Clothing,Spain,2023-05-01,-2.2,2023
Clothing,Spain,2023-06-01,-2.5,2023
Clothing,Spain,2023-07-01,-2.0,2023
Clothing,Spain,2023-08-01,-1.9,2023
Clothing,Spain,2023-09-01,-1.9,2023
Clothing,Spain,2023-10-01,2.1,2023
Clothing,Spain,2023-11-01,1.1,2023
Clothing,Spain,2023-12-01,3.7,2023
Clothing,Spain,2024-01-01,5.6,2024
Clothing,Spain,2024-02-01,4.6,2024
Clothing,Spain,2024-03-01,0.0,2024
Clothing,Spain,2024-04-01,2.0,2024
Clothing,Spain,2024-05-01,2.4,2024
Clothing,Spain,2024-06-01,2.6,2024
Clothing,Spain,2024-07-01,3.0,2024
Clothing,Spain,2024-08-01,2.1,2024
Clothing,Spain,2024-09-01,5.3,2024
Clothing,Spain,2024-10-01,-0.2,2024
Clothing,Spain,2024-11-01,-1.3,2024
Clothing,Spain,2024-12-01,-1.0,2024
Clothing,Spain,2025-01-01,-1.9,2025
Clothing,Spain,2025-02-01,-1.4,2025
Clothing,Spain,2025-03-01,-1.5,2025
Clothing,Spain,2025-04-01,-1.2,2025
Clothing,Spain,2025-05-01,-1.6,2025
Clothing,Spain,2025-06-01,-1.7,2025
Clothing,Spain,2025-07-01,-0.8,2025
Clothing,Spain,2025-08-01,-1.1,2025
Clothing,Spain,2025-09-01,-1.3,2025
Clothing,Spain,2025-10-01,-0.2,2025
Clothing,Spain,2025-11-01,0.7,2025
Clothing,Spain,2025-12-01,0.6,2025
Clothing,France,2019-01-01,0.4,2019
Clothing,France,2019-02-01,0.6,2019
Clothing,France,2019-03-01,-0.6,2019
Clothing,France,2019-04-01,-0.4,2019
Clothing,France,2019-05-01,-0.8,2019
Clothing,France,2019-06-01,-1.0,2019
Clothing,France,2019-07-01,-0.1,2019
Clothing,France,2019-08-01,-1.7,2019
Clothing,France,2019-09-01,-1.2,2019
Clothing,France,2019-10-01,0.3,2019
Clothing,France,2019-11-01,-0.1,2019
Clothing,France,2019-12-01,-0.2,2019
Clothing,France,2020-01-01,0.2,2020
Clothing,France,2020-02-01,2.2,2020
Clothing,France,2020-03-01,0.3,2020
Clothing,France,2020-04-01,-0.2,2020
Clothing,France,2020-05-01,-2.2,2020
Clothing,France,2020-06-01,-2.9,2020
Clothing,France,2020-07-01,11.6,2020
Clothing,France,2020-08-01,-0.8,2020
Clothing,France,2020-09-01,-0.6,2020
Clothing,France,2020-10-01,-0.5,2020
Clothing,France,2020-11-01,-1.6,2020
Clothing,France,2020-12-01,-2.5,2020
Clothing,France,2021-01-01,4.3,2021
Clothing,France,2021-02-01,-2.4,2021
Clothing,France,2021-03-01,-2.2,2021
Clothing,France,2021-04-01,-2.3,2021
Clothing,France,2021-05-01,-0.2,2021
Clothing,France,2021-06-01,2.1,2021
Clothing,France,2021-07-01,-7.8,2021
Clothing,France,2021-08-01,3.9,2021
Clothing,France,2021-09-01,0.2,2021
Clothing,France,2021-10-01,-0.3,2021
Clothing,France,2021-11-01,1.3,2021
Clothing,France,2021-12-01,2.9,2021
Clothing,France,2022-01-01,-1.7,2022
Clothing,France,2022-02-01,5.2,2022
Clothing,France,2022-03-01,3.1,2022
Clothing,France,2022-04-01,4.0,2022
Clothing,France,2022-05-01,3.9,2022
Clothing,France,2022-06-01,0.4,2022
Clothing,France,2022-07-01,0.2,2022
Clothing,France,2022-08-01,2.7,2022
Clothing,France,2022-09-01,2.9,2022
Clothing,France,2022-10-01,3.2,2022
Clothing,France,2022-11-01,3.3,2022
Clothing,France,2022-12-01,2.6,2022
Clothing,France,2023-01-01,2.8,2023
Clothing,France,2023-02-01,2.8,2023
Clothing,France,2023-03-01,3.1,2023
Clothing,France,2023-04-01,2.9,2023
Clothing,France,2023-05-01,2.7,2023
Clothing,France,2023-06-01,4.6,2023
Clothing,France,2023-07-01,3.4,2023
Clothing,France,2023-08-01,2.0,2023
Clothing,France,2023-09-01,2.5,2023
Clothing,France,2023-10-01,1.8,2023
Clothing,France,2023-11-01,1.6,2023
Clothing,France,2023-12-01,1.4,2023
Clothing,France,2024-01-01,0.4,2024
Clothing,France,2024-02-01,1.2,2024
Clothing,France,2024-03-01,0.5,2024
Clothing,France,2024-04-01,0.6,2024
Clothing,France,2024-05-01,0.7,2024
Clothing,France,2024-06-01,1.0,2024
Clothing,France,2024-07-01,0.8,2024
Clothing,France,2024-08-01,0.9,2024
Clothing,France,2024-09-01,-0.3,2024
Clothing,France,2024-10-01,0.4,2024
Clothing,France,2024-11-01,0.2,2024
Clothing,France,2024-12-01,0.0,2024
Clothing,France,2025-01-01,2.0,2025
Clothing,France,2025-02-01,1.6,2025
Clothing,France,2025-03-01,0.4,2025
Clothing,France,2025-04-01,0.0,2025
Clothing,France,2025-05-01,-0.1,2025
Clothing,France,2025-06-01,0.2,2025
Clothing,France,2025-07-01,2.0,2025
Clothing,France,2025-08-01,1.3,2025
Clothing,France,2025-09-01,0.4,2025
Clothing,France,2025-10-01,0.1,2025
Clothing,France,2025-11-01,0.4,2025
Clothing,France,2025-12-01,0.2,2025
Clothing,Italy,2019-01-01,-0.1,2019
Clothing,Italy,2019-02-01,-0.2,2019
Clothing,Italy,2019-03-01,0.5,2019
Clothing,Italy,2019-04-01,0.5,2019
Clothing,Italy,2019-05-01,0.5,2019
Clothing,Italy,2019-06-01,0.3,2019
Clothing,Italy,2019-07-01,-1.8,2019
Clothing,Italy,2019-08-01,0.5,2019
Clothing,Italy,2019-09-01,0.2,2019
Clothing,Italy,2019-10-01,0.7,2019
Clothing,Italy,2019-11-01,0.8,2019
Clothing,Italy,2019-12-01,0.9,2019
Clothing,Italy,2020-01-01,-0.5,2020
Clothing,Italy,2020-02-01,0.0,2020
Clothing,Italy,2020-03-01,-0.1,2020
Clothing,Italy,2020-04-01,1.0,2020
Clothing,Italy,2020-05-01,0.7,2020
Clothing,Italy,2020-06-01,0.6,2020
Clothing,Italy,2020-07-01,19.5,2020
Clothing,Italy,2020-08-01,3.9,2020
Clothing,Italy,2020-09-01,-1.7,2020
Clothing,Italy,2020-10-01,0.2,2020
Clothing,Italy,2020-11-01,0.4,2020
Clothing,Italy,2020-12-01,0.0,2020
Clothing,Italy,2021-01-01,5.1,2021
Clothing,Italy,2021-02-01,5.8,2021
Clothing,Italy,2021-03-01,-0.4,2021
Clothing,Italy,2021-04-01,0.1,2021
Clothing,Italy,2021-05-01,0.4,2021
Clothing,Italy,2021-06-01,0.9,2021
Clothing,Italy,2021-07-01,-12.5,2021
Clothing,Italy,2021-08-01,2.1,2021
Clothing,Italy,2021-09-01,2.8,2021
Clothing,Italy,2021-10-01,1.1,2021
Clothing,Italy,2021-11-01,1.1,2021
Clothing,Italy,2021-12-01,1.4,2021
Clothing,Italy,2022-01-01,-2.5,2022
Clothing,Italy,2022-02-01,0.1,2022
Clothing,Italy,2022-03-01,1.5,2022
Clothing,Italy,2022-04-01,1.9,2022
Clothing,Italy,2022-05-01,2.1,2022
Clothing,Italy,2022-06-01,2.2,2022
Clothing,Italy,2022-07-01,-1.6,2022
Clothing,Italy,2022-08-01,2.9,2022
Clothing,Italy,2022-09-01,3.1,2022
Clothing,Italy,2022-10-01,3.5,2022
Clothing,Italy,2022-11-01,3.4,2022
Clothing,Italy,2022-12-01,3.8,2022
Clothing,Italy,2023-01-01,6.9,2023
Clothing,Italy,2023-02-01,7.9,2023
Clothing,Italy,2023-03-01,4.1,2023
Clothing,Italy,2023-04-01,3.5,2023
Clothing,Italy,2023-05-01,3.4,2023
Clothing,Italy,2023-06-01,3.4,2023
Clothing,Italy,2023-07-01,5.5,2023
Clothing,Italy,2023-08-01,3.1,2023
Clothing,Italy,2023-09-01,2.3,2023
Clothing,Italy,2023-10-01,2.2,2023
Clothing,Italy,2023-11-01,2.0,2023
Clothing,Italy,2023-12-01,2.0,2023
Clothing,Italy,2024-01-01,2.0,2024
Clothing,Italy,2024-02-01,2.0,2024
Clothing,Italy,2024-03-01,0.9,2024
Clothing,Italy,2024-04-01,1.7,2024
Clothing,Italy,2024-05-01,1.4,2024
Clothing,Italy,2024-06-01,1.3,2024
Clothing,Italy,2024-07-01,3.4,2024
Clothing,Italy,2024-08-01,1.0,2024
Clothing,Italy,2024-09-01,0.1,2024
Clothing,Italy,2024-10-01,1.1,2024
Clothing,Italy,2024-11-01,1.1,2024
Clothing,Italy,2024-12-01,0.8,2024
Clothing,Italy,2025-01-01,1.1,2025
Clothing,Italy,2025-02-01,-0.4,2025
Clothing,Italy,2025-03-01,1.4,2025
Clothing,Italy,2025-04-01,0.7,2025
Clothing,Italy,2025-05-01,0.9,2025
Clothing,Italy,2025-06-01,1.0,2025
Clothing,Italy,2025-07-01,1.0,2025
Clothing,Italy,2025-08-01,0.4,2025
Clothing,Italy,2025-09-01,2.0,2025
Clothing,Italy,2025-10-01,1.0,2025
Clothing,Italy,2025-11-01,1.1,2025
Clothing,Italy,2025-12-01,1.2,2025
Clothing,Portugal,2019-01-01,-2.6,2019
Clothing,Portugal,2019-02-01,-3.3,2019
Clothing,Portugal,2019-03-01,-2.2,2019
Clothing,Portugal,2019-04-01,-2.8,2019
Clothing,Portugal,2019-05-01,-2.9,2019
Clothing,Portugal,2019-06-01,-3.6,2019
Clothing,Portugal,2019-07-01,-5.6,2019
Clothing,Portugal,2019-08-01,-5.1,2019
Clothing,Portugal,2019-09-01,-1.2,2019
Clothing,Portugal,2019-10-01,-1.0,2019
Clothing,Portugal,2019-11-01,-0.4,2019
Clothing,Portugal,2019-12-01,-0.9,2019
Clothing,Portugal,2020-01-01,-0.5,2020
Clothing,Portugal,2020-02-01,-1.3,2020
Clothing,Portugal,2020-03-01,-1.0,2020
Clothing,Portugal,2020-04-01,-5.0,2020
Clothing,Portugal,2020-05-01,-6.3,2020
Clothing,Portugal,2020-06-01,-4.9,2020
Clothing,Portugal,2020-07-01,2.5,2020
Clothing,Portugal,2020-08-01,2.5,2020
Clothing,Portugal,2020-09-01,-2.0,2020
Clothing,Portugal,2020-10-01,-2.7,2020
Clothing,Portugal,2020-11-01,-3.5,2020
Clothing,Portugal,2020-12-01,-4.6,2020
Clothing,Portugal,2021-01-01,-1.5,2021
Clothing,Portugal,2021-02-01,-1.8,2021
Clothing,Portugal,2021-03-01,-2.8,2021
Clothing,Portugal,2021-04-01,2.1,2021
Clothing,Portugal,2021-05-01,3.3,2021
Clothing,Portugal,2021-06-01,3.1,2021
Clothing,Portugal,2021-07-01,-1.4,2021
Clothing,Portugal,2021-08-01,-2.9,2021
Clothing,Portugal,2021-09-01,-1.7,2021
Clothing,Portugal,2021-10-01,-0.9,2021
Clothing,Portugal,2021-11-01,0.3,2021
Clothing,Portugal,2021-12-01,2.7,2021
Clothing,Portugal,2022-01-01,3.0,2022
Clothing,Portugal,2022-02-01,3.4,2022
Clothing,Portugal,2022-03-01,-0.2,2022
Clothing,Portugal,2022-04-01,-0.8,2022
Clothing,Portugal,2022-05-01,0.4,2022
Clothing,Portugal,2022-06-01,0.1,2022
Clothing,Portugal,2022-07-01,0.3,2022
Clothing,Portugal,2022-08-01,-1.4,2022
Clothing,Portugal,2022-09-01,2.2,2022
Clothing,Portugal,2022-10-01,2.8,2022
Clothing,Portugal,2022-11-01,1.9,2022
Clothing,Portugal,2022-12-01,2.1,2022
Clothing,Portugal,2023-01-01,2.7,2023
Clothing,Portugal,2023-02-01,2.2,2023
Clothing,Portugal,2023-03-01,2.4,2023
Clothing,Portugal,2023-04-01,2.4,2023
Clothing,Portugal,2023-05-01,1.8,2023
Clothing,Portugal,2023-06-01,1.7,2023
Clothing,Portugal,2023-07-01,0.8,2023
Clothing,Portugal,2023-08-01,0.7,2023
Clothing,Portugal,2023-09-01,1.0,2023
Clothing,Portugal,2023-10-01,0.5,2023
Clothing,Portugal,2023-11-01,0.1,2023
Clothing,Portugal,2023-12-01,-0.8,2023
Clothing,Portugal,2024-01-01,-3.2,2024
Clothing,Portugal,2024-02-01,-4.1,2024
Clothing,Portugal,2024-03-01,-0.7,2024
Clothing,Portugal,2024-04-01,0.1,2024
Clothing,Portugal,2024-05-01,-0.6,2024
Clothing,Portugal,2024-06-01,-0.7,2024
Clothing,Portugal,2024-07-01,-0.2,2024
Clothing,Portugal,2024-08-01,0.7,2024
Clothing,Portugal,2024-09-01,-0.9,2024
Clothing,Portugal,2024-10-01,-1.3,2024
Clothing,Portugal,2024-11-01,-0.7,2024
Clothing,Portugal,2024-12-01,0.1,2024
Clothing,Portugal,2025-01-01,0.8,2025
Clothing,Portugal,2025-02-01,2.9,2025
Clothing,Portugal,2025-03-01,-0.5,2025
Clothing,Portugal,2025-04-01,-1.3,2025
Clothing,Portugal,2025-05-01,-1.3,2025
Clothing,Portugal,2025-06-01,-0.5,2025
Clothing,Portugal,2025-07-01,-1.9,2025
Clothing,Portugal,2025-08-01,-1.5,2025
Clothing,Portugal,2025-09-01,-0.7,2025
Clothing,Portugal,2025-10-01,-0.7,2025
Clothing,Portugal,2025-11-01,-1.0,2025
Clothing,Portugal,2025-12-01,-1.3,2025
"Housing, water, electricity, gas and other fuels",Germany,2019-01-01,2.2,2019
"Housing, water, electricity, gas and other fuels",Germany,2019-02-01,2.5,2019
"Housing, water, electricity, gas and other fuels",Germany,2019-03-01,2.5,2019
"Housing, water, electricity, gas and other fuels",Germany,2019-04-01,2.5,2019
"Housing, water, electricity, gas and other fuels",Germany,2019-05-01,2.3,2019
"Housing, water, electricity, gas and other fuels",Germany,2019-06-01,2.2,2019
"Housing, water, electricity, gas and other fuels",Germany,2019-07-01,2.3,2019
"Housing, water, electricity, gas and other fuels",Germany,2019-08-01,2.0,2019
"Housing, water, electricity, gas and other fuels",Germany,2019-09-01,1.7,2019
"Housing, water, electricity, gas and other fuels",Germany,2019-10-01,1.4,2019
"Housing, water, electricity, gas and other fuels",Germany,2019-11-01,1.0,2019
"Housing, water, electricity, gas and other fuels",Germany,2019-12-01,1.8,2019
"Housing, water, electricity, gas and other fuels",Germany,2020-01-01,1.9,2020
"Housing, water, electricity, gas and other fuels",Germany,2020-02-01,1.6,2020
"Housing, water, electricity, gas and other fuels",Germany,2020-03-01,1.3,2020
"Housing, water, electricity, gas and other fuels",Germany,2020-04-01,1.1,2020
"Housing, water, electricity, gas and other fuels",Germany,2020-05-01,0.7,2020
"Housing, water, electricity, gas and other fuels",Germany,2020-06-01,0.8,2020
"Housing, water, electricity, gas and other fuels",Germany,2020-07-01,-0.1,2020
"Housing, water, electricity, gas and other fuels",Germany,2020-08-01,-0.2,2020
"Housing, water, electricity, gas and other fuels",Germany,2020-09-01,-0.5,2020
"Housing, water, electricity, gas and other fuels",Germany,2020-10-01,-0.6,2020
"Housing, water, electricity, gas and other fuels",Germany,2020-11-01,-0.6,2020
"Housing, water, electricity, gas and other fuels",Germany,2020-12-01,-0.4,2020
"Housing, water, electricity, gas and other fuels",Germany,2021-01-01,0.4,2021
"Housing, water, electricity, gas and other fuels",Germany,2021-02-01,0.8,2021
"Housing, water, electricity, gas and other fuels",Germany,2021-03-01,1.2,2021
"Housing, water, electricity, gas and other fuels",Germany,2021-04-01,1.3,2021
"Housing, water, electricity, gas and other fuels",Germany,2021-05-01,1.7,2021
"Housing, water, electricity, gas and other fuels",Germany,2021-06-01,1.9,2021
"Housing, water, electricity, gas and other fuels",Germany,2021-07-01,2.9,2021
"Housing, water, electricity, gas and other fuels",Germany,2021-08-01,3.1,2021
"Housing, water, electricity, gas and other fuels",Germany,2021-09-01,3.5,2021
"Housing, water, electricity, gas and other fuels",Germany,2021-10-01,4.7,2021
"Housing, water, electricity, gas and other fuels",Germany,2021-11-01,5.2,2021
"Housing, water, electricity, gas and other fuels",Germany,2021-12-01,5.0,2021
"Housing, water, electricity, gas and other fuels",Germany,2022-01-01,7.1,2022
"Housing, water, electricity, gas and other fuels",Germany,2022-02-01,8.0,2022
"Housing, water, electricity, gas and other fuels",Germany,2022-03-01,11.7,2022
"Housing, water, electricity, gas and other fuels",Germany,2022-04-01,11.6,2022
"Housing, water, electricity, gas and other fuels",Germany,2022-05-01,12.8,2022
"Housing, water, electricity, gas and other fuels",Germany,2022-06-01,13.9,2022
"Housing, water, electricity, gas and other fuels",Germany,2022-07-01,15.0,2022
"Housing, water, electricity, gas and other fuels",Germany,2022-08-01,16.2,2022
"Housing, water, electricity, gas and other fuels",Germany,2022-09-01,17.9,2022
"Housing, water, electricity, gas and other fuels",Germany,2022-10-01,19.5,2022
"Housing, water, electricity, gas and other fuels",Germany,2022-11-01,19.4,2022
"Housing, water, electricity, gas and other fuels",Germany,2022-12-01,12.9,2022
"Housing, water, electricity, gas and other fuels",Germany,2023-01-01,14.0,2023
"Housing, water, electricity, gas and other fuels",Germany,2023-02-01,12.9,2023
"Housing, water, electricity, gas and other fuels",Germany,2023-03-01,9.1,2023
"Housing, water, electricity, gas and other fuels",Germany,2023-04-01,9.3,2023
"Housing, water, electricity, gas and other fuels",Germany,2023-05-01,7.8,2023
"Housing, water, electricity, gas and other fuels",Germany,2023-06-01,6.4,2023
"Housing, water, electricity, gas and other fuels",Germany,2023-07-01,5.2,2023
"Housing, water, electricity, gas and other fuels",Germany,2023-08-01,4.3,2023
"Housing, water, electricity, gas and other fuels",Germany,2023-09-01,2.4,2023
"Housing, water, electricity, gas and other fuels",Germany,2023-10-01,-0.4,2023
"Housing, water, electricity, gas and other fuels",Germany,2023-11-01,-1.2,2023
"Housing, water, electricity, gas and other fuels",Germany,2023-12-01,4.0,2023
"Housing, water, electricity, gas and other fuels",Germany,2024-01-01,0.5,2024
"Housing, water, electricity, gas and other fuels",Germany,2024-02-01,0.5,2024
"Housing, water, electricity, gas and other fuels",Germany,2024-03-01,0.1,2024
"Housing, water, electricity, gas and other fuels",Germany,2024-04-01,0.6,2024
"Housing, water, electricity, gas and other fuels",Germany,2024-05-01,0.6,2024
"Housing, water, electricity, gas and other fuels",Germany,2024-06-01,0.7,2024
"Housing, water, electricity, gas and other fuels",Germany,2024-07-01,0.8,2024
"Housing, water, electricity, gas and other fuels",Germany,2024-08-01,0.5,2024
"Housing, water, electricity, gas and other fuels",Germany,2024-09-01,0.5,2024
"Housing, water, electricity, gas and other fuels",Germany,2024-10-01,0.8,2024
"Housing, water, electricity, gas and other fuels",Germany,2024-11-01,1.3,2024
"Housing, water, electricity, gas and other fuels",Germany,2024-12-01,1.8,2024
"Housing, water, electricity, gas and other fuels",Germany,2025-01-01,1.0,2025
"Housing, water, electricity, gas and other fuels",Germany,2025-02-01,1.1,2025
"Housing, water, electricity, gas and other fuels",Germany,2025-03-01,1.3,2025
"Housing, water, electricity, gas and other fuels",Germany,2025-04-01,0.7,2025
"Housing, water, electricity, gas and other fuels",Germany,2025-05-01,0.8,2025
"Housing, water, electricity, gas and other fuels",Germany,2025-06-01,0.9,2025
"Housing, water, electricity, gas and other fuels",Germany,2025-07-01,0.9,2025
"Housing, water, electricity, gas and other fuels",Germany,2025-08-01,1.1,2025
"Housing, water, electricity, gas and other fuels",Germany,2025-09-01,1.1,2025
"Housing, water, electricity, gas and other fuels",Germany,2025-10-01,1.1,2025
"Housing, water, electricity, gas and other fuels",Germany,2025-11-01,1.3,2025
"Housing, water, electricity, gas and other fuels",Germany,2025-12-01,1.2,2025
"Housing, water, electricity, gas and other fuels","Euro area (EA11-1999, EA12-2001, EA13-2007, EA15-2008, EA16-2009, EA17-2011, EA18-2014, EA19-2015, EA20-2023, EA21-2026)",2019-01-01,2.6,2019
"Housing, water, electricity, gas and other fuels","Euro area (EA11-1999, EA12-2001, EA13-2007, EA15-2008, EA16-2009, EA17-2011, EA18-2014, EA19-2015, EA20-2023, EA21-2026)",2019-02-01,2.6,2019
"Housing, water, electricity, gas and other fuels","Euro area (EA11-1999, EA12-2001, EA13-2007, EA15-2008, EA16-2009, EA17-2011, EA18-2014, EA19-2015, EA20-2023, EA21-2026)",2019-03-01,2.9,2019
"Housing, water, electricity, gas and other fuels","Euro area (EA11-1999, EA12-2001, EA13-2007, EA15-2008, EA16-2009, EA17-2011, EA18-2014, EA19-2015, EA20-2023, EA21-2026)",2019-04-01,2.8,2019
"Housing, water, electricity, gas and other fuels","Euro area (EA11-1999, EA12-2001, EA13-2007, EA15-2008, EA16-2009, EA17-2011, EA18-2014, EA19-2015, EA20-2023, EA21-2026)",2019-05-01,2.3,2019
"Housing, water, electricity, gas and other fuels","Euro area (EA11-1999, EA12-2001, EA13-2007, EA15-2008, EA16-2009, EA17-2011, EA18-2014, EA19-2015, EA20-2023, EA21-2026)",2019-06-01,2.3,2019
"Housing, water, electricity, gas and other fuels","Euro area (EA11-1999, EA12-2001, EA13-2007, EA15-2008, EA16-2009, EA17-2011, EA18-2014, EA19-2015, EA20-2023, EA21-2026)",2019-07-01,1.5,2019
"Housing, water, electricity, gas and other fuels","Euro area (EA11-1999, EA12-2001, EA13-2007, EA15-2008, EA16-2009, EA17-2011, EA18-2014, EA19-2015, EA20-2023, EA21-2026)",2019-08-01,1.3,2019
"Housing, water, electricity, gas and other fuels","Euro area (EA11-1999, EA12-2001, EA13-2007, EA15-2008, EA16-2009, EA17-2011, EA18-2014, EA19-2015, EA20-2023, EA21-2026)",2019-09-01,1.0,2019
"Housing, water, electricity, gas and other fuels","Euro area (EA11-1999, EA12-2001, EA13-2007, EA15-2008, EA16-2009, EA17-2011, EA18-2014, EA19-2015, EA20-2023, EA21-2026)",2019-10-01,0.4,2019
"Housing, water, electricity, gas and other fuels","Euro area (EA11-1999, EA12-2001, EA13-2007, EA15-2008, EA16-2009, EA17-2011, EA18-2014, EA19-2015, EA20-2023, EA21-2026)",2019-11-01,0.2,2019
"Housing, water, electricity, gas and other fuels","Euro area (EA11-1999, EA12-2001, EA13-2007, EA15-2008, EA16-2009, EA17-2011, EA18-2014, EA19-2015, EA20-2023, EA21-2026)",2019-12-01,0.7,2019
"Housing, water, electricity, gas and other fuels","Euro area (EA11-1999, EA12-2001, EA13-2007, EA15-2008, EA16-2009, EA17-2011, EA18-2014, EA19-2015, EA20-2023, EA21-2026)",2020-01-01,0.6,2020
"Housing, water, electricity, gas and other fuels","Euro area (EA11-1999, EA12-2001, EA13-2007, EA15-2008, EA16-2009, EA17-2011, EA18-2014, EA19-2015, EA20-2023, EA21-2026)",2020-02-01,0.2,2020
"Housing, water, electricity, gas and other fuels","Euro area (EA11-1999, EA12-2001, EA13-2007, EA15-2008, EA16-2009, EA17-2011, EA18-2014, EA19-2015, EA20-2023, EA21-2026)",2020-03-01,-0.4,2020
"Housing, water, electricity, gas and other fuels","Euro area (EA11-1999, EA12-2001, EA13-2007, EA15-2008, EA16-2009, EA17-2011, EA18-2014, EA19-2015, EA20-2023, EA21-2026)",2020-04-01,-1.0,2020
"Housing, water, electricity, gas and other fuels","Euro area (EA11-1999, EA12-2001, EA13-2007, EA15-2008, EA16-2009, EA17-2011, EA18-2014, EA19-2015, EA20-2023, EA21-2026)",2020-05-01,-1.3,2020
"Housing, water, electricity, gas and other fuels","Euro area (EA11-1999, EA12-2001, EA13-2007, EA15-2008, EA16-2009, EA17-2011, EA18-2014, EA19-2015, EA20-2023, EA21-2026)",2020-06-01,-1.1,2020
"Housing, water, electricity, gas and other fuels","Euro area (EA11-1999, EA12-2001, EA13-2007, EA15-2008, EA16-2009, EA17-2011, EA18-2014, EA19-2015, EA20-2023, EA21-2026)",2020-07-01,-1.2,2020
"Housing, water, electricity, gas and other fuels","Euro area (EA11-1999, EA12-2001, EA13-2007, EA15-2008, EA16-2009, EA17-2011, EA18-2014, EA19-2015, EA20-2023, EA21-2026)",2020-08-01,-1.1,2020
"Housing, water, electricity, gas and other fuels","Euro area (EA11-1999, EA12-2001, EA13-2007, EA15-2008, EA16-2009, EA17-2011, EA18-2014, EA19-2015, EA20-2023, EA21-2026)",2020-09-01,-1.2,2020
"Housing, water, electricity, gas and other fuels","Euro area (EA11-1999, EA12-2001, EA13-2007, EA15-2008, EA16-2009, EA17-2011, EA18-2014, EA19-2015, EA20-2023, EA21-2026)",2020-10-01,-1.2,2020
"Housing, water, electricity, gas and other fuels","Euro area (EA11-1999, EA12-2001, EA13-2007, EA15-2008, EA16-2009, EA17-2011, EA18-2014, EA19-2015, EA20-2023, EA21-2026)",2020-11-01,-1.0,2020
"Housing, water, electricity, gas and other fuels","Euro area (EA11-1999, EA12-2001, EA13-2007, EA15-2008, EA16-2009, EA17-2011, EA18-2014, EA19-2015, EA20-2023, EA21-2026)",2020-12-01,-0.6,2020
"Housing, water, electricity, gas and other fuels","Euro area (EA11-1999, EA12-2001, EA13-2007, EA15-2008, EA16-2009, EA17-2011, EA18-2014, EA19-2015, EA20-2023, EA21-2026)",2021-01-01,0.3,2021
"Housing, water, electricity, gas and other fuels","Euro area (EA11-1999, EA12-2001, EA13-2007, EA15-2008, EA16-2009, EA17-2011, EA18-2014, EA19-2015, EA20-2023, EA21-2026)",2021-02-01,0.5,2021
"Housing, water, electricity, gas and other fuels","Euro area (EA11-1999, EA12-2001, EA13-2007, EA15-2008, EA16-2009, EA17-2011, EA18-2014, EA19-2015, EA20-2023, EA21-2026)",2021-03-01,1.6,2021
"Housing, water, electricity, gas and other fuels","Euro area (EA11-1999, EA12-2001, EA13-2007, EA15-2008, EA16-2009, EA17-2011, EA18-2014, EA19-2015, EA20-2023, EA21-2026)",2021-04-01,3.0,2021
"Housing, water, electricity, gas and other fuels","Euro area (EA11-1999, EA12-2001, EA13-2007, EA15-2008, EA16-2009, EA17-2011, EA18-2014, EA19-2015, EA20-2023, EA21-2026)",2021-05-01,3.5,2021
"Housing, water, electricity, gas and other fuels","Euro area (EA11-1999, EA12-2001, EA13-2007, EA15-2008, EA16-2009, EA17-2011, EA18-2014, EA19-2015, EA20-2023, EA21-2026)",2021-06-01,3.7,2021
"Housing, water, electricity, gas and other fuels","Euro area (EA11-1999, EA12-2001, EA13-2007, EA15-2008, EA16-2009, EA17-2011, EA18-2014, EA19-2015, EA20-2023, EA21-2026)",2021-07-01,4.7,2021
"Housing, water, electricity, gas and other fuels","Euro area (EA11-1999, EA12-2001, EA13-2007, EA15-2008, EA16-2009, EA17-2011, EA18-2014, EA19-2015, EA20-2023, EA21-2026)",2021-08-01,5.2,2021
"Housing, water, electricity, gas and other fuels","Euro area (EA11-1999, EA12-2001, EA13-2007, EA15-2008, EA16-2009, EA17-2011, EA18-2014, EA19-2015, EA20-2023, EA21-2026)",2021-09-01,5.9,2021
"Housing, water, electricity, gas and other fuels","Euro area (EA11-1999, EA12-2001, EA13-2007, EA15-2008, EA16-2009, EA17-2011, EA18-2014, EA19-2015, EA20-2023, EA21-2026)",2021-10-01,8.0,2021
"Housing, water, electricity, gas and other fuels","Euro area (EA11-1999, EA12-2001, EA13-2007, EA15-2008, EA16-2009, EA17-2011, EA18-2014, EA19-2015, EA20-2023, EA21-2026)",2021-11-01,9.1,2021
"Housing, water, electricity, gas and other fuels","Euro area (EA11-1999, EA12-2001, EA13-2007, EA15-2008, EA16-2009, EA17-2011, EA18-2014, EA19-2015, EA20-2023, EA21-2026)",2021-12-01,9.7,2021
"Housing, water, electricity, gas and other fuels","Euro area (EA11-1999, EA12-2001, EA13-2007, EA15-2008, EA16-2009, EA17-2011, EA18-2014, EA19-2015, EA20-2023, EA21-2026)",2022-01-01,11.9,2022
"Housing, water, electricity, gas and other fuels","Euro area (EA11-1999, EA12-2001, EA13-2007, EA15-2008, EA16-2009, EA17-2011, EA18-2014, EA19-2015, EA20-2023, EA21-2026)",2022-02-01,13.4,2022
"Housing, water, electricity, gas and other fuels","Euro area (EA11-1999, EA12-2001, EA13-2007, EA15-2008, EA16-2009, EA17-2011, EA18-2014, EA19-2015, EA20-2023, EA21-2026)",2022-03-01,17.2,2022
"Housing, water, electricity, gas and other fuels","Euro area (EA11-1999, EA12-2001, EA13-2007, EA15-2008, EA16-2009, EA17-2011, EA18-2014, EA19-2015, EA20-2023, EA21-2026)",2022-04-01,15.9,2022
"Housing, water, electricity, gas and other fuels","Euro area (EA11-1999, EA12-2001, EA13-2007, EA15-2008, EA16-2009, EA17-2011, EA18-2014, EA19-2015, EA20-2023, EA21-2026)",2022-05-01,16.3,2022
"Housing, water, electricity, gas and other fuels","Euro area (EA11-1999, EA12-2001, EA13-2007, EA15-2008, EA16-2009, EA17-2011, EA18-2014, EA19-2015, EA20-2023, EA21-2026)",2022-06-01,16.9,2022
"Housing, water, electricity, gas and other fuels","Euro area (EA11-1999, EA12-2001, EA13-2007, EA15-2008, EA16-2009, EA17-2011, EA18-2014, EA19-2015, EA20-2023, EA21-2026)",2022-07-01,17.7,2022
"Housing, water, electricity, gas and other fuels","Euro area (EA11-1999, EA12-2001, EA13-2007, EA15-2008, EA16-2009, EA17-2011, EA18-2014, EA19-2015, EA20-2023, EA21-2026)",2022-08-01,19.7,2022
"Housing, water, electricity, gas and other fuels","Euro area (EA11-1999, EA12-2001, EA13-2007, EA15-2008, EA16-2009, EA17-2011, EA18-2014, EA19-2015, EA20-2023, EA21-2026)",2022-09-01,21.1,2022
"Housing, water, electricity, gas and other fuels","Euro area (EA11-1999, EA12-2001, EA13-2007, EA15-2008, EA16-2009, EA17-2011, EA18-2014, EA19-2015, EA20-2023, EA21-2026)",2022-10-01,23.2,2022
"Housing, water, electricity, gas and other fuels","Euro area (EA11-1999, EA12-2001, EA13-2007, EA15-2008, EA16-2009, EA17-2011, EA18-2014, EA19-2015, EA20-2023, EA21-2026)",2022-11-01,20.6,2022
"Housing, water, electricity, gas and other fuels","Euro area (EA11-1999, EA12-2001, EA13-2007, EA15-2008, EA16-2009, EA17-2011, EA18-2014, EA19-2015, EA20-2023, EA21-2026)",2022-12-01,16.3,2022
"Housing, water, electricity, gas and other fuels","Euro area (EA11-1999, EA12-2001, EA13-2007, EA15-2008, EA16-2009, EA17-2011, EA18-2014, EA19-2015, EA20-2023, EA21-2026)",2023-01-01,12.0,2023
"Housing, water, electricity, gas and other fuels","Euro area (EA11-1999, EA12-2001, EA13-2007, EA15-2008, EA16-2009, EA17-2011, EA18-2014, EA19-2015, EA20-2023, EA21-2026)",2023-02-01,10.1,2023
"Housing, water, electricity, gas and other fuels","Euro area (EA11-1999, EA12-2001, EA13-2007, EA15-2008, EA16-2009, EA17-2011, EA18-2014, EA19-2015, EA20-2023, EA21-2026)",2023-03-01,4.6,2023
"Housing, water, electricity, gas and other fuels","Euro area (EA11-1999, EA12-2001, EA13-2007, EA15-2008, EA16-2009, EA17-2011, EA18-2014, EA19-2015, EA20-2023, EA21-2026)",2023-04-01,4.8,2023
"Housing, water, electricity, gas and other fuels","Euro area (EA11-1999, EA12-2001, EA13-2007, EA15-2008, EA16-2009, EA17-2011, EA18-2014, EA19-2015, EA20-2023, EA21-2026)",2023-05-01,4.1,2023
"Housing, water, electricity, gas and other fuels","Euro area (EA11-1999, EA12-2001, EA13-2007, EA15-2008, EA16-2009, EA17-2011, EA18-2014, EA19-2015, EA20-2023, EA21-2026)",2023-06-01,2.5,2023
"Housing, water, electricity, gas and other fuels","Euro area (EA11-1999, EA12-2001, EA13-2007, EA15-2008, EA16-2009, EA17-2011, EA18-2014, EA19-2015, EA20-2023, EA21-2026)",2023-07-01,0.8,2023
"Housing, water, electricity, gas and other fuels","Euro area (EA11-1999, EA12-2001, EA13-2007, EA15-2008, EA16-2009, EA17-2011, EA18-2014, EA19-2015, EA20-2023, EA21-2026)",2023-08-01,-0.7,2023
"Housing, water, electricity, gas and other fuels","Euro area (EA11-1999, EA12-2001, EA13-2007, EA15-2008, EA16-2009, EA17-2011, EA18-2014, EA19-2015, EA20-2023, EA21-2026)",2023-09-01,-2.3,2023
"Housing, water, electricity, gas and other fuels","Euro area (EA11-1999, EA12-2001, EA13-2007, EA15-2008, EA16-2009, EA17-2011, EA18-2014, EA19-2015, EA20-2023, EA21-2026)",2023-10-01,-6.1,2023
"Housing, water, electricity, gas and other fuels","Euro area (EA11-1999, EA12-2001, EA13-2007, EA15-2008, EA16-2009, EA17-2011, EA18-2014, EA19-2015, EA20-2023, EA21-2026)",2023-11-01,-5.6,2023
"Housing, water, electricity, gas and other fuels","Euro area (EA11-1999, EA12-2001, EA13-2007, EA15-2008, EA16-2009, EA17-2011, EA18-2014, EA19-2015, EA20-2023, EA21-2026)",2023-12-01,-2.8,2023
"Housing, water, electricity, gas and other fuels","Euro area (EA11-1999, EA12-2001, EA13-2007, EA15-2008, EA16-2009, EA17-2011, EA18-2014, EA19-2015, EA20-2023, EA21-2026)",2024-01-01,-1.2,2024
"Housing, water, electricity, gas and other fuels","Euro area (EA11-1999, EA12-2001, EA13-2007, EA15-2008, EA16-2009, EA17-2011, EA18-2014, EA19-2015, EA20-2023, EA21-2026)",2024-02-01,-0.4,2024
"Housing, water, electricity, gas and other fuels","Euro area (EA11-1999, EA12-2001, EA13-2007, EA15-2008, EA16-2009, EA17-2011, EA18-2014, EA19-2015, EA20-2023, EA21-2026)",2024-03-01,0.6,2024
"Housing, water, electricity, gas and other fuels","Euro area (EA11-1999, EA12-2001, EA13-2007, EA15-2008, EA16-2009, EA17-2011, EA18-2014, EA19-2015, EA20-2023, EA21-2026)",2024-04-01,0.9,2024
"Housing, water, electricity, gas and other fuels","Euro area (EA11-1999, EA12-2001, EA13-2007, EA15-2008, EA16-2009, EA17-2011, EA18-2014, EA19-2015, EA20-2023, EA21-2026)",2024-05-01,1.0,2024
"Housing, water, electricity, gas and other fuels","Euro area (EA11-1999, EA12-2001, EA13-2007, EA15-2008, EA16-2009, EA17-2011, EA18-2014, EA19-2015, EA20-2023, EA21-2026)",2024-06-01,1.7,2024
"Housing, water, electricity, gas and other fuels","Euro area (EA11-1999, EA12-2001, EA13-2007, EA15-2008, EA16-2009, EA17-2011, EA18-2014, EA19-2015, EA20-2023, EA21-2026)",2024-07-01,2.6,2024
"Housing, water, electricity, gas and other fuels","Euro area (EA11-1999, EA12-2001, EA13-2007, EA15-2008, EA16-2009, EA17-2011, EA18-2014, EA19-2015, EA20-2023, EA21-2026)",2024-08-01,2.0,2024
"Housing, water, electricity, gas and other fuels","Euro area (EA11-1999, EA12-2001, EA13-2007, EA15-2008, EA16-2009, EA17-2011, EA18-2014, EA19-2015, EA20-2023, EA21-2026)",2024-09-01,1.8,2024
"Housing, water, electricity, gas and other fuels","Euro area (EA11-1999, EA12-2001, EA13-2007, EA15-2008, EA16-2009, EA17-2011, EA18-2014, EA19-2015, EA20-2023, EA21-2026)",2024-10-01,2.0,2024
"Housing, water, electricity, gas and other fuels","Euro area (EA11-1999, EA12-2001, EA13-2007, EA15-2008, EA16-2009, EA17-2011, EA18-2014, EA19-2015, EA20-2023, EA21-2026)",2024-11-01,2.7,2024
"Housing, water, electricity, gas and other fuels","Euro area (EA11-1999, EA12-2001, EA13-2007, EA15-2008, EA16-2009, EA17-2011, EA18-2014, EA19-2015, EA20-2023, EA21-2026)",2024-12-01,2.9,2024
"Housing, water, electricity, gas and other fuels","Euro area (EA11-1999, EA12-2001, EA13-2007, EA15-2008, EA16-2009, EA17-2011, EA18-2014, EA19-2015, EA20-2023, EA21-2026)",2025-01-01,3.1,2025
"Housing, water, electricity, gas and other fuels","Euro area (EA11-1999, EA12-2001, EA13-2007, EA15-2008, EA16-2009, EA17-2011, EA18-2014, EA19-2015, EA20-2023, EA21-2026)",2025-02-01,2.7,2025
"Housing, water, electricity, gas and other fuels","Euro area (EA11-1999, EA12-2001, EA13-2007, EA15-2008, EA16-2009, EA17-2011, EA18-2014, EA19-2015, EA20-2023, EA21-2026)",2025-03-01,2.9,2025
"Housing, water, electricity, gas and other fuels","Euro area (EA11-1999, EA12-2001, EA13-2007, EA15-2008, EA16-2009, EA17-2011, EA18-2014, EA19-2015, EA20-2023, EA21-2026)",2025-04-01,2.3,2025
"Housing, water, electricity, gas and other fuels","Euro area (EA11-1999, EA12-2001, EA13-2007, EA15-2008, EA16-2009, EA17-2011, EA18-2014, EA19-2015, EA20-2023, EA21-2026)",2025-05-01,2.2,2025
"Housing, water, electricity, gas and other fuels","Euro area (EA11-1999, EA12-2001, EA13-2007, EA15-2008, EA16-2009, EA17-2011, EA18-2014, EA19-2015, EA20-2023, EA21-2026)",2025-06-01,1.9,2025
"Housing, water, electricity, gas and other fuels","Euro area (EA11-1999, EA12-2001, EA13-2007, EA15-2008, EA16-2009, EA17-2011, EA18-2014, EA19-2015, EA20-2023, EA21-2026)",2025-07-01,1.9,2025
"Housing, water, electricity, gas and other fuels","Euro area (EA11-1999, EA12-2001, EA13-2007, EA15-2008, EA16-2009, EA17-2011, EA18-2014, EA19-2015, EA20-2023, EA21-2026)",2025-08-01,1.7,2025
"Housing, water, electricity, gas and other fuels","Euro area (EA11-1999, EA12-2001, EA13-2007, EA15-2008, EA16-2009, EA17-2011, EA18-2014, EA19-2015, EA20-2023, EA21-2026)",2025-09-01,1.7,2025
"Housing, water, electricity, gas and other fuels","Euro area (EA11-1999, EA12-2001, EA13-2007, EA15-2008, EA16-2009, EA17-2011, EA18-2014, EA19-2015, EA20-2023, EA21-2026)",2025-10-01,1.6,2025
"Housing, water, electricity, gas and other fuels","Euro area (EA11-1999, EA12-2001, EA13-2007, EA15-2008, EA16-2009, EA17-2011, EA18-2014, EA19-2015, EA20-2023, EA21-2026)",2025-11-01,1.5,2025
"Housing, water, electricity, gas and other fuels","Euro area (EA11-1999, EA12-2001, EA13-2007, EA15-2008, EA16-2009, EA17-2011, EA18-2014, EA19-2015, EA20-2023, EA21-2026)",2025-12-01,1.2,2025
"Housing, water, electricity, gas and other fuels",Spain,2019-01-01,2.4,2019
"Housing, water, electricity, gas and other fuels",Spain,2019-02-01,1.0,2019
"Housing, water, electricity, gas and other fuels",Spain,2019-03-01,2.1,2019
"Housing, water, electricity, gas and other fuels",Spain,2019-04-01,2.0,2019
"Housing, water, electricity, gas and other fuels",Spain,2019-05-01,-0.3,2019
"Housing, water, electricity, gas and other fuels",Spain,2019-06-01,-1.4,2019
"Housing, water, electricity, gas and other fuels",Spain,2019-07-01,-1.6,2019
"Housing, water, electricity, gas and other fuels",Spain,2019-08-01,-3.2,2019
"Housing, water, electricity, gas and other fuels",Spain,2019-09-01,-4.7,2019
"Housing, water, electricity, gas and other fuels",Spain,2019-10-01,-3.8,2019
"Housing, water, electricity, gas and other fuels",Spain,2019-11-01,-4.0,2019
"Housing, water, electricity, gas and other fuels",Spain,2019-12-01,-4.9,2019
"Housing, water, electricity, gas and other fuels",Spain,2020-01-01,-3.4,2020
"Housing, water, electricity, gas and other fuels",Spain,2020-02-01,-3.6,2020
"Housing, water, electricity, gas and other fuels",Spain,2020-03-01,-4.7,2020
"Housing, water, electricity, gas and other fuels",Spain,2020-04-01,-6.4,2020
"Housing, water, electricity, gas and other fuels",Spain,2020-05-01,-5.9,2020
"Housing, water, electricity, gas and other fuels",Spain,2020-06-01,-3.7,2020
"Housing, water, electricity, gas and other fuels",Spain,2020-07-01,-3.8,2020
"Housing, water, electricity, gas and other fuels",Spain,2020-08-01,-2.7,2020
"Housing, water, electricity, gas and other fuels",Spain,2020-09-01,-1.4,2020
"Housing, water, electricity, gas and other fuels",Spain,2020-10-01,-3.5,2020
"Housing, water, electricity, gas and other fuels",Spain,2020-11-01,-2.1,2020
"Housing, water, electricity, gas and other fuels",Spain,2020-12-01,-0.1,2020
"Housing, water, electricity, gas and other fuels",Spain,2021-01-01,3.1,2021
"Housing, water, electricity, gas and other fuels",Spain,2021-02-01,-1.0,2021
"Housing, water, electricity, gas and other fuels",Spain,2021-03-01,4.2,2021
"Housing, water, electricity, gas and other fuels",Spain,2021-04-01,9.9,2021
"Housing, water, electricity, gas and other fuels",Spain,2021-05-01,10.2,2021
"Housing, water, electricity, gas and other fuels",Spain,2021-06-01,10.7,2021
"Housing, water, electricity, gas and other fuels",Spain,2021-07-01,9.3,2021
"Housing, water, electricity, gas and other fuels",Spain,2021-08-01,11.4,2021
"Housing, water, electricity, gas and other fuels",Spain,2021-09-01,14.3,2021
"Housing, water, electricity, gas and other fuels",Spain,2021-10-01,20.1,2021
"Housing, water, electricity, gas and other fuels",Spain,2021-11-01,16.6,2021
"Housing, water, electricity, gas and other fuels",Spain,2021-12-01,22.9,2021
"Housing, water, electricity, gas and other fuels",Spain,2022-01-01,17.8,2022
"Housing, water, electricity, gas and other fuels",Spain,2022-02-01,25.0,2022
"Housing, water, electricity, gas and other fuels",Spain,2022-03-01,32.8,2022
"Housing, water, electricity, gas and other fuels",Spain,2022-04-01,18.6,2022
"Housing, water, electricity, gas and other fuels",Spain,2022-05-01,17.3,2022
"Housing, water, electricity, gas and other fuels",Spain,2022-06-01,18.8,2022
"Housing, water, electricity, gas and other fuels",Spain,2022-07-01,22.8,2022
"Housing, water, electricity, gas and other fuels",Spain,2022-08-01,24.5,2022
"Housing, water, electricity, gas and other fuels",Spain,2022-09-01,14.1,2022
"Housing, water, electricity, gas and other fuels",Spain,2022-10-01,2.6,2022
"Housing, water, electricity, gas and other fuels",Spain,2022-11-01,0.9,2022
"Housing, water, electricity, gas and other fuels",Spain,2022-12-01,-4.5,2022
"Housing, water, electricity, gas and other fuels",Spain,2023-01-01,-8.3,2023
"Housing, water, electricity, gas and other fuels",Spain,2023-02-01,-6.1,2023
"Housing, water, electricity, gas and other fuels",Spain,2023-03-01,-16.1,2023
"Housing, water, electricity, gas and other fuels",Spain,2023-04-01,-10.8,2023
"Housing, water, electricity, gas and other fuels",Spain,2023-05-01,-10.4,2023
"Housing, water, electricity, gas and other fuels",Spain,2023-06-01,-12.7,2023
"Housing, water, electricity, gas and other fuels",Spain,2023-07-01,-14.8,2023
"Housing, water, electricity, gas and other fuels",Spain,2023-08-01,-18.0,2023
"Housing, water, electricity, gas and other fuels",Spain,2023-09-01,-13.1,2023
"Housing, water, electricity, gas and other fuels",Spain,2023-10-01,-7.6,2023
"Housing, water, electricity, gas and other fuels",Spain,2023-11-01,-5.6,2023
"Housing, water, electricity, gas and other fuels",Spain,2023-12-01,-5.8,2023
"Housing, water, electricity, gas and other fuels",Spain,2024-01-01,1.5,2024
"Housing, water, electricity, gas and other fuels",Spain,2024-02-01,-2.7,2024
"Housing, water, electricity, gas and other fuels",Spain,2024-03-01,1.5,2024
"Housing, water, electricity, gas and other fuels",Spain,2024-04-01,3.9,2024
"Housing, water, electricity, gas and other fuels",Spain,2024-05-01,5.1,2024
"Housing, water, electricity, gas and other fuels",Spain,2024-06-01,5.1,2024
"Housing, water, electricity, gas and other fuels",Spain,2024-07-01,3.1,2024
"Housing, water, electricity, gas and other fuels",Spain,2024-08-01,4.0,2024
"Housing, water, electricity, gas and other fuels",Spain,2024-09-01,2.9,2024
"Housing, water, electricity, gas and other fuels",Spain,2024-10-01,4.2,2024
"Housing, water, electricity, gas and other fuels",Spain,2024-11-01,7.3,2024
"Housing, water, electricity, gas and other fuels",Spain,2024-12-01,7.4,2024
"Housing, water, electricity, gas and other fuels",Spain,2025-01-01,7.9,2025
"Housing, water, electricity, gas and other fuels",Spain,2025-02-01,9.7,2025
"Housing, water, electricity, gas and other fuels",Spain,2025-03-01,5.7,2025
"Housing, water, electricity, gas and other fuels",Spain,2025-04-01,4.2,2025
"Housing, water, electricity, gas and other fuels",Spain,2025-05-01,3.7,2025
"Housing, water, electricity, gas and other fuels",Spain,2025-06-01,4.2,2025
"Housing, water, electricity, gas and other fuels",Spain,2025-07-01,6.6,2025
"Housing, water, electricity, gas and other fuels",Spain,2025-08-01,5.9,2025
"Housing, water, electricity, gas and other fuels",Spain,2025-09-01,7.0,2025
"Housing, water, electricity, gas and other fuels",Spain,2025-10-01,7.5,2025
"Housing, water, electricity, gas and other fuels",Spain,2025-11-01,5.6,2025
"Housing, water, electricity, gas and other fuels",Spain,2025-12-01,5.6,2025
"Housing, water, electricity, gas and other fuels",France,2019-01-01,1.2,2019
"Housing, water, electricity, gas and other fuels",France,2019-02-01,1.5,2019
"Housing, water, electricity, gas and other fuels",France,2019-03-01,1.8,2019
"Housing, water, electricity, gas and other fuels",France,2019-04-01,1.7,2019
"Housing, water, electricity, gas and other fuels",France,2019-05-01,1.4,2019
"Housing, water, electricity, gas and other fuels",France,2019-06-01,2.5,2019
"Housing, water, electricity, gas and other fuels",France,2019-07-01,1.5,2019
"Housing, water, electricity, gas and other fuels",France,2019-08-01,1.8,2019
"Housing, water, electricity, gas and other fuels",France,2019-09-01,1.6,2019
"Housing, water, electricity, gas and other fuels",France,2019-10-01,1.0,2019
"Housing, water, electricity, gas and other fuels",France,2019-11-01,0.6,2019
"Housing, water, electricity, gas and other fuels",France,2019-12-01,1.2,2019
"Housing, water, electricity, gas and other fuels",France,2020-01-01,1.7,2020
"Housing, water, electricity, gas and other fuels",France,2020-02-01,1.1,2020
"Housing, water, electricity, gas and other fuels",France,2020-03-01,0.4,2020
"Housing, water, electricity, gas and other fuels",France,2020-04-01,-0.1,2020
"Housing, water, electricity, gas and other fuels",France,2020-05-01,-0.6,2020
"Housing, water, electricity, gas and other fuels",France,2020-06-01,-1.3,2020
"Housing, water, electricity, gas and other fuels",France,2020-07-01,-0.8,2020
"Housing, water, electricity, gas and other fuels",France,2020-08-01,-0.7,2020
"Housing, water, electricity, gas and other fuels",France,2020-09-01,-0.7,2020
"Housing, water, electricity, gas and other fuels",France,2020-10-01,-0.6,2020
"Housing, water, electricity, gas and other fuels",France,2020-11-01,-0.5,2020
"Housing, water, electricity, gas and other fuels",France,2020-12-01,-0.4,2020
"Housing, water, electricity, gas and other fuels",France,2021-01-01,-0.1,2021
"Housing, water, electricity, gas and other fuels",France,2021-02-01,0.9,2021
"Housing, water, electricity, gas and other fuels",France,2021-03-01,2.0,2021
"Housing, water, electricity, gas and other fuels",France,2021-04-01,2.4,2021
"Housing, water, electricity, gas and other fuels",France,2021-05-01,3.0,2021
"Housing, water, electricity, gas and other fuels",France,2021-06-01,3.2,2021
"Housing, water, electricity, gas and other fuels",France,2021-07-01,4.1,2021
"Housing, water, electricity, gas and other fuels",France,2021-08-01,4.2,2021
"Housing, water, electricity, gas and other fuels",France,2021-09-01,4.9,2021
"Housing, water, electricity, gas and other fuels",France,2021-10-01,6.4,2021
"Housing, water, electricity, gas and other fuels",France,2021-11-01,7.0,2021
"Housing, water, electricity, gas and other fuels",France,2021-12-01,6.8,2021
"Housing, water, electricity, gas and other fuels",France,2022-01-01,7.1,2022
"Housing, water, electricity, gas and other fuels",France,2022-02-01,7.4,2022
"Housing, water, electricity, gas and other fuels",France,2022-03-01,9.0,2022
"Housing, water, electricity, gas and other fuels",France,2022-04-01,9.8,2022
"Housing, water, electricity, gas and other fuels",France,2022-05-01,10.2,2022
"Housing, water, electricity, gas and other fuels",France,2022-06-01,10.6,2022
"Housing, water, electricity, gas and other fuels",France,2022-07-01,10.1,2022
"Housing, water, electricity, gas and other fuels",France,2022-08-01,9.3,2022
"Housing, water, electricity, gas and other fuels",France,2022-09-01,9.7,2022
"Housing, water, electricity, gas and other fuels",France,2022-10-01,10.4,2022
"Housing, water, electricity, gas and other fuels",France,2022-11-01,9.9,2022
"Housing, water, electricity, gas and other fuels",France,2022-12-01,8.2,2022
"Housing, water, electricity, gas and other fuels",France,2023-01-01,8.0,2023
"Housing, water, electricity, gas and other fuels",France,2023-02-01,8.7,2023
"Housing, water, electricity, gas and other fuels",France,2023-03-01,7.0,2023
"Housing, water, electricity, gas and other fuels",France,2023-04-01,6.1,2023
"Housing, water, electricity, gas and other fuels",France,2023-05-01,5.3,2023
"Housing, water, electricity, gas and other fuels",France,2023-06-01,4.5,2023
"Housing, water, electricity, gas and other fuels",France,2023-07-01,3.0,2023
"Housing, water, electricity, gas and other fuels",France,2023-08-01,5.7,2023
"Housing, water, electricity, gas and other fuels",France,2023-09-01,5.3,2023
"Housing, water, electricity, gas and other fuels",France,2023-10-01,3.4,2023
"Housing, water, electricity, gas and other fuels",France,2023-11-01,3.3,2023
"Housing, water, electricity, gas and other fuels",France,2023-12-01,4.8,2023
"Housing, water, electricity, gas and other fuels",France,2024-01-01,4.9,2024
"Housing, water, electricity, gas and other fuels",France,2024-02-01,4.9,2024
"Housing, water, electricity, gas and other fuels",France,2024-03-01,4.2,2024
"Housing, water, electricity, gas and other fuels",France,2024-04-01,4.2,2024
"Housing, water, electricity, gas and other fuels",France,2024-05-01,4.7,2024
"Housing, water, electricity, gas and other fuels",France,2024-06-01,4.8,2024
"Housing, water, electricity, gas and other fuels",France,2024-07-01,6.7,2024
"Housing, water, electricity, gas and other fuels",France,2024-08-01,4.3,2024
"Housing, water, electricity, gas and other fuels",France,2024-09-01,3.7,2024
"Housing, water, electricity, gas and other fuels",France,2024-10-01,3.8,2024
"Housing, water, electricity, gas and other fuels",France,2024-11-01,3.7,2024
"Housing, water, electricity, gas and other fuels",France,2024-12-01,3.9,2024
"Housing, water, electricity, gas and other fuels",France,2025-01-01,3.8,2025
"Housing, water, electricity, gas and other fuels",France,2025-02-01,-0.2,2025
"Housing, water, electricity, gas and other fuels",France,2025-03-01,0.1,2025
"Housing, water, electricity, gas and other fuels",France,2025-04-01,0.4,2025
"Housing, water, electricity, gas and other fuels",France,2025-05-01,-0.1,2025
"Housing, water, electricity, gas and other fuels",France,2025-06-01,-0.3,2025
"Housing, water, electricity, gas and other fuels",France,2025-07-01,-0.8,2025
"Housing, water, electricity, gas and other fuels",France,2025-08-01,-0.7,2025
"Housing, water, electricity, gas and other fuels",France,2025-09-01,-0.8,2025
"Housing, water, electricity, gas and other fuels",France,2025-10-01,-1.2,2025
"Housing, water, electricity, gas and other fuels",France,2025-11-01,-0.9,2025
"Housing, water, electricity, gas and other fuels",France,2025-12-01,-1.3,2025
"Housing, water, electricity, gas and other fuels",Italy,2019-01-01,3.8,2019
"Housing, water, electricity, gas and other fuels",Italy,2019-02-01,3.8,2019
"Housing, water, electricity, gas and other fuels",Italy,2019-03-01,3.8,2019
"Housing, water, electricity, gas and other fuels",Italy,2019-04-01,3.4,2019
"Housing, water, electricity, gas and other fuels",Italy,2019-05-01,3.3,2019
"Housing, water, electricity, gas and other fuels",Italy,2019-06-01,3.2,2019
"Housing, water, electricity, gas and other fuels",Italy,2019-07-01,-0.4,2019
"Housing, water, electricity, gas and other fuels",Italy,2019-08-01,-0.2,2019
"Housing, water, electricity, gas and other fuels",Italy,2019-09-01,-0.4,2019
"Housing, water, electricity, gas and other fuels",Italy,2019-10-01,-1.8,2019
"Housing, water, electricity, gas and other fuels",Italy,2019-11-01,-1.7,2019
"Housing, water, electricity, gas and other fuels",Italy,2019-12-01,-1.6,2019
"Housing, water, electricity, gas and other fuels",Italy,2020-01-01,-2.6,2020
"Housing, water, electricity, gas and other fuels",Italy,2020-02-01,-2.9,2020
"Housing, water, electricity, gas and other fuels",Italy,2020-03-01,-2.9,2020
"Housing, water, electricity, gas and other fuels",Italy,2020-04-01,-4.2,2020
"Housing, water, electricity, gas and other fuels",Italy,2020-05-01,-4.5,2020
"Housing, water, electricity, gas and other fuels",Italy,2020-06-01,-4.4,2020
"Housing, water, electricity, gas and other fuels",Italy,2020-07-01,-4.0,2020
"Housing, water, electricity, gas and other fuels",Italy,2020-08-01,-4.0,2020
"Housing, water, electricity, gas and other fuels",Italy,2020-09-01,-3.9,2020
"Housing, water, electricity, gas and other fuels",Italy,2020-10-01,-2.2,2020
"Housing, water, electricity, gas and other fuels",Italy,2020-11-01,-2.0,2020
"Housing, water, electricity, gas and other fuels",Italy,2020-12-01,-2.0,2020
"Housing, water, electricity, gas and other fuels",Italy,2021-01-01,-0.5,2021
"Housing, water, electricity, gas and other fuels",Italy,2021-02-01,-0.3,2021
"Housing, water, electricity, gas and other fuels",Italy,2021-03-01,-0.1,2021
"Housing, water, electricity, gas and other fuels",Italy,2021-04-01,5.0,2021
"Housing, water, electricity, gas and other fuels",Italy,2021-05-01,5.9,2021
"Housing, water, electricity, gas and other fuels",Italy,2021-06-01,5.9,2021
"Housing, water, electricity, gas and other fuels",Italy,2021-07-01,9.2,2021
"Housing, water, electricity, gas and other fuels",Italy,2021-08-01,9.6,2021
"Housing, water, electricity, gas and other fuels",Italy,2021-09-01,9.7,2021
"Housing, water, electricity, gas and other fuels",Italy,2021-10-01,11.4,2021
"Housing, water, electricity, gas and other fuels",Italy,2021-11-01,14.1,2021
"Housing, water, electricity, gas and other fuels",Italy,2021-12-01,14.4,2021
"Housing, water, electricity, gas and other fuels",Italy,2022-01-01,22.8,2022
"Housing, water, electricity, gas and other fuels",Italy,2022-02-01,27.3,2022
"Housing, water, electricity, gas and other fuels",Italy,2022-03-01,28.3,2022
"Housing, water, electricity, gas and other fuels",Italy,2022-04-01,24.6,2022
"Housing, water, electricity, gas and other fuels",Italy,2022-05-01,26.5,2022
"Housing, water, electricity, gas and other fuels",Italy,2022-06-01,28.0,2022
"Housing, water, electricity, gas and other fuels",Italy,2022-07-01,24.7,2022
"Housing, water, electricity, gas and other fuels",Italy,2022-08-01,31.6,2022
"Housing, water, electricity, gas and other fuels",Italy,2022-09-01,32.2,2022
"Housing, water, electricity, gas and other fuels",Italy,2022-10-01,57.2,2022
"Housing, water, electricity, gas and other fuels",Italy,2022-11-01,56.5,2022
"Housing, water, electricity, gas and other fuels",Italy,2022-12-01,54.4,2022
"Housing, water, electricity, gas and other fuels",Italy,2023-01-01,34.8,2023
"Housing, water, electricity, gas and other fuels",Italy,2023-02-01,24.5,2023
"Housing, water, electricity, gas and other fuels",Italy,2023-03-01,15.0,2023
"Housing, water, electricity, gas and other fuels",Italy,2023-04-01,16.6,2023
"Housing, water, electricity, gas and other fuels",Italy,2023-05-01,15.2,2023
"Housing, water, electricity, gas and other fuels",Italy,2023-06-01,10.2,2023
"Housing, water, electricity, gas and other fuels",Italy,2023-07-01,9.0,2023
"Housing, water, electricity, gas and other fuels",Italy,2023-08-01,2.1,2023
"Housing, water, electricity, gas and other fuels",Italy,2023-09-01,1.8,2023
"Housing, water, electricity, gas and other fuels",Italy,2023-10-01,-17.6,2023
"Housing, water, electricity, gas and other fuels",Italy,2023-11-01,-19.9,2023
"Housing, water, electricity, gas and other fuels",Italy,2023-12-01,-19.4,2023
"Housing, water, electricity, gas and other fuels",Italy,2024-01-01,-13.8,2024
"Housing, water, electricity, gas and other fuels",Italy,2024-02-01,-11.7,2024
"Housing, water, electricity, gas and other fuels",Italy,2024-03-01,-6.8,2024
"Housing, water, electricity, gas and other fuels",Italy,2024-04-01,-9.0,2024
"Housing, water, electricity, gas and other fuels",Italy,2024-05-01,-9.5,2024
"Housing, water, electricity, gas and other fuels",Italy,2024-06-01,-6.2,2024
"Housing, water, electricity, gas and other fuels",Italy,2024-07-01,-2.2,2024
"Housing, water, electricity, gas and other fuels",Italy,2024-08-01,-1.4,2024
"Housing, water, electricity, gas and other fuels",Italy,2024-09-01,-1.2,2024
"Housing, water, electricity, gas and other fuels",Italy,2024-10-01,-1.5,2024
"Housing, water, electricity, gas and other fuels",Italy,2024-11-01,-0.6,2024
"Housing, water, electricity, gas and other fuels",Italy,2024-12-01,0.1,2024
"Housing, water, electricity, gas and other fuels",Italy,2025-01-01,0.7,2025
"Housing, water, electricity, gas and other fuels",Italy,2025-02-01,3.1,2025
"Housing, water, electricity, gas and other fuels",Italy,2025-03-01,6.0,2025
"Housing, water, electricity, gas and other fuels",Italy,2025-04-01,4.6,2025
"Housing, water, electricity, gas and other fuels",Italy,2025-05-01,3.9,2025
"Housing, water, electricity, gas and other fuels",Italy,2025-06-01,2.4,2025
"Housing, water, electricity, gas and other fuels",Italy,2025-07-01,0.6,2025
"Housing, water, electricity, gas and other fuels",Italy,2025-08-01,-0.8,2025
"Housing, water, electricity, gas and other fuels",Italy,2025-09-01,-1.0,2025
"Housing, water, electricity, gas and other fuels",Italy,2025-10-01,-1.7,2025
"Housing, water, electricity, gas and other fuels",Italy,2025-11-01,-1.9,2025
"Housing, water, electricity, gas and other fuels",Italy,2025-12-01,-1.9,2025
"Housing, water, electricity, gas and other fuels",Portugal,2019-01-01,0.6,2019
"Housing, water, electricity, gas and other fuels",Portugal,2019-02-01,0.6,2019
"Housing, water, electricity, gas and other fuels",Portugal,2019-03-01,0.8,2019
"Housing, water, electricity, gas and other fuels",Portugal,2019-04-01,0.9,2019
"Housing, water, electricity, gas and other fuels",Portugal,2019-05-01,0.8,2019
"Housing, water, electricity, gas and other fuels",Portugal,2019-06-01,0.6,2019
"Housing, water, electricity, gas and other fuels",Portugal,2019-07-01,0.0,2019
"Housing, water, electricity, gas and other fuels",Portugal,2019-08-01,-0.1,2019
"Housing, water, electricity, gas and other fuels",Portugal,2019-09-01,-0.1,2019
"Housing, water, electricity, gas and other fuels",Portugal,2019-10-01,-0.2,2019
"Housing, water, electricity, gas and other fuels",Portugal,2019-11-01,-0.3,2019
"Housing, water, electricity, gas and other fuels",Portugal,2019-12-01,0.0,2019
"Housing, water, electricity, gas and other fuels",Portugal,2020-01-01,1.1,2020
"Housing, water, electricity, gas and other fuels",Portugal,2020-02-01,1.1,2020
"Housing, water, electricity, gas and other fuels",Portugal,2020-03-01,0.8,2020
"Housing, water, electricity, gas and other fuels",Portugal,2020-04-01,-0.7,2020
"Housing, water, electricity, gas and other fuels",Portugal,2020-05-01,-0.8,2020
"Housing, water, electricity, gas and other fuels",Portugal,2020-06-01,-0.9,2020
"Housing, water, electricity, gas and other fuels",Portugal,2020-07-01,0.1,2020
"Housing, water, electricity, gas and other fuels",Portugal,2020-08-01,0.1,2020
"Housing, water, electricity, gas and other fuels",Portugal,2020-09-01,0.0,2020
"Housing, water, electricity, gas and other fuels",Portugal,2020-10-01,0.0,2020
"Housing, water, electricity, gas and other fuels",Portugal,2020-11-01,0.0,2020
"Housing, water, electricity, gas and other fuels",Portugal,2020-12-01,-0.1,2020
"Housing, water, electricity, gas and other fuels",Portugal,2021-01-01,-0.1,2021
"Housing, water, electricity, gas and other fuels",Portugal,2021-02-01,-0.4,2021
"Housing, water, electricity, gas and other fuels",Portugal,2021-03-01,-0.1,2021
"Housing, water, electricity, gas and other fuels",Portugal,2021-04-01,1.4,2021
"Housing, water, electricity, gas and other fuels",Portugal,2021-05-01,1.5,2021
"Housing, water, electricity, gas and other fuels",Portugal,2021-06-01,1.8,2021
"Housing, water, electricity, gas and other fuels",Portugal,2021-07-01,1.6,2021
"Housing, water, electricity, gas and other fuels",Portugal,2021-08-01,2.3,2021
"Housing, water, electricity, gas and other fuels",Portugal,2021-09-01,2.4,2021
"Housing, water, electricity, gas and other fuels",Portugal,2021-10-01,3.1,2021
"Housing, water, electricity, gas and other fuels",Portugal,2021-11-01,3.2,2021
"Housing, water, electricity, gas and other fuels",Portugal,2021-12-01,3.3,2021
"Housing, water, electricity, gas and other fuels",Portugal,2022-01-01,4.5,2022
"Housing, water, electricity, gas and other fuels",Portugal,2022-02-01,5.1,2022
"Housing, water, electricity, gas and other fuels",Portugal,2022-03-01,5.4,2022
"Housing, water, electricity, gas and other fuels",Portugal,2022-04-01,10.2,2022
"Housing, water, electricity, gas and other fuels",Portugal,2022-05-01,13.4,2022
"Housing, water, electricity, gas and other fuels",Portugal,2022-06-01,13.5,2022
"Housing, water, electricity, gas and other fuels",Portugal,2022-07-01,16.6,2022
"Housing, water, electricity, gas and other fuels",Portugal,2022-08-01,14.9,2022
"Housing, water, electricity, gas and other fuels",Portugal,2022-09-01,14.6,2022
"Housing, water, electricity, gas and other fuels",Portugal,2022-10-01,18.5,2022
"Housing, water, electricity, gas and other fuels",Portugal,2022-11-01,18.5,2022
"Housing, water, electricity, gas and other fuels",Portugal,2022-12-01,18.4,2022
"Housing, water, electricity, gas and other fuels",Portugal,2023-01-01,8.1,2023
"Housing, water, electricity, gas and other fuels",Portugal,2023-02-01,6.9,2023
"Housing, water, electricity, gas and other fuels",Portugal,2023-03-01,6.7,2023
"Housing, water, electricity, gas and other fuels",Portugal,2023-04-01,0.0,2023
"Housing, water, electricity, gas and other fuels",Portugal,2023-05-01,-3.1,2023
"Housing, water, electricity, gas and other fuels",Portugal,2023-06-01,-3.6,2023
"Housing, water, electricity, gas and other fuels",Portugal,2023-07-01,-2.8,2023
"Housing, water, electricity, gas and other fuels",Portugal,2023-08-01,-1.7,2023
"Housing, water, electricity, gas and other fuels",Portugal,2023-09-01,-1.3,2023
"Housing, water, electricity, gas and other fuels",Portugal,2023-10-01,-5.9,2023
"Housing, water, electricity, gas and other fuels",Portugal,2023-11-01,-6.0,2023
"Housing, water, electricity, gas and other fuels",Portugal,2023-12-01,-6.1,2023
"Housing, water, electricity, gas and other fuels",Portugal,2024-01-01,4.3,2024
"Housing, water, electricity, gas and other fuels",Portugal,2024-02-01,5.7,2024
"Housing, water, electricity, gas and other fuels",Portugal,2024-03-01,5.8,2024
"Housing, water, electricity, gas and other fuels",Portugal,2024-04-01,7.3,2024
"Housing, water, electricity, gas and other fuels",Portugal,2024-05-01,7.2,2024
"Housing, water, electricity, gas and other fuels",Portugal,2024-06-01,9.8,2024
"Housing, water, electricity, gas and other fuels",Portugal,2024-07-01,6.0,2024
"Housing, water, electricity, gas and other fuels",Portugal,2024-08-01,5.8,2024
"Housing, water, electricity, gas and other fuels",Portugal,2024-09-01,5.7,2024
"Housing, water, electricity, gas and other fuels",Portugal,2024-10-01,6.9,2024
"Housing, water, electricity, gas and other fuels",Portugal,2024-11-01,7.0,2024
"Housing, water, electricity, gas and other fuels",Portugal,2024-12-01,7.1,2024
"Housing, water, electricity, gas and other fuels",Portugal,2025-01-01,3.5,2025
"Housing, water, electricity, gas and other fuels",Portugal,2025-02-01,3.6,2025
"Housing, water, electricity, gas and other fuels",Portugal,2025-03-01,3.5,2025
"Housing, water, electricity, gas and other fuels",Portugal,2025-04-01,4.4,2025
"Housing, water, electricity, gas and other fuels",Portugal,2025-05-01,4.1,2025
"Housing, water, electricity, gas and other fuels",Portugal,2025-06-01,2.1,2025
"Housing, water, electricity, gas and other fuels",Portugal,2025-07-01,2.2,2025
"Housing, water, electricity, gas and other fuels",Portugal,2025-08-01,2.2,2025
"Housing, water, electricity, gas and other fuels",Portugal,2025-09-01,2.2,2025
"Housing, water, electricity, gas and other fuels",Portugal,2025-10-01,1.9,2025
"Housing, water, electricity, gas and other fuels",Portugal,2025-11-01,1.5,2025
"Housing, water, electricity, gas and other fuels",Portugal,2025-12-01,1.5,2025
Electricity,Germany,2019-01-01,2.5,2019
Electricity,Germany,2019-02-01,2.9,2019
Electricity,Germany,2019-03-01,2.9,2019
Electricity,Germany,2019-04-01,3.1,2019
Electricity,Germany,2019-05-01,3.3,2019
Electricity,Germany,2019-06-01,3.4,2019
Electricity,Germany,2019-07-01,3.8,2019
Electricity,Germany,2019-08-01,3.8,2019
Electricity,Germany,2019-09-01,3.9,2019
Electricity,Germany,2019-10-01,3.8,2019
Electricity,Germany,2019-11-01,3.9,2019
Electricity,Germany,2019-12-01,4.1,2019
Electricity,Germany,2020-01-01,3.9,2020
Electricity,Germany,2020-02-01,4.5,2020
Electricity,Germany,2020-03-01,4.5,2020
Electricity,Germany,2020-04-01,4.4,2020
Electricity,Germany,2020-05-01,4.2,2020
Electricity,Germany,2020-06-01,4.1,2020
Electricity,Germany,2020-07-01,2.1,2020
Electricity,Germany,2020-08-01,2.0,2020
Electricity,Germany,2020-09-01,1.9,2020
Electricity,Germany,2020-10-01,1.9,2020
Electricity,Germany,2020-11-01,1.7,2020
Electricity,Germany,2020-12-01,1.4,2020
Electricity,Germany,2021-01-01,1.3,2021
Electricity,Germany,2021-02-01,0.3,2021
Electricity,Germany,2021-03-01,0.2,2021
Electricity,Germany,2021-04-01,-0.2,2021
Electricity,Germany,2021-05-01,-0.1,2021
Electricity,Germany,2021-06-01,0.0,2021
Electricity,Germany,2021-07-01,1.6,2021
Electricity,Germany,2021-08-01,1.7,2021
Electricity,Germany,2021-09-01,2.0,2021
Electricity,Germany,2021-10-01,2.5,2021
Electricity,Germany,2021-11-01,3.1,2021
Electricity,Germany,2021-12-01,3.7,2021
Electricity,Germany,2022-01-01,11.0,2022
Electricity,Germany,2022-02-01,12.9,2022
Electricity,Germany,2022-03-01,17.6,2022
Electricity,Germany,2022-04-01,19.3,2022
Electricity,Germany,2022-05-01,21.5,2022
Electricity,Germany,2022-06-01,22.1,2022
Electricity,Germany,2022-07-01,18.1,2022
Electricity,Germany,2022-08-01,16.6,2022
Electricity,Germany,2022-09-01,20.9,2022
Electricity,Germany,2022-10-01,26.0,2022
Electricity,Germany,2022-11-01,27.1,2022
Electricity,Germany,2022-12-01,27.0,2022
Electricity,Germany,2023-01-01,24.3,2023
Electricity,Germany,2023-02-01,22.7,2023
Electricity,Germany,2023-03-01,17.0,2023
Electricity,Germany,2023-04-01,15.2,2023
Electricity,Germany,2023-05-01,12.5,2023
Electricity,Germany,2023-06-01,10.7,2023
Electricity,Germany,2023-07-01,13.9,2023
Electricity,Germany,2023-08-01,15.5,2023
Electricity,Germany,2023-09-01,10.7,2023
Electricity,Germany,2023-10-01,4.5,2023
Electricity,Germany,2023-11-01,1.5,2023
Electricity,Germany,2023-12-01,0.1,2023
Electricity,Germany,2024-01-01,-6.8,2024
Electricity,Germany,2024-02-01,-7.9,2024
Electricity,Germany,2024-03-01,-8.0,2024
Electricity,Germany,2024-04-01,-7.8,2024
Electricity,Germany,2024-05-01,-7.4,2024
Electricity,Germany,2024-06-01,-6.3,2024
Electricity,Germany,2024-07-01,-6.2,2024
Electricity,Germany,2024-08-01,-6.7,2024
Electricity,Germany,2024-09-01,-6.4,2024
Electricity,Germany,2024-10-01,-5.5,2024
Electricity,Germany,2024-11-01,-4.1,2024
Electricity,Germany,2024-12-01,-2.9,2024
Electricity,Germany,2025-01-01,-3.6,2025
Electricity,Germany,2025-02-01,-3.0,2025
Electricity,Germany,2025-03-01,-2.1,2025
Electricity,Germany,2025-04-01,-2.5,2025
Electricity,Germany,2025-05-01,-2.3,2025
Electricity,Germany,2025-06-01,-2.4,2025
Electricity,Germany,2025-07-01,-2.0,2025
Electricity,Germany,2025-08-01,-1.7,2025
Electricity,Germany,2025-09-01,-1.6,2025
Electricity,Germany,2025-10-01,-1.4,2025
Electricity,Germany,2025-11-01,-1.5,2025
Electricity,Germany,2025-12-01,-1.9,2025
Electricity,"Euro area (EA11-1999, EA12-2001, EA13-2007, EA15-2008, EA16-2009, EA17-2011, EA18-2014, EA19-2015, EA20-2023, EA21-2026)",2019-01-01,4.2,2019
Electricity,"Euro area (EA11-1999, EA12-2001, EA13-2007, EA15-2008, EA16-2009, EA17-2011, EA18-2014, EA19-2015, EA20-2023, EA21-2026)",2019-02-01,3.1,2019
Electricity,"Euro area (EA11-1999, EA12-2001, EA13-2007, EA15-2008, EA16-2009, EA17-2011, EA18-2014, EA19-2015, EA20-2023, EA21-2026)",2019-03-01,3.7,2019
Electricity,"Euro area (EA11-1999, EA12-2001, EA13-2007, EA15-2008, EA16-2009, EA17-2011, EA18-2014, EA19-2015, EA20-2023, EA21-2026)",2019-04-01,4.0,2019
Electricity,"Euro area (EA11-1999, EA12-2001, EA13-2007, EA15-2008, EA16-2009, EA17-2011, EA18-2014, EA19-2015, EA20-2023, EA21-2026)",2019-05-01,2.6,2019
Electricity,"Euro area (EA11-1999, EA12-2001, EA13-2007, EA15-2008, EA16-2009, EA17-2011, EA18-2014, EA19-2015, EA20-2023, EA21-2026)",2019-06-01,3.5,2019
Electricity,"Euro area (EA11-1999, EA12-2001, EA13-2007, EA15-2008, EA16-2009, EA17-2011, EA18-2014, EA19-2015, EA20-2023, EA21-2026)",2019-07-01,2.6,2019
Electricity,"Euro area (EA11-1999, EA12-2001, EA13-2007, EA15-2008, EA16-2009, EA17-2011, EA18-2014, EA19-2015, EA20-2023, EA21-2026)",2019-08-01,2.0,2019
Electricity,"Euro area (EA11-1999, EA12-2001, EA13-2007, EA15-2008, EA16-2009, EA17-2011, EA18-2014, EA19-2015, EA20-2023, EA21-2026)",2019-09-01,1.3,2019
Electricity,"Euro area (EA11-1999, EA12-2001, EA13-2007, EA15-2008, EA16-2009, EA17-2011, EA18-2014, EA19-2015, EA20-2023, EA21-2026)",2019-10-01,1.2,2019
Electricity,"Euro area (EA11-1999, EA12-2001, EA13-2007, EA15-2008, EA16-2009, EA17-2011, EA18-2014, EA19-2015, EA20-2023, EA21-2026)",2019-11-01,1.0,2019
Electricity,"Euro area (EA11-1999, EA12-2001, EA13-2007, EA15-2008, EA16-2009, EA17-2011, EA18-2014, EA19-2015, EA20-2023, EA21-2026)",2019-12-01,0.5,2019
Electricity,"Euro area (EA11-1999, EA12-2001, EA13-2007, EA15-2008, EA16-2009, EA17-2011, EA18-2014, EA19-2015, EA20-2023, EA21-2026)",2020-01-01,-0.9,2020
Electricity,"Euro area (EA11-1999, EA12-2001, EA13-2007, EA15-2008, EA16-2009, EA17-2011, EA18-2014, EA19-2015, EA20-2023, EA21-2026)",2020-02-01,-0.3,2020
Electricity,"Euro area (EA11-1999, EA12-2001, EA13-2007, EA15-2008, EA16-2009, EA17-2011, EA18-2014, EA19-2015, EA20-2023, EA21-2026)",2020-03-01,-0.9,2020
Electricity,"Euro area (EA11-1999, EA12-2001, EA13-2007, EA15-2008, EA16-2009, EA17-2011, EA18-2014, EA19-2015, EA20-2023, EA21-2026)",2020-04-01,-2.4,2020
Electricity,"Euro area (EA11-1999, EA12-2001, EA13-2007, EA15-2008, EA16-2009, EA17-2011, EA18-2014, EA19-2015, EA20-2023, EA21-2026)",2020-05-01,-2.1,2020
Electricity,"Euro area (EA11-1999, EA12-2001, EA13-2007, EA15-2008, EA16-2009, EA17-2011, EA18-2014, EA19-2015, EA20-2023, EA21-2026)",2020-06-01,-2.3,2020
Electricity,"Euro area (EA11-1999, EA12-2001, EA13-2007, EA15-2008, EA16-2009, EA17-2011, EA18-2014, EA19-2015, EA20-2023, EA21-2026)",2020-07-01,-2.7,2020
Electricity,"Euro area (EA11-1999, EA12-2001, EA13-2007, EA15-2008, EA16-2009, EA17-2011, EA18-2014, EA19-2015, EA20-2023, EA21-2026)",2020-08-01,-1.8,2020
Electricity,"Euro area (EA11-1999, EA12-2001, EA13-2007, EA15-2008, EA16-2009, EA17-2011, EA18-2014, EA19-2015, EA20-2023, EA21-2026)",2020-09-01,-1.0,2020
Electricity,"Euro area (EA11-1999, EA12-2001, EA13-2007, EA15-2008, EA16-2009, EA17-2011, EA18-2014, EA19-2015, EA20-2023, EA21-2026)",2020-10-01,-1.2,2020
Electricity,"Euro area (EA11-1999, EA12-2001, EA13-2007, EA15-2008, EA16-2009, EA17-2011, EA18-2014, EA19-2015, EA20-2023, EA21-2026)",2020-11-01,-0.6,2020
Electricity,"Euro area (EA11-1999, EA12-2001, EA13-2007, EA15-2008, EA16-2009, EA17-2011, EA18-2014, EA19-2015, EA20-2023, EA21-2026)",2020-12-01,0.4,2020
Electricity,"Euro area (EA11-1999, EA12-2001, EA13-2007, EA15-2008, EA16-2009, EA17-2011, EA18-2014, EA19-2015, EA20-2023, EA21-2026)",2021-01-01,3.0,2021
Electricity,"Euro area (EA11-1999, EA12-2001, EA13-2007, EA15-2008, EA16-2009, EA17-2011, EA18-2014, EA19-2015, EA20-2023, EA21-2026)",2021-02-01,0.7,2021
Electricity,"Euro area (EA11-1999, EA12-2001, EA13-2007, EA15-2008, EA16-2009, EA17-2011, EA18-2014, EA19-2015, EA20-2023, EA21-2026)",2021-03-01,3.3,2021
Electricity,"Euro area (EA11-1999, EA12-2001, EA13-2007, EA15-2008, EA16-2009, EA17-2011, EA18-2014, EA19-2015, EA20-2023, EA21-2026)",2021-04-01,7.5,2021
Electricity,"Euro area (EA11-1999, EA12-2001, EA13-2007, EA15-2008, EA16-2009, EA17-2011, EA18-2014, EA19-2015, EA20-2023, EA21-2026)",2021-05-01,8.1,2021
Electricity,"Euro area (EA11-1999, EA12-2001, EA13-2007, EA15-2008, EA16-2009, EA17-2011, EA18-2014, EA19-2015, EA20-2023, EA21-2026)",2021-06-01,8.4,2021
Electricity,"Euro area (EA11-1999, EA12-2001, EA13-2007, EA15-2008, EA16-2009, EA17-2011, EA18-2014, EA19-2015, EA20-2023, EA21-2026)",2021-07-01,8.0,2021
Electricity,"Euro area (EA11-1999, EA12-2001, EA13-2007, EA15-2008, EA16-2009, EA17-2011, EA18-2014, EA19-2015, EA20-2023, EA21-2026)",2021-08-01,9.4,2021
Electricity,"Euro area (EA11-1999, EA12-2001, EA13-2007, EA15-2008, EA16-2009, EA17-2011, EA18-2014, EA19-2015, EA20-2023, EA21-2026)",2021-09-01,10.9,2021
Electricity,"Euro area (EA11-1999, EA12-2001, EA13-2007, EA15-2008, EA16-2009, EA17-2011, EA18-2014, EA19-2015, EA20-2023, EA21-2026)",2021-10-01,15.1,2021
Electricity,"Euro area (EA11-1999, EA12-2001, EA13-2007, EA15-2008, EA16-2009, EA17-2011, EA18-2014, EA19-2015, EA20-2023, EA21-2026)",2021-11-01,17.8,2021
Electricity,"Euro area (EA11-1999, EA12-2001, EA13-2007, EA15-2008, EA16-2009, EA17-2011, EA18-2014, EA19-2015, EA20-2023, EA21-2026)",2021-12-01,22.6,2021
Electricity,"Euro area (EA11-1999, EA12-2001, EA13-2007, EA15-2008, EA16-2009, EA17-2011, EA18-2014, EA19-2015, EA20-2023, EA21-2026)",2022-01-01,27.3,2022
Electricity,"Euro area (EA11-1999, EA12-2001, EA13-2007, EA15-2008, EA16-2009, EA17-2011, EA18-2014, EA19-2015, EA20-2023, EA21-2026)",2022-02-01,34.3,2022
Electricity,"Euro area (EA11-1999, EA12-2001, EA13-2007, EA15-2008, EA16-2009, EA17-2011, EA18-2014, EA19-2015, EA20-2023, EA21-2026)",2022-03-01,41.0,2022
Electricity,"Euro area (EA11-1999, EA12-2001, EA13-2007, EA15-2008, EA16-2009, EA17-2011, EA18-2014, EA19-2015, EA20-2023, EA21-2026)",2022-04-01,32.2,2022
Electricity,"Euro area (EA11-1999, EA12-2001, EA13-2007, EA15-2008, EA16-2009, EA17-2011, EA18-2014, EA19-2015, EA20-2023, EA21-2026)",2022-05-01,31.9,2022
Electricity,"Euro area (EA11-1999, EA12-2001, EA13-2007, EA15-2008, EA16-2009, EA17-2011, EA18-2014, EA19-2015, EA20-2023, EA21-2026)",2022-06-01,32.8,2022
Electricity,"Euro area (EA11-1999, EA12-2001, EA13-2007, EA15-2008, EA16-2009, EA17-2011, EA18-2014, EA19-2015, EA20-2023, EA21-2026)",2022-07-01,35.4,2022
Electricity,"Euro area (EA11-1999, EA12-2001, EA13-2007, EA15-2008, EA16-2009, EA17-2011, EA18-2014, EA19-2015, EA20-2023, EA21-2026)",2022-08-01,39.9,2022
Electricity,"Euro area (EA11-1999, EA12-2001, EA13-2007, EA15-2008, EA16-2009, EA17-2011, EA18-2014, EA19-2015, EA20-2023, EA21-2026)",2022-09-01,39.6,2022
Electricity,"Euro area (EA11-1999, EA12-2001, EA13-2007, EA15-2008, EA16-2009, EA17-2011, EA18-2014, EA19-2015, EA20-2023, EA21-2026)",2022-10-01,45.6,2022
Electricity,"Euro area (EA11-1999, EA12-2001, EA13-2007, EA15-2008, EA16-2009, EA17-2011, EA18-2014, EA19-2015, EA20-2023, EA21-2026)",2022-11-01,39.7,2022
Electricity,"Euro area (EA11-1999, EA12-2001, EA13-2007, EA15-2008, EA16-2009, EA17-2011, EA18-2014, EA19-2015, EA20-2023, EA21-2026)",2022-12-01,32.3,2022
Electricity,"Euro area (EA11-1999, EA12-2001, EA13-2007, EA15-2008, EA16-2009, EA17-2011, EA18-2014, EA19-2015, EA20-2023, EA21-2026)",2023-01-01,18.4,2023
Electricity,"Euro area (EA11-1999, EA12-2001, EA13-2007, EA15-2008, EA16-2009, EA17-2011, EA18-2014, EA19-2015, EA20-2023, EA21-2026)",2023-02-01,15.8,2023
Electricity,"Euro area (EA11-1999, EA12-2001, EA13-2007, EA15-2008, EA16-2009, EA17-2011, EA18-2014, EA19-2015, EA20-2023, EA21-2026)",2023-03-01,4.5,2023
Electricity,"Euro area (EA11-1999, EA12-2001, EA13-2007, EA15-2008, EA16-2009, EA17-2011, EA18-2014, EA19-2015, EA20-2023, EA21-2026)",2023-04-01,6.4,2023
Electricity,"Euro area (EA11-1999, EA12-2001, EA13-2007, EA15-2008, EA16-2009, EA17-2011, EA18-2014, EA19-2015, EA20-2023, EA21-2026)",2023-05-01,5.4,2023
Electricity,"Euro area (EA11-1999, EA12-2001, EA13-2007, EA15-2008, EA16-2009, EA17-2011, EA18-2014, EA19-2015, EA20-2023, EA21-2026)",2023-06-01,1.4,2023
Electricity,"Euro area (EA11-1999, EA12-2001, EA13-2007, EA15-2008, EA16-2009, EA17-2011, EA18-2014, EA19-2015, EA20-2023, EA21-2026)",2023-07-01,-0.5,2023
Electricity,"Euro area (EA11-1999, EA12-2001, EA13-2007, EA15-2008, EA16-2009, EA17-2011, EA18-2014, EA19-2015, EA20-2023, EA21-2026)",2023-08-01,-4.4,2023
Electricity,"Euro area (EA11-1999, EA12-2001, EA13-2007, EA15-2008, EA16-2009, EA17-2011, EA18-2014, EA19-2015, EA20-2023, EA21-2026)",2023-09-01,-5.8,2023
Electricity,"Euro area (EA11-1999, EA12-2001, EA13-2007, EA15-2008, EA16-2009, EA17-2011, EA18-2014, EA19-2015, EA20-2023, EA21-2026)",2023-10-01,-14.0,2023
Electricity,"Euro area (EA11-1999, EA12-2001, EA13-2007, EA15-2008, EA16-2009, EA17-2011, EA18-2014, EA19-2015, EA20-2023, EA21-2026)",2023-11-01,-14.2,2023
Electricity,"Euro area (EA11-1999, EA12-2001, EA13-2007, EA15-2008, EA16-2009, EA17-2011, EA18-2014, EA19-2015, EA20-2023, EA21-2026)",2023-12-01,-13.1,2023
Electricity,"Euro area (EA11-1999, EA12-2001, EA13-2007, EA15-2008, EA16-2009, EA17-2011, EA18-2014, EA19-2015, EA20-2023, EA21-2026)",2024-01-01,-7.6,2024
Electricity,"Euro area (EA11-1999, EA12-2001, EA13-2007, EA15-2008, EA16-2009, EA17-2011, EA18-2014, EA19-2015, EA20-2023, EA21-2026)",2024-02-01,-7.7,2024
Electricity,"Euro area (EA11-1999, EA12-2001, EA13-2007, EA15-2008, EA16-2009, EA17-2011, EA18-2014, EA19-2015, EA20-2023, EA21-2026)",2024-03-01,-4.5,2024
Electricity,"Euro area (EA11-1999, EA12-2001, EA13-2007, EA15-2008, EA16-2009, EA17-2011, EA18-2014, EA19-2015, EA20-2023, EA21-2026)",2024-04-01,-3.5,2024
Electricity,"Euro area (EA11-1999, EA12-2001, EA13-2007, EA15-2008, EA16-2009, EA17-2011, EA18-2014, EA19-2015, EA20-2023, EA21-2026)",2024-05-01,-2.9,2024
Electricity,"Euro area (EA11-1999, EA12-2001, EA13-2007, EA15-2008, EA16-2009, EA17-2011, EA18-2014, EA19-2015, EA20-2023, EA21-2026)",2024-06-01,-0.4,2024
Electricity,"Euro area (EA11-1999, EA12-2001, EA13-2007, EA15-2008, EA16-2009, EA17-2011, EA18-2014, EA19-2015, EA20-2023, EA21-2026)",2024-07-01,0.7,2024
Electricity,"Euro area (EA11-1999, EA12-2001, EA13-2007, EA15-2008, EA16-2009, EA17-2011, EA18-2014, EA19-2015, EA20-2023, EA21-2026)",2024-08-01,-0.3,2024
Electricity,"Euro area (EA11-1999, EA12-2001, EA13-2007, EA15-2008, EA16-2009, EA17-2011, EA18-2014, EA19-2015, EA20-2023, EA21-2026)",2024-09-01,-0.6,2024
Electricity,"Euro area (EA11-1999, EA12-2001, EA13-2007, EA15-2008, EA16-2009, EA17-2011, EA18-2014, EA19-2015, EA20-2023, EA21-2026)",2024-10-01,0.0,2024
Electricity,"Euro area (EA11-1999, EA12-2001, EA13-2007, EA15-2008, EA16-2009, EA17-2011, EA18-2014, EA19-2015, EA20-2023, EA21-2026)",2024-11-01,2.2,2024
Electricity,"Euro area (EA11-1999, EA12-2001, EA13-2007, EA15-2008, EA16-2009, EA17-2011, EA18-2014, EA19-2015, EA20-2023, EA21-2026)",2024-12-01,2.5,2024
Electricity,"Euro area (EA11-1999, EA12-2001, EA13-2007, EA15-2008, EA16-2009, EA17-2011, EA18-2014, EA19-2015, EA20-2023, EA21-2026)",2025-01-01,5.1,2025
Electricity,"Euro area (EA11-1999, EA12-2001, EA13-2007, EA15-2008, EA16-2009, EA17-2011, EA18-2014, EA19-2015, EA20-2023, EA21-2026)",2025-02-01,1.9,2025
Electricity,"Euro area (EA11-1999, EA12-2001, EA13-2007, EA15-2008, EA16-2009, EA17-2011, EA18-2014, EA19-2015, EA20-2023, EA21-2026)",2025-03-01,1.6,2025
Electricity,"Euro area (EA11-1999, EA12-2001, EA13-2007, EA15-2008, EA16-2009, EA17-2011, EA18-2014, EA19-2015, EA20-2023, EA21-2026)",2025-04-01,0.5,2025
Electricity,"Euro area (EA11-1999, EA12-2001, EA13-2007, EA15-2008, EA16-2009, EA17-2011, EA18-2014, EA19-2015, EA20-2023, EA21-2026)",2025-05-01,0.6,2025
Electricity,"Euro area (EA11-1999, EA12-2001, EA13-2007, EA15-2008, EA16-2009, EA17-2011, EA18-2014, EA19-2015, EA20-2023, EA21-2026)",2025-06-01,-0.3,2025
Electricity,"Euro area (EA11-1999, EA12-2001, EA13-2007, EA15-2008, EA16-2009, EA17-2011, EA18-2014, EA19-2015, EA20-2023, EA21-2026)",2025-07-01,0.0,2025
Electricity,"Euro area (EA11-1999, EA12-2001, EA13-2007, EA15-2008, EA16-2009, EA17-2011, EA18-2014, EA19-2015, EA20-2023, EA21-2026)",2025-08-01,-0.5,2025
Electricity,"Euro area (EA11-1999, EA12-2001, EA13-2007, EA15-2008, EA16-2009, EA17-2011, EA18-2014, EA19-2015, EA20-2023, EA21-2026)",2025-09-01,-0.7,2025
Electricity,"Euro area (EA11-1999, EA12-2001, EA13-2007, EA15-2008, EA16-2009, EA17-2011, EA18-2014, EA19-2015, EA20-2023, EA21-2026)",2025-10-01,-0.8,2025
Electricity,"Euro area (EA11-1999, EA12-2001, EA13-2007, EA15-2008, EA16-2009, EA17-2011, EA18-2014, EA19-2015, EA20-2023, EA21-2026)",2025-11-01,-1.1,2025
Electricity,"Euro area (EA11-1999, EA12-2001, EA13-2007, EA15-2008, EA16-2009, EA17-2011, EA18-2014, EA19-2015, EA20-2023, EA21-2026)",2025-12-01,-1.3,2025
Electricity,Spain,2019-01-01,5.7,2019
Electricity,Spain,2019-02-01,-1.0,2019
Electricity,Spain,2019-03-01,3.5,2019
Electricity,Spain,2019-04-01,3.7,2019
Electricity,Spain,2019-05-01,-4.9,2019
Electricity,Spain,2019-06-01,-7.8,2019
Electricity,Spain,2019-07-01,-7.1,2019
Electricity,Spain,2019-08-01,-12.7,2019
Electricity,Spain,2019-09-01,-17.0,2019
Electricity,Spain,2019-10-01,-11.1,2019
Electricity,Spain,2019-11-01,-11.6,2019
Electricity,Spain,2019-12-01,-16.4,2019
Electricity,Spain,2020-01-01,-12.5,2020
Electricity,Spain,2020-02-01,-12.1,2020
Electricity,Spain,2020-03-01,-14.2,2020
Electricity,Spain,2020-04-01,-19.9,2020
Electricity,Spain,2020-05-01,-17.0,2020
Electricity,Spain,2020-06-01,-10.8,2020
Electricity,Spain,2020-07-01,-10.6,2020
Electricity,Spain,2020-08-01,-5.9,2020
Electricity,Spain,2020-09-01,-0.1,2020
Electricity,Spain,2020-10-01,-6.5,2020
Electricity,Spain,2020-11-01,-1.7,2020
Electricity,Spain,2020-12-01,5.9,2020
Electricity,Spain,2021-01-01,15.1,2021
Electricity,Spain,2021-02-01,-3.1,2021
Electricity,Spain,2021-03-01,14.6,2021
Electricity,Spain,2021-04-01,36.9,2021
Electricity,Spain,2021-05-01,36.3,2021
Electricity,Spain,2021-06-01,37.1,2021
Electricity,Spain,2021-07-01,26.9,2021
Electricity,Spain,2021-08-01,34.9,2021
Electricity,Spain,2021-09-01,44.0,2021
Electricity,Spain,2021-10-01,62.8,2021
Electricity,Spain,2021-11-01,46.7,2021
Electricity,Spain,2021-12-01,72.0,2021
Electricity,Spain,2022-01-01,46.4,2022
Electricity,Spain,2022-02-01,80.5,2022
Electricity,Spain,2022-03-01,107.8,2022
Electricity,Spain,2022-04-01,34.9,2022
Electricity,Spain,2022-05-01,30.2,2022
Electricity,Spain,2022-06-01,33.4,2022
Electricity,Spain,2022-07-01,49.4,2022
Electricity,Spain,2022-08-01,60.6,2022
Electricity,Spain,2022-09-01,20.2,2022
Electricity,Spain,2022-10-01,-15.4,2022
Electricity,Spain,2022-11-01,-22.4,2022
Electricity,Spain,2022-12-01,-30.8,2022
Electricity,Spain,2023-01-01,-40.8,2023
Electricity,Spain,2023-02-01,-33.0,2023
Electricity,Spain,2023-03-01,-51.8,2023
Electricity,Spain,2023-04-01,-36.2,2023
Electricity,Spain,2023-05-01,-34.9,2023
Electricity,Spain,2023-06-01,-38.1,2023
Electricity,Spain,2023-07-01,-41.9,2023
Electricity,Spain,2023-08-01,-49.6,2023
Electricity,Spain,2023-09-01,-38.3,2023
Electricity,Spain,2023-10-01,-22.0,2023
Electricity,Spain,2023-11-01,-13.6,2023
Electricity,Spain,2023-12-01,-17.3,2023
Electricity,Spain,2024-01-01,9.6,2024
Electricity,Spain,2024-02-01,-7.7,2024
Electricity,Spain,2024-03-01,6.9,2024
Electricity,Spain,2024-04-01,10.2,2024
Electricity,Spain,2024-05-01,14.3,2024
Electricity,Spain,2024-06-01,14.0,2024
Electricity,Spain,2024-07-01,7.4,2024
Electricity,Spain,2024-08-01,9.2,2024
Electricity,Spain,2024-09-01,5.3,2024
Electricity,Spain,2024-10-01,8.0,2024
Electricity,Spain,2024-11-01,19.8,2024
Electricity,Spain,2024-12-01,18.6,2024
Electricity,Spain,2025-01-01,20.5,2025
Electricity,Spain,2025-02-01,28.1,2025
Electricity,Spain,2025-03-01,12.8,2025
Electricity,Spain,2025-04-01,10.7,2025
Electricity,Spain,2025-05-01,8.9,2025
Electricity,Spain,2025-06-01,9.0,2025
Electricity,Spain,2025-07-01,17.3,2025
Electricity,Spain,2025-08-01,14.7,2025
Electricity,Spain,2025-09-01,16.8,2025
Electricity,Spain,2025-10-01,18.7,2025
Electricity,Spain,2025-11-01,11.9,2025
Electricity,Spain,2025-12-01,12.6,2025
Electricity,France,2019-01-01,0.2,2019
Electricity,France,2019-02-01,-0.3,2019
Electricity,France,2019-03-01,-0.3,2019
Electricity,France,2019-04-01,-0.3,2019
Electricity,France,2019-05-01,-0.3,2019
Electricity,France,2019-06-01,5.6,2019
Electricity,France,2019-07-01,5.6,2019
Electricity,France,2019-08-01,7.3,2019
Electricity,France,2019-09-01,7.3,2019
Electricity,France,2019-10-01,7.3,2019
Electricity,France,2019-11-01,7.3,2019
Electricity,France,2019-12-01,7.3,2019
Electricity,France,2020-01-01,7.3,2020
Electricity,France,2020-02-01,9.7,2020
Electricity,France,2020-03-01,9.7,2020
Electricity,France,2020-04-01,9.7,2020
Electricity,France,2020-05-01,9.7,2020
Electricity,France,2020-06-01,3.6,2020
Electricity,France,2020-07-01,3.6,2020
Electricity,France,2020-08-01,3.9,2020
Electricity,France,2020-09-01,3.9,2020
Electricity,France,2020-10-01,3.8,2020
Electricity,France,2020-11-01,3.8,2020
Electricity,France,2020-12-01,3.8,2020
Electricity,France,2021-01-01,3.8,2021
Electricity,France,2021-02-01,3.0,2021
Electricity,France,2021-03-01,3.0,2021
Electricity,France,2021-04-01,3.0,2021
Electricity,France,2021-05-01,3.1,2021
Electricity,France,2021-06-01,3.1,2021
Electricity,France,2021-07-01,3.1,2021
Electricity,France,2021-08-01,2.2,2021
Electricity,France,2021-09-01,2.2,2021
Electricity,France,2021-10-01,2.6,2021
Electricity,France,2021-11-01,3.3,2021
Electricity,France,2021-12-01,3.1,2021
Electricity,France,2022-01-01,3.9,2022
Electricity,France,2022-02-01,4.9,2022
Electricity,France,2022-03-01,6.0,2022
Electricity,France,2022-04-01,6.9,2022
Electricity,France,2022-05-01,6.5,2022
Electricity,France,2022-06-01,7.6,2022
Electricity,France,2022-07-01,8.2,2022
Electricity,France,2022-08-01,7.7,2022
Electricity,France,2022-09-01,10.6,2022
Electricity,France,2022-10-01,8.8,2022
Electricity,France,2022-11-01,9.8,2022
Electricity,France,2022-12-01,7.3,2022
Electricity,France,2023-01-01,3.1,2023
Electricity,France,2023-02-01,10.1,2023
Electricity,France,2023-03-01,11.0,2023
Electricity,France,2023-04-01,11.3,2023
Electricity,France,2023-05-01,11.3,2023
Electricity,France,2023-06-01,10.1,2023
Electricity,France,2023-07-01,9.4,2023
Electricity,France,2023-08-01,18.1,2023
Electricity,France,2023-09-01,16.1,2023
Electricity,France,2023-10-01,18.5,2023
Electricity,France,2023-11-01,16.1,2023
Electricity,France,2023-12-01,18.9,2023
Electricity,France,2024-01-01,23.2,2024
Electricity,France,2024-02-01,23.1,2024
Electricity,France,2024-03-01,20.4,2024
Electricity,France,2024-04-01,19.2,2024
Electricity,France,2024-05-01,19.5,2024
Electricity,France,2024-06-01,19.4,2024
Electricity,France,2024-07-01,19.5,2024
Electricity,France,2024-08-01,10.5,2024
Electricity,France,2024-09-01,9.4,2024
Electricity,France,2024-10-01,9.0,2024
Electricity,France,2024-11-01,9.5,2024
Electricity,France,2024-12-01,9.8,2024
Electricity,France,2025-01-01,9.3,2025
Electricity,France,2025-02-01,-12.6,2025
Electricity,France,2025-03-01,-12.9,2025
Electricity,France,2025-04-01,-14.1,2025
Electricity,France,2025-05-01,-14.0,2025
Electricity,France,2025-06-01,-13.9,2025
Electricity,France,2025-07-01,-13.6,2025
Electricity,France,2025-08-01,-13.6,2025
Electricity,France,2025-09-01,-13.7,2025
Electricity,France,2025-10-01,-13.8,2025
Electricity,France,2025-11-01,-14.0,2025
Electricity,France,2025-12-01,-14.2,2025
Electricity,Italy,2019-01-01,7.0,2019
Electricity,Italy,2019-02-01,6.6,2019
Electricity,Italy,2019-03-01,6.5,2019
Electricity,Italy,2019-04-01,9.1,2019
Electricity,Italy,2019-05-01,8.6,2019
Electricity,Italy,2019-06-01,8.6,2019
Electricity,Italy,2019-07-01,4.2,2019
Electricity,Italy,2019-08-01,4.9,2019
Electricity,Italy,2019-09-01,4.5,2019
Electricity,Italy,2019-10-01,-0.1,2019
Electricity,Italy,2019-11-01,0.2,2019
Electricity,Italy,2019-12-01,0.4,2019
Electricity,Italy,2020-01-01,-3.4,2020
Electricity,Italy,2020-02-01,-3.8,2020
Electricity,Italy,2020-03-01,-4.0,2020
Electricity,Italy,2020-04-01,-8.2,2020
Electricity,Italy,2020-05-01,-9.9,2020
Electricity,Italy,2020-06-01,-9.8,2020
Electricity,Italy,2020-07-01,-8.8,2020
Electricity,Italy,2020-08-01,-8.3,2020
Electricity,Italy,2020-09-01,-7.9,2020
Electricity,Italy,2020-10-01,-3.5,2020
Electricity,Italy,2020-11-01,-3.5,2020
Electricity,Italy,2020-12-01,-3.5,2020
Electricity,Italy,2021-01-01,0.4,2021
Electricity,Italy,2021-02-01,0.6,2021
Electricity,Italy,2021-03-01,1.5,2021
Electricity,Italy,2021-04-01,12.5,2021
Electricity,Italy,2021-05-01,16.8,2021
Electricity,Italy,2021-06-01,16.8,2021
Electricity,Italy,2021-07-01,13.5,2021
Electricity,Italy,2021-08-01,15.7,2021
Electricity,Italy,2021-09-01,15.5,2021
Electricity,Italy,2021-10-01,17.9,2021
Electricity,Italy,2021-11-01,33.2,2021
Electricity,Italy,2021-12-01,35.0,2021
Electricity,Italy,2022-01-01,62.0,2022
Electricity,Italy,2022-02-01,81.9,2022
Electricity,Italy,2022-03-01,82.3,2022
Electricity,Italy,2022-04-01,68.6,2022
Electricity,Italy,2022-05-01,73.4,2022
Electricity,Italy,2022-06-01,81.3,2022
Electricity,Italy,2022-07-01,85.3,2022
Electricity,Italy,2022-08-01,102.9,2022
Electricity,Italy,2022-09-01,103.4,2022
Electricity,Italy,2022-10-01,199.0,2022
Electricity,Italy,2022-11-01,174.8,2022
Electricity,Italy,2022-12-01,165.4,2022
Electricity,Italy,2023-01-01,88.9,2023
Electricity,Italy,2023-02-01,58.2,2023
Electricity,Italy,2023-03-01,28.1,2023
Electricity,Italy,2023-04-01,20.1,2023
Electricity,Italy,2023-05-01,13.5,2023
Electricity,Italy,2023-06-01,1.4,2023
Electricity,Italy,2023-07-01,-3.5,2023
Electricity,Italy,2023-08-01,-14.8,2023
Electricity,Italy,2023-09-01,-15.2,2023
Electricity,Italy,2023-10-01,-47.5,2023
Electricity,Italy,2023-11-01,-50.6,2023
Electricity,Italy,2023-12-01,-49.9,2023
Electricity,Italy,2024-01-01,-43.2,2024
Electricity,Italy,2024-02-01,-41.2,2024
Electricity,Italy,2024-03-01,-30.6,2024
Electricity,Italy,2024-04-01,-29.2,2024
Electricity,Italy,2024-05-01,-29.2,2024
Electricity,Italy,2024-06-01,-24.7,2024
Electricity,Italy,2024-07-01,-11.4,2024
Electricity,Italy,2024-08-01,-10.8,2024
Electricity,Italy,2024-09-01,-9.9,2024
Electricity,Italy,2024-10-01,-9.8,2024
Electricity,Italy,2024-11-01,-9.3,2024
Electricity,Italy,2024-12-01,-8.3,2024
Electricity,Italy,2025-01-01,-0.8,2025
Electricity,Italy,2025-02-01,3.0,2025
Electricity,Italy,2025-03-01,8.2,2025
Electricity,Italy,2025-04-01,9.1,2025
Electricity,Italy,2025-05-01,9.4,2025
Electricity,Italy,2025-06-01,6.2,2025
Electricity,Italy,2025-07-01,-2.5,2025
Electricity,Italy,2025-08-01,-4.9,2025
Electricity,Italy,2025-09-01,-5.8,2025
Electricity,Italy,2025-10-01,-7.5,2025
Electricity,Italy,2025-11-01,-5.8,2025
Electricity,Italy,2025-12-01,-5.4,2025
Electricity,Portugal,2019-01-01,-3.3,2019
Electricity,Portugal,2019-02-01,-3.7,2019
Electricity,Portugal,2019-03-01,-3.5,2019
Electricity,Portugal,2019-04-01,-3.6,2019
Electricity,Portugal,2019-05-01,-3.6,2019
Electricity,Portugal,2019-06-01,-3.7,2019
Electricity,Portugal,2019-07-01,-4.8,2019
Electricity,Portugal,2019-08-01,-5.0,2019
Electricity,Portugal,2019-09-01,-5.0,2019
Electricity,Portugal,2019-10-01,-4.8,2019
Electricity,Portugal,2019-11-01,-5.0,2019
Electricity,Portugal,2019-12-01,-4.9,2019
Electricity,Portugal,2020-01-01,-2.0,2020
Electricity,Portugal,2020-02-01,-1.7,2020
Electricity,Portugal,2020-03-01,-1.7,2020
Electricity,Portugal,2020-04-01,-2.3,2020
Electricity,Portugal,2020-05-01,-2.3,2020
Electricity,Portugal,2020-06-01,-2.2,2020
Electricity,Portugal,2020-07-01,-1.4,2020
Electricity,Portugal,2020-08-01,-1.3,2020
Electricity,Portugal,2020-09-01,-1.3,2020
Electricity,Portugal,2020-10-01,-1.4,2020
Electricity,Portugal,2020-11-01,-1.2,2020
Electricity,Portugal,2020-12-01,-1.3,2020
Electricity,Portugal,2021-01-01,-1.2,2021
Electricity,Portugal,2021-02-01,-1.1,2021
Electricity,Portugal,2021-03-01,-0.9,2021
Electricity,Portugal,2021-04-01,-0.2,2021
Electricity,Portugal,2021-05-01,-0.2,2021
Electricity,Portugal,2021-06-01,-0.2,2021
Electricity,Portugal,2021-07-01,0.6,2021
Electricity,Portugal,2021-08-01,2.0,2021
Electricity,Portugal,2021-09-01,2.3,2021
Electricity,Portugal,2021-10-01,2.8,2021
Electricity,Portugal,2021-11-01,2.6,2021
Electricity,Portugal,2021-12-01,2.6,2021
Electricity,Portugal,2022-01-01,5.6,2022
Electricity,Portugal,2022-02-01,5.6,2022
Electricity,Portugal,2022-03-01,5.3,2022
Electricity,Portugal,2022-04-01,17.7,2022
Electricity,Portugal,2022-05-01,23.6,2022
Electricity,Portugal,2022-06-01,23.6,2022
Electricity,Portugal,2022-07-01,35.6,2022
Electricity,Portugal,2022-08-01,32.1,2022
Electricity,Portugal,2022-09-01,31.8,2022
Electricity,Portugal,2022-10-01,27.6,2022
Electricity,Portugal,2022-11-01,28.0,2022
Electricity,Portugal,2022-12-01,29.0,2022
Electricity,Portugal,2023-01-01,-2.8,2023
Electricity,Portugal,2023-02-01,-6.0,2023
Electricity,Portugal,2023-03-01,-5.3,2023
Electricity,Portugal,2023-04-01,-16.3,2023
Electricity,Portugal,2023-05-01,-20.3,2023
Electricity,Portugal,2023-06-01,-21.5,2023
Electricity,Portugal,2023-07-01,-17.9,2023
Electricity,Portugal,2023-08-01,-16.9,2023
Electricity,Portugal,2023-09-01,-16.9,2023
Electricity,Portugal,2023-10-01,-15.3,2023
Electricity,Portugal,2023-11-01,-15.6,2023
Electricity,Portugal,2023-12-01,-16.2,2023
Electricity,Portugal,2024-01-01,14.9,2024
Electricity,Portugal,2024-02-01,18.3,2024
Electricity,Portugal,2024-03-01,17.4,2024
Electricity,Portugal,2024-04-01,17.0,2024
Electricity,Portugal,2024-05-01,15.9,2024
Electricity,Portugal,2024-06-01,25.9,2024
Electricity,Portugal,2024-07-01,9.5,2024
Electricity,Portugal,2024-08-01,9.5,2024
Electricity,Portugal,2024-09-01,9.5,2024
Electricity,Portugal,2024-10-01,11.1,2024
Electricity,Portugal,2024-11-01,11.1,2024
Electricity,Portugal,2024-12-01,10.8,2024
Electricity,Portugal,2025-01-01,0.4,2025
Electricity,Portugal,2025-02-01,2.1,2025
Electricity,Portugal,2025-03-01,2.1,2025
Electricity,Portugal,2025-04-01,4.3,2025
Electricity,Portugal,2025-05-01,3.8,2025
Electricity,Portugal,2025-06-01,-3.0,2025
Electricity,Portugal,2025-07-01,-2.3,2025
Electricity,Portugal,2025-08-01,-2.3,2025
Electricity,Portugal,2025-09-01,-2.3,2025
Electricity,Portugal,2025-10-01,-3.2,2025
Electricity,Portugal,2025-11-01,-4.1,2025
Electricity,Portugal,2025-12-01,-3.8,2025
Gas,Germany,2019-01-01,0.5,2019
Gas,Germany,2019-02-01,1.0,2019
Gas,Germany,2019-03-01,1.3,2019
Gas,Germany,2019-04-01,1.8,2019
Gas,Germany,2019-05-01,1.9,2019
Gas,Germany,2019-06-01,2.5,2019
Gas,Germany,2019-07-01,2.6,2019
Gas,Germany,2019-08-01,2.8,2019
Gas,Germany,2019-09-01,3.0,2019
Gas,Germany,2019-10-01,3.3,2019
Gas,Germany,2019-11-01,3.7,2019
Gas,Germany,2019-12-01,4.2,2019
Gas,Germany,2020-01-01,3.1,2020
Gas,Germany,2020-02-01,3.0,2020
Gas,Germany,2020-03-01,2.7,2020
Gas,Germany,2020-04-01,2.2,2020
Gas,Germany,2020-05-01,2.1,2020
Gas,Germany,2020-06-01,2.1,2020
Gas,Germany,2020-07-01,0.8,2020
Gas,Germany,2020-08-01,0.7,2020
Gas,Germany,2020-09-01,0.4,2020
Gas,Germany,2020-10-01,0.0,2020
Gas,Germany,2020-11-01,-0.5,2020
Gas,Germany,2020-12-01,-0.7,2020
Gas,Germany,2021-01-01,1.5,2021
Gas,Germany,2021-02-01,1.6,2021
Gas,Germany,2021-03-01,1.9,2021
Gas,Germany,2021-04-01,1.9,2021
Gas,Germany,2021-05-01,1.9,2021
Gas,Germany,2021-06-01,1.8,2021
Gas,Germany,2021-07-01,3.4,2021
Gas,Germany,2021-08-01,3.7,2021
Gas,Germany,2021-09-01,4.2,2021
Gas,Germany,2021-10-01,5.8,2021
Gas,Germany,2021-11-01,7.4,2021
Gas,Germany,2021-12-01,8.9,2021
Gas,Germany,2022-01-01,19.9,2022
Gas,Germany,2022-02-01,22.9,2022
Gas,Germany,2022-03-01,28.4,2022
Gas,Germany,2022-04-01,33.3,2022
Gas,Germany,2022-05-01,38.7,2022
Gas,Germany,2022-06-01,42.9,2022
Gas,Germany,2022-07-01,52.4,2022
Gas,Germany,2022-08-01,59.1,2022
Gas,Germany,2022-09-01,67.7,2022
Gas,Germany,2022-10-01,78.0,2022
Gas,Germany,2022-11-01,82.0,2022
Gas,Germany,2022-12-01,39.8,2022
Gas,Germany,2023-01-01,48.9,2023
Gas,Germany,2023-02-01,47.8,2023
Gas,Germany,2023-03-01,43.7,2023
Gas,Germany,2023-04-01,40.2,2023
Gas,Germany,2023-05-01,35.8,2023
Gas,Germany,2023-06-01,32.3,2023
Gas,Germany,2023-07-01,24.0,2023
Gas,Germany,2023-08-01,18.4,2023
Gas,Germany,2023-09-01,11.6,2023
Gas,Germany,2023-10-01,2.9,2023
Gas,Germany,2023-11-01,-2.8,2023
Gas,Germany,2023-12-01,23.0,2023
Gas,Germany,2024-01-01,4.6,2024
Gas,Germany,2024-02-01,1.9,2024
Gas,Germany,2024-03-01,-1.0,2024
Gas,Germany,2024-04-01,-0.3,2024
Gas,Germany,2024-05-01,-1.9,2024
Gas,Germany,2024-06-01,-2.9,2024
Gas,Germany,2024-07-01,-3.5,2024
Gas,Germany,2024-08-01,-4.2,2024
Gas,Germany,2024-09-01,-4.3,2024
Gas,Germany,2024-10-01,-3.8,2024
Gas,Germany,2024-11-01,-1.9,2024
Gas,Germany,2024-12-01,-0.3,2024
Gas,Germany,2025-01-01,-3.0,2025
Gas,Germany,2025-02-01,-2.2,2025
Gas,Germany,2025-03-01,-1.2,2025
Gas,Germany,2025-04-01,-3.1,2025
Gas,Germany,2025-05-01,-2.7,2025
Gas,Germany,2025-06-01,-2.2,2025
Gas,Germany,2025-07-01,-1.8,2025
Gas,Germany,2025-08-01,-1.1,2025
Gas,Germany,2025-09-01,-0.7,2025
Gas,Germany,2025-10-01,-0.4,2025
Gas,Germany,2025-11-01,-0.4,2025
Gas,Germany,2025-12-01,-0.8,2025
Gas,"Euro area (EA11-1999, EA12-2001, EA13-2007, EA15-2008, EA16-2009, EA17-2011, EA18-2014, EA19-2015, EA20-2023, EA21-2026)",2019-01-01,6.5,2019
Gas,"Euro area (EA11-1999, EA12-2001, EA13-2007, EA15-2008, EA16-2009, EA17-2011, EA18-2014, EA19-2015, EA20-2023, EA21-2026)",2019-02-01,6.5,2019
Gas,"Euro area (EA11-1999, EA12-2001, EA13-2007, EA15-2008, EA16-2009, EA17-2011, EA18-2014, EA19-2015, EA20-2023, EA21-2026)",2019-03-01,7.0,2019
Gas,"Euro area (EA11-1999, EA12-2001, EA13-2007, EA15-2008, EA16-2009, EA17-2011, EA18-2014, EA19-2015, EA20-2023, EA21-2026)",2019-04-01,5.9,2019
Gas,"Euro area (EA11-1999, EA12-2001, EA13-2007, EA15-2008, EA16-2009, EA17-2011, EA18-2014, EA19-2015, EA20-2023, EA21-2026)",2019-05-01,5.8,2019
Gas,"Euro area (EA11-1999, EA12-2001, EA13-2007, EA15-2008, EA16-2009, EA17-2011, EA18-2014, EA19-2015, EA20-2023, EA21-2026)",2019-06-01,5.4,2019
Gas,"Euro area (EA11-1999, EA12-2001, EA13-2007, EA15-2008, EA16-2009, EA17-2011, EA18-2014, EA19-2015, EA20-2023, EA21-2026)",2019-07-01,-0.4,2019
Gas,"Euro area (EA11-1999, EA12-2001, EA13-2007, EA15-2008, EA16-2009, EA17-2011, EA18-2014, EA19-2015, EA20-2023, EA21-2026)",2019-08-01,-0.6,2019
Gas,"Euro area (EA11-1999, EA12-2001, EA13-2007, EA15-2008, EA16-2009, EA17-2011, EA18-2014, EA19-2015, EA20-2023, EA21-2026)",2019-09-01,-0.9,2019
Gas,"Euro area (EA11-1999, EA12-2001, EA13-2007, EA15-2008, EA16-2009, EA17-2011, EA18-2014, EA19-2015, EA20-2023, EA21-2026)",2019-10-01,-3.2,2019
Gas,"Euro area (EA11-1999, EA12-2001, EA13-2007, EA15-2008, EA16-2009, EA17-2011, EA18-2014, EA19-2015, EA20-2023, EA21-2026)",2019-11-01,-3.6,2019
Gas,"Euro area (EA11-1999, EA12-2001, EA13-2007, EA15-2008, EA16-2009, EA17-2011, EA18-2014, EA19-2015, EA20-2023, EA21-2026)",2019-12-01,-3.1,2019
Gas,"Euro area (EA11-1999, EA12-2001, EA13-2007, EA15-2008, EA16-2009, EA17-2011, EA18-2014, EA19-2015, EA20-2023, EA21-2026)",2020-01-01,-3.4,2020
Gas,"Euro area (EA11-1999, EA12-2001, EA13-2007, EA15-2008, EA16-2009, EA17-2011, EA18-2014, EA19-2015, EA20-2023, EA21-2026)",2020-02-01,-3.8,2020
Gas,"Euro area (EA11-1999, EA12-2001, EA13-2007, EA15-2008, EA16-2009, EA17-2011, EA18-2014, EA19-2015, EA20-2023, EA21-2026)",2020-03-01,-4.3,2020
Gas,"Euro area (EA11-1999, EA12-2001, EA13-2007, EA15-2008, EA16-2009, EA17-2011, EA18-2014, EA19-2015, EA20-2023, EA21-2026)",2020-04-01,-4.8,2020
Gas,"Euro area (EA11-1999, EA12-2001, EA13-2007, EA15-2008, EA16-2009, EA17-2011, EA18-2014, EA19-2015, EA20-2023, EA21-2026)",2020-05-01,-4.9,2020
Gas,"Euro area (EA11-1999, EA12-2001, EA13-2007, EA15-2008, EA16-2009, EA17-2011, EA18-2014, EA19-2015, EA20-2023, EA21-2026)",2020-06-01,-5.0,2020
Gas,"Euro area (EA11-1999, EA12-2001, EA13-2007, EA15-2008, EA16-2009, EA17-2011, EA18-2014, EA19-2015, EA20-2023, EA21-2026)",2020-07-01,-5.0,2020
Gas,"Euro area (EA11-1999, EA12-2001, EA13-2007, EA15-2008, EA16-2009, EA17-2011, EA18-2014, EA19-2015, EA20-2023, EA21-2026)",2020-08-01,-4.9,2020
Gas,"Euro area (EA11-1999, EA12-2001, EA13-2007, EA15-2008, EA16-2009, EA17-2011, EA18-2014, EA19-2015, EA20-2023, EA21-2026)",2020-09-01,-4.8,2020
Gas,"Euro area (EA11-1999, EA12-2001, EA13-2007, EA15-2008, EA16-2009, EA17-2011, EA18-2014, EA19-2015, EA20-2023, EA21-2026)",2020-10-01,-3.5,2020
Gas,"Euro area (EA11-1999, EA12-2001, EA13-2007, EA15-2008, EA16-2009, EA17-2011, EA18-2014, EA19-2015, EA20-2023, EA21-2026)",2020-11-01,-3.6,2020
Gas,"Euro area (EA11-1999, EA12-2001, EA13-2007, EA15-2008, EA16-2009, EA17-2011, EA18-2014, EA19-2015, EA20-2023, EA21-2026)",2020-12-01,-3.6,2020
Gas,"Euro area (EA11-1999, EA12-2001, EA13-2007, EA15-2008, EA16-2009, EA17-2011, EA18-2014, EA19-2015, EA20-2023, EA21-2026)",2021-01-01,-1.6,2021
Gas,"Euro area (EA11-1999, EA12-2001, EA13-2007, EA15-2008, EA16-2009, EA17-2011, EA18-2014, EA19-2015, EA20-2023, EA21-2026)",2021-02-01,-0.6,2021
Gas,"Euro area (EA11-1999, EA12-2001, EA13-2007, EA15-2008, EA16-2009, EA17-2011, EA18-2014, EA19-2015, EA20-2023, EA21-2026)",2021-03-01,0.8,2021
Gas,"Euro area (EA11-1999, EA12-2001, EA13-2007, EA15-2008, EA16-2009, EA17-2011, EA18-2014, EA19-2015, EA20-2023, EA21-2026)",2021-04-01,4.4,2021
Gas,"Euro area (EA11-1999, EA12-2001, EA13-2007, EA15-2008, EA16-2009, EA17-2011, EA18-2014, EA19-2015, EA20-2023, EA21-2026)",2021-05-01,4.9,2021
Gas,"Euro area (EA11-1999, EA12-2001, EA13-2007, EA15-2008, EA16-2009, EA17-2011, EA18-2014, EA19-2015, EA20-2023, EA21-2026)",2021-06-01,6.1,2021
Gas,"Euro area (EA11-1999, EA12-2001, EA13-2007, EA15-2008, EA16-2009, EA17-2011, EA18-2014, EA19-2015, EA20-2023, EA21-2026)",2021-07-01,13.8,2021
Gas,"Euro area (EA11-1999, EA12-2001, EA13-2007, EA15-2008, EA16-2009, EA17-2011, EA18-2014, EA19-2015, EA20-2023, EA21-2026)",2021-08-01,15.1,2021
Gas,"Euro area (EA11-1999, EA12-2001, EA13-2007, EA15-2008, EA16-2009, EA17-2011, EA18-2014, EA19-2015, EA20-2023, EA21-2026)",2021-09-01,16.9,2021
Gas,"Euro area (EA11-1999, EA12-2001, EA13-2007, EA15-2008, EA16-2009, EA17-2011, EA18-2014, EA19-2015, EA20-2023, EA21-2026)",2021-10-01,23.0,2021
Gas,"Euro area (EA11-1999, EA12-2001, EA13-2007, EA15-2008, EA16-2009, EA17-2011, EA18-2014, EA19-2015, EA20-2023, EA21-2026)",2021-11-01,27.2,2021
Gas,"Euro area (EA11-1999, EA12-2001, EA13-2007, EA15-2008, EA16-2009, EA17-2011, EA18-2014, EA19-2015, EA20-2023, EA21-2026)",2021-12-01,28.5,2021
Gas,"Euro area (EA11-1999, EA12-2001, EA13-2007, EA15-2008, EA16-2009, EA17-2011, EA18-2014, EA19-2015, EA20-2023, EA21-2026)",2022-01-01,40.6,2022
Gas,"Euro area (EA11-1999, EA12-2001, EA13-2007, EA15-2008, EA16-2009, EA17-2011, EA18-2014, EA19-2015, EA20-2023, EA21-2026)",2022-02-01,41.4,2022
Gas,"Euro area (EA11-1999, EA12-2001, EA13-2007, EA15-2008, EA16-2009, EA17-2011, EA18-2014, EA19-2015, EA20-2023, EA21-2026)",2022-03-01,50.0,2022
Gas,"Euro area (EA11-1999, EA12-2001, EA13-2007, EA15-2008, EA16-2009, EA17-2011, EA18-2014, EA19-2015, EA20-2023, EA21-2026)",2022-04-01,51.7,2022
Gas,"Euro area (EA11-1999, EA12-2001, EA13-2007, EA15-2008, EA16-2009, EA17-2011, EA18-2014, EA19-2015, EA20-2023, EA21-2026)",2022-05-01,52.9,2022
Gas,"Euro area (EA11-1999, EA12-2001, EA13-2007, EA15-2008, EA16-2009, EA17-2011, EA18-2014, EA19-2015, EA20-2023, EA21-2026)",2022-06-01,51.6,2022
Gas,"Euro area (EA11-1999, EA12-2001, EA13-2007, EA15-2008, EA16-2009, EA17-2011, EA18-2014, EA19-2015, EA20-2023, EA21-2026)",2022-07-01,52.9,2022
Gas,"Euro area (EA11-1999, EA12-2001, EA13-2007, EA15-2008, EA16-2009, EA17-2011, EA18-2014, EA19-2015, EA20-2023, EA21-2026)",2022-08-01,63.1,2022
Gas,"Euro area (EA11-1999, EA12-2001, EA13-2007, EA15-2008, EA16-2009, EA17-2011, EA18-2014, EA19-2015, EA20-2023, EA21-2026)",2022-09-01,72.2,2022
Gas,"Euro area (EA11-1999, EA12-2001, EA13-2007, EA15-2008, EA16-2009, EA17-2011, EA18-2014, EA19-2015, EA20-2023, EA21-2026)",2022-10-01,77.6,2022
Gas,"Euro area (EA11-1999, EA12-2001, EA13-2007, EA15-2008, EA16-2009, EA17-2011, EA18-2014, EA19-2015, EA20-2023, EA21-2026)",2022-11-01,67.0,2022
Gas,"Euro area (EA11-1999, EA12-2001, EA13-2007, EA15-2008, EA16-2009, EA17-2011, EA18-2014, EA19-2015, EA20-2023, EA21-2026)",2022-12-01,48.9,2022
Gas,"Euro area (EA11-1999, EA12-2001, EA13-2007, EA15-2008, EA16-2009, EA17-2011, EA18-2014, EA19-2015, EA20-2023, EA21-2026)",2023-01-01,29.1,2023
Gas,"Euro area (EA11-1999, EA12-2001, EA13-2007, EA15-2008, EA16-2009, EA17-2011, EA18-2014, EA19-2015, EA20-2023, EA21-2026)",2023-02-01,20.4,2023
Gas,"Euro area (EA11-1999, EA12-2001, EA13-2007, EA15-2008, EA16-2009, EA17-2011, EA18-2014, EA19-2015, EA20-2023, EA21-2026)",2023-03-01,8.2,2023
Gas,"Euro area (EA11-1999, EA12-2001, EA13-2007, EA15-2008, EA16-2009, EA17-2011, EA18-2014, EA19-2015, EA20-2023, EA21-2026)",2023-04-01,5.7,2023
Gas,"Euro area (EA11-1999, EA12-2001, EA13-2007, EA15-2008, EA16-2009, EA17-2011, EA18-2014, EA19-2015, EA20-2023, EA21-2026)",2023-05-01,5.2,2023
Gas,"Euro area (EA11-1999, EA12-2001, EA13-2007, EA15-2008, EA16-2009, EA17-2011, EA18-2014, EA19-2015, EA20-2023, EA21-2026)",2023-06-01,3.6,2023
Gas,"Euro area (EA11-1999, EA12-2001, EA13-2007, EA15-2008, EA16-2009, EA17-2011, EA18-2014, EA19-2015, EA20-2023, EA21-2026)",2023-07-01,-5.2,2023
Gas,"Euro area (EA11-1999, EA12-2001, EA13-2007, EA15-2008, EA16-2009, EA17-2011, EA18-2014, EA19-2015, EA20-2023, EA21-2026)",2023-08-01,-12.7,2023
Gas,"Euro area (EA11-1999, EA12-2001, EA13-2007, EA15-2008, EA16-2009, EA17-2011, EA18-2014, EA19-2015, EA20-2023, EA21-2026)",2023-09-01,-18.9,2023
Gas,"Euro area (EA11-1999, EA12-2001, EA13-2007, EA15-2008, EA16-2009, EA17-2011, EA18-2014, EA19-2015, EA20-2023, EA21-2026)",2023-10-01,-26.4,2023
Gas,"Euro area (EA11-1999, EA12-2001, EA13-2007, EA15-2008, EA16-2009, EA17-2011, EA18-2014, EA19-2015, EA20-2023, EA21-2026)",2023-11-01,-24.7,2023
Gas,"Euro area (EA11-1999, EA12-2001, EA13-2007, EA15-2008, EA16-2009, EA17-2011, EA18-2014, EA19-2015, EA20-2023, EA21-2026)",2023-12-01,-15.5,2023
Gas,"Euro area (EA11-1999, EA12-2001, EA13-2007, EA15-2008, EA16-2009, EA17-2011, EA18-2014, EA19-2015, EA20-2023, EA21-2026)",2024-01-01,-9.7,2024
Gas,"Euro area (EA11-1999, EA12-2001, EA13-2007, EA15-2008, EA16-2009, EA17-2011, EA18-2014, EA19-2015, EA20-2023, EA21-2026)",2024-02-01,-5.9,2024
Gas,"Euro area (EA11-1999, EA12-2001, EA13-2007, EA15-2008, EA16-2009, EA17-2011, EA18-2014, EA19-2015, EA20-2023, EA21-2026)",2024-03-01,-3.5,2024
Gas,"Euro area (EA11-1999, EA12-2001, EA13-2007, EA15-2008, EA16-2009, EA17-2011, EA18-2014, EA19-2015, EA20-2023, EA21-2026)",2024-04-01,-3.9,2024
Gas,"Euro area (EA11-1999, EA12-2001, EA13-2007, EA15-2008, EA16-2009, EA17-2011, EA18-2014, EA19-2015, EA20-2023, EA21-2026)",2024-05-01,-4.7,2024
Gas,"Euro area (EA11-1999, EA12-2001, EA13-2007, EA15-2008, EA16-2009, EA17-2011, EA18-2014, EA19-2015, EA20-2023, EA21-2026)",2024-06-01,-2.6,2024
Gas,"Euro area (EA11-1999, EA12-2001, EA13-2007, EA15-2008, EA16-2009, EA17-2011, EA18-2014, EA19-2015, EA20-2023, EA21-2026)",2024-07-01,1.6,2024
Gas,"Euro area (EA11-1999, EA12-2001, EA13-2007, EA15-2008, EA16-2009, EA17-2011, EA18-2014, EA19-2015, EA20-2023, EA21-2026)",2024-08-01,2.5,2024
Gas,"Euro area (EA11-1999, EA12-2001, EA13-2007, EA15-2008, EA16-2009, EA17-2011, EA18-2014, EA19-2015, EA20-2023, EA21-2026)",2024-09-01,3.1,2024
Gas,"Euro area (EA11-1999, EA12-2001, EA13-2007, EA15-2008, EA16-2009, EA17-2011, EA18-2014, EA19-2015, EA20-2023, EA21-2026)",2024-10-01,4.0,2024
Gas,"Euro area (EA11-1999, EA12-2001, EA13-2007, EA15-2008, EA16-2009, EA17-2011, EA18-2014, EA19-2015, EA20-2023, EA21-2026)",2024-11-01,4.9,2024
Gas,"Euro area (EA11-1999, EA12-2001, EA13-2007, EA15-2008, EA16-2009, EA17-2011, EA18-2014, EA19-2015, EA20-2023, EA21-2026)",2024-12-01,4.3,2024
Gas,"Euro area (EA11-1999, EA12-2001, EA13-2007, EA15-2008, EA16-2009, EA17-2011, EA18-2014, EA19-2015, EA20-2023, EA21-2026)",2025-01-01,1.5,2025
Gas,"Euro area (EA11-1999, EA12-2001, EA13-2007, EA15-2008, EA16-2009, EA17-2011, EA18-2014, EA19-2015, EA20-2023, EA21-2026)",2025-02-01,3.6,2025
Gas,"Euro area (EA11-1999, EA12-2001, EA13-2007, EA15-2008, EA16-2009, EA17-2011, EA18-2014, EA19-2015, EA20-2023, EA21-2026)",2025-03-01,6.4,2025
Gas,"Euro area (EA11-1999, EA12-2001, EA13-2007, EA15-2008, EA16-2009, EA17-2011, EA18-2014, EA19-2015, EA20-2023, EA21-2026)",2025-04-01,4.8,2025
Gas,"Euro area (EA11-1999, EA12-2001, EA13-2007, EA15-2008, EA16-2009, EA17-2011, EA18-2014, EA19-2015, EA20-2023, EA21-2026)",2025-05-01,3.2,2025
Gas,"Euro area (EA11-1999, EA12-2001, EA13-2007, EA15-2008, EA16-2009, EA17-2011, EA18-2014, EA19-2015, EA20-2023, EA21-2026)",2025-06-01,1.9,2025
Gas,"Euro area (EA11-1999, EA12-2001, EA13-2007, EA15-2008, EA16-2009, EA17-2011, EA18-2014, EA19-2015, EA20-2023, EA21-2026)",2025-07-01,1.0,2025
Gas,"Euro area (EA11-1999, EA12-2001, EA13-2007, EA15-2008, EA16-2009, EA17-2011, EA18-2014, EA19-2015, EA20-2023, EA21-2026)",2025-08-01,0.0,2025
Gas,"Euro area (EA11-1999, EA12-2001, EA13-2007, EA15-2008, EA16-2009, EA17-2011, EA18-2014, EA19-2015, EA20-2023, EA21-2026)",2025-09-01,-0.4,2025
Gas,"Euro area (EA11-1999, EA12-2001, EA13-2007, EA15-2008, EA16-2009, EA17-2011, EA18-2014, EA19-2015, EA20-2023, EA21-2026)",2025-10-01,-1.7,2025
Gas,"Euro area (EA11-1999, EA12-2001, EA13-2007, EA15-2008, EA16-2009, EA17-2011, EA18-2014, EA19-2015, EA20-2023, EA21-2026)",2025-11-01,-2.9,2025
Gas,"Euro area (EA11-1999, EA12-2001, EA13-2007, EA15-2008, EA16-2009, EA17-2011, EA18-2014, EA19-2015, EA20-2023, EA21-2026)",2025-12-01,-3.8,2025
Gas,Spain,2019-01-01,2.8,2019
Gas,Spain,2019-02-01,2.1,2019
Gas,Spain,2019-03-01,2.0,2019
Gas,Spain,2019-04-01,0.2,2019
Gas,Spain,2019-05-01,0.4,2019
Gas,Spain,2019-06-01,0.1,2019
Gas,Spain,2019-07-01,-3.2,2019
Gas,Spain,2019-08-01,-4.1,2019
Gas,Spain,2019-09-01,-5.2,2019
Gas,Spain,2019-10-01,-11.3,2019
Gas,Spain,2019-11-01,-11.3,2019
Gas,Spain,2019-12-01,-11.4,2019
Gas,Spain,2020-01-01,-10.0,2020
Gas,Spain,2020-02-01,-8.8,2020
Gas,Spain,2020-03-01,-8.3,2020
Gas,Spain,2020-04-01,-3.5,2020
Gas,Spain,2020-05-01,-3.0,2020
Gas,Spain,2020-06-01,-2.2,2020
Gas,Spain,2020-07-01,-5.7,2020
Gas,Spain,2020-08-01,-6.2,2020
Gas,Spain,2020-09-01,-6.3,2020
Gas,Spain,2020-10-01,-9.1,2020
Gas,Spain,2020-11-01,-9.0,2020
Gas,Spain,2020-12-01,-9.0,2020
Gas,Spain,2021-01-01,-2.8,2021
Gas,Spain,2021-02-01,-3.0,2021
Gas,Spain,2021-03-01,-2.4,2021
Gas,Spain,2021-04-01,-1.8,2021
Gas,Spain,2021-05-01,-1.3,2021
Gas,Spain,2021-06-01,-0.6,2021
Gas,Spain,2021-07-01,6.4,2021
Gas,Spain,2021-08-01,8.2,2021
Gas,Spain,2021-09-01,9.4,2021
Gas,Spain,2021-10-01,16.5,2021
Gas,Spain,2021-11-01,16.6,2021
Gas,Spain,2021-12-01,16.6,2021
Gas,Spain,2022-01-01,17.3,2022
Gas,Spain,2022-02-01,17.3,2022
Gas,Spain,2022-03-01,17.3,2022
Gas,Spain,2022-04-01,23.0,2022
Gas,Spain,2022-05-01,23.0,2022
Gas,Spain,2022-06-01,22.9,2022
Gas,Spain,2022-07-01,25.8,2022
Gas,Spain,2022-08-01,24.8,2022
Gas,Spain,2022-09-01,24.3,2022
Gas,Spain,2022-10-01,13.3,2022
Gas,Spain,2022-11-01,11.8,2022
Gas,Spain,2022-12-01,10.4,2022
Gas,Spain,2023-01-01,10.7,2023
Gas,Spain,2023-02-01,10.0,2023
Gas,Spain,2023-03-01,7.2,2023
Gas,Spain,2023-04-01,-7.4,2023
Gas,Spain,2023-05-01,-8.5,2023
Gas,Spain,2023-06-01,-10.4,2023
Gas,Spain,2023-07-01,-16.1,2023
Gas,Spain,2023-08-01,-21.2,2023
Gas,Spain,2023-09-01,-23.3,2023
Gas,Spain,2023-10-01,-20.6,2023
Gas,Spain,2023-11-01,-20.4,2023
Gas,Spain,2023-12-01,-20.0,2023
Gas,Spain,2024-01-01,-18.7,2024
Gas,Spain,2024-02-01,-19.1,2024
Gas,Spain,2024-03-01,-17.9,2024
Gas,Spain,2024-04-01,-5.2,2024
Gas,Spain,2024-05-01,-4.9,2024
Gas,Spain,2024-06-01,-6.2,2024
Gas,Spain,2024-07-01,-6.4,2024
Gas,Spain,2024-08-01,-0.9,2024
Gas,Spain,2024-09-01,2.3,2024
Gas,Spain,2024-10-01,8.8,2024
Gas,Spain,2024-11-01,9.7,2024
Gas,Spain,2024-12-01,10.1,2024
Gas,Spain,2025-01-01,6.1,2025
Gas,Spain,2025-02-01,6.6,2025
Gas,Spain,2025-03-01,7.8,2025
Gas,Spain,2025-04-01,-1.5,2025
Gas,Spain,2025-05-01,-1.1,2025
Gas,Spain,2025-06-01,2.2,2025
Gas,Spain,2025-07-01,2.3,2025
Gas,Spain,2025-08-01,2.6,2025
Gas,Spain,2025-09-01,1.7,2025
Gas,Spain,2025-10-01,1.6,2025
Gas,Spain,2025-11-01,1.0,2025
Gas,Spain,2025-12-01,0.4,2025
Gas,France,2019-01-01,12.2,2019
Gas,France,2019-02-01,11.5,2019
Gas,France,2019-03-01,14.4,2019
Gas,France,2019-04-01,13.0,2019
Gas,France,2019-05-01,12.2,2019
Gas,France,2019-06-01,9.9,2019
Gas,France,2019-07-01,-1.8,2019
Gas,France,2019-08-01,-2.2,2019
Gas,France,2019-09-01,-3.4,2019
Gas,France,2019-10-01,-7.8,2019
Gas,France,2019-11-01,-10.2,2019
Gas,France,2019-12-01,-8.1,2019
Gas,France,2020-01-01,-7.0,2020
Gas,France,2020-02-01,-9.4,2020
Gas,France,2020-03-01,-12.1,2020
Gas,France,2020-04-01,-13.2,2020
Gas,France,2020-05-01,-13.6,2020
Gas,France,2020-06-01,-14.3,2020
Gas,France,2020-07-01,-10.7,2020
Gas,France,2020-08-01,-9.8,2020
Gas,France,2020-09-01,-9.0,2020
Gas,France,2020-10-01,-4.1,2020
Gas,France,2020-11-01,-4.9,2020
Gas,France,2020-12-01,-4.4,2020
Gas,France,2021-01-01,-3.3,2021
Gas,France,2021-02-01,1.0,2021
Gas,France,2021-03-01,8.0,2021
Gas,France,2021-04-01,8.5,2021
Gas,France,2021-05-01,10.2,2021
Gas,France,2021-06-01,14.7,2021
Gas,France,2021-07-01,24.1,2021
Gas,France,2021-08-01,27.2,2021
Gas,France,2021-09-01,33.8,2021
Gas,France,2021-10-01,43.9,2021
Gas,France,2021-11-01,45.2,2021
Gas,France,2021-12-01,45.4,2021
Gas,France,2022-01-01,45.4,2022
Gas,France,2022-02-01,42.3,2022
Gas,France,2022-03-01,37.1,2022
Gas,France,2022-04-01,48.4,2022
Gas,France,2022-05-01,49.2,2022
Gas,France,2022-06-01,44.4,2022
Gas,France,2022-07-01,38.6,2022
Gas,France,2022-08-01,34.6,2022
Gas,France,2022-09-01,28.2,2022
Gas,France,2022-10-01,31.7,2022
Gas,France,2022-11-01,30.0,2022
Gas,France,2022-12-01,27.3,2022
Gas,France,2023-01-01,35.4,2023
Gas,France,2023-02-01,33.5,2023
Gas,France,2023-03-01,33.0,2023
Gas,France,2023-04-01,21.4,2023
Gas,France,2023-05-01,20.4,2023
Gas,France,2023-06-01,20.7,2023
Gas,France,2023-07-01,4.8,2023
Gas,France,2023-08-01,7.7,2023
Gas,France,2023-09-01,7.5,2023
Gas,France,2023-10-01,-4.6,2023
Gas,France,2023-11-01,-2.8,2023
Gas,France,2023-12-01,1.2,2023
Gas,France,2024-01-01,-2.2,2024
Gas,France,2024-02-01,-6.6,2024
Gas,France,2024-03-01,-9.9,2024
Gas,France,2024-04-01,-11.8,2024
Gas,France,2024-05-01,-11.3,2024
Gas,France,2024-06-01,-9.3,2024
Gas,France,2024-07-01,10.7,2024
Gas,France,2024-08-01,9.1,2024
Gas,France,2024-09-01,8.0,2024
Gas,France,2024-10-01,10.1,2024
Gas,France,2024-11-01,6.8,2024
Gas,France,2024-12-01,5.1,2024
Gas,France,2025-01-01,3.6,2025
Gas,France,2025-02-01,10.7,2025
Gas,France,2025-03-01,17.0,2025
Gas,France,2025-04-01,25.8,2025
Gas,France,2025-05-01,19.9,2025
Gas,France,2025-06-01,15.2,2025
Gas,France,2025-07-01,5.4,2025
Gas,France,2025-08-01,6.0,2025
Gas,France,2025-09-01,5.9,2025
Gas,France,2025-10-01,1.2,2025
Gas,France,2025-11-01,1.8,2025
Gas,France,2025-12-01,-0.4,2025
Gas,Italy,2019-01-01,9.5,2019
Gas,Italy,2019-02-01,9.5,2019
Gas,Italy,2019-03-01,9.4,2019
Gas,Italy,2019-04-01,5.0,2019
Gas,Italy,2019-05-01,5.2,2019
Gas,Italy,2019-06-01,5.0,2019
Gas,Italy,2019-07-01,-7.5,2019
Gas,Italy,2019-08-01,-7.4,2019
Gas,Italy,2019-09-01,-7.7,2019
Gas,Italy,2019-10-01,-9.6,2019
Gas,Italy,2019-11-01,-9.6,2019
Gas,Italy,2019-12-01,-9.5,2019
Gas,Italy,2020-01-01,-10.6,2020
Gas,Italy,2020-02-01,-10.5,2020
Gas,Italy,2020-03-01,-10.5,2020
Gas,Italy,2020-04-01,-13.5,2020
Gas,Italy,2020-05-01,-13.5,2020
Gas,Italy,2020-06-01,-13.5,2020
Gas,Italy,2020-07-01,-13.2,2020
Gas,Italy,2020-08-01,-13.3,2020
Gas,Italy,2020-09-01,-13.2,2020
Gas,Italy,2020-10-01,-8.3,2020
Gas,Italy,2020-11-01,-7.9,2020
Gas,Italy,2020-12-01,-8.0,2020
Gas,Italy,2021-01-01,-4.3,2021
Gas,Italy,2021-02-01,-4.4,2021
Gas,Italy,2021-03-01,-4.3,2021
Gas,Italy,2021-04-01,11.8,2021
Gas,Italy,2021-05-01,11.9,2021
Gas,Italy,2021-06-01,12.1,2021
Gas,Italy,2021-07-01,34.0,2021
Gas,Italy,2021-08-01,34.0,2021
Gas,Italy,2021-09-01,34.2,2021
Gas,Italy,2021-10-01,38.8,2021
Gas,Italy,2021-11-01,37.9,2021
Gas,Italy,2021-12-01,38.1,2021
Gas,Italy,2022-01-01,59.0,2022
Gas,Italy,2022-02-01,64.4,2022
Gas,Italy,2022-03-01,68.5,2022
Gas,Italy,2022-04-01,58.1,2022
Gas,Italy,2022-05-01,62.3,2022
Gas,Italy,2022-06-01,63.2,2022
Gas,Italy,2022-07-01,40.7,2022
Gas,Italy,2022-08-01,59.1,2022
Gas,Italy,2022-09-01,60.3,2022
Gas,Italy,2022-10-01,90.7,2022
Gas,Italy,2022-11-01,96.5,2022
Gas,Italy,2022-12-01,94.0,2022
Gas,Italy,2023-01-01,47.1,2023
Gas,Italy,2023-02-01,22.1,2023
Gas,Italy,2023-03-01,3.6,2023
Gas,Italy,2023-04-01,18.1,2023
Gas,Italy,2023-05-01,18.3,2023
Gas,Italy,2023-06-01,5.8,2023
Gas,Italy,2023-07-01,4.2,2023
Gas,Italy,2023-08-01,-12.1,2023
Gas,Italy,2023-09-01,-12.2,2023
Gas,Italy,2023-10-01,-32.6,2023
Gas,Italy,2023-11-01,-36.0,2023
Gas,Italy,2023-12-01,-36.4,2023
Gas,Italy,2024-01-01,-25.7,2024
Gas,Italy,2024-02-01,-18.1,2024
Gas,Italy,2024-03-01,-9.1,2024
Gas,Italy,2024-04-01,-20.0,2024
Gas,Italy,2024-05-01,-21.9,2024
Gas,Italy,2024-06-01,-11.2,2024
Gas,Italy,2024-07-01,-7.3,2024
Gas,Italy,2024-08-01,-1.9,2024
Gas,Italy,2024-09-01,-2.2,2024
Gas,Italy,2024-10-01,-3.1,2024
Gas,Italy,2024-11-01,1.0,2024
Gas,Italy,2024-12-01,3.3,2024
Gas,Italy,2025-01-01,-2.0,2025
Gas,Italy,2025-02-01,3.5,2025
Gas,Italy,2025-03-01,10.4,2025
Gas,Italy,2025-04-01,4.2,2025
Gas,Italy,2025-05-01,1.1,2025
Gas,Italy,2025-06-01,-2.3,2025
Gas,Italy,2025-07-01,-1.6,2025
Gas,Italy,2025-08-01,-5.6,2025
Gas,Italy,2025-09-01,-5.6,2025
Gas,Italy,2025-10-01,-7.5,2025
Gas,Italy,2025-11-01,-9.9,2025
Gas,Italy,2025-12-01,-10.5,2025
Gas,Portugal,2019-01-01,1.1,2019
Gas,Portugal,2019-02-01,1.0,2019
Gas,Portugal,2019-03-01,1.6,2019
Gas,Portugal,2019-04-01,2.4,2019
Gas,Portugal,2019-05-01,2.1,2019
Gas,Portugal,2019-06-01,1.4,2019
Gas,Portugal,2019-07-01,-0.5,2019
Gas,Portugal,2019-08-01,-1.1,2019
Gas,Portugal,2019-09-01,-1.5,2019
Gas,Portugal,2019-10-01,-2.9,2019
Gas,Portugal,2019-11-01,-2.9,2019
Gas,Portugal,2019-12-01,-2.4,2019
Gas,Portugal,2020-01-01,-1.0,2020
Gas,Portugal,2020-02-01,-0.6,2020
Gas,Portugal,2020-03-01,-1.1,2020
Gas,Portugal,2020-04-01,-7.8,2020
Gas,Portugal,2020-05-01,-4.9,2020
Gas,Portugal,2020-06-01,-5.3,2020
Gas,Portugal,2020-07-01,-2.7,2020
Gas,Portugal,2020-08-01,-3.8,2020
Gas,Portugal,2020-09-01,-3.4,2020
Gas,Portugal,2020-10-01,-3.1,2020
Gas,Portugal,2020-11-01,-3.1,2020
Gas,Portugal,2020-12-01,-3.3,2020
Gas,Portugal,2021-01-01,-3.9,2021
Gas,Portugal,2021-02-01,-6.4,2021
Gas,Portugal,2021-03-01,-5.5,2021
Gas,Portugal,2021-04-01,1.8,2021
Gas,Portugal,2021-05-01,-0.6,2021
Gas,Portugal,2021-06-01,0.5,2021
Gas,Portugal,2021-07-01,0.6,2021
Gas,Portugal,2021-08-01,3.3,2021
Gas,Portugal,2021-09-01,3.8,2021
Gas,Portugal,2021-10-01,7.5,2021
Gas,Portugal,2021-11-01,8.9,2021
Gas,Portugal,2021-12-01,9.6,2021
Gas,Portugal,2022-01-01,11.6,2022
Gas,Portugal,2022-02-01,15.8,2022
Gas,Portugal,2022-03-01,16.9,2022
Gas,Portugal,2022-04-01,27.1,2022
Gas,Portugal,2022-05-01,41.1,2022
Gas,Portugal,2022-06-01,39.8,2022
Gas,Portugal,2022-07-01,36.1,2022
Gas,Portugal,2022-08-01,29.6,2022
Gas,Portugal,2022-09-01,26.1,2022
Gas,Portugal,2022-10-01,74.2,2022
Gas,Portugal,2022-11-01,72.6,2022
Gas,Portugal,2022-12-01,70.2,2022
Gas,Portugal,2023-01-01,56.9,2023
Gas,Portugal,2023-02-01,54.7,2023
Gas,Portugal,2023-03-01,51.2,2023
Gas,Portugal,2023-04-01,22.7,2023
Gas,Portugal,2023-05-01,8.5,2023
Gas,Portugal,2023-06-01,7.9,2023
Gas,Portugal,2023-07-01,7.8,2023
Gas,Portugal,2023-08-01,12.1,2023
Gas,Portugal,2023-09-01,15.7,2023
Gas,Portugal,2023-10-01,-22.8,2023
Gas,Portugal,2023-11-01,-23.5,2023
Gas,Portugal,2023-12-01,-23.0,2023
Gas,Portugal,2024-01-01,-18.8,2024
Gas,Portugal,2024-02-01,-18.6,2024
Gas,Portugal,2024-03-01,-18.1,2024
Gas,Portugal,2024-04-01,-11.7,2024
Gas,Portugal,2024-05-01,-10.9,2024
Gas,Portugal,2024-06-01,-10.0,2024
Gas,Portugal,2024-07-01,-8.2,2024
Gas,Portugal,2024-08-01,-8.2,2024
Gas,Portugal,2024-09-01,-8.6,2024
Gas,Portugal,2024-10-01,-2.9,2024
Gas,Portugal,2024-11-01,-2.3,2024
Gas,Portugal,2024-12-01,-1.6,2024
Gas,Portugal,2025-01-01,-0.6,2025
Gas,Portugal,2025-02-01,0.5,2025
Gas,Portugal,2025-03-01,0.2,2025
Gas,Portugal,2025-04-01,5.9,2025
Gas,Portugal,2025-05-01,4.6,2025
Gas,Portugal,2025-06-01,3.8,2025
Gas,Portugal,2025-07-01,3.6,2025
Gas,Portugal,2025-08-01,3.4,2025
Gas,Portugal,2025-09-01,2.6,2025
Gas,Portugal,2025-10-01,2.2,2025
Gas,Portugal,2025-11-01,1.4,2025
Gas,Portugal,2025-12-01,0.6,2025
Diesel,Germany,2019-01-01,3.1,2019
Diesel,Germany,2019-02-01,4.9,2019
Diesel,Germany,2019-03-01,7.5,2019
Diesel,Germany,2019-04-01,5.6,2019
Diesel,Germany,2019-05-01,2.9,2019
Diesel,Germany,2019-06-01,-2.0,2019
Diesel,Germany,2019-07-01,-1.9,2019
Diesel,Germany,2019-08-01,-4.0,2019
Diesel,Germany,2019-09-01,-6.2,2019
Diesel,Germany,2019-10-01,-7.7,2019
Diesel,Germany,2019-11-01,-12.4,2019
Diesel,Germany,2019-12-01,-5.6,2019
Diesel,Germany,2020-01-01,6.1,2020
Diesel,Germany,2020-02-01,-0.3,2020
Diesel,Germany,2020-03-01,-6.8,2020
Diesel,Germany,2020-04-01,-13.2,2020
Diesel,Germany,2020-05-01,-18.9,2020
Diesel,Germany,2020-06-01,-13.5,2020
Diesel,Germany,2020-07-01,-13.1,2020
Diesel,Germany,2020-08-01,-11.8,2020
Diesel,Germany,2020-09-01,-15.4,2020
Diesel,Germany,2020-10-01,-16.0,2020
Diesel,Germany,2020-11-01,-15.9,2020
Diesel,Germany,2020-12-01,-12.1,2020
Diesel,Germany,2021-01-01,-5.5,2021
Diesel,Germany,2021-02-01,2.6,2021
Diesel,Germany,2021-03-01,12.9,2021
Diesel,Germany,2021-04-01,19.5,2021
Diesel,Germany,2021-05-01,26.6,2021
Diesel,Germany,2021-06-01,25.2,2021
Diesel,Germany,2021-07-01,27.7,2021
Diesel,Germany,2021-08-01,27.7,2021
Diesel,Germany,2021-09-01,32.6,2021
Diesel,Germany,2021-10-01,43.8,2021
Diesel,Germany,2021-11-01,48.5,2021
Diesel,Germany,2021-12-01,38.4,2021
Diesel,Germany,2022-01-01,28.3,2022
Diesel,Germany,2022-02-01,29.4,2022
Diesel,Germany,2022-03-01,62.6,2022
Diesel,Germany,2022-04-01,51.9,2022
Diesel,Germany,2022-05-01,52.0,2022
Diesel,Germany,2022-06-01,47.4,2022
Diesel,Germany,2022-07-01,40.3,2022
Diesel,Germany,2022-08-01,36.1,2022
Diesel,Germany,2022-09-01,48.2,2022
Diesel,Germany,2022-10-01,37.7,2022
Diesel,Germany,2022-11-01,26.8,2022
Diesel,Germany,2022-12-01,18.0,2022
Diesel,Germany,2023-01-01,14.7,2023
Diesel,Germany,2023-02-01,6.5,2023
Diesel,Germany,2023-03-01,-19.9,2023
Diesel,Germany,2023-04-01,-15.4,2023
Diesel,Germany,2023-05-01,-21.3,2023
Diesel,Germany,2023-06-01,-21.1,2023
Diesel,Germany,2023-07-01,-16.6,2023
Diesel,Germany,2023-08-01,-7.6,2023
Diesel,Germany,2023-09-01,-12.5,2023
Diesel,Germany,2023-10-01,-13.6,2023
Diesel,Germany,2023-11-01,-11.9,2023
Diesel,Germany,2023-12-01,-6.2,2023
Diesel,Germany,2024-01-01,-6.7,2024
Diesel,Germany,2024-02-01,-0.5,2024
Diesel,Germany,2024-03-01,0.0,2024
Diesel,Germany,2024-04-01,2.9,2024
Diesel,Germany,2024-05-01,4.5,2024
Diesel,Germany,2024-06-01,3.6,2024
Diesel,Germany,2024-07-01,2.1,2024
Diesel,Germany,2024-08-01,-8.7,2024
Diesel,Germany,2024-09-01,-15.0,2024
Diesel,Germany,2024-10-01,-13.1,2024
Diesel,Germany,2024-11-01,-9.2,2024
Diesel,Germany,2024-12-01,-5.6,2024
Diesel,Germany,2025-01-01,-1.0,2025
Diesel,Germany,2025-02-01,-3.3,2025
Diesel,Germany,2025-03-01,-5.6,2025
Diesel,Germany,2025-04-01,-8.3,2025
Diesel,Germany,2025-05-01,-6.1,2025
Diesel,Germany,2025-06-01,-4.4,2025
Diesel,Germany,2025-07-01,-2.5,2025
Diesel,Germany,2025-08-01,-0.4,2025
Diesel,Germany,2025-09-01,2.5,2025
Diesel,Germany,2025-10-01,1.2,2025
Diesel,Germany,2025-11-01,2.9,2025
Diesel,Germany,2025-12-01,0.2,2025
Diesel,"Euro area (EA11-1999, EA12-2001, EA13-2007, EA15-2008, EA16-2009, EA17-2011, EA18-2014, EA19-2015, EA20-2023, EA21-2026)",2019-01-01,1.3,2019
Diesel,"Euro area (EA11-1999, EA12-2001, EA13-2007, EA15-2008, EA16-2009, EA17-2011, EA18-2014, EA19-2015, EA20-2023, EA21-2026)",2019-02-01,4.5,2019
Diesel,"Euro area (EA11-1999, EA12-2001, EA13-2007, EA15-2008, EA16-2009, EA17-2011, EA18-2014, EA19-2015, EA20-2023, EA21-2026)",2019-03-01,7.3,2019
Diesel,"Euro area (EA11-1999, EA12-2001, EA13-2007, EA15-2008, EA16-2009, EA17-2011, EA18-2014, EA19-2015, EA20-2023, EA21-2026)",2019-04-01,5.7,2019
Diesel,"Euro area (EA11-1999, EA12-2001, EA13-2007, EA15-2008, EA16-2009, EA17-2011, EA18-2014, EA19-2015, EA20-2023, EA21-2026)",2019-05-01,3.1,2019
Diesel,"Euro area (EA11-1999, EA12-2001, EA13-2007, EA15-2008, EA16-2009, EA17-2011, EA18-2014, EA19-2015, EA20-2023, EA21-2026)",2019-06-01,-1.9,2019
Diesel,"Euro area (EA11-1999, EA12-2001, EA13-2007, EA15-2008, EA16-2009, EA17-2011, EA18-2014, EA19-2015, EA20-2023, EA21-2026)",2019-07-01,-1.5,2019
Diesel,"Euro area (EA11-1999, EA12-2001, EA13-2007, EA15-2008, EA16-2009, EA17-2011, EA18-2014, EA19-2015, EA20-2023, EA21-2026)",2019-08-01,-2.4,2019
Diesel,"Euro area (EA11-1999, EA12-2001, EA13-2007, EA15-2008, EA16-2009, EA17-2011, EA18-2014, EA19-2015, EA20-2023, EA21-2026)",2019-09-01,-3.3,2019
Diesel,"Euro area (EA11-1999, EA12-2001, EA13-2007, EA15-2008, EA16-2009, EA17-2011, EA18-2014, EA19-2015, EA20-2023, EA21-2026)",2019-10-01,-5.2,2019
Diesel,"Euro area (EA11-1999, EA12-2001, EA13-2007, EA15-2008, EA16-2009, EA17-2011, EA18-2014, EA19-2015, EA20-2023, EA21-2026)",2019-11-01,-4.9,2019
Diesel,"Euro area (EA11-1999, EA12-2001, EA13-2007, EA15-2008, EA16-2009, EA17-2011, EA18-2014, EA19-2015, EA20-2023, EA21-2026)",2019-12-01,1.4,2019
Diesel,"Euro area (EA11-1999, EA12-2001, EA13-2007, EA15-2008, EA16-2009, EA17-2011, EA18-2014, EA19-2015, EA20-2023, EA21-2026)",2020-01-01,5.9,2020
Diesel,"Euro area (EA11-1999, EA12-2001, EA13-2007, EA15-2008, EA16-2009, EA17-2011, EA18-2014, EA19-2015, EA20-2023, EA21-2026)",2020-02-01,-0.4,2020
Diesel,"Euro area (EA11-1999, EA12-2001, EA13-2007, EA15-2008, EA16-2009, EA17-2011, EA18-2014, EA19-2015, EA20-2023, EA21-2026)",2020-03-01,-8.1,2020
Diesel,"Euro area (EA11-1999, EA12-2001, EA13-2007, EA15-2008, EA16-2009, EA17-2011, EA18-2014, EA19-2015, EA20-2023, EA21-2026)",2020-04-01,-14.9,2020
Diesel,"Euro area (EA11-1999, EA12-2001, EA13-2007, EA15-2008, EA16-2009, EA17-2011, EA18-2014, EA19-2015, EA20-2023, EA21-2026)",2020-05-01,-19.2,2020
Diesel,"Euro area (EA11-1999, EA12-2001, EA13-2007, EA15-2008, EA16-2009, EA17-2011, EA18-2014, EA19-2015, EA20-2023, EA21-2026)",2020-06-01,-14.4,2020
Diesel,"Euro area (EA11-1999, EA12-2001, EA13-2007, EA15-2008, EA16-2009, EA17-2011, EA18-2014, EA19-2015, EA20-2023, EA21-2026)",2020-07-01,-12.1,2020
Diesel,"Euro area (EA11-1999, EA12-2001, EA13-2007, EA15-2008, EA16-2009, EA17-2011, EA18-2014, EA19-2015, EA20-2023, EA21-2026)",2020-08-01,-11.5,2020
Diesel,"Euro area (EA11-1999, EA12-2001, EA13-2007, EA15-2008, EA16-2009, EA17-2011, EA18-2014, EA19-2015, EA20-2023, EA21-2026)",2020-09-01,-14.0,2020
Diesel,"Euro area (EA11-1999, EA12-2001, EA13-2007, EA15-2008, EA16-2009, EA17-2011, EA18-2014, EA19-2015, EA20-2023, EA21-2026)",2020-10-01,-15.1,2020
Diesel,"Euro area (EA11-1999, EA12-2001, EA13-2007, EA15-2008, EA16-2009, EA17-2011, EA18-2014, EA19-2015, EA20-2023, EA21-2026)",2020-11-01,-14.9,2020
Diesel,"Euro area (EA11-1999, EA12-2001, EA13-2007, EA15-2008, EA16-2009, EA17-2011, EA18-2014, EA19-2015, EA20-2023, EA21-2026)",2020-12-01,-12.6,2020
Diesel,"Euro area (EA11-1999, EA12-2001, EA13-2007, EA15-2008, EA16-2009, EA17-2011, EA18-2014, EA19-2015, EA20-2023, EA21-2026)",2021-01-01,-10.1,2021
Diesel,"Euro area (EA11-1999, EA12-2001, EA13-2007, EA15-2008, EA16-2009, EA17-2011, EA18-2014, EA19-2015, EA20-2023, EA21-2026)",2021-02-01,-3.7,2021
Diesel,"Euro area (EA11-1999, EA12-2001, EA13-2007, EA15-2008, EA16-2009, EA17-2011, EA18-2014, EA19-2015, EA20-2023, EA21-2026)",2021-03-01,6.4,2021
Diesel,"Euro area (EA11-1999, EA12-2001, EA13-2007, EA15-2008, EA16-2009, EA17-2011, EA18-2014, EA19-2015, EA20-2023, EA21-2026)",2021-04-01,13.8,2021
Diesel,"Euro area (EA11-1999, EA12-2001, EA13-2007, EA15-2008, EA16-2009, EA17-2011, EA18-2014, EA19-2015, EA20-2023, EA21-2026)",2021-05-01,20.0,2021
Diesel,"Euro area (EA11-1999, EA12-2001, EA13-2007, EA15-2008, EA16-2009, EA17-2011, EA18-2014, EA19-2015, EA20-2023, EA21-2026)",2021-06-01,19.1,2021
Diesel,"Euro area (EA11-1999, EA12-2001, EA13-2007, EA15-2008, EA16-2009, EA17-2011, EA18-2014, EA19-2015, EA20-2023, EA21-2026)",2021-07-01,18.9,2021
Diesel,"Euro area (EA11-1999, EA12-2001, EA13-2007, EA15-2008, EA16-2009, EA17-2011, EA18-2014, EA19-2015, EA20-2023, EA21-2026)",2021-08-01,19.0,2021
Diesel,"Euro area (EA11-1999, EA12-2001, EA13-2007, EA15-2008, EA16-2009, EA17-2011, EA18-2014, EA19-2015, EA20-2023, EA21-2026)",2021-09-01,22.4,2021
Diesel,"Euro area (EA11-1999, EA12-2001, EA13-2007, EA15-2008, EA16-2009, EA17-2011, EA18-2014, EA19-2015, EA20-2023, EA21-2026)",2021-10-01,30.7,2021
Diesel,"Euro area (EA11-1999, EA12-2001, EA13-2007, EA15-2008, EA16-2009, EA17-2011, EA18-2014, EA19-2015, EA20-2023, EA21-2026)",2021-11-01,33.7,2021
Diesel,"Euro area (EA11-1999, EA12-2001, EA13-2007, EA15-2008, EA16-2009, EA17-2011, EA18-2014, EA19-2015, EA20-2023, EA21-2026)",2021-12-01,26.4,2021
Diesel,"Euro area (EA11-1999, EA12-2001, EA13-2007, EA15-2008, EA16-2009, EA17-2011, EA18-2014, EA19-2015, EA20-2023, EA21-2026)",2022-01-01,25.0,2022
Diesel,"Euro area (EA11-1999, EA12-2001, EA13-2007, EA15-2008, EA16-2009, EA17-2011, EA18-2014, EA19-2015, EA20-2023, EA21-2026)",2022-02-01,27.3,2022
Diesel,"Euro area (EA11-1999, EA12-2001, EA13-2007, EA15-2008, EA16-2009, EA17-2011, EA18-2014, EA19-2015, EA20-2023, EA21-2026)",2022-03-01,45.7,2022
Diesel,"Euro area (EA11-1999, EA12-2001, EA13-2007, EA15-2008, EA16-2009, EA17-2011, EA18-2014, EA19-2015, EA20-2023, EA21-2026)",2022-04-01,36.6,2022
Diesel,"Euro area (EA11-1999, EA12-2001, EA13-2007, EA15-2008, EA16-2009, EA17-2011, EA18-2014, EA19-2015, EA20-2023, EA21-2026)",2022-05-01,37.5,2022
Diesel,"Euro area (EA11-1999, EA12-2001, EA13-2007, EA15-2008, EA16-2009, EA17-2011, EA18-2014, EA19-2015, EA20-2023, EA21-2026)",2022-06-01,44.1,2022
Diesel,"Euro area (EA11-1999, EA12-2001, EA13-2007, EA15-2008, EA16-2009, EA17-2011, EA18-2014, EA19-2015, EA20-2023, EA21-2026)",2022-07-01,37.8,2022
Diesel,"Euro area (EA11-1999, EA12-2001, EA13-2007, EA15-2008, EA16-2009, EA17-2011, EA18-2014, EA19-2015, EA20-2023, EA21-2026)",2022-08-01,29.0,2022
Diesel,"Euro area (EA11-1999, EA12-2001, EA13-2007, EA15-2008, EA16-2009, EA17-2011, EA18-2014, EA19-2015, EA20-2023, EA21-2026)",2022-09-01,28.7,2022
Diesel,"Euro area (EA11-1999, EA12-2001, EA13-2007, EA15-2008, EA16-2009, EA17-2011, EA18-2014, EA19-2015, EA20-2023, EA21-2026)",2022-10-01,25.9,2022
Diesel,"Euro area (EA11-1999, EA12-2001, EA13-2007, EA15-2008, EA16-2009, EA17-2011, EA18-2014, EA19-2015, EA20-2023, EA21-2026)",2022-11-01,20.7,2022
Diesel,"Euro area (EA11-1999, EA12-2001, EA13-2007, EA15-2008, EA16-2009, EA17-2011, EA18-2014, EA19-2015, EA20-2023, EA21-2026)",2022-12-01,12.9,2022
Diesel,"Euro area (EA11-1999, EA12-2001, EA13-2007, EA15-2008, EA16-2009, EA17-2011, EA18-2014, EA19-2015, EA20-2023, EA21-2026)",2023-01-01,14.2,2023
Diesel,"Euro area (EA11-1999, EA12-2001, EA13-2007, EA15-2008, EA16-2009, EA17-2011, EA18-2014, EA19-2015, EA20-2023, EA21-2026)",2023-02-01,6.1,2023
Diesel,"Euro area (EA11-1999, EA12-2001, EA13-2007, EA15-2008, EA16-2009, EA17-2011, EA18-2014, EA19-2015, EA20-2023, EA21-2026)",2023-03-01,-12.6,2023
Diesel,"Euro area (EA11-1999, EA12-2001, EA13-2007, EA15-2008, EA16-2009, EA17-2011, EA18-2014, EA19-2015, EA20-2023, EA21-2026)",2023-04-01,-8.5,2023
Diesel,"Euro area (EA11-1999, EA12-2001, EA13-2007, EA15-2008, EA16-2009, EA17-2011, EA18-2014, EA19-2015, EA20-2023, EA21-2026)",2023-05-01,-15.3,2023
Diesel,"Euro area (EA11-1999, EA12-2001, EA13-2007, EA15-2008, EA16-2009, EA17-2011, EA18-2014, EA19-2015, EA20-2023, EA21-2026)",2023-06-01,-20.2,2023
Diesel,"Euro area (EA11-1999, EA12-2001, EA13-2007, EA15-2008, EA16-2009, EA17-2011, EA18-2014, EA19-2015, EA20-2023, EA21-2026)",2023-07-01,-16.7,2023
Diesel,"Euro area (EA11-1999, EA12-2001, EA13-2007, EA15-2008, EA16-2009, EA17-2011, EA18-2014, EA19-2015, EA20-2023, EA21-2026)",2023-08-01,-4.0,2023
Diesel,"Euro area (EA11-1999, EA12-2001, EA13-2007, EA15-2008, EA16-2009, EA17-2011, EA18-2014, EA19-2015, EA20-2023, EA21-2026)",2023-09-01,-0.5,2023
Diesel,"Euro area (EA11-1999, EA12-2001, EA13-2007, EA15-2008, EA16-2009, EA17-2011, EA18-2014, EA19-2015, EA20-2023, EA21-2026)",2023-10-01,-4.2,2023
Diesel,"Euro area (EA11-1999, EA12-2001, EA13-2007, EA15-2008, EA16-2009, EA17-2011, EA18-2014, EA19-2015, EA20-2023, EA21-2026)",2023-11-01,-6.2,2023
Diesel,"Euro area (EA11-1999, EA12-2001, EA13-2007, EA15-2008, EA16-2009, EA17-2011, EA18-2014, EA19-2015, EA20-2023, EA21-2026)",2023-12-01,-1.7,2023
Diesel,"Euro area (EA11-1999, EA12-2001, EA13-2007, EA15-2008, EA16-2009, EA17-2011, EA18-2014, EA19-2015, EA20-2023, EA21-2026)",2024-01-01,-6.7,2024
Diesel,"Euro area (EA11-1999, EA12-2001, EA13-2007, EA15-2008, EA16-2009, EA17-2011, EA18-2014, EA19-2015, EA20-2023, EA21-2026)",2024-02-01,-0.7,2024
Diesel,"Euro area (EA11-1999, EA12-2001, EA13-2007, EA15-2008, EA16-2009, EA17-2011, EA18-2014, EA19-2015, EA20-2023, EA21-2026)",2024-03-01,0.7,2024
Diesel,"Euro area (EA11-1999, EA12-2001, EA13-2007, EA15-2008, EA16-2009, EA17-2011, EA18-2014, EA19-2015, EA20-2023, EA21-2026)",2024-04-01,2.8,2024
Diesel,"Euro area (EA11-1999, EA12-2001, EA13-2007, EA15-2008, EA16-2009, EA17-2011, EA18-2014, EA19-2015, EA20-2023, EA21-2026)",2024-05-01,5.1,2024
Diesel,"Euro area (EA11-1999, EA12-2001, EA13-2007, EA15-2008, EA16-2009, EA17-2011, EA18-2014, EA19-2015, EA20-2023, EA21-2026)",2024-06-01,2.8,2024
Diesel,"Euro area (EA11-1999, EA12-2001, EA13-2007, EA15-2008, EA16-2009, EA17-2011, EA18-2014, EA19-2015, EA20-2023, EA21-2026)",2024-07-01,2.3,2024
Diesel,"Euro area (EA11-1999, EA12-2001, EA13-2007, EA15-2008, EA16-2009, EA17-2011, EA18-2014, EA19-2015, EA20-2023, EA21-2026)",2024-08-01,-8.0,2024
Diesel,"Euro area (EA11-1999, EA12-2001, EA13-2007, EA15-2008, EA16-2009, EA17-2011, EA18-2014, EA19-2015, EA20-2023, EA21-2026)",2024-09-01,-14.9,2024
Diesel,"Euro area (EA11-1999, EA12-2001, EA13-2007, EA15-2008, EA16-2009, EA17-2011, EA18-2014, EA19-2015, EA20-2023, EA21-2026)",2024-10-01,-14.3,2024
Diesel,"Euro area (EA11-1999, EA12-2001, EA13-2007, EA15-2008, EA16-2009, EA17-2011, EA18-2014, EA19-2015, EA20-2023, EA21-2026)",2024-11-01,-9.9,2024
Diesel,"Euro area (EA11-1999, EA12-2001, EA13-2007, EA15-2008, EA16-2009, EA17-2011, EA18-2014, EA19-2015, EA20-2023, EA21-2026)",2024-12-01,-5.1,2024
Diesel,"Euro area (EA11-1999, EA12-2001, EA13-2007, EA15-2008, EA16-2009, EA17-2011, EA18-2014, EA19-2015, EA20-2023, EA21-2026)",2025-01-01,-1.1,2025
Diesel,"Euro area (EA11-1999, EA12-2001, EA13-2007, EA15-2008, EA16-2009, EA17-2011, EA18-2014, EA19-2015, EA20-2023, EA21-2026)",2025-02-01,-4.2,2025
Diesel,"Euro area (EA11-1999, EA12-2001, EA13-2007, EA15-2008, EA16-2009, EA17-2011, EA18-2014, EA19-2015, EA20-2023, EA21-2026)",2025-03-01,-6.3,2025
Diesel,"Euro area (EA11-1999, EA12-2001, EA13-2007, EA15-2008, EA16-2009, EA17-2011, EA18-2014, EA19-2015, EA20-2023, EA21-2026)",2025-04-01,-9.3,2025
Diesel,"Euro area (EA11-1999, EA12-2001, EA13-2007, EA15-2008, EA16-2009, EA17-2011, EA18-2014, EA19-2015, EA20-2023, EA21-2026)",2025-05-01,-8.3,2025
Diesel,"Euro area (EA11-1999, EA12-2001, EA13-2007, EA15-2008, EA16-2009, EA17-2011, EA18-2014, EA19-2015, EA20-2023, EA21-2026)",2025-06-01,-5.3,2025
Diesel,"Euro area (EA11-1999, EA12-2001, EA13-2007, EA15-2008, EA16-2009, EA17-2011, EA18-2014, EA19-2015, EA20-2023, EA21-2026)",2025-07-01,-3.8,2025
Diesel,"Euro area (EA11-1999, EA12-2001, EA13-2007, EA15-2008, EA16-2009, EA17-2011, EA18-2014, EA19-2015, EA20-2023, EA21-2026)",2025-08-01,-2.3,2025
Diesel,"Euro area (EA11-1999, EA12-2001, EA13-2007, EA15-2008, EA16-2009, EA17-2011, EA18-2014, EA19-2015, EA20-2023, EA21-2026)",2025-09-01,1.0,2025
Diesel,"Euro area (EA11-1999, EA12-2001, EA13-2007, EA15-2008, EA16-2009, EA17-2011, EA18-2014, EA19-2015, EA20-2023, EA21-2026)",2025-10-01,0.1,2025
Diesel,"Euro area (EA11-1999, EA12-2001, EA13-2007, EA15-2008, EA16-2009, EA17-2011, EA18-2014, EA19-2015, EA20-2023, EA21-2026)",2025-11-01,2.3,2025
Diesel,"Euro area (EA11-1999, EA12-2001, EA13-2007, EA15-2008, EA16-2009, EA17-2011, EA18-2014, EA19-2015, EA20-2023, EA21-2026)",2025-12-01,-1.1,2025
Diesel,Spain,2019-01-01,0.1,2019
Diesel,Spain,2019-02-01,6.1,2019
Diesel,Spain,2019-03-01,8.6,2019
Diesel,Spain,2019-04-01,6.8,2019
Diesel,Spain,2019-05-01,3.4,2019
Diesel,Spain,2019-06-01,-1.6,2019
Diesel,Spain,2019-07-01,-0.8,2019
Diesel,Spain,2019-08-01,-1.5,2019
Diesel,Spain,2019-09-01,-2.2,2019
Diesel,Spain,2019-10-01,-4.4,2019
Diesel,Spain,2019-11-01,-1.7,2019
Diesel,Spain,2019-12-01,6.9,2019
Diesel,Spain,2020-01-01,7.6,2020
Diesel,Spain,2020-02-01,0.5,2020
Diesel,Spain,2020-03-01,-9.3,2020
Diesel,Spain,2020-04-01,-18.2,2020
Diesel,Spain,2020-05-01,-20.3,2020
Diesel,Spain,2020-06-01,-14.2,2020
Diesel,Spain,2020-07-01,-11.7,2020
Diesel,Spain,2020-08-01,-11.2,2020
Diesel,Spain,2020-09-01,-13.9,2020
Diesel,Spain,2020-10-01,-14.6,2020
Diesel,Spain,2020-11-01,-14.7,2020
Diesel,Spain,2020-12-01,-12.4,2020
Diesel,Spain,2021-01-01,-11.4,2021
Diesel,Spain,2021-02-01,-5.4,2021
Diesel,Spain,2021-03-01,6.8,2021
Diesel,Spain,2021-04-01,16.5,2021
Diesel,Spain,2021-05-01,21.4,2021
Diesel,Spain,2021-06-01,20.4,2021
Diesel,Spain,2021-07-01,18.7,2021
Diesel,Spain,2021-08-01,18.5,2021
Diesel,Spain,2021-09-01,23.0,2021
Diesel,Spain,2021-10-01,30.5,2021
Diesel,Spain,2021-11-01,32.8,2021
Diesel,Spain,2021-12-01,24.6,2021
Diesel,Spain,2022-01-01,25.7,2022
Diesel,Spain,2022-02-01,28.4,2022
Diesel,Spain,2022-03-01,45.6,2022
Diesel,Spain,2022-04-01,32.1,2022
Diesel,Spain,2022-05-01,33.9,2022
Diesel,Spain,2022-06-01,42.7,2022
Diesel,Spain,2022-07-01,35.0,2022
Diesel,Spain,2022-08-01,26.4,2022
Diesel,Spain,2022-09-01,26.1,2022
Diesel,Spain,2022-10-01,24.3,2022
Diesel,Spain,2022-11-01,18.9,2022
Diesel,Spain,2022-12-01,7.0,2022
Diesel,Spain,2023-01-01,13.8,2023
Diesel,Spain,2023-02-01,2.7,2023
Diesel,Spain,2023-03-01,-15.2,2023
Diesel,Spain,2023-04-01,-7.0,2023
Diesel,Spain,2023-05-01,-15.5,2023
Diesel,Spain,2023-06-01,-21.6,2023
Diesel,Spain,2023-07-01,-16.4,2023
Diesel,Spain,2023-08-01,-2.9,2023
Diesel,Spain,2023-09-01,-0.3,2023
Diesel,Spain,2023-10-01,-3.9,2023
Diesel,Spain,2023-11-01,-5.7,2023
Diesel,Spain,2023-12-01,2.7,2023
Diesel,Spain,2024-01-01,-7.5,2024
Diesel,Spain,2024-02-01,0.6,2024
Diesel,Spain,2024-03-01,2.8,2024
Diesel,Spain,2024-04-01,4.4,2024
Diesel,Spain,2024-05-01,6.6,2024
Diesel,Spain,2024-06-01,3.2,2024
Diesel,Spain,2024-07-01,2.1,2024
Diesel,Spain,2024-08-01,-9.0,2024
Diesel,Spain,2024-09-01,-16.3,2024
Diesel,Spain,2024-10-01,-15.7,2024
Diesel,Spain,2024-11-01,-10.7,2024
Diesel,Spain,2024-12-01,-5.1,2024
Diesel,Spain,2025-01-01,-0.9,2025
Diesel,Spain,2025-02-01,-3.9,2025
Diesel,Spain,2025-03-01,-6.1,2025
Diesel,Spain,2025-04-01,-9.9,2025
Diesel,Spain,2025-05-01,-9.1,2025
Diesel,Spain,2025-06-01,-6.2,2025
Diesel,Spain,2025-07-01,-4.4,2025
Diesel,Spain,2025-08-01,-2.3,2025
Diesel,Spain,2025-09-01,1.7,2025
Diesel,Spain,2025-10-01,0.7,2025
Diesel,Spain,2025-11-01,2.3,2025
Diesel,Spain,2025-12-01,-1.1,2025
Diesel,France,2019-01-01,0.9,2019
Diesel,France,2019-02-01,4.1,2019
Diesel,France,2019-03-01,6.7,2019
Diesel,France,2019-04-01,5.0,2019
Diesel,France,2019-05-01,2.3,2019
Diesel,France,2019-06-01,-2.5,2019
Diesel,France,2019-07-01,-1.9,2019
Diesel,France,2019-08-01,-2.6,2019
Diesel,France,2019-09-01,-2.9,2019
Diesel,France,2019-10-01,-5.4,2019
Diesel,France,2019-11-01,-2.9,2019
Diesel,France,2019-12-01,2.7,2019
Diesel,France,2020-01-01,5.3,2020
Diesel,France,2020-02-01,-2.3,2020
Diesel,France,2020-03-01,-10.8,2020
Diesel,France,2020-04-01,-17.1,2020
Diesel,France,2020-05-01,-21.3,2020
Diesel,France,2020-06-01,-15.6,2020
Diesel,France,2020-07-01,-13.0,2020
Diesel,France,2020-08-01,-12.8,2020
Diesel,France,2020-09-01,-16.1,2020
Diesel,France,2020-10-01,-16.8,2020
Diesel,France,2020-11-01,-16.2,2020
Diesel,France,2020-12-01,-14.3,2020
Diesel,France,2021-01-01,-12.5,2021
Diesel,France,2021-02-01,-4.9,2021
Diesel,France,2021-03-01,5.3,2021
Diesel,France,2021-04-01,12.0,2021
Diesel,France,2021-05-01,18.0,2021
Diesel,France,2021-06-01,16.2,2021
Diesel,France,2021-07-01,15.6,2021
Diesel,France,2021-08-01,15.3,2021
Diesel,France,2021-09-01,19.3,2021
Diesel,France,2021-10-01,27.4,2021
Diesel,France,2021-11-01,27.9,2021
Diesel,France,2021-12-01,21.1,2021
Diesel,France,2022-01-01,23.8,2022
Diesel,France,2022-02-01,26.3,2022
Diesel,France,2022-03-01,43.5,2022
Diesel,France,2022-04-01,34.3,2022
Diesel,France,2022-05-01,35.2,2022
Diesel,France,2022-06-01,45.9,2022
Diesel,France,2022-07-01,37.6,2022
Diesel,France,2022-08-01,29.4,2022
Diesel,France,2022-09-01,19.1,2022
Diesel,France,2022-10-01,20.3,2022
Diesel,France,2022-11-01,19.3,2022
Diesel,France,2022-12-01,15.6,2022
Diesel,France,2023-01-01,17.5,2023
Diesel,France,2023-02-01,8.0,2023
Diesel,France,2023-03-01,-8.5,2023
Diesel,France,2023-04-01,-3.6,2023
Diesel,France,2023-05-01,-11.3,2023
Diesel,France,2023-06-01,-18.7,2023
Diesel,France,2023-07-01,-14.8,2023
Diesel,France,2023-08-01,-1.8,2023
Diesel,France,2023-09-01,10.0,2023
Diesel,France,2023-10-01,1.6,2023
Diesel,France,2023-11-01,-2.5,2023
Diesel,France,2023-12-01,-1.1,2023
Diesel,France,2024-01-01,-8.7,2024
Diesel,France,2024-02-01,-2.0,2024
Diesel,France,2024-03-01,-2.3,2024
Diesel,France,2024-04-01,-0.8,2024
Diesel,France,2024-05-01,2.5,2024
Diesel,France,2024-06-01,0.6,2024
Diesel,France,2024-07-01,0.8,2024
Diesel,France,2024-08-01,-9.6,2024
Diesel,France,2024-09-01,-16.2,2024
Diesel,France,2024-10-01,-14.8,2024
Diesel,France,2024-11-01,-10.7,2024
Diesel,France,2024-12-01,-6.3,2024
Diesel,France,2025-01-01,-2.0,2025
Diesel,France,2025-02-01,-5.9,2025
Diesel,France,2025-03-01,-7.8,2025
Diesel,France,2025-04-01,-10.9,2025
Diesel,France,2025-05-01,-9.6,2025
Diesel,France,2025-06-01,-6.1,2025
Diesel,France,2025-07-01,-4.6,2025
Diesel,France,2025-08-01,-2.9,2025
Diesel,France,2025-09-01,0.7,2025
Diesel,France,2025-10-01,-0.6,2025
Diesel,France,2025-11-01,2.5,2025
Diesel,France,2025-12-01,-2.9,2025
Diesel,Italy,2019-01-01,0.6,2019
Diesel,Italy,2019-02-01,1.7,2019
Diesel,Italy,2019-03-01,5.3,2019
Diesel,Italy,2019-04-01,4.4,2019
Diesel,Italy,2019-05-01,2.9,2019
Diesel,Italy,2019-06-01,-1.3,2019
Diesel,Italy,2019-07-01,-1.4,2019
Diesel,Italy,2019-08-01,-1.8,2019
Diesel,Italy,2019-09-01,-3.5,2019
Diesel,Italy,2019-10-01,-3.9,2019
Diesel,Italy,2019-11-01,-4.7,2019
Diesel,Italy,2019-12-01,0.3,2019
Diesel,Italy,2020-01-01,3.9,2020
Diesel,Italy,2020-02-01,0.6,2020
Diesel,Italy,2020-03-01,-4.9,2020
Diesel,Italy,2020-04-01,-10.6,2020
Diesel,Italy,2020-05-01,-16.2,2020
Diesel,Italy,2020-06-01,-14.9,2020
Diesel,Italy,2020-07-01,-12.1,2020
Diesel,Italy,2020-08-01,-11.7,2020
Diesel,Italy,2020-09-01,-11.7,2020
Diesel,Italy,2020-10-01,-13.9,2020
Diesel,Italy,2020-11-01,-13.9,2020
Diesel,Italy,2020-12-01,-11.8,2020
Diesel,Italy,2021-01-01,-9.5,2021
Diesel,Italy,2021-02-01,-5.6,2021
Diesel,Italy,2021-03-01,1.7,2021
Diesel,Italy,2021-04-01,8.2,2021
Diesel,Italy,2021-05-01,15.1,2021
Diesel,Italy,2021-06-01,15.6,2021
Diesel,Italy,2021-07-01,16.3,2021
Diesel,Italy,2021-08-01,17.0,2021
Diesel,Italy,2021-09-01,17.8,2021
Diesel,Italy,2021-10-01,23.6,2021
Diesel,Italy,2021-11-01,27.9,2021
Diesel,Italy,2021-12-01,23.0,2021
Diesel,Italy,2022-01-01,20.0,2022
Diesel,Italy,2022-02-01,24.0,2022
Diesel,Italy,2022-03-01,34.5,2022
Diesel,Italy,2022-04-01,23.1,2022
Diesel,Italy,2022-05-01,25.1,2022
Diesel,Italy,2022-06-01,32.4,2022
Diesel,Italy,2022-07-01,30.8,2022
Diesel,Italy,2022-08-01,18.2,2022
Diesel,Italy,2022-09-01,19.9,2022
Diesel,Italy,2022-10-01,16.7,2022
Diesel,Italy,2022-11-01,13.4,2022
Diesel,Italy,2022-12-01,9.5,2022
Diesel,Italy,2023-01-01,13.9,2023
Diesel,Italy,2023-02-01,8.8,2023
Diesel,Italy,2023-03-01,-6.9,2023
Diesel,Italy,2023-04-01,-1.8,2023
Diesel,Italy,2023-05-01,-8.7,2023
Diesel,Italy,2023-06-01,-14.4,2023
Diesel,Italy,2023-07-01,-14.7,2023
Diesel,Italy,2023-08-01,0.6,2023
Diesel,Italy,2023-09-01,3.4,2023
Diesel,Italy,2023-10-01,3.3,2023
Diesel,Italy,2023-11-01,-1.3,2023
Diesel,Italy,2023-12-01,-0.5,2023
Diesel,Italy,2024-01-01,-6.0,2024
Diesel,Italy,2024-02-01,-2.8,2024
Diesel,Italy,2024-03-01,-0.1,2024
Diesel,Italy,2024-04-01,2.4,2024
Diesel,Italy,2024-05-01,4.9,2024
Diesel,Italy,2024-06-01,2.3,2024
Diesel,Italy,2024-07-01,3.1,2024
Diesel,Italy,2024-08-01,-5.8,2024
Diesel,Italy,2024-09-01,-12.6,2024
Diesel,Italy,2024-10-01,-14.0,2024
Diesel,Italy,2024-11-01,-9.6,2024
Diesel,Italy,2024-12-01,-5.2,2024
Diesel,Italy,2025-01-01,-1.8,2025
Diesel,Italy,2025-02-01,-4.4,2025
Diesel,Italy,2025-03-01,-6.0,2025
Diesel,Italy,2025-04-01,-8.9,2025
Diesel,Italy,2025-05-01,-9.0,2025
Diesel,Italy,2025-06-01,-5.2,2025
Diesel,Italy,2025-07-01,-4.2,2025
Diesel,Italy,2025-08-01,-3.5,2025
Diesel,Italy,2025-09-01,-0.4,2025
Diesel,Italy,2025-10-01,0.0,2025
Diesel,Italy,2025-11-01,2.0,2025
Diesel,Italy,2025-12-01,1.1,2025
Diesel,Portugal,2019-01-01,0.7,2019
Diesel,Portugal,2019-02-01,5.4,2019
Diesel,Portugal,2019-03-01,9.1,2019
Diesel,Portugal,2019-04-01,6.4,2019
Diesel,Portugal,2019-05-01,3.5,2019
Diesel,Portugal,2019-06-01,-1.7,2019
Diesel,Portugal,2019-07-01,-0.6,2019
Diesel,Portugal,2019-08-01,-1.3,2019
Diesel,Portugal,2019-09-01,-1.4,2019
Diesel,Portugal,2019-10-01,-3.4,2019
Diesel,Portugal,2019-11-01,-2.0,2019
Diesel,Portugal,2019-12-01,4.8,2019
Diesel,Portugal,2020-01-01,7.4,2020
Diesel,Portugal,2020-02-01,1.3,2020
Diesel,Portugal,2020-03-01,-6.9,2020
Diesel,Portugal,2020-04-01,-13.0,2020
Diesel,Portugal,2020-05-01,-17.9,2020
Diesel,Portugal,2020-06-01,-11.4,2020
Diesel,Portugal,2020-07-01,-8.7,2020
Diesel,Portugal,2020-08-01,-7.8,2020
Diesel,Portugal,2020-09-01,-10.4,2020
Diesel,Portugal,2020-10-01,-11.9,2020
Diesel,Portugal,2020-11-01,-11.5,2020
Diesel,Portugal,2020-12-01,-8.9,2020
Diesel,Portugal,2021-01-01,-7.2,2021
Diesel,Portugal,2021-02-01,-3.6,2021
Diesel,Portugal,2021-03-01,6.0,2021
Diesel,Portugal,2021-04-01,13.2,2021
Diesel,Portugal,2021-05-01,21.0,2021
Diesel,Portugal,2021-06-01,19.5,2021
Diesel,Portugal,2021-07-01,18.1,2021
Diesel,Portugal,2021-08-01,16.6,2021
Diesel,Portugal,2021-09-01,20.1,2021
Diesel,Portugal,2021-10-01,26.1,2021
Diesel,Portugal,2021-11-01,27.0,2021
Diesel,Portugal,2021-12-01,20.0,2021
Diesel,Portugal,2022-01-01,18.5,2022
Diesel,Portugal,2022-02-01,24.2,2022
Diesel,Portugal,2022-03-01,36.0,2022
Diesel,Portugal,2022-04-01,39.8,2022
Diesel,Portugal,2022-05-01,30.0,2022
Diesel,Portugal,2022-06-01,38.6,2022
Diesel,Portugal,2022-07-01,32.1,2022
Diesel,Portugal,2022-08-01,22.8,2022
Diesel,Portugal,2022-09-01,22.5,2022
Diesel,Portugal,2022-10-01,23.0,2022
Diesel,Portugal,2022-11-01,16.6,2022
Diesel,Portugal,2022-12-01,6.8,2022
Diesel,Portugal,2023-01-01,4.0,2023
Diesel,Portugal,2023-02-01,-5.0,2023
Diesel,Portugal,2023-03-01,-17.4,2023
Diesel,Portugal,2023-04-01,-21.8,2023
Diesel,Portugal,2023-05-01,-20.8,2023
Diesel,Portugal,2023-06-01,-25.5,2023
Diesel,Portugal,2023-07-01,-20.8,2023
Diesel,Portugal,2023-08-01,-5.2,2023
Diesel,Portugal,2023-09-01,-2.2,2023
Diesel,Portugal,2023-10-01,-7.7,2023
Diesel,Portugal,2023-11-01,-7.8,2023
Diesel,Portugal,2023-12-01,-1.9,2023
Diesel,Portugal,2024-01-01,-3.5,2024
Diesel,Portugal,2024-02-01,4.8,2024
Diesel,Portugal,2024-03-01,5.5,2024
Diesel,Portugal,2024-04-01,8.7,2024
Diesel,Portugal,2024-05-01,9.0,2024
Diesel,Portugal,2024-06-01,5.2,2024
Diesel,Portugal,2024-07-01,3.6,2024
Diesel,Portugal,2024-08-01,-9.0,2024
Diesel,Portugal,2024-09-01,-13.0,2024
Diesel,Portugal,2024-10-01,-10.1,2024
Diesel,Portugal,2024-11-01,-5.0,2024
Diesel,Portugal,2024-12-01,0.8,2024
Diesel,Portugal,2025-01-01,5.1,2025
Diesel,Portugal,2025-02-01,0.7,2025
Diesel,Portugal,2025-03-01,-1.1,2025
Diesel,Portugal,2025-04-01,-4.0,2025
Diesel,Portugal,2025-05-01,-3.0,2025
Diesel,Portugal,2025-06-01,-0.5,2025
Diesel,Portugal,2025-07-01,0.4,2025
Diesel,Portugal,2025-08-01,1.6,2025
Diesel,Portugal,2025-09-01,1.8,2025
Diesel,Portugal,2025-10-01,-1.0,2025
Diesel,Portugal,2025-11-01,1.8,2025
Diesel,Portugal,2025-12-01,-2.4,2025
Petrol,Germany,2019-01-01,-0.8,2019
Petrol,Germany,2019-02-01,-1.8,2019
Petrol,Germany,2019-03-01,2.2,2019
Petrol,Germany,2019-04-01,5.2,2019
Petrol,Germany,2019-05-01,5.2,2019
Petrol,Germany,2019-06-01,2.3,2019
Petrol,Germany,2019-07-01,0.9,2019
Petrol,Germany,2019-08-01,-3.3,2019
Petrol,Germany,2019-09-01,-7.0,2019
Petrol,Germany,2019-10-01,-7.5,2019
Petrol,Germany,2019-11-01,-9.6,2019
Petrol,Germany,2019-12-01,-4.2,2019
Petrol,Germany,2020-01-01,5.0,2020
Petrol,Germany,2020-02-01,4.4,2020
Petrol,Germany,2020-03-01,-1.8,2020
Petrol,Germany,2020-04-01,-16.5,2020
Petrol,Germany,2020-05-01,-21.7,2020
Petrol,Germany,2020-06-01,-15.9,2020
Petrol,Germany,2020-07-01,-13.0,2020
Petrol,Germany,2020-08-01,-11.3,2020
Petrol,Germany,2020-09-01,-10.1,2020
Petrol,Germany,2020-10-01,-8.9,2020
Petrol,Germany,2020-11-01,-12.2,2020
Petrol,Germany,2020-12-01,-10.0,2020
Petrol,Germany,2021-01-01,-2.0,2021
Petrol,Germany,2021-02-01,2.3,2021
Petrol,Germany,2021-03-01,12.6,2021
Petrol,Germany,2021-04-01,24.8,2021
Petrol,Germany,2021-05-01,28.2,2021
Petrol,Germany,2021-06-01,22.9,2021
Petrol,Germany,2021-07-01,23.8,2021
Petrol,Germany,2021-08-01,26.4,2021
Petrol,Germany,2021-09-01,27.0,2021
Petrol,Germany,2021-10-01,32.1,2021
Petrol,Germany,2021-11-01,41.2,2021
Petrol,Germany,2021-12-01,31.8,2021
Petrol,Germany,2022-01-01,23.2,2022
Petrol,Germany,2022-02-01,24.1,2022
Petrol,Germany,2022-03-01,42.1,2022
Petrol,Germany,2022-04-01,33.1,2022
Petrol,Germany,2022-05-01,36.5,2022
Petrol,Germany,2022-06-01,27.7,2022
Petrol,Germany,2022-07-01,16.5,2022
Petrol,Germany,2022-08-01,9.0,2022
Petrol,Germany,2022-09-01,23.8,2022
Petrol,Germany,2022-10-01,16.2,2022
Petrol,Germany,2022-11-01,9.7,2022
Petrol,Germany,2022-12-01,5.0,2022
Petrol,Germany,2023-01-01,4.3,2023
Petrol,Germany,2023-02-01,1.9,2023
Petrol,Germany,2023-03-01,-15.3,2023
Petrol,Germany,2023-04-01,-7.5,2023
Petrol,Germany,2023-05-01,-12.1,2023
Petrol,Germany,2023-06-01,-6.9,2023
Petrol,Germany,2023-07-01,-0.9,2023
Petrol,Germany,2023-08-01,7.9,2023
Petrol,Germany,2023-09-01,-3.7,2023
Petrol,Germany,2023-10-01,-5.6,2023
Petrol,Germany,2023-11-01,-5.1,2023
Petrol,Germany,2023-12-01,0.8,2023
Petrol,Germany,2024-01-01,-0.4,2024
Petrol,Germany,2024-02-01,-0.4,2024
Petrol,Germany,2024-03-01,0.5,2024
Petrol,Germany,2024-04-01,1.9,2024
Petrol,Germany,2024-05-01,1.7,2024
Petrol,Germany,2024-06-01,-1.7,2024
Petrol,Germany,2024-07-01,-1.1,2024
Petrol,Germany,2024-08-01,-6.5,2024
Petrol,Germany,2024-09-01,-12.0,2024
Petrol,Germany,2024-10-01,-7.7,2024
Petrol,Germany,2024-11-01,-5.9,2024
Petrol,Germany,2024-12-01,-2.7,2024
Petrol,Germany,2025-01-01,0.2,2025
Petrol,Germany,2025-02-01,0.2,2025
Petrol,Germany,2025-03-01,-4.3,2025
Petrol,Germany,2025-04-01,-8.5,2025
Petrol,Germany,2025-05-01,-7.2,2025
Petrol,Germany,2025-06-01,-4.7,2025
Petrol,Germany,2025-07-01,-5.3,2025
Petrol,Germany,2025-08-01,-3.2,2025
Petrol,Germany,2025-09-01,0.7,2025
Petrol,Germany,2025-10-01,0.1,2025
Petrol,Germany,2025-11-01,1.3,2025
Petrol,Germany,2025-12-01,-1.0,2025
Petrol,"Euro area (EA11-1999, EA12-2001, EA13-2007, EA15-2008, EA16-2009, EA17-2011, EA18-2014, EA19-2015, EA20-2023, EA21-2026)",2019-01-01,-2.4,2019
Petrol,"Euro area (EA11-1999, EA12-2001, EA13-2007, EA15-2008, EA16-2009, EA17-2011, EA18-2014, EA19-2015, EA20-2023, EA21-2026)",2019-02-01,-1.4,2019
Petrol,"Euro area (EA11-1999, EA12-2001, EA13-2007, EA15-2008, EA16-2009, EA17-2011, EA18-2014, EA19-2015, EA20-2023, EA21-2026)",2019-03-01,2.4,2019
Petrol,"Euro area (EA11-1999, EA12-2001, EA13-2007, EA15-2008, EA16-2009, EA17-2011, EA18-2014, EA19-2015, EA20-2023, EA21-2026)",2019-04-01,4.7,2019
Petrol,"Euro area (EA11-1999, EA12-2001, EA13-2007, EA15-2008, EA16-2009, EA17-2011, EA18-2014, EA19-2015, EA20-2023, EA21-2026)",2019-05-01,3.8,2019
Petrol,"Euro area (EA11-1999, EA12-2001, EA13-2007, EA15-2008, EA16-2009, EA17-2011, EA18-2014, EA19-2015, EA20-2023, EA21-2026)",2019-06-01,0.1,2019
Petrol,"Euro area (EA11-1999, EA12-2001, EA13-2007, EA15-2008, EA16-2009, EA17-2011, EA18-2014, EA19-2015, EA20-2023, EA21-2026)",2019-07-01,-0.2,2019
Petrol,"Euro area (EA11-1999, EA12-2001, EA13-2007, EA15-2008, EA16-2009, EA17-2011, EA18-2014, EA19-2015, EA20-2023, EA21-2026)",2019-08-01,-2.3,2019
Petrol,"Euro area (EA11-1999, EA12-2001, EA13-2007, EA15-2008, EA16-2009, EA17-2011, EA18-2014, EA19-2015, EA20-2023, EA21-2026)",2019-09-01,-4.4,2019
Petrol,"Euro area (EA11-1999, EA12-2001, EA13-2007, EA15-2008, EA16-2009, EA17-2011, EA18-2014, EA19-2015, EA20-2023, EA21-2026)",2019-10-01,-4.9,2019
Petrol,"Euro area (EA11-1999, EA12-2001, EA13-2007, EA15-2008, EA16-2009, EA17-2011, EA18-2014, EA19-2015, EA20-2023, EA21-2026)",2019-11-01,-3.7,2019
Petrol,"Euro area (EA11-1999, EA12-2001, EA13-2007, EA15-2008, EA16-2009, EA17-2011, EA18-2014, EA19-2015, EA20-2023, EA21-2026)",2019-12-01,2.3,2019
Petrol,"Euro area (EA11-1999, EA12-2001, EA13-2007, EA15-2008, EA16-2009, EA17-2011, EA18-2014, EA19-2015, EA20-2023, EA21-2026)",2020-01-01,7.2,2020
Petrol,"Euro area (EA11-1999, EA12-2001, EA13-2007, EA15-2008, EA16-2009, EA17-2011, EA18-2014, EA19-2015, EA20-2023, EA21-2026)",2020-02-01,4.5,2020
Petrol,"Euro area (EA11-1999, EA12-2001, EA13-2007, EA15-2008, EA16-2009, EA17-2011, EA18-2014, EA19-2015, EA20-2023, EA21-2026)",2020-03-01,-3.1,2020
Petrol,"Euro area (EA11-1999, EA12-2001, EA13-2007, EA15-2008, EA16-2009, EA17-2011, EA18-2014, EA19-2015, EA20-2023, EA21-2026)",2020-04-01,-15.4,2020
Petrol,"Euro area (EA11-1999, EA12-2001, EA13-2007, EA15-2008, EA16-2009, EA17-2011, EA18-2014, EA19-2015, EA20-2023, EA21-2026)",2020-05-01,-19.4,2020
Petrol,"Euro area (EA11-1999, EA12-2001, EA13-2007, EA15-2008, EA16-2009, EA17-2011, EA18-2014, EA19-2015, EA20-2023, EA21-2026)",2020-06-01,-14.1,2020
Petrol,"Euro area (EA11-1999, EA12-2001, EA13-2007, EA15-2008, EA16-2009, EA17-2011, EA18-2014, EA19-2015, EA20-2023, EA21-2026)",2020-07-01,-11.5,2020
Petrol,"Euro area (EA11-1999, EA12-2001, EA13-2007, EA15-2008, EA16-2009, EA17-2011, EA18-2014, EA19-2015, EA20-2023, EA21-2026)",2020-08-01,-10.5,2020
Petrol,"Euro area (EA11-1999, EA12-2001, EA13-2007, EA15-2008, EA16-2009, EA17-2011, EA18-2014, EA19-2015, EA20-2023, EA21-2026)",2020-09-01,-9.7,2020
Petrol,"Euro area (EA11-1999, EA12-2001, EA13-2007, EA15-2008, EA16-2009, EA17-2011, EA18-2014, EA19-2015, EA20-2023, EA21-2026)",2020-10-01,-9.5,2020
Petrol,"Euro area (EA11-1999, EA12-2001, EA13-2007, EA15-2008, EA16-2009, EA17-2011, EA18-2014, EA19-2015, EA20-2023, EA21-2026)",2020-11-01,-11.2,2020
Petrol,"Euro area (EA11-1999, EA12-2001, EA13-2007, EA15-2008, EA16-2009, EA17-2011, EA18-2014, EA19-2015, EA20-2023, EA21-2026)",2020-12-01,-9.6,2020
Petrol,"Euro area (EA11-1999, EA12-2001, EA13-2007, EA15-2008, EA16-2009, EA17-2011, EA18-2014, EA19-2015, EA20-2023, EA21-2026)",2021-01-01,-5.6,2021
Petrol,"Euro area (EA11-1999, EA12-2001, EA13-2007, EA15-2008, EA16-2009, EA17-2011, EA18-2014, EA19-2015, EA20-2023, EA21-2026)",2021-02-01,-1.0,2021
Petrol,"Euro area (EA11-1999, EA12-2001, EA13-2007, EA15-2008, EA16-2009, EA17-2011, EA18-2014, EA19-2015, EA20-2023, EA21-2026)",2021-03-01,9.1,2021
Petrol,"Euro area (EA11-1999, EA12-2001, EA13-2007, EA15-2008, EA16-2009, EA17-2011, EA18-2014, EA19-2015, EA20-2023, EA21-2026)",2021-04-01,19.8,2021
Petrol,"Euro area (EA11-1999, EA12-2001, EA13-2007, EA15-2008, EA16-2009, EA17-2011, EA18-2014, EA19-2015, EA20-2023, EA21-2026)",2021-05-01,23.6,2021
Petrol,"Euro area (EA11-1999, EA12-2001, EA13-2007, EA15-2008, EA16-2009, EA17-2011, EA18-2014, EA19-2015, EA20-2023, EA21-2026)",2021-06-01,19.9,2021
Petrol,"Euro area (EA11-1999, EA12-2001, EA13-2007, EA15-2008, EA16-2009, EA17-2011, EA18-2014, EA19-2015, EA20-2023, EA21-2026)",2021-07-01,20.1,2021
Petrol,"Euro area (EA11-1999, EA12-2001, EA13-2007, EA15-2008, EA16-2009, EA17-2011, EA18-2014, EA19-2015, EA20-2023, EA21-2026)",2021-08-01,21.5,2021
Petrol,"Euro area (EA11-1999, EA12-2001, EA13-2007, EA15-2008, EA16-2009, EA17-2011, EA18-2014, EA19-2015, EA20-2023, EA21-2026)",2021-09-01,22.1,2021
Petrol,"Euro area (EA11-1999, EA12-2001, EA13-2007, EA15-2008, EA16-2009, EA17-2011, EA18-2014, EA19-2015, EA20-2023, EA21-2026)",2021-10-01,27.0,2021
Petrol,"Euro area (EA11-1999, EA12-2001, EA13-2007, EA15-2008, EA16-2009, EA17-2011, EA18-2014, EA19-2015, EA20-2023, EA21-2026)",2021-11-01,32.7,2021
Petrol,"Euro area (EA11-1999, EA12-2001, EA13-2007, EA15-2008, EA16-2009, EA17-2011, EA18-2014, EA19-2015, EA20-2023, EA21-2026)",2021-12-01,26.1,2021
Petrol,"Euro area (EA11-1999, EA12-2001, EA13-2007, EA15-2008, EA16-2009, EA17-2011, EA18-2014, EA19-2015, EA20-2023, EA21-2026)",2022-01-01,22.5,2022
Petrol,"Euro area (EA11-1999, EA12-2001, EA13-2007, EA15-2008, EA16-2009, EA17-2011, EA18-2014, EA19-2015, EA20-2023, EA21-2026)",2022-02-01,23.8,2022
Petrol,"Euro area (EA11-1999, EA12-2001, EA13-2007, EA15-2008, EA16-2009, EA17-2011, EA18-2014, EA19-2015, EA20-2023, EA21-2026)",2022-03-01,34.7,2022
Petrol,"Euro area (EA11-1999, EA12-2001, EA13-2007, EA15-2008, EA16-2009, EA17-2011, EA18-2014, EA19-2015, EA20-2023, EA21-2026)",2022-04-01,24.2,2022
Petrol,"Euro area (EA11-1999, EA12-2001, EA13-2007, EA15-2008, EA16-2009, EA17-2011, EA18-2014, EA19-2015, EA20-2023, EA21-2026)",2022-05-01,28.6,2022
Petrol,"Euro area (EA11-1999, EA12-2001, EA13-2007, EA15-2008, EA16-2009, EA17-2011, EA18-2014, EA19-2015, EA20-2023, EA21-2026)",2022-06-01,32.8,2022
Petrol,"Euro area (EA11-1999, EA12-2001, EA13-2007, EA15-2008, EA16-2009, EA17-2011, EA18-2014, EA19-2015, EA20-2023, EA21-2026)",2022-07-01,23.2,2022
Petrol,"Euro area (EA11-1999, EA12-2001, EA13-2007, EA15-2008, EA16-2009, EA17-2011, EA18-2014, EA19-2015, EA20-2023, EA21-2026)",2022-08-01,12.4,2022
Petrol,"Euro area (EA11-1999, EA12-2001, EA13-2007, EA15-2008, EA16-2009, EA17-2011, EA18-2014, EA19-2015, EA20-2023, EA21-2026)",2022-09-01,12.0,2022
Petrol,"Euro area (EA11-1999, EA12-2001, EA13-2007, EA15-2008, EA16-2009, EA17-2011, EA18-2014, EA19-2015, EA20-2023, EA21-2026)",2022-10-01,8.2,2022
Petrol,"Euro area (EA11-1999, EA12-2001, EA13-2007, EA15-2008, EA16-2009, EA17-2011, EA18-2014, EA19-2015, EA20-2023, EA21-2026)",2022-11-01,4.9,2022
Petrol,"Euro area (EA11-1999, EA12-2001, EA13-2007, EA15-2008, EA16-2009, EA17-2011, EA18-2014, EA19-2015, EA20-2023, EA21-2026)",2022-12-01,0.8,2022
Petrol,"Euro area (EA11-1999, EA12-2001, EA13-2007, EA15-2008, EA16-2009, EA17-2011, EA18-2014, EA19-2015, EA20-2023, EA21-2026)",2023-01-01,3.1,2023
Petrol,"Euro area (EA11-1999, EA12-2001, EA13-2007, EA15-2008, EA16-2009, EA17-2011, EA18-2014, EA19-2015, EA20-2023, EA21-2026)",2023-02-01,0.7,2023
Petrol,"Euro area (EA11-1999, EA12-2001, EA13-2007, EA15-2008, EA16-2009, EA17-2011, EA18-2014, EA19-2015, EA20-2023, EA21-2026)",2023-03-01,-11.5,2023
Petrol,"Euro area (EA11-1999, EA12-2001, EA13-2007, EA15-2008, EA16-2009, EA17-2011, EA18-2014, EA19-2015, EA20-2023, EA21-2026)",2023-04-01,-2.7,2023
Petrol,"Euro area (EA11-1999, EA12-2001, EA13-2007, EA15-2008, EA16-2009, EA17-2011, EA18-2014, EA19-2015, EA20-2023, EA21-2026)",2023-05-01,-9.5,2023
Petrol,"Euro area (EA11-1999, EA12-2001, EA13-2007, EA15-2008, EA16-2009, EA17-2011, EA18-2014, EA19-2015, EA20-2023, EA21-2026)",2023-06-01,-12.8,2023
Petrol,"Euro area (EA11-1999, EA12-2001, EA13-2007, EA15-2008, EA16-2009, EA17-2011, EA18-2014, EA19-2015, EA20-2023, EA21-2026)",2023-07-01,-7.7,2023
Petrol,"Euro area (EA11-1999, EA12-2001, EA13-2007, EA15-2008, EA16-2009, EA17-2011, EA18-2014, EA19-2015, EA20-2023, EA21-2026)",2023-08-01,4.5,2023
Petrol,"Euro area (EA11-1999, EA12-2001, EA13-2007, EA15-2008, EA16-2009, EA17-2011, EA18-2014, EA19-2015, EA20-2023, EA21-2026)",2023-09-01,6.4,2023
Petrol,"Euro area (EA11-1999, EA12-2001, EA13-2007, EA15-2008, EA16-2009, EA17-2011, EA18-2014, EA19-2015, EA20-2023, EA21-2026)",2023-10-01,2.3,2023
Petrol,"Euro area (EA11-1999, EA12-2001, EA13-2007, EA15-2008, EA16-2009, EA17-2011, EA18-2014, EA19-2015, EA20-2023, EA21-2026)",2023-11-01,-0.3,2023
Petrol,"Euro area (EA11-1999, EA12-2001, EA13-2007, EA15-2008, EA16-2009, EA17-2011, EA18-2014, EA19-2015, EA20-2023, EA21-2026)",2023-12-01,3.5,2023
Petrol,"Euro area (EA11-1999, EA12-2001, EA13-2007, EA15-2008, EA16-2009, EA17-2011, EA18-2014, EA19-2015, EA20-2023, EA21-2026)",2024-01-01,-1.0,2024
Petrol,"Euro area (EA11-1999, EA12-2001, EA13-2007, EA15-2008, EA16-2009, EA17-2011, EA18-2014, EA19-2015, EA20-2023, EA21-2026)",2024-02-01,-0.1,2024
Petrol,"Euro area (EA11-1999, EA12-2001, EA13-2007, EA15-2008, EA16-2009, EA17-2011, EA18-2014, EA19-2015, EA20-2023, EA21-2026)",2024-03-01,1.4,2024
Petrol,"Euro area (EA11-1999, EA12-2001, EA13-2007, EA15-2008, EA16-2009, EA17-2011, EA18-2014, EA19-2015, EA20-2023, EA21-2026)",2024-04-01,2.6,2024
Petrol,"Euro area (EA11-1999, EA12-2001, EA13-2007, EA15-2008, EA16-2009, EA17-2011, EA18-2014, EA19-2015, EA20-2023, EA21-2026)",2024-05-01,3.8,2024
Petrol,"Euro area (EA11-1999, EA12-2001, EA13-2007, EA15-2008, EA16-2009, EA17-2011, EA18-2014, EA19-2015, EA20-2023, EA21-2026)",2024-06-01,0.4,2024
Petrol,"Euro area (EA11-1999, EA12-2001, EA13-2007, EA15-2008, EA16-2009, EA17-2011, EA18-2014, EA19-2015, EA20-2023, EA21-2026)",2024-07-01,0.0,2024
Petrol,"Euro area (EA11-1999, EA12-2001, EA13-2007, EA15-2008, EA16-2009, EA17-2011, EA18-2014, EA19-2015, EA20-2023, EA21-2026)",2024-08-01,-6.2,2024
Petrol,"Euro area (EA11-1999, EA12-2001, EA13-2007, EA15-2008, EA16-2009, EA17-2011, EA18-2014, EA19-2015, EA20-2023, EA21-2026)",2024-09-01,-11.8,2024
Petrol,"Euro area (EA11-1999, EA12-2001, EA13-2007, EA15-2008, EA16-2009, EA17-2011, EA18-2014, EA19-2015, EA20-2023, EA21-2026)",2024-10-01,-8.2,2024
Petrol,"Euro area (EA11-1999, EA12-2001, EA13-2007, EA15-2008, EA16-2009, EA17-2011, EA18-2014, EA19-2015, EA20-2023, EA21-2026)",2024-11-01,-5.2,2024
Petrol,"Euro area (EA11-1999, EA12-2001, EA13-2007, EA15-2008, EA16-2009, EA17-2011, EA18-2014, EA19-2015, EA20-2023, EA21-2026)",2024-12-01,-1.7,2024
Petrol,"Euro area (EA11-1999, EA12-2001, EA13-2007, EA15-2008, EA16-2009, EA17-2011, EA18-2014, EA19-2015, EA20-2023, EA21-2026)",2025-01-01,0.9,2025
Petrol,"Euro area (EA11-1999, EA12-2001, EA13-2007, EA15-2008, EA16-2009, EA17-2011, EA18-2014, EA19-2015, EA20-2023, EA21-2026)",2025-02-01,-0.7,2025
Petrol,"Euro area (EA11-1999, EA12-2001, EA13-2007, EA15-2008, EA16-2009, EA17-2011, EA18-2014, EA19-2015, EA20-2023, EA21-2026)",2025-03-01,-5.1,2025
Petrol,"Euro area (EA11-1999, EA12-2001, EA13-2007, EA15-2008, EA16-2009, EA17-2011, EA18-2014, EA19-2015, EA20-2023, EA21-2026)",2025-04-01,-9.3,2025
Petrol,"Euro area (EA11-1999, EA12-2001, EA13-2007, EA15-2008, EA16-2009, EA17-2011, EA18-2014, EA19-2015, EA20-2023, EA21-2026)",2025-05-01,-9.2,2025
Petrol,"Euro area (EA11-1999, EA12-2001, EA13-2007, EA15-2008, EA16-2009, EA17-2011, EA18-2014, EA19-2015, EA20-2023, EA21-2026)",2025-06-01,-6.2,2025
Petrol,"Euro area (EA11-1999, EA12-2001, EA13-2007, EA15-2008, EA16-2009, EA17-2011, EA18-2014, EA19-2015, EA20-2023, EA21-2026)",2025-07-01,-6.3,2025
Petrol,"Euro area (EA11-1999, EA12-2001, EA13-2007, EA15-2008, EA16-2009, EA17-2011, EA18-2014, EA19-2015, EA20-2023, EA21-2026)",2025-08-01,-4.5,2025
Petrol,"Euro area (EA11-1999, EA12-2001, EA13-2007, EA15-2008, EA16-2009, EA17-2011, EA18-2014, EA19-2015, EA20-2023, EA21-2026)",2025-09-01,-0.3,2025
Petrol,"Euro area (EA11-1999, EA12-2001, EA13-2007, EA15-2008, EA16-2009, EA17-2011, EA18-2014, EA19-2015, EA20-2023, EA21-2026)",2025-10-01,-1.0,2025
Petrol,"Euro area (EA11-1999, EA12-2001, EA13-2007, EA15-2008, EA16-2009, EA17-2011, EA18-2014, EA19-2015, EA20-2023, EA21-2026)",2025-11-01,-0.2,2025
Petrol,"Euro area (EA11-1999, EA12-2001, EA13-2007, EA15-2008, EA16-2009, EA17-2011, EA18-2014, EA19-2015, EA20-2023, EA21-2026)",2025-12-01,-2.1,2025
Petrol,Spain,2019-01-01,-3.0,2019
Petrol,Spain,2019-02-01,1.4,2019
Petrol,Spain,2019-03-01,4.5,2019
Petrol,Spain,2019-04-01,5.9,2019
Petrol,Spain,2019-05-01,3.5,2019
Petrol,Spain,2019-06-01,-0.7,2019
Petrol,Spain,2019-07-01,0.5,2019
Petrol,Spain,2019-08-01,-0.4,2019
Petrol,Spain,2019-09-01,-1.5,2019
Petrol,Spain,2019-10-01,-2.7,2019
Petrol,Spain,2019-11-01,0.6,2019
Petrol,Spain,2019-12-01,8.9,2019
Petrol,Spain,2020-01-01,9.5,2020
Petrol,Spain,2020-02-01,4.8,2020
Petrol,Spain,2020-03-01,-4.9,2020
Petrol,Spain,2020-04-01,-17.2,2020
Petrol,Spain,2020-05-01,-19.3,2020
Petrol,Spain,2020-06-01,-13.1,2020
Petrol,Spain,2020-07-01,-11.0,2020
Petrol,Spain,2020-08-01,-10.6,2020
Petrol,Spain,2020-09-01,-10.1,2020
Petrol,Spain,2020-10-01,-10.1,2020
Petrol,Spain,2020-11-01,-10.2,2020
Petrol,Spain,2020-12-01,-8.3,2020
Petrol,Spain,2021-01-01,-7.2,2021
Petrol,Spain,2021-02-01,-2.8,2021
Petrol,Spain,2021-03-01,8.9,2021
Petrol,Spain,2021-04-01,20.2,2021
Petrol,Spain,2021-05-01,24.2,2021
Petrol,Spain,2021-06-01,21.4,2021
Petrol,Spain,2021-07-01,20.1,2021
Petrol,Spain,2021-08-01,20.9,2021
Petrol,Spain,2021-09-01,22.1,2021
Petrol,Spain,2021-10-01,26.5,2021
Petrol,Spain,2021-11-01,29.4,2021
Petrol,Spain,2021-12-01,23.0,2021
Petrol,Spain,2022-01-01,23.1,2022
Petrol,Spain,2022-02-01,25.1,2022
Petrol,Spain,2022-03-01,33.6,2022
Petrol,Spain,2022-04-01,16.3,2022
Petrol,Spain,2022-05-01,23.5,2022
Petrol,Spain,2022-06-01,34.4,2022
Petrol,Spain,2022-07-01,23.9,2022
Petrol,Spain,2022-08-01,9.6,2022
Petrol,Spain,2022-09-01,2.0,2022
Petrol,Spain,2022-10-01,1.1,2022
Petrol,Spain,2022-11-01,0.4,2022
Petrol,Spain,2022-12-01,-7.7,2022
Petrol,Spain,2023-01-01,1.3,2023
Petrol,Spain,2023-02-01,-3.0,2023
Petrol,Spain,2023-03-01,-12.6,2023
Petrol,Spain,2023-04-01,3.2,2023
Petrol,Spain,2023-05-01,-8.4,2023
Petrol,Spain,2023-06-01,-16.7,2023
Petrol,Spain,2023-07-01,-10.1,2023
Petrol,Spain,2023-08-01,6.7,2023
Petrol,Spain,2023-09-01,15.8,2023
Petrol,Spain,2023-10-01,8.6,2023
Petrol,Spain,2023-11-01,2.7,2023
Petrol,Spain,2023-12-01,10.3,2023
Petrol,Spain,2024-01-01,-1.7,2024
Petrol,Spain,2024-02-01,1.3,2024
Petrol,Spain,2024-03-01,3.7,2024
Petrol,Spain,2024-04-01,3.5,2024
Petrol,Spain,2024-05-01,6.1,2024
Petrol,Spain,2024-06-01,2.6,2024
Petrol,Spain,2024-07-01,0.7,2024
Petrol,Spain,2024-08-01,-7.3,2024
Petrol,Spain,2024-09-01,-13.5,2024
Petrol,Spain,2024-10-01,-9.5,2024
Petrol,Spain,2024-11-01,-5.2,2024
Petrol,Spain,2024-12-01,-1.2,2024
Petrol,Spain,2025-01-01,1.3,2025
Petrol,Spain,2025-02-01,-1.5,2025
Petrol,Spain,2025-03-01,-6.9,2025
Petrol,Spain,2025-04-01,-11.7,2025
Petrol,Spain,2025-05-01,-12.5,2025
Petrol,Spain,2025-06-01,-9.2,2025
Petrol,Spain,2025-07-01,-7.8,2025
Petrol,Spain,2025-08-01,-5.9,2025
Petrol,Spain,2025-09-01,-1.3,2025
Petrol,Spain,2025-10-01,-2.1,2025
Petrol,Spain,2025-11-01,-1.4,2025
Petrol,Spain,2025-12-01,-3.5,2025
Petrol,France,2019-01-01,-3.2,2019
Petrol,France,2019-02-01,-1.4,2019
Petrol,France,2019-03-01,1.8,2019
Petrol,France,2019-04-01,4.7,2019
Petrol,France,2019-05-01,3.3,2019
Petrol,France,2019-06-01,-1.1,2019
Petrol,France,2019-07-01,-1.1,2019
Petrol,France,2019-08-01,-2.7,2019
Petrol,France,2019-09-01,-3.6,2019
Petrol,France,2019-10-01,-4.0,2019
Petrol,France,2019-11-01,1.6,2019
Petrol,France,2019-12-01,6.5,2019
Petrol,France,2020-01-01,8.2,2020
Petrol,France,2020-02-01,3.4,2020
Petrol,France,2020-03-01,-5.7,2020
Petrol,France,2020-04-01,-17.7,2020
Petrol,France,2020-05-01,-20.9,2020
Petrol,France,2020-06-01,-14.3,2020
Petrol,France,2020-07-01,-11.3,2020
Petrol,France,2020-08-01,-11.1,2020
Petrol,France,2020-09-01,-10.9,2020
Petrol,France,2020-10-01,-10.7,2020
Petrol,France,2020-11-01,-11.8,2020
Petrol,France,2020-12-01,-11.1,2020
Petrol,France,2021-01-01,-8.9,2021
Petrol,France,2021-02-01,-3.2,2021
Petrol,France,2021-03-01,7.3,2021
Petrol,France,2021-04-01,18.3,2021
Petrol,France,2021-05-01,21.7,2021
Petrol,France,2021-06-01,16.8,2021
Petrol,France,2021-07-01,16.6,2021
Petrol,France,2021-08-01,17.9,2021
Petrol,France,2021-09-01,18.3,2021
Petrol,France,2021-10-01,22.2,2021
Petrol,France,2021-11-01,24.4,2021
Petrol,France,2021-12-01,19.6,2021
Petrol,France,2022-01-01,20.7,2022
Petrol,France,2022-02-01,22.4,2022
Petrol,France,2022-03-01,30.5,2022
Petrol,France,2022-04-01,17.4,2022
Petrol,France,2022-05-01,24.1,2022
Petrol,France,2022-06-01,35.9,2022
Petrol,France,2022-07-01,25.5,2022
Petrol,France,2022-08-01,13.4,2022
Petrol,France,2022-09-01,-2.3,2022
Petrol,France,2022-10-01,0.3,2022
Petrol,France,2022-11-01,2.6,2022
Petrol,France,2022-12-01,3.0,2022
Petrol,France,2023-01-01,9.3,2023
Petrol,France,2023-02-01,6.4,2023
Petrol,France,2023-03-01,-3.5,2023
Petrol,France,2023-04-01,7.9,2023
Petrol,France,2023-05-01,-2.4,2023
Petrol,France,2023-06-01,-11.3,2023
Petrol,France,2023-07-01,-7.2,2023
Petrol,France,2023-08-01,6.9,2023
Petrol,France,2023-09-01,25.8,2023
Petrol,France,2023-10-01,13.6,2023
Petrol,France,2023-11-01,7.5,2023
Petrol,France,2023-12-01,6.8,2023
Petrol,France,2024-01-01,-3.6,2024
Petrol,France,2024-02-01,-3.1,2024
Petrol,France,2024-03-01,-2.0,2024
Petrol,France,2024-04-01,-0.9,2024
Petrol,France,2024-05-01,1.8,2024
Petrol,France,2024-06-01,-1.3,2024
Petrol,France,2024-07-01,-0.4,2024
Petrol,France,2024-08-01,-6.9,2024
Petrol,France,2024-09-01,-12.0,2024
Petrol,France,2024-10-01,-7.5,2024
Petrol,France,2024-11-01,-5.6,2024
Petrol,France,2024-12-01,-2.9,2024
Petrol,France,2025-01-01,-0.3,2025
Petrol,France,2025-02-01,-2.8,2025
Petrol,France,2025-03-01,-7.1,2025
Petrol,France,2025-04-01,-10.8,2025
Petrol,France,2025-05-01,-10.6,2025
Petrol,France,2025-06-01,-6.9,2025
Petrol,France,2025-07-01,-7.3,2025
Petrol,France,2025-08-01,-5.1,2025
Petrol,France,2025-09-01,-0.4,2025
Petrol,France,2025-10-01,-1.9,2025
Petrol,France,2025-11-01,-0.9,2025
Petrol,France,2025-12-01,-3.3,2025
Petrol,Italy,2019-01-01,-3.9,2019
Petrol,Italy,2019-02-01,-3.1,2019
Petrol,Italy,2019-03-01,0.3,2019
Petrol,Italy,2019-04-01,1.7,2019
Petrol,Italy,2019-05-01,1.5,2019
Petrol,Italy,2019-06-01,-2.0,2019
Petrol,Italy,2019-07-01,-2.1,2019
Petrol,Italy,2019-08-01,-2.3,2019
Petrol,Italy,2019-09-01,-4.1,2019
Petrol,Italy,2019-10-01,-4.0,2019
Petrol,Italy,2019-11-01,-3.2,2019
Petrol,Italy,2019-12-01,3.2,2019
Petrol,Italy,2020-01-01,6.7,2020
Petrol,Italy,2020-02-01,3.8,2020
Petrol,Italy,2020-03-01,-1.4,2020
Petrol,Italy,2020-04-01,-9.0,2020
Petrol,Italy,2020-05-01,-15.2,2020
Petrol,Italy,2020-06-01,-13.8,2020
Petrol,Italy,2020-07-01,-11.0,2020
Petrol,Italy,2020-08-01,-10.8,2020
Petrol,Italy,2020-09-01,-10.3,2020
Petrol,Italy,2020-10-01,-11.4,2020
Petrol,Italy,2020-11-01,-11.3,2020
Petrol,Italy,2020-12-01,-9.7,2020
Petrol,Italy,2021-01-01,-7.6,2021
Petrol,Italy,2021-02-01,-4.0,2021
Petrol,Italy,2021-03-01,2.7,2021
Petrol,Italy,2021-04-01,9.6,2021
Petrol,Italy,2021-05-01,16.0,2021
Petrol,Italy,2021-06-01,16.2,2021
Petrol,Italy,2021-07-01,16.5,2021
Petrol,Italy,2021-08-01,17.6,2021
Petrol,Italy,2021-09-01,18.4,2021
Petrol,Italy,2021-10-01,22.1,2021
Petrol,Italy,2021-11-01,25.3,2021
Petrol,Italy,2021-12-01,21.2,2021
Petrol,Italy,2022-01-01,18.7,2022
Petrol,Italy,2022-02-01,21.9,2022
Petrol,Italy,2022-03-01,26.5,2022
Petrol,Italy,2022-04-01,13.0,2022
Petrol,Italy,2022-05-01,15.2,2022
Petrol,Italy,2022-06-01,25.4,2022
Petrol,Italy,2022-07-01,22.3,2022
Petrol,Italy,2022-08-01,8.7,2022
Petrol,Italy,2022-09-01,3.2,2022
Petrol,Italy,2022-10-01,-2.3,2022
Petrol,Italy,2022-11-01,-3.2,2022
Petrol,Italy,2022-12-01,-2.7,2022
Petrol,Italy,2023-01-01,2.5,2023
Petrol,Italy,2023-02-01,1.5,2023
Petrol,Italy,2023-03-01,-6.6,2023
Petrol,Italy,2023-04-01,4.0,2023
Petrol,Italy,2023-05-01,-1.3,2023
Petrol,Italy,2023-06-01,-9.6,2023
Petrol,Italy,2023-07-01,-8.9,2023
Petrol,Italy,2023-08-01,6.3,2023
Petrol,Italy,2023-09-01,14.0,2023
Petrol,Italy,2023-10-01,14.8,2023
Petrol,Italy,2023-11-01,7.5,2023
Petrol,Italy,2023-12-01,5.1,2023
Petrol,Italy,2024-01-01,-1.2,2024
Petrol,Italy,2024-02-01,-1.1,2024
Petrol,Italy,2024-03-01,0.2,2024
Petrol,Italy,2024-04-01,1.8,2024
Petrol,Italy,2024-05-01,3.8,2024
Petrol,Italy,2024-06-01,1.0,2024
Petrol,Italy,2024-07-01,0.7,2024
Petrol,Italy,2024-08-01,-5.3,2024
Petrol,Italy,2024-09-01,-10.3,2024
Petrol,Italy,2024-10-01,-9.5,2024
Petrol,Italy,2024-11-01,-4.3,2024
Petrol,Italy,2024-12-01,-1.4,2024
Petrol,Italy,2025-01-01,1.2,2025
Petrol,Italy,2025-02-01,-1.3,2025
Petrol,Italy,2025-03-01,-3.8,2025
Petrol,Italy,2025-04-01,-8.6,2025
Petrol,Italy,2025-05-01,-10.2,2025
Petrol,Italy,2025-06-01,-7.4,2025
Petrol,Italy,2025-07-01,-6.8,2025
Petrol,Italy,2025-08-01,-6.3,2025
Petrol,Italy,2025-09-01,-3.2,2025
Petrol,Italy,2025-10-01,-2.7,2025
Petrol,Italy,2025-11-01,-2.2,2025
Petrol,Italy,2025-12-01,-2.5,2025
Petrol,Portugal,2019-01-01,-6.1,2019
Petrol,Portugal,2019-02-01,-4.4,2019
Petrol,Portugal,2019-03-01,-0.5,2019
Petrol,Portugal,2019-04-01,1.4,2019
Petrol,Portugal,2019-05-01,0.6,2019
Petrol,Portugal,2019-06-01,-3.7,2019
Petrol,Portugal,2019-07-01,-3.5,2019
Petrol,Portugal,2019-08-01,-5.3,2019
Petrol,Portugal,2019-09-01,-6.2,2019
Petrol,Portugal,2019-10-01,-5.9,2019
Petrol,Portugal,2019-11-01,-2.0,2019
Petrol,Portugal,2019-12-01,3.6,2019
Petrol,Portugal,2020-01-01,8.5,2020
Petrol,Portugal,2020-02-01,6.1,2020
Petrol,Portugal,2020-03-01,-3.4,2020
Petrol,Portugal,2020-04-01,-16.8,2020
Petrol,Portugal,2020-05-01,-18.1,2020
Petrol,Portugal,2020-06-01,-11.0,2020
Petrol,Portugal,2020-07-01,-7.8,2020
Petrol,Portugal,2020-08-01,-7.1,2020
Petrol,Portugal,2020-09-01,-6.3,2020
Petrol,Portugal,2020-10-01,-6.3,2020
Petrol,Portugal,2020-11-01,-7.4,2020
Petrol,Portugal,2020-12-01,-5.7,2020
Petrol,Portugal,2021-01-01,-4.2,2021
Petrol,Portugal,2021-02-01,-1.4,2021
Petrol,Portugal,2021-03-01,10.0,2021
Petrol,Portugal,2021-04-01,23.5,2021
Petrol,Portugal,2021-05-01,23.7,2021
Petrol,Portugal,2021-06-01,19.8,2021
Petrol,Portugal,2021-07-01,19.0,2021
Petrol,Portugal,2021-08-01,19.2,2021
Petrol,Portugal,2021-09-01,19.4,2021
Petrol,Portugal,2021-10-01,22.0,2021
Petrol,Portugal,2021-11-01,24.3,2021
Petrol,Portugal,2021-12-01,18.1,2021
Petrol,Portugal,2022-01-01,16.3,2022
Petrol,Portugal,2022-02-01,19.7,2022
Petrol,Portugal,2022-03-01,24.4,2022
Petrol,Portugal,2022-04-01,24.5,2022
Petrol,Portugal,2022-05-01,21.7,2022
Petrol,Portugal,2022-06-01,30.2,2022
Petrol,Portugal,2022-07-01,19.0,2022
Petrol,Portugal,2022-08-01,8.1,2022
Petrol,Portugal,2022-09-01,2.3,2022
Petrol,Portugal,2022-10-01,6.2,2022
Petrol,Portugal,2022-11-01,2.1,2022
Petrol,Portugal,2022-12-01,-3.0,2022
Petrol,Portugal,2023-01-01,-2.0,2023
Petrol,Portugal,2023-02-01,-5.9,2023
Petrol,Portugal,2023-03-01,-13.7,2023
Petrol,Portugal,2023-04-01,-14.0,2023
Petrol,Portugal,2023-05-01,-15.4,2023
Petrol,Portugal,2023-06-01,-20.6,2023
Petrol,Portugal,2023-07-01,-14.9,2023
Petrol,Portugal,2023-08-01,1.1,2023
Petrol,Portugal,2023-09-01,8.3,2023
Petrol,Portugal,2023-10-01,-1.4,2023
Petrol,Portugal,2023-11-01,-1.8,2023
Petrol,Portugal,2023-12-01,1.8,2023
Petrol,Portugal,2024-01-01,-1.8,2024
Petrol,Portugal,2024-02-01,1.5,2024
Petrol,Portugal,2024-03-01,4.0,2024
Petrol,Portugal,2024-04-01,6.7,2024
Petrol,Portugal,2024-05-01,7.2,2024
Petrol,Portugal,2024-06-01,1.9,2024
Petrol,Portugal,2024-07-01,2.3,2024
Petrol,Portugal,2024-08-01,-7.5,2024
Petrol,Portugal,2024-09-01,-10.8,2024
Petrol,Portugal,2024-10-01,-5.6,2024
Petrol,Portugal,2024-11-01,-2.1,2024
Petrol,Portugal,2024-12-01,3.6,2024
Petrol,Portugal,2025-01-01,6.0,2025
Petrol,Portugal,2025-02-01,3.2,2025
Petrol,Portugal,2025-03-01,-1.9,2025
Petrol,Portugal,2025-04-01,-5.7,2025
Petrol,Portugal,2025-05-01,-5.0,2025
Petrol,Portugal,2025-06-01,-1.5,2025
Petrol,Portugal,2025-07-01,-2.8,2025
Petrol,Portugal,2025-08-01,0.1,2025
Petrol,Portugal,2025-09-01,3.0,2025
Petrol,Portugal,2025-10-01,0.5,2025
Petrol,Portugal,2025-11-01,1.3,2025
Petrol,Portugal,2025-12-01,-1.3,2025
Veterinary and other services for pets,Germany,2019-01-01,0.0,2019
Veterinary and other services for pets,Germany,2019-02-01,0.0,2019
Veterinary and other services for pets,Germany,2019-03-01,0.0,2019
Veterinary and other services for pets,Germany,2019-04-01,0.0,2019
Veterinary and other services for pets,Germany,2019-05-01,0.0,2019
Veterinary and other services for pets,Germany,2019-06-01,0.0,2019
Veterinary and other services for pets,Germany,2019-07-01,0.0,2019
Veterinary and other services for pets,Germany,2019-08-01,0.0,2019
Veterinary and other services for pets,Germany,2019-09-01,0.0,2019
Veterinary and other services for pets,Germany,2019-10-01,0.0,2019
Veterinary and other services for pets,Germany,2019-11-01,0.0,2019
Veterinary and other services for pets,Germany,2019-12-01,0.0,2019
Veterinary and other services for pets,Germany,2020-01-01,0.0,2020
Veterinary and other services for pets,Germany,2020-02-01,0.0,2020
Veterinary and other services for pets,Germany,2020-03-01,0.0,2020
Veterinary and other services for pets,Germany,2020-04-01,0.0,2020
Veterinary and other services for pets,Germany,2020-05-01,0.0,2020
Veterinary and other services for pets,Germany,2020-06-01,0.0,2020
Veterinary and other services for pets,Germany,2020-07-01,-2.5,2020
Veterinary and other services for pets,Germany,2020-08-01,-2.5,2020
Veterinary and other services for pets,Germany,2020-09-01,-2.5,2020
Veterinary and other services for pets,Germany,2020-10-01,-2.5,2020
Veterinary and other services for pets,Germany,2020-11-01,-2.5,2020
Veterinary and other services for pets,Germany,2020-12-01,-2.5,2020
Veterinary and other services for pets,Germany,2021-01-01,0.0,2021
Veterinary and other services for pets,Germany,2021-02-01,0.0,2021
Veterinary and other services for pets,Germany,2021-03-01,0.0,2021
Veterinary and other services for pets,Germany,2021-04-01,0.0,2021
Veterinary and other services for pets,Germany,2021-05-01,0.0,2021
Veterinary and other services for pets,Germany,2021-06-01,0.0,2021
Veterinary and other services for pets,Germany,2021-07-01,2.6,2021
Veterinary and other services for pets,Germany,2021-08-01,2.6,2021
Veterinary and other services for pets,Germany,2021-09-01,2.6,2021
Veterinary and other services for pets,Germany,2021-10-01,2.6,2021
Veterinary and other services for pets,Germany,2021-11-01,2.6,2021
Veterinary and other services for pets,Germany,2021-12-01,2.6,2021
Veterinary and other services for pets,Germany,2022-01-01,0.0,2022
Veterinary and other services for pets,Germany,2022-02-01,0.0,2022
Veterinary and other services for pets,Germany,2022-03-01,0.0,2022
Veterinary and other services for pets,Germany,2022-04-01,0.0,2022
Veterinary and other services for pets,Germany,2022-05-01,0.0,2022
Veterinary and other services for pets,Germany,2022-06-01,0.0,2022
Veterinary and other services for pets,Germany,2022-07-01,0.0,2022
Veterinary and other services for pets,Germany,2022-08-01,0.0,2022
Veterinary and other services for pets,Germany,2022-09-01,0.0,2022
Veterinary and other services for pets,Germany,2022-10-01,0.0,2022
Veterinary and other services for pets,Germany,2022-11-01,11.4,2022
Veterinary and other services for pets,Germany,2022-12-01,38.2,2022
Veterinary and other services for pets,Germany,2023-01-01,38.2,2023
Veterinary and other services for pets,Germany,2023-02-01,38.2,2023
Veterinary and other services for pets,Germany,2023-03-01,38.2,2023
Veterinary and other services for pets,Germany,2023-04-01,38.2,2023
Veterinary and other services for pets,Germany,2023-05-01,38.2,2023
Veterinary and other services for pets,Germany,2023-06-01,38.2,2023
Veterinary and other services for pets,Germany,2023-07-01,38.2,2023
Veterinary and other services for pets,Germany,2023-08-01,38.2,2023
Veterinary and other services for pets,Germany,2023-09-01,38.2,2023
Veterinary and other services for pets,Germany,2023-10-01,38.2,2023
Veterinary and other services for pets,Germany,2023-11-01,24.0,2023
Veterinary and other services for pets,Germany,2023-12-01,0.0,2023
Veterinary and other services for pets,Germany,2024-01-01,0.0,2024
Veterinary and other services for pets,Germany,2024-02-01,0.0,2024
Veterinary and other services for pets,Germany,2024-03-01,0.0,2024
Veterinary and other services for pets,Germany,2024-04-01,0.0,2024
Veterinary and other services for pets,Germany,2024-05-01,0.0,2024
Veterinary and other services for pets,Germany,2024-06-01,0.0,2024
Veterinary and other services for pets,Germany,2024-07-01,0.0,2024
Veterinary and other services for pets,Germany,2024-08-01,0.0,2024
Veterinary and other services for pets,Germany,2024-09-01,0.0,2024
Veterinary and other services for pets,Germany,2024-10-01,0.0,2024
Veterinary and other services for pets,Germany,2024-11-01,0.0,2024
Veterinary and other services for pets,Germany,2024-12-01,0.0,2024
Veterinary and other services for pets,Germany,2025-01-01,0.1,2025
Veterinary and other services for pets,Germany,2025-02-01,0.1,2025
Veterinary and other services for pets,Germany,2025-03-01,0.1,2025
Veterinary and other services for pets,Germany,2025-04-01,0.1,2025
Veterinary and other services for pets,Germany,2025-05-01,0.2,2025
Veterinary and other services for pets,Germany,2025-06-01,0.2,2025
Veterinary and other services for pets,Germany,2025-07-01,0.2,2025
Veterinary and other services for pets,Germany,2025-08-01,0.2,2025
Veterinary and other services for pets,Germany,2025-09-01,0.3,2025
Veterinary and other services for pets,Germany,2025-10-01,0.3,2025
Veterinary and other services for pets,Germany,2025-11-01,0.3,2025
Veterinary and other services for pets,Germany,2025-12-01,0.3,2025
Veterinary and other services for pets,"Euro area (EA11-1999, EA12-2001, EA13-2007, EA15-2008, EA16-2009, EA17-2011, EA18-2014, EA19-2015, EA20-2023, EA21-2026)",2019-01-01,0.8,2019
Veterinary and other services for pets,"Euro area (EA11-1999, EA12-2001, EA13-2007, EA15-2008, EA16-2009, EA17-2011, EA18-2014, EA19-2015, EA20-2023, EA21-2026)",2019-02-01,0.8,2019
Veterinary and other services for pets,"Euro area (EA11-1999, EA12-2001, EA13-2007, EA15-2008, EA16-2009, EA17-2011, EA18-2014, EA19-2015, EA20-2023, EA21-2026)",2019-03-01,0.7,2019
Veterinary and other services for pets,"Euro area (EA11-1999, EA12-2001, EA13-2007, EA15-2008, EA16-2009, EA17-2011, EA18-2014, EA19-2015, EA20-2023, EA21-2026)",2019-04-01,0.8,2019
Veterinary and other services for pets,"Euro area (EA11-1999, EA12-2001, EA13-2007, EA15-2008, EA16-2009, EA17-2011, EA18-2014, EA19-2015, EA20-2023, EA21-2026)",2019-05-01,0.8,2019
Veterinary and other services for pets,"Euro area (EA11-1999, EA12-2001, EA13-2007, EA15-2008, EA16-2009, EA17-2011, EA18-2014, EA19-2015, EA20-2023, EA21-2026)",2019-06-01,0.8,2019
Veterinary and other services for pets,"Euro area (EA11-1999, EA12-2001, EA13-2007, EA15-2008, EA16-2009, EA17-2011, EA18-2014, EA19-2015, EA20-2023, EA21-2026)",2019-07-01,0.8,2019
Veterinary and other services for pets,"Euro area (EA11-1999, EA12-2001, EA13-2007, EA15-2008, EA16-2009, EA17-2011, EA18-2014, EA19-2015, EA20-2023, EA21-2026)",2019-08-01,0.9,2019
Veterinary and other services for pets,"Euro area (EA11-1999, EA12-2001, EA13-2007, EA15-2008, EA16-2009, EA17-2011, EA18-2014, EA19-2015, EA20-2023, EA21-2026)",2019-09-01,0.9,2019
Veterinary and other services for pets,"Euro area (EA11-1999, EA12-2001, EA13-2007, EA15-2008, EA16-2009, EA17-2011, EA18-2014, EA19-2015, EA20-2023, EA21-2026)",2019-10-01,0.9,2019
Veterinary and other services for pets,"Euro area (EA11-1999, EA12-2001, EA13-2007, EA15-2008, EA16-2009, EA17-2011, EA18-2014, EA19-2015, EA20-2023, EA21-2026)",2019-11-01,0.9,2019
Veterinary and other services for pets,"Euro area (EA11-1999, EA12-2001, EA13-2007, EA15-2008, EA16-2009, EA17-2011, EA18-2014, EA19-2015, EA20-2023, EA21-2026)",2019-12-01,0.9,2019
Veterinary and other services for pets,"Euro area (EA11-1999, EA12-2001, EA13-2007, EA15-2008, EA16-2009, EA17-2011, EA18-2014, EA19-2015, EA20-2023, EA21-2026)",2020-01-01,1.1,2020
Veterinary and other services for pets,"Euro area (EA11-1999, EA12-2001, EA13-2007, EA15-2008, EA16-2009, EA17-2011, EA18-2014, EA19-2015, EA20-2023, EA21-2026)",2020-02-01,1.4,2020
Veterinary and other services for pets,"Euro area (EA11-1999, EA12-2001, EA13-2007, EA15-2008, EA16-2009, EA17-2011, EA18-2014, EA19-2015, EA20-2023, EA21-2026)",2020-03-01,1.3,2020
Veterinary and other services for pets,"Euro area (EA11-1999, EA12-2001, EA13-2007, EA15-2008, EA16-2009, EA17-2011, EA18-2014, EA19-2015, EA20-2023, EA21-2026)",2020-04-01,1.3,2020
Veterinary and other services for pets,"Euro area (EA11-1999, EA12-2001, EA13-2007, EA15-2008, EA16-2009, EA17-2011, EA18-2014, EA19-2015, EA20-2023, EA21-2026)",2020-05-01,1.5,2020
Veterinary and other services for pets,"Euro area (EA11-1999, EA12-2001, EA13-2007, EA15-2008, EA16-2009, EA17-2011, EA18-2014, EA19-2015, EA20-2023, EA21-2026)",2020-06-01,1.4,2020
Veterinary and other services for pets,"Euro area (EA11-1999, EA12-2001, EA13-2007, EA15-2008, EA16-2009, EA17-2011, EA18-2014, EA19-2015, EA20-2023, EA21-2026)",2020-07-01,0.8,2020
Veterinary and other services for pets,"Euro area (EA11-1999, EA12-2001, EA13-2007, EA15-2008, EA16-2009, EA17-2011, EA18-2014, EA19-2015, EA20-2023, EA21-2026)",2020-08-01,0.9,2020
Veterinary and other services for pets,"Euro area (EA11-1999, EA12-2001, EA13-2007, EA15-2008, EA16-2009, EA17-2011, EA18-2014, EA19-2015, EA20-2023, EA21-2026)",2020-09-01,0.9,2020
Veterinary and other services for pets,"Euro area (EA11-1999, EA12-2001, EA13-2007, EA15-2008, EA16-2009, EA17-2011, EA18-2014, EA19-2015, EA20-2023, EA21-2026)",2020-10-01,1.0,2020
Veterinary and other services for pets,"Euro area (EA11-1999, EA12-2001, EA13-2007, EA15-2008, EA16-2009, EA17-2011, EA18-2014, EA19-2015, EA20-2023, EA21-2026)",2020-11-01,1.1,2020
Veterinary and other services for pets,"Euro area (EA11-1999, EA12-2001, EA13-2007, EA15-2008, EA16-2009, EA17-2011, EA18-2014, EA19-2015, EA20-2023, EA21-2026)",2020-12-01,1.0,2020
Veterinary and other services for pets,"Euro area (EA11-1999, EA12-2001, EA13-2007, EA15-2008, EA16-2009, EA17-2011, EA18-2014, EA19-2015, EA20-2023, EA21-2026)",2021-01-01,1.5,2021
Veterinary and other services for pets,"Euro area (EA11-1999, EA12-2001, EA13-2007, EA15-2008, EA16-2009, EA17-2011, EA18-2014, EA19-2015, EA20-2023, EA21-2026)",2021-02-01,1.4,2021
Veterinary and other services for pets,"Euro area (EA11-1999, EA12-2001, EA13-2007, EA15-2008, EA16-2009, EA17-2011, EA18-2014, EA19-2015, EA20-2023, EA21-2026)",2021-03-01,1.4,2021
Veterinary and other services for pets,"Euro area (EA11-1999, EA12-2001, EA13-2007, EA15-2008, EA16-2009, EA17-2011, EA18-2014, EA19-2015, EA20-2023, EA21-2026)",2021-04-01,1.5,2021
Veterinary and other services for pets,"Euro area (EA11-1999, EA12-2001, EA13-2007, EA15-2008, EA16-2009, EA17-2011, EA18-2014, EA19-2015, EA20-2023, EA21-2026)",2021-05-01,1.4,2021
Veterinary and other services for pets,"Euro area (EA11-1999, EA12-2001, EA13-2007, EA15-2008, EA16-2009, EA17-2011, EA18-2014, EA19-2015, EA20-2023, EA21-2026)",2021-06-01,1.6,2021
Veterinary and other services for pets,"Euro area (EA11-1999, EA12-2001, EA13-2007, EA15-2008, EA16-2009, EA17-2011, EA18-2014, EA19-2015, EA20-2023, EA21-2026)",2021-07-01,2.2,2021
Veterinary and other services for pets,"Euro area (EA11-1999, EA12-2001, EA13-2007, EA15-2008, EA16-2009, EA17-2011, EA18-2014, EA19-2015, EA20-2023, EA21-2026)",2021-08-01,2.1,2021
Veterinary and other services for pets,"Euro area (EA11-1999, EA12-2001, EA13-2007, EA15-2008, EA16-2009, EA17-2011, EA18-2014, EA19-2015, EA20-2023, EA21-2026)",2021-09-01,2.2,2021
Veterinary and other services for pets,"Euro area (EA11-1999, EA12-2001, EA13-2007, EA15-2008, EA16-2009, EA17-2011, EA18-2014, EA19-2015, EA20-2023, EA21-2026)",2021-10-01,2.2,2021
Veterinary and other services for pets,"Euro area (EA11-1999, EA12-2001, EA13-2007, EA15-2008, EA16-2009, EA17-2011, EA18-2014, EA19-2015, EA20-2023, EA21-2026)",2021-11-01,2.2,2021
Veterinary and other services for pets,"Euro area (EA11-1999, EA12-2001, EA13-2007, EA15-2008, EA16-2009, EA17-2011, EA18-2014, EA19-2015, EA20-2023, EA21-2026)",2021-12-01,2.3,2021
Veterinary and other services for pets,"Euro area (EA11-1999, EA12-2001, EA13-2007, EA15-2008, EA16-2009, EA17-2011, EA18-2014, EA19-2015, EA20-2023, EA21-2026)",2022-01-01,2.1,2022
Veterinary and other services for pets,"Euro area (EA11-1999, EA12-2001, EA13-2007, EA15-2008, EA16-2009, EA17-2011, EA18-2014, EA19-2015, EA20-2023, EA21-2026)",2022-02-01,2.2,2022
Veterinary and other services for pets,"Euro area (EA11-1999, EA12-2001, EA13-2007, EA15-2008, EA16-2009, EA17-2011, EA18-2014, EA19-2015, EA20-2023, EA21-2026)",2022-03-01,2.3,2022
Veterinary and other services for pets,"Euro area (EA11-1999, EA12-2001, EA13-2007, EA15-2008, EA16-2009, EA17-2011, EA18-2014, EA19-2015, EA20-2023, EA21-2026)",2022-04-01,2.3,2022
Veterinary and other services for pets,"Euro area (EA11-1999, EA12-2001, EA13-2007, EA15-2008, EA16-2009, EA17-2011, EA18-2014, EA19-2015, EA20-2023, EA21-2026)",2022-05-01,2.1,2022
Veterinary and other services for pets,"Euro area (EA11-1999, EA12-2001, EA13-2007, EA15-2008, EA16-2009, EA17-2011, EA18-2014, EA19-2015, EA20-2023, EA21-2026)",2022-06-01,2.3,2022
Veterinary and other services for pets,"Euro area (EA11-1999, EA12-2001, EA13-2007, EA15-2008, EA16-2009, EA17-2011, EA18-2014, EA19-2015, EA20-2023, EA21-2026)",2022-07-01,2.3,2022
Veterinary and other services for pets,"Euro area (EA11-1999, EA12-2001, EA13-2007, EA15-2008, EA16-2009, EA17-2011, EA18-2014, EA19-2015, EA20-2023, EA21-2026)",2022-08-01,2.6,2022
Veterinary and other services for pets,"Euro area (EA11-1999, EA12-2001, EA13-2007, EA15-2008, EA16-2009, EA17-2011, EA18-2014, EA19-2015, EA20-2023, EA21-2026)",2022-09-01,2.6,2022
Veterinary and other services for pets,"Euro area (EA11-1999, EA12-2001, EA13-2007, EA15-2008, EA16-2009, EA17-2011, EA18-2014, EA19-2015, EA20-2023, EA21-2026)",2022-10-01,2.6,2022
Veterinary and other services for pets,"Euro area (EA11-1999, EA12-2001, EA13-2007, EA15-2008, EA16-2009, EA17-2011, EA18-2014, EA19-2015, EA20-2023, EA21-2026)",2022-11-01,5.2,2022
Veterinary and other services for pets,"Euro area (EA11-1999, EA12-2001, EA13-2007, EA15-2008, EA16-2009, EA17-2011, EA18-2014, EA19-2015, EA20-2023, EA21-2026)",2022-12-01,11.2,2022
Veterinary and other services for pets,"Euro area (EA11-1999, EA12-2001, EA13-2007, EA15-2008, EA16-2009, EA17-2011, EA18-2014, EA19-2015, EA20-2023, EA21-2026)",2023-01-01,11.3,2023
Veterinary and other services for pets,"Euro area (EA11-1999, EA12-2001, EA13-2007, EA15-2008, EA16-2009, EA17-2011, EA18-2014, EA19-2015, EA20-2023, EA21-2026)",2023-02-01,11.6,2023
Veterinary and other services for pets,"Euro area (EA11-1999, EA12-2001, EA13-2007, EA15-2008, EA16-2009, EA17-2011, EA18-2014, EA19-2015, EA20-2023, EA21-2026)",2023-03-01,11.8,2023
Veterinary and other services for pets,"Euro area (EA11-1999, EA12-2001, EA13-2007, EA15-2008, EA16-2009, EA17-2011, EA18-2014, EA19-2015, EA20-2023, EA21-2026)",2023-04-01,11.9,2023
Veterinary and other services for pets,"Euro area (EA11-1999, EA12-2001, EA13-2007, EA15-2008, EA16-2009, EA17-2011, EA18-2014, EA19-2015, EA20-2023, EA21-2026)",2023-05-01,12.3,2023
Veterinary and other services for pets,"Euro area (EA11-1999, EA12-2001, EA13-2007, EA15-2008, EA16-2009, EA17-2011, EA18-2014, EA19-2015, EA20-2023, EA21-2026)",2023-06-01,12.2,2023
Veterinary and other services for pets,"Euro area (EA11-1999, EA12-2001, EA13-2007, EA15-2008, EA16-2009, EA17-2011, EA18-2014, EA19-2015, EA20-2023, EA21-2026)",2023-07-01,12.1,2023
Veterinary and other services for pets,"Euro area (EA11-1999, EA12-2001, EA13-2007, EA15-2008, EA16-2009, EA17-2011, EA18-2014, EA19-2015, EA20-2023, EA21-2026)",2023-08-01,11.9,2023
Veterinary and other services for pets,"Euro area (EA11-1999, EA12-2001, EA13-2007, EA15-2008, EA16-2009, EA17-2011, EA18-2014, EA19-2015, EA20-2023, EA21-2026)",2023-09-01,12.0,2023
Veterinary and other services for pets,"Euro area (EA11-1999, EA12-2001, EA13-2007, EA15-2008, EA16-2009, EA17-2011, EA18-2014, EA19-2015, EA20-2023, EA21-2026)",2023-10-01,12.2,2023
Veterinary and other services for pets,"Euro area (EA11-1999, EA12-2001, EA13-2007, EA15-2008, EA16-2009, EA17-2011, EA18-2014, EA19-2015, EA20-2023, EA21-2026)",2023-11-01,9.6,2023
Veterinary and other services for pets,"Euro area (EA11-1999, EA12-2001, EA13-2007, EA15-2008, EA16-2009, EA17-2011, EA18-2014, EA19-2015, EA20-2023, EA21-2026)",2023-12-01,3.7,2023
Veterinary and other services for pets,"Euro area (EA11-1999, EA12-2001, EA13-2007, EA15-2008, EA16-2009, EA17-2011, EA18-2014, EA19-2015, EA20-2023, EA21-2026)",2024-01-01,3.5,2024
Veterinary and other services for pets,"Euro area (EA11-1999, EA12-2001, EA13-2007, EA15-2008, EA16-2009, EA17-2011, EA18-2014, EA19-2015, EA20-2023, EA21-2026)",2024-02-01,3.5,2024
Veterinary and other services for pets,"Euro area (EA11-1999, EA12-2001, EA13-2007, EA15-2008, EA16-2009, EA17-2011, EA18-2014, EA19-2015, EA20-2023, EA21-2026)",2024-03-01,3.4,2024
Veterinary and other services for pets,"Euro area (EA11-1999, EA12-2001, EA13-2007, EA15-2008, EA16-2009, EA17-2011, EA18-2014, EA19-2015, EA20-2023, EA21-2026)",2024-04-01,3.4,2024
Veterinary and other services for pets,"Euro area (EA11-1999, EA12-2001, EA13-2007, EA15-2008, EA16-2009, EA17-2011, EA18-2014, EA19-2015, EA20-2023, EA21-2026)",2024-05-01,3.2,2024
Veterinary and other services for pets,"Euro area (EA11-1999, EA12-2001, EA13-2007, EA15-2008, EA16-2009, EA17-2011, EA18-2014, EA19-2015, EA20-2023, EA21-2026)",2024-06-01,3.1,2024
Veterinary and other services for pets,"Euro area (EA11-1999, EA12-2001, EA13-2007, EA15-2008, EA16-2009, EA17-2011, EA18-2014, EA19-2015, EA20-2023, EA21-2026)",2024-07-01,3.0,2024
Veterinary and other services for pets,"Euro area (EA11-1999, EA12-2001, EA13-2007, EA15-2008, EA16-2009, EA17-2011, EA18-2014, EA19-2015, EA20-2023, EA21-2026)",2024-08-01,3.1,2024
Veterinary and other services for pets,"Euro area (EA11-1999, EA12-2001, EA13-2007, EA15-2008, EA16-2009, EA17-2011, EA18-2014, EA19-2015, EA20-2023, EA21-2026)",2024-09-01,3.0,2024
Veterinary and other services for pets,"Euro area (EA11-1999, EA12-2001, EA13-2007, EA15-2008, EA16-2009, EA17-2011, EA18-2014, EA19-2015, EA20-2023, EA21-2026)",2024-10-01,2.8,2024
Veterinary and other services for pets,"Euro area (EA11-1999, EA12-2001, EA13-2007, EA15-2008, EA16-2009, EA17-2011, EA18-2014, EA19-2015, EA20-2023, EA21-2026)",2024-11-01,2.7,2024
Veterinary and other services for pets,"Euro area (EA11-1999, EA12-2001, EA13-2007, EA15-2008, EA16-2009, EA17-2011, EA18-2014, EA19-2015, EA20-2023, EA21-2026)",2024-12-01,2.7,2024
Veterinary and other services for pets,"Euro area (EA11-1999, EA12-2001, EA13-2007, EA15-2008, EA16-2009, EA17-2011, EA18-2014, EA19-2015, EA20-2023, EA21-2026)",2025-01-01,2.8,2025
Veterinary and other services for pets,"Euro area (EA11-1999, EA12-2001, EA13-2007, EA15-2008, EA16-2009, EA17-2011, EA18-2014, EA19-2015, EA20-2023, EA21-2026)",2025-02-01,2.6,2025
Veterinary and other services for pets,"Euro area (EA11-1999, EA12-2001, EA13-2007, EA15-2008, EA16-2009, EA17-2011, EA18-2014, EA19-2015, EA20-2023, EA21-2026)",2025-03-01,2.8,2025
Veterinary and other services for pets,"Euro area (EA11-1999, EA12-2001, EA13-2007, EA15-2008, EA16-2009, EA17-2011, EA18-2014, EA19-2015, EA20-2023, EA21-2026)",2025-04-01,2.6,2025
Veterinary and other services for pets,"Euro area (EA11-1999, EA12-2001, EA13-2007, EA15-2008, EA16-2009, EA17-2011, EA18-2014, EA19-2015, EA20-2023, EA21-2026)",2025-05-01,3.0,2025
Veterinary and other services for pets,"Euro area (EA11-1999, EA12-2001, EA13-2007, EA15-2008, EA16-2009, EA17-2011, EA18-2014, EA19-2015, EA20-2023, EA21-2026)",2025-06-01,3.1,2025
Veterinary and other services for pets,"Euro area (EA11-1999, EA12-2001, EA13-2007, EA15-2008, EA16-2009, EA17-2011, EA18-2014, EA19-2015, EA20-2023, EA21-2026)",2025-07-01,3.1,2025
Veterinary and other services for pets,"Euro area (EA11-1999, EA12-2001, EA13-2007, EA15-2008, EA16-2009, EA17-2011, EA18-2014, EA19-2015, EA20-2023, EA21-2026)",2025-08-01,3.1,2025
Veterinary and other services for pets,"Euro area (EA11-1999, EA12-2001, EA13-2007, EA15-2008, EA16-2009, EA17-2011, EA18-2014, EA19-2015, EA20-2023, EA21-2026)",2025-09-01,3.0,2025
Veterinary and other services for pets,"Euro area (EA11-1999, EA12-2001, EA13-2007, EA15-2008, EA16-2009, EA17-2011, EA18-2014, EA19-2015, EA20-2023, EA21-2026)",2025-10-01,3.1,2025
Veterinary and other services for pets,"Euro area (EA11-1999, EA12-2001, EA13-2007, EA15-2008, EA16-2009, EA17-2011, EA18-2014, EA19-2015, EA20-2023, EA21-2026)",2025-11-01,3.2,2025
Veterinary and other services for pets,"Euro area (EA11-1999, EA12-2001, EA13-2007, EA15-2008, EA16-2009, EA17-2011, EA18-2014, EA19-2015, EA20-2023, EA21-2026)",2025-12-01,3.2,2025
Veterinary and other services for pets,Spain,2019-01-01,0.9,2019
Veterinary and other services for pets,Spain,2019-02-01,1.1,2019
Veterinary and other services for pets,Spain,2019-03-01,1.2,2019
Veterinary and other services for pets,Spain,2019-04-01,1.9,2019
Veterinary and other services for pets,Spain,2019-05-01,1.8,2019
Veterinary and other services for pets,Spain,2019-06-01,1.5,2019
Veterinary and other services for pets,Spain,2019-07-01,1.4,2019
Veterinary and other services for pets,Spain,2019-08-01,1.4,2019
Veterinary and other services for pets,Spain,2019-09-01,0.9,2019
Veterinary and other services for pets,Spain,2019-10-01,1.0,2019
Veterinary and other services for pets,Spain,2019-11-01,0.9,2019
Veterinary and other services for pets,Spain,2019-12-01,1.5,2019
Veterinary and other services for pets,Spain,2020-01-01,1.6,2020
Veterinary and other services for pets,Spain,2020-02-01,1.6,2020
Veterinary and other services for pets,Spain,2020-03-01,1.5,2020
Veterinary and other services for pets,Spain,2020-04-01,1.3,2020
Veterinary and other services for pets,Spain,2020-05-01,1.2,2020
Veterinary and other services for pets,Spain,2020-06-01,0.9,2020
Veterinary and other services for pets,Spain,2020-07-01,0.9,2020
Veterinary and other services for pets,Spain,2020-08-01,0.9,2020
Veterinary and other services for pets,Spain,2020-09-01,1.4,2020
Veterinary and other services for pets,Spain,2020-10-01,1.5,2020
Veterinary and other services for pets,Spain,2020-11-01,1.5,2020
Veterinary and other services for pets,Spain,2020-12-01,0.9,2020
Veterinary and other services for pets,Spain,2021-01-01,0.7,2021
Veterinary and other services for pets,Spain,2021-02-01,0.7,2021
Veterinary and other services for pets,Spain,2021-03-01,1.4,2021
Veterinary and other services for pets,Spain,2021-04-01,1.6,2021
Veterinary and other services for pets,Spain,2021-05-01,1.7,2021
Veterinary and other services for pets,Spain,2021-06-01,3.3,2021
Veterinary and other services for pets,Spain,2021-07-01,3.5,2021
Veterinary and other services for pets,Spain,2021-08-01,3.4,2021
Veterinary and other services for pets,Spain,2021-09-01,2.5,2021
Veterinary and other services for pets,Spain,2021-10-01,2.3,2021
Veterinary and other services for pets,Spain,2021-11-01,2.4,2021
Veterinary and other services for pets,Spain,2021-12-01,3.1,2021
Veterinary and other services for pets,Spain,2022-01-01,3.3,2022
Veterinary and other services for pets,Spain,2022-02-01,3.4,2022
Veterinary and other services for pets,Spain,2022-03-01,3.6,2022
Veterinary and other services for pets,Spain,2022-04-01,3.4,2022
Veterinary and other services for pets,Spain,2022-05-01,3.4,2022
Veterinary and other services for pets,Spain,2022-06-01,2.8,2022
Veterinary and other services for pets,Spain,2022-07-01,2.9,2022
Veterinary and other services for pets,Spain,2022-08-01,3.0,2022
Veterinary and other services for pets,Spain,2022-09-01,3.2,2022
Veterinary and other services for pets,Spain,2022-10-01,3.2,2022
Veterinary and other services for pets,Spain,2022-11-01,3.2,2022
Veterinary and other services for pets,Spain,2022-12-01,3.0,2022
Veterinary and other services for pets,Spain,2023-01-01,3.4,2023
Veterinary and other services for pets,Spain,2023-02-01,3.3,2023
Veterinary and other services for pets,Spain,2023-03-01,2.8,2023
Veterinary and other services for pets,Spain,2023-04-01,3.0,2023
Veterinary and other services for pets,Spain,2023-05-01,3.0,2023
Veterinary and other services for pets,Spain,2023-06-01,3.3,2023
Veterinary and other services for pets,Spain,2023-07-01,3.5,2023
Veterinary and other services for pets,Spain,2023-08-01,3.3,2023
Veterinary and other services for pets,Spain,2023-09-01,3.6,2023
Veterinary and other services for pets,Spain,2023-10-01,3.6,2023
Veterinary and other services for pets,Spain,2023-11-01,3.8,2023
Veterinary and other services for pets,Spain,2023-12-01,3.4,2023
Veterinary and other services for pets,Spain,2024-01-01,3.2,2024
Veterinary and other services for pets,Spain,2024-02-01,3.3,2024
Veterinary and other services for pets,Spain,2024-03-01,3.3,2024
Veterinary and other services for pets,Spain,2024-04-01,3.4,2024
Veterinary and other services for pets,Spain,2024-05-01,3.4,2024
Veterinary and other services for pets,Spain,2024-06-01,2.3,2024
Veterinary and other services for pets,Spain,2024-07-01,2.2,2024
Veterinary and other services for pets,Spain,2024-08-01,2.3,2024
Veterinary and other services for pets,Spain,2024-09-01,2.8,2024
Veterinary and other services for pets,Spain,2024-10-01,2.8,2024
Veterinary and other services for pets,Spain,2024-11-01,2.6,2024
Veterinary and other services for pets,Spain,2024-12-01,3.1,2024
Veterinary and other services for pets,Spain,2025-01-01,3.2,2025
Veterinary and other services for pets,Spain,2025-02-01,3.6,2025
Veterinary and other services for pets,Spain,2025-03-01,3.7,2025
Veterinary and other services for pets,Spain,2025-04-01,3.6,2025
Veterinary and other services for pets,Spain,2025-05-01,3.6,2025
Veterinary and other services for pets,Spain,2025-06-01,4.0,2025
Veterinary and other services for pets,Spain,2025-07-01,3.8,2025
Veterinary and other services for pets,Spain,2025-08-01,3.7,2025
Veterinary and other services for pets,Spain,2025-09-01,3.4,2025
Veterinary and other services for pets,Spain,2025-10-01,3.6,2025
Veterinary and other services for pets,Spain,2025-11-01,4.3,2025
Veterinary and other services for pets,Spain,2025-12-01,3.7,2025
Veterinary and other services for pets,France,2019-01-01,0.9,2019
Veterinary and other services for pets,France,2019-02-01,0.7,2019
Veterinary and other services for pets,France,2019-03-01,0.6,2019
Veterinary and other services for pets,France,2019-04-01,0.6,2019
Veterinary and other services for pets,France,2019-05-01,0.6,2019
Veterinary and other services for pets,France,2019-06-01,0.6,2019
Veterinary and other services for pets,France,2019-07-01,0.5,2019
Veterinary and other services for pets,France,2019-08-01,0.8,2019
Veterinary and other services for pets,France,2019-09-01,0.7,2019
Veterinary and other services for pets,France,2019-10-01,0.7,2019
Veterinary and other services for pets,France,2019-11-01,0.7,2019
Veterinary and other services for pets,France,2019-12-01,0.6,2019
Veterinary and other services for pets,France,2020-01-01,1.2,2020
Veterinary and other services for pets,France,2020-02-01,1.6,2020
Veterinary and other services for pets,France,2020-03-01,1.5,2020
Veterinary and other services for pets,France,2020-04-01,1.4,2020
Veterinary and other services for pets,France,2020-05-01,2.2,2020
Veterinary and other services for pets,France,2020-06-01,1.9,2020
Veterinary and other services for pets,France,2020-07-01,1.9,2020
Veterinary and other services for pets,France,2020-08-01,1.9,2020
Veterinary and other services for pets,France,2020-09-01,1.9,2020
Veterinary and other services for pets,France,2020-10-01,2.0,2020
Veterinary and other services for pets,France,2020-11-01,2.2,2020
Veterinary and other services for pets,France,2020-12-01,2.1,2020
Veterinary and other services for pets,France,2021-01-01,1.8,2021
Veterinary and other services for pets,France,2021-02-01,1.8,2021
Veterinary and other services for pets,France,2021-03-01,1.9,2021
Veterinary and other services for pets,France,2021-04-01,2.0,2021
Veterinary and other services for pets,France,2021-05-01,1.4,2021
Veterinary and other services for pets,France,2021-06-01,1.5,2021
Veterinary and other services for pets,France,2021-07-01,1.7,2021
Veterinary and other services for pets,France,2021-08-01,1.5,2021
Veterinary and other services for pets,France,2021-09-01,1.7,2021
Veterinary and other services for pets,France,2021-10-01,1.9,2021
Veterinary and other services for pets,France,2021-11-01,1.7,2021
Veterinary and other services for pets,France,2021-12-01,1.8,2021
Veterinary and other services for pets,France,2022-01-01,2.0,2022
Veterinary and other services for pets,France,2022-02-01,1.9,2022
Veterinary and other services for pets,France,2022-03-01,1.9,2022
Veterinary and other services for pets,France,2022-04-01,1.9,2022
Veterinary and other services for pets,France,2022-05-01,1.7,2022
Veterinary and other services for pets,France,2022-06-01,2.1,2022
Veterinary and other services for pets,France,2022-07-01,2.1,2022
Veterinary and other services for pets,France,2022-08-01,2.5,2022
Veterinary and other services for pets,France,2022-09-01,2.7,2022
Veterinary and other services for pets,France,2022-10-01,2.4,2022
Veterinary and other services for pets,France,2022-11-01,2.5,2022
Veterinary and other services for pets,France,2022-12-01,2.8,2022
Veterinary and other services for pets,France,2023-01-01,3.4,2023
Veterinary and other services for pets,France,2023-02-01,4.3,2023
Veterinary and other services for pets,France,2023-03-01,5.1,2023
Veterinary and other services for pets,France,2023-04-01,5.3,2023
Veterinary and other services for pets,France,2023-05-01,5.4,2023
Veterinary and other services for pets,France,2023-06-01,5.1,2023
Veterinary and other services for pets,France,2023-07-01,4.9,2023
Veterinary and other services for pets,France,2023-08-01,4.7,2023
Veterinary and other services for pets,France,2023-09-01,5.0,2023
Veterinary and other services for pets,France,2023-10-01,5.6,2023
Veterinary and other services for pets,France,2023-11-01,5.4,2023
Veterinary and other services for pets,France,2023-12-01,5.3,2023
Veterinary and other services for pets,France,2024-01-01,4.8,2024
Veterinary and other services for pets,France,2024-02-01,4.7,2024
Veterinary and other services for pets,France,2024-03-01,4.2,2024
Veterinary and other services for pets,France,2024-04-01,4.1,2024
Veterinary and other services for pets,France,2024-05-01,4.2,2024
Veterinary and other services for pets,France,2024-06-01,4.4,2024
Veterinary and other services for pets,France,2024-07-01,4.3,2024
Veterinary and other services for pets,France,2024-08-01,4.1,2024
Veterinary and other services for pets,France,2024-09-01,3.8,2024
Veterinary and other services for pets,France,2024-10-01,3.2,2024
Veterinary and other services for pets,France,2024-11-01,3.2,2024
Veterinary and other services for pets,France,2024-12-01,3.2,2024
Veterinary and other services for pets,France,2025-01-01,3.6,2025
Veterinary and other services for pets,France,2025-02-01,2.8,2025
Veterinary and other services for pets,France,2025-03-01,3.2,2025
Veterinary and other services for pets,France,2025-04-01,2.9,2025
Veterinary and other services for pets,France,2025-05-01,3.0,2025
Veterinary and other services for pets,France,2025-06-01,3.1,2025
Veterinary and other services for pets,France,2025-07-01,3.4,2025
Veterinary and other services for pets,France,2025-08-01,3.5,2025
Veterinary and other services for pets,France,2025-09-01,3.3,2025
Veterinary and other services for pets,France,2025-10-01,3.3,2025
Veterinary and other services for pets,France,2025-11-01,3.3,2025
Veterinary and other services for pets,France,2025-12-01,3.4,2025
Veterinary and other services for pets,Italy,2019-01-01,0.8,2019
Veterinary and other services for pets,Italy,2019-02-01,1.4,2019
Veterinary and other services for pets,Italy,2019-03-01,1.3,2019
Veterinary and other services for pets,Italy,2019-04-01,1.4,2019
Veterinary and other services for pets,Italy,2019-05-01,1.6,2019
Veterinary and other services for pets,Italy,2019-06-01,1.5,2019
Veterinary and other services for pets,Italy,2019-07-01,1.6,2019
Veterinary and other services for pets,Italy,2019-08-01,1.6,2019
Veterinary and other services for pets,Italy,2019-09-01,1.8,2019
Veterinary and other services for pets,Italy,2019-10-01,1.8,2019
Veterinary and other services for pets,Italy,2019-11-01,1.8,2019
Veterinary and other services for pets,Italy,2019-12-01,1.8,2019
Veterinary and other services for pets,Italy,2020-01-01,2.1,2020
Veterinary and other services for pets,Italy,2020-02-01,1.6,2020
Veterinary and other services for pets,Italy,2020-03-01,1.7,2020
Veterinary and other services for pets,Italy,2020-04-01,1.7,2020
Veterinary and other services for pets,Italy,2020-05-01,1.6,2020
Veterinary and other services for pets,Italy,2020-06-01,1.5,2020
Veterinary and other services for pets,Italy,2020-07-01,1.5,2020
Veterinary and other services for pets,Italy,2020-08-01,1.5,2020
Veterinary and other services for pets,Italy,2020-09-01,1.5,2020
Veterinary and other services for pets,Italy,2020-10-01,1.5,2020
Veterinary and other services for pets,Italy,2020-11-01,1.4,2020
Veterinary and other services for pets,Italy,2020-12-01,1.5,2020
Veterinary and other services for pets,Italy,2021-01-01,1.3,2021
Veterinary and other services for pets,Italy,2021-02-01,1.4,2021
Veterinary and other services for pets,Italy,2021-03-01,1.2,2021
Veterinary and other services for pets,Italy,2021-04-01,1.3,2021
Veterinary and other services for pets,Italy,2021-05-01,1.3,2021
Veterinary and other services for pets,Italy,2021-06-01,1.4,2021
Veterinary and other services for pets,Italy,2021-07-01,1.5,2021
Veterinary and other services for pets,Italy,2021-08-01,1.4,2021
Veterinary and other services for pets,Italy,2021-09-01,1.4,2021
Veterinary and other services for pets,Italy,2021-10-01,1.4,2021
Veterinary and other services for pets,Italy,2021-11-01,1.4,2021
Veterinary and other services for pets,Italy,2021-12-01,1.6,2021
Veterinary and other services for pets,Italy,2022-01-01,1.8,2022
Veterinary and other services for pets,Italy,2022-02-01,2.2,2022
Veterinary and other services for pets,Italy,2022-03-01,2.7,2022
Veterinary and other services for pets,Italy,2022-04-01,2.7,2022
Veterinary and other services for pets,Italy,2022-05-01,2.7,2022
Veterinary and other services for pets,Italy,2022-06-01,2.8,2022
Veterinary and other services for pets,Italy,2022-07-01,3.0,2022
Veterinary and other services for pets,Italy,2022-08-01,3.0,2022
Veterinary and other services for pets,Italy,2022-09-01,3.1,2022
Veterinary and other services for pets,Italy,2022-10-01,3.4,2022
Veterinary and other services for pets,Italy,2022-11-01,3.7,2022
Veterinary and other services for pets,Italy,2022-12-01,3.8,2022
Veterinary and other services for pets,Italy,2023-01-01,3.8,2023
Veterinary and other services for pets,Italy,2023-02-01,3.5,2023
Veterinary and other services for pets,Italy,2023-03-01,3.4,2023
Veterinary and other services for pets,Italy,2023-04-01,3.4,2023
Veterinary and other services for pets,Italy,2023-05-01,3.7,2023
Veterinary and other services for pets,Italy,2023-06-01,3.6,2023
Veterinary and other services for pets,Italy,2023-07-01,3.4,2023
Veterinary and other services for pets,Italy,2023-08-01,3.5,2023
Veterinary and other services for pets,Italy,2023-09-01,3.4,2023
Veterinary and other services for pets,Italy,2023-10-01,3.2,2023
Veterinary and other services for pets,Italy,2023-11-01,3.2,2023
Veterinary and other services for pets,Italy,2023-12-01,3.1,2023
Veterinary and other services for pets,Italy,2024-01-01,3.1,2024
Veterinary and other services for pets,Italy,2024-02-01,3.0,2024
Veterinary and other services for pets,Italy,2024-03-01,2.9,2024
Veterinary and other services for pets,Italy,2024-04-01,2.8,2024
Veterinary and other services for pets,Italy,2024-05-01,2.6,2024
Veterinary and other services for pets,Italy,2024-06-01,2.7,2024
Veterinary and other services for pets,Italy,2024-07-01,2.4,2024
Veterinary and other services for pets,Italy,2024-08-01,2.4,2024
Veterinary and other services for pets,Italy,2024-09-01,2.4,2024
Veterinary and other services for pets,Italy,2024-10-01,2.6,2024
Veterinary and other services for pets,Italy,2024-11-01,2.5,2024
Veterinary and other services for pets,Italy,2024-12-01,2.4,2024
Veterinary and other services for pets,Italy,2025-01-01,2.2,2025
Veterinary and other services for pets,Italy,2025-02-01,2.1,2025
Veterinary and other services for pets,Italy,2025-03-01,2.2,2025
Veterinary and other services for pets,Italy,2025-04-01,2.2,2025
Veterinary and other services for pets,Italy,2025-05-01,2.1,2025
Veterinary and other services for pets,Italy,2025-06-01,2.0,2025
Veterinary and other services for pets,Italy,2025-07-01,2.2,2025
Veterinary and other services for pets,Italy,2025-08-01,2.2,2025
Veterinary and other services for pets,Italy,2025-09-01,2.3,2025
Veterinary and other services for pets,Italy,2025-10-01,2.2,2025
Veterinary and other services for pets,Italy,2025-11-01,2.1,2025
Veterinary and other services for pets,Italy,2025-12-01,2.3,2025
Veterinary and other services for pets,Portugal,2019-01-01,0.3,2019
Veterinary and other services for pets,Portugal,2019-02-01,0.5,2019
Veterinary and other services for pets,Portugal,2019-03-01,0.6,2019
Veterinary and other services for pets,Portugal,2019-04-01,0.7,2019
Veterinary and other services for pets,Portugal,2019-05-01,0.7,2019
Veterinary and other services for pets,Portugal,2019-06-01,0.9,2019
Veterinary and other services for pets,Portugal,2019-07-01,1.0,2019
Veterinary and other services for pets,Portugal,2019-08-01,1.5,2019
Veterinary and other services for pets,Portugal,2019-09-01,1.3,2019
Veterinary and other services for pets,Portugal,2019-10-01,1.2,2019
Veterinary and other services for pets,Portugal,2019-11-01,1.0,2019
Veterinary and other services for pets,Portugal,2019-12-01,0.9,2019
Veterinary and other services for pets,Portugal,2020-01-01,1.0,2020
Veterinary and other services for pets,Portugal,2020-02-01,0.8,2020
Veterinary and other services for pets,Portugal,2020-03-01,1.0,2020
Veterinary and other services for pets,Portugal,2020-04-01,1.0,2020
Veterinary and other services for pets,Portugal,2020-05-01,1.1,2020
Veterinary and other services for pets,Portugal,2020-06-01,0.8,2020
Veterinary and other services for pets,Portugal,2020-07-01,0.9,2020
Veterinary and other services for pets,Portugal,2020-08-01,1.1,2020
Veterinary and other services for pets,Portugal,2020-09-01,1.2,2020
Veterinary and other services for pets,Portugal,2020-10-01,1.2,2020
Veterinary and other services for pets,Portugal,2020-11-01,1.4,2020
Veterinary and other services for pets,Portugal,2020-12-01,1.5,2020
Veterinary and other services for pets,Portugal,2021-01-01,1.4,2021
Veterinary and other services for pets,Portugal,2021-02-01,1.4,2021
Veterinary and other services for pets,Portugal,2021-03-01,1.1,2021
Veterinary and other services for pets,Portugal,2021-04-01,1.3,2021
Veterinary and other services for pets,Portugal,2021-05-01,1.3,2021
Veterinary and other services for pets,Portugal,2021-06-01,1.3,2021
Veterinary and other services for pets,Portugal,2021-07-01,1.3,2021
Veterinary and other services for pets,Portugal,2021-08-01,0.8,2021
Veterinary and other services for pets,Portugal,2021-09-01,0.8,2021
Veterinary and other services for pets,Portugal,2021-10-01,1.1,2021
Veterinary and other services for pets,Portugal,2021-11-01,1.1,2021
Veterinary and other services for pets,Portugal,2021-12-01,1.0,2021
Veterinary and other services for pets,Portugal,2022-01-01,1.2,2022
Veterinary and other services for pets,Portugal,2022-02-01,1.7,2022
Veterinary and other services for pets,Portugal,2022-03-01,2.3,2022
Veterinary and other services for pets,Portugal,2022-04-01,2.4,2022
Veterinary and other services for pets,Portugal,2022-05-01,1.9,2022
Veterinary and other services for pets,Portugal,2022-06-01,2.1,2022
Veterinary and other services for pets,Portugal,2022-07-01,2.1,2022
Veterinary and other services for pets,Portugal,2022-08-01,2.5,2022
Veterinary and other services for pets,Portugal,2022-09-01,2.7,2022
Veterinary and other services for pets,Portugal,2022-10-01,2.7,2022
Veterinary and other services for pets,Portugal,2022-11-01,3.1,2022
Veterinary and other services for pets,Portugal,2022-12-01,3.5,2022
Veterinary and other services for pets,Portugal,2023-01-01,3.5,2023
Veterinary and other services for pets,Portugal,2023-02-01,3.8,2023
Veterinary and other services for pets,Portugal,2023-03-01,3.6,2023
Veterinary and other services for pets,Portugal,2023-04-01,3.7,2023
Veterinary and other services for pets,Portugal,2023-05-01,4.4,2023
Veterinary and other services for pets,Portugal,2023-06-01,4.2,2023
Veterinary and other services for pets,Portugal,2023-07-01,4.2,2023
Veterinary and other services for pets,Portugal,2023-08-01,3.8,2023
Veterinary and other services for pets,Portugal,2023-09-01,3.7,2023
Veterinary and other services for pets,Portugal,2023-10-01,3.8,2023
Veterinary and other services for pets,Portugal,2023-11-01,3.6,2023
Veterinary and other services for pets,Portugal,2023-12-01,3.5,2023
Veterinary and other services for pets,Portugal,2024-01-01,4.3,2024
Veterinary and other services for pets,Portugal,2024-02-01,4.2,2024
Veterinary and other services for pets,Portugal,2024-03-01,4.0,2024
Veterinary and other services for pets,Portugal,2024-04-01,3.8,2024
Veterinary and other services for pets,Portugal,2024-05-01,3.8,2024
Veterinary and other services for pets,Portugal,2024-06-01,4.1,2024
Veterinary and other services for pets,Portugal,2024-07-01,4.1,2024
Veterinary and other services for pets,Portugal,2024-08-01,4.1,2024
Veterinary and other services for pets,Portugal,2024-09-01,3.7,2024
Veterinary and other services for pets,Portugal,2024-10-01,3.3,2024
Veterinary and other services for pets,Portugal,2024-11-01,3.5,2024
Veterinary and other services for pets,Portugal,2024-12-01,3.2,2024
Veterinary and other services for pets,Portugal,2025-01-01,2.6,2025
Veterinary and other services for pets,Portugal,2025-02-01,2.4,2025
Veterinary and other services for pets,Portugal,2025-03-01,3.0,2025
Veterinary and other services for pets,Portugal,2025-04-01,3.7,2025
Veterinary and other services for pets,Portugal,2025-05-01,3.6,2025
Veterinary and other services for pets,Portugal,2025-06-01,3.7,2025
Veterinary and other services for pets,Portugal,2025-07-01,4.0,2025
Veterinary and other services for pets,Portugal,2025-08-01,3.9,2025
Veterinary and other services for pets,Portugal,2025-09-01,4.3,2025
Veterinary and other services for pets,Portugal,2025-10-01,4.3,2025
Veterinary and other services for pets,Portugal,2025-11-01,4.1,2025
Veterinary and other services for pets,Portugal,2025-12-01,4.1,2025
Books,Germany,2019-01-01,4.2,2019
Books,Germany,2019-02-01,2.0,2019
Books,Germany,2019-03-01,2.3,2019
Books,Germany,2019-04-01,3.7,2019
Books,Germany,2019-05-01,3.4,2019
Books,Germany,2019-06-01,5.4,2019
Books,Germany,2019-07-01,3.2,2019
Books,Germany,2019-08-01,1.8,2019
Books,Germany,2019-09-01,1.0,2019
Books,Germany,2019-10-01,2.3,2019
Books,Germany,2019-11-01,2.4,2019
Books,Germany,2019-12-01,4.9,2019
Books,Germany,2020-01-01,3.3,2020
Books,Germany,2020-02-01,2.9,2020
Books,Germany,2020-03-01,0.8,2020
Books,Germany,2020-04-01,0.9,2020
Books,Germany,2020-05-01,0.8,2020
Books,Germany,2020-06-01,-1.0,2020
Books,Germany,2020-07-01,-0.4,2020
Books,Germany,2020-08-01,0.2,2020
Books,Germany,2020-09-01,1.4,2020
Books,Germany,2020-10-01,-0.1,2020
Books,Germany,2020-11-01,-1.1,2020
Books,Germany,2020-12-01,-1.0,2020
Books,Germany,2021-01-01,-0.7,2021
Books,Germany,2021-02-01,1.8,2021
Books,Germany,2021-03-01,1.4,2021
Books,Germany,2021-04-01,1.5,2021
Books,Germany,2021-05-01,0.7,2021
Books,Germany,2021-06-01,1.5,2021
Books,Germany,2021-07-01,2.3,2021
Books,Germany,2021-08-01,1.9,2021
Books,Germany,2021-09-01,3.6,2021
Books,Germany,2021-10-01,2.7,2021
Books,Germany,2021-11-01,4.1,2021
Books,Germany,2021-12-01,4.0,2021
Books,Germany,2022-01-01,3.5,2022
Books,Germany,2022-02-01,1.8,2022
Books,Germany,2022-03-01,1.5,2022
Books,Germany,2022-04-01,2.4,2022
Books,Germany,2022-05-01,2.8,2022
Books,Germany,2022-06-01,4.7,2022
Books,Germany,2022-07-01,2.6,2022
Books,Germany,2022-08-01,2.9,2022
Books,Germany,2022-09-01,2.4,2022
Books,Germany,2022-10-01,3.4,2022
Books,Germany,2022-11-01,2.2,2022
Books,Germany,2022-12-01,3.9,2022
Books,Germany,2023-01-01,4.8,2023
Books,Germany,2023-02-01,5.6,2023
Books,Germany,2023-03-01,6.8,2023
Books,Germany,2023-04-01,5.3,2023
Books,Germany,2023-05-01,6.1,2023
Books,Germany,2023-06-01,5.3,2023
Books,Germany,2023-07-01,6.8,2023
Books,Germany,2023-08-01,6.9,2023
Books,Germany,2023-09-01,4.8,2023
Books,Germany,2023-10-01,5.9,2023
Books,Germany,2023-11-01,5.3,2023
Books,Germany,2023-12-01,2.4,2023
Books,Germany,2024-01-01,2.3,2024
Books,Germany,2024-02-01,7.9,2024
Books,Germany,2024-03-01,4.8,2024
Books,Germany,2024-04-01,4.6,2024
Books,Germany,2024-05-01,5.7,2024
Books,Germany,2024-06-01,2.8,2024
Books,Germany,2024-07-01,3.3,2024
Books,Germany,2024-08-01,3.4,2024
Books,Germany,2024-09-01,4.3,2024
Books,Germany,2024-10-01,4.9,2024
Books,Germany,2024-11-01,3.6,2024
Books,Germany,2024-12-01,2.3,2024
Books,Germany,2025-01-01,3.5,2025
Books,Germany,2025-02-01,-2.9,2025
Books,Germany,2025-03-01,1.5,2025
Books,Germany,2025-04-01,1.8,2025
Books,Germany,2025-05-01,-0.3,2025
Books,Germany,2025-06-01,0.8,2025
Books,Germany,2025-07-01,1.5,2025
Books,Germany,2025-08-01,1.0,2025
Books,Germany,2025-09-01,1.4,2025
Books,Germany,2025-10-01,0.6,2025
Books,Germany,2025-11-01,3.2,2025
Books,Germany,2025-12-01,4.6,2025
Books,"Euro area (EA11-1999, EA12-2001, EA13-2007, EA15-2008, EA16-2009, EA17-2011, EA18-2014, EA19-2015, EA20-2023, EA21-2026)",2019-01-01,2.1,2019
Books,"Euro area (EA11-1999, EA12-2001, EA13-2007, EA15-2008, EA16-2009, EA17-2011, EA18-2014, EA19-2015, EA20-2023, EA21-2026)",2019-02-01,1.5,2019
Books,"Euro area (EA11-1999, EA12-2001, EA13-2007, EA15-2008, EA16-2009, EA17-2011, EA18-2014, EA19-2015, EA20-2023, EA21-2026)",2019-03-01,1.5,2019
Books,"Euro area (EA11-1999, EA12-2001, EA13-2007, EA15-2008, EA16-2009, EA17-2011, EA18-2014, EA19-2015, EA20-2023, EA21-2026)",2019-04-01,2.0,2019
Books,"Euro area (EA11-1999, EA12-2001, EA13-2007, EA15-2008, EA16-2009, EA17-2011, EA18-2014, EA19-2015, EA20-2023, EA21-2026)",2019-05-01,1.9,2019
Books,"Euro area (EA11-1999, EA12-2001, EA13-2007, EA15-2008, EA16-2009, EA17-2011, EA18-2014, EA19-2015, EA20-2023, EA21-2026)",2019-06-01,2.8,2019
Books,"Euro area (EA11-1999, EA12-2001, EA13-2007, EA15-2008, EA16-2009, EA17-2011, EA18-2014, EA19-2015, EA20-2023, EA21-2026)",2019-07-01,2.1,2019
Books,"Euro area (EA11-1999, EA12-2001, EA13-2007, EA15-2008, EA16-2009, EA17-2011, EA18-2014, EA19-2015, EA20-2023, EA21-2026)",2019-08-01,1.7,2019
Books,"Euro area (EA11-1999, EA12-2001, EA13-2007, EA15-2008, EA16-2009, EA17-2011, EA18-2014, EA19-2015, EA20-2023, EA21-2026)",2019-09-01,1.0,2019
Books,"Euro area (EA11-1999, EA12-2001, EA13-2007, EA15-2008, EA16-2009, EA17-2011, EA18-2014, EA19-2015, EA20-2023, EA21-2026)",2019-10-01,1.1,2019
Books,"Euro area (EA11-1999, EA12-2001, EA13-2007, EA15-2008, EA16-2009, EA17-2011, EA18-2014, EA19-2015, EA20-2023, EA21-2026)",2019-11-01,0.9,2019
Books,"Euro area (EA11-1999, EA12-2001, EA13-2007, EA15-2008, EA16-2009, EA17-2011, EA18-2014, EA19-2015, EA20-2023, EA21-2026)",2019-12-01,1.9,2019
Books,"Euro area (EA11-1999, EA12-2001, EA13-2007, EA15-2008, EA16-2009, EA17-2011, EA18-2014, EA19-2015, EA20-2023, EA21-2026)",2020-01-01,1.3,2020
Books,"Euro area (EA11-1999, EA12-2001, EA13-2007, EA15-2008, EA16-2009, EA17-2011, EA18-2014, EA19-2015, EA20-2023, EA21-2026)",2020-02-01,0.9,2020
Books,"Euro area (EA11-1999, EA12-2001, EA13-2007, EA15-2008, EA16-2009, EA17-2011, EA18-2014, EA19-2015, EA20-2023, EA21-2026)",2020-03-01,0.4,2020
Books,"Euro area (EA11-1999, EA12-2001, EA13-2007, EA15-2008, EA16-2009, EA17-2011, EA18-2014, EA19-2015, EA20-2023, EA21-2026)",2020-04-01,0.3,2020
Books,"Euro area (EA11-1999, EA12-2001, EA13-2007, EA15-2008, EA16-2009, EA17-2011, EA18-2014, EA19-2015, EA20-2023, EA21-2026)",2020-05-01,0.4,2020
Books,"Euro area (EA11-1999, EA12-2001, EA13-2007, EA15-2008, EA16-2009, EA17-2011, EA18-2014, EA19-2015, EA20-2023, EA21-2026)",2020-06-01,-0.3,2020
Books,"Euro area (EA11-1999, EA12-2001, EA13-2007, EA15-2008, EA16-2009, EA17-2011, EA18-2014, EA19-2015, EA20-2023, EA21-2026)",2020-07-01,0.0,2020
Books,"Euro area (EA11-1999, EA12-2001, EA13-2007, EA15-2008, EA16-2009, EA17-2011, EA18-2014, EA19-2015, EA20-2023, EA21-2026)",2020-08-01,0.3,2020
Books,"Euro area (EA11-1999, EA12-2001, EA13-2007, EA15-2008, EA16-2009, EA17-2011, EA18-2014, EA19-2015, EA20-2023, EA21-2026)",2020-09-01,1.3,2020
Books,"Euro area (EA11-1999, EA12-2001, EA13-2007, EA15-2008, EA16-2009, EA17-2011, EA18-2014, EA19-2015, EA20-2023, EA21-2026)",2020-10-01,0.7,2020
Books,"Euro area (EA11-1999, EA12-2001, EA13-2007, EA15-2008, EA16-2009, EA17-2011, EA18-2014, EA19-2015, EA20-2023, EA21-2026)",2020-11-01,0.4,2020
Books,"Euro area (EA11-1999, EA12-2001, EA13-2007, EA15-2008, EA16-2009, EA17-2011, EA18-2014, EA19-2015, EA20-2023, EA21-2026)",2020-12-01,0.5,2020
Books,"Euro area (EA11-1999, EA12-2001, EA13-2007, EA15-2008, EA16-2009, EA17-2011, EA18-2014, EA19-2015, EA20-2023, EA21-2026)",2021-01-01,0.5,2021
Books,"Euro area (EA11-1999, EA12-2001, EA13-2007, EA15-2008, EA16-2009, EA17-2011, EA18-2014, EA19-2015, EA20-2023, EA21-2026)",2021-02-01,1.5,2021
Books,"Euro area (EA11-1999, EA12-2001, EA13-2007, EA15-2008, EA16-2009, EA17-2011, EA18-2014, EA19-2015, EA20-2023, EA21-2026)",2021-03-01,1.1,2021
Books,"Euro area (EA11-1999, EA12-2001, EA13-2007, EA15-2008, EA16-2009, EA17-2011, EA18-2014, EA19-2015, EA20-2023, EA21-2026)",2021-04-01,1.2,2021
Books,"Euro area (EA11-1999, EA12-2001, EA13-2007, EA15-2008, EA16-2009, EA17-2011, EA18-2014, EA19-2015, EA20-2023, EA21-2026)",2021-05-01,1.0,2021
Books,"Euro area (EA11-1999, EA12-2001, EA13-2007, EA15-2008, EA16-2009, EA17-2011, EA18-2014, EA19-2015, EA20-2023, EA21-2026)",2021-06-01,1.3,2021
Books,"Euro area (EA11-1999, EA12-2001, EA13-2007, EA15-2008, EA16-2009, EA17-2011, EA18-2014, EA19-2015, EA20-2023, EA21-2026)",2021-07-01,1.6,2021
Books,"Euro area (EA11-1999, EA12-2001, EA13-2007, EA15-2008, EA16-2009, EA17-2011, EA18-2014, EA19-2015, EA20-2023, EA21-2026)",2021-08-01,1.4,2021
Books,"Euro area (EA11-1999, EA12-2001, EA13-2007, EA15-2008, EA16-2009, EA17-2011, EA18-2014, EA19-2015, EA20-2023, EA21-2026)",2021-09-01,1.9,2021
Books,"Euro area (EA11-1999, EA12-2001, EA13-2007, EA15-2008, EA16-2009, EA17-2011, EA18-2014, EA19-2015, EA20-2023, EA21-2026)",2021-10-01,1.4,2021
Books,"Euro area (EA11-1999, EA12-2001, EA13-2007, EA15-2008, EA16-2009, EA17-2011, EA18-2014, EA19-2015, EA20-2023, EA21-2026)",2021-11-01,1.9,2021
Books,"Euro area (EA11-1999, EA12-2001, EA13-2007, EA15-2008, EA16-2009, EA17-2011, EA18-2014, EA19-2015, EA20-2023, EA21-2026)",2021-12-01,1.9,2021
Books,"Euro area (EA11-1999, EA12-2001, EA13-2007, EA15-2008, EA16-2009, EA17-2011, EA18-2014, EA19-2015, EA20-2023, EA21-2026)",2022-01-01,1.9,2022
Books,"Euro area (EA11-1999, EA12-2001, EA13-2007, EA15-2008, EA16-2009, EA17-2011, EA18-2014, EA19-2015, EA20-2023, EA21-2026)",2022-02-01,1.4,2022
Books,"Euro area (EA11-1999, EA12-2001, EA13-2007, EA15-2008, EA16-2009, EA17-2011, EA18-2014, EA19-2015, EA20-2023, EA21-2026)",2022-03-01,1.6,2022
Books,"Euro area (EA11-1999, EA12-2001, EA13-2007, EA15-2008, EA16-2009, EA17-2011, EA18-2014, EA19-2015, EA20-2023, EA21-2026)",2022-04-01,2.0,2022
Books,"Euro area (EA11-1999, EA12-2001, EA13-2007, EA15-2008, EA16-2009, EA17-2011, EA18-2014, EA19-2015, EA20-2023, EA21-2026)",2022-05-01,2.0,2022
Books,"Euro area (EA11-1999, EA12-2001, EA13-2007, EA15-2008, EA16-2009, EA17-2011, EA18-2014, EA19-2015, EA20-2023, EA21-2026)",2022-06-01,2.7,2022
Books,"Euro area (EA11-1999, EA12-2001, EA13-2007, EA15-2008, EA16-2009, EA17-2011, EA18-2014, EA19-2015, EA20-2023, EA21-2026)",2022-07-01,2.1,2022
Books,"Euro area (EA11-1999, EA12-2001, EA13-2007, EA15-2008, EA16-2009, EA17-2011, EA18-2014, EA19-2015, EA20-2023, EA21-2026)",2022-08-01,2.0,2022
Books,"Euro area (EA11-1999, EA12-2001, EA13-2007, EA15-2008, EA16-2009, EA17-2011, EA18-2014, EA19-2015, EA20-2023, EA21-2026)",2022-09-01,2.2,2022
Books,"Euro area (EA11-1999, EA12-2001, EA13-2007, EA15-2008, EA16-2009, EA17-2011, EA18-2014, EA19-2015, EA20-2023, EA21-2026)",2022-10-01,2.8,2022
Books,"Euro area (EA11-1999, EA12-2001, EA13-2007, EA15-2008, EA16-2009, EA17-2011, EA18-2014, EA19-2015, EA20-2023, EA21-2026)",2022-11-01,2.5,2022
Books,"Euro area (EA11-1999, EA12-2001, EA13-2007, EA15-2008, EA16-2009, EA17-2011, EA18-2014, EA19-2015, EA20-2023, EA21-2026)",2022-12-01,3.0,2022
Books,"Euro area (EA11-1999, EA12-2001, EA13-2007, EA15-2008, EA16-2009, EA17-2011, EA18-2014, EA19-2015, EA20-2023, EA21-2026)",2023-01-01,2.8,2023
Books,"Euro area (EA11-1999, EA12-2001, EA13-2007, EA15-2008, EA16-2009, EA17-2011, EA18-2014, EA19-2015, EA20-2023, EA21-2026)",2023-02-01,3.1,2023
Books,"Euro area (EA11-1999, EA12-2001, EA13-2007, EA15-2008, EA16-2009, EA17-2011, EA18-2014, EA19-2015, EA20-2023, EA21-2026)",2023-03-01,3.8,2023
Books,"Euro area (EA11-1999, EA12-2001, EA13-2007, EA15-2008, EA16-2009, EA17-2011, EA18-2014, EA19-2015, EA20-2023, EA21-2026)",2023-04-01,3.4,2023
Books,"Euro area (EA11-1999, EA12-2001, EA13-2007, EA15-2008, EA16-2009, EA17-2011, EA18-2014, EA19-2015, EA20-2023, EA21-2026)",2023-05-01,3.8,2023
Books,"Euro area (EA11-1999, EA12-2001, EA13-2007, EA15-2008, EA16-2009, EA17-2011, EA18-2014, EA19-2015, EA20-2023, EA21-2026)",2023-06-01,3.3,2023
Books,"Euro area (EA11-1999, EA12-2001, EA13-2007, EA15-2008, EA16-2009, EA17-2011, EA18-2014, EA19-2015, EA20-2023, EA21-2026)",2023-07-01,3.6,2023
Books,"Euro area (EA11-1999, EA12-2001, EA13-2007, EA15-2008, EA16-2009, EA17-2011, EA18-2014, EA19-2015, EA20-2023, EA21-2026)",2023-08-01,3.7,2023
Books,"Euro area (EA11-1999, EA12-2001, EA13-2007, EA15-2008, EA16-2009, EA17-2011, EA18-2014, EA19-2015, EA20-2023, EA21-2026)",2023-09-01,3.2,2023
Books,"Euro area (EA11-1999, EA12-2001, EA13-2007, EA15-2008, EA16-2009, EA17-2011, EA18-2014, EA19-2015, EA20-2023, EA21-2026)",2023-10-01,3.7,2023
Books,"Euro area (EA11-1999, EA12-2001, EA13-2007, EA15-2008, EA16-2009, EA17-2011, EA18-2014, EA19-2015, EA20-2023, EA21-2026)",2023-11-01,2.8,2023
Books,"Euro area (EA11-1999, EA12-2001, EA13-2007, EA15-2008, EA16-2009, EA17-2011, EA18-2014, EA19-2015, EA20-2023, EA21-2026)",2023-12-01,2.5,2023
Books,"Euro area (EA11-1999, EA12-2001, EA13-2007, EA15-2008, EA16-2009, EA17-2011, EA18-2014, EA19-2015, EA20-2023, EA21-2026)",2024-01-01,2.7,2024
Books,"Euro area (EA11-1999, EA12-2001, EA13-2007, EA15-2008, EA16-2009, EA17-2011, EA18-2014, EA19-2015, EA20-2023, EA21-2026)",2024-02-01,4.4,2024
Books,"Euro area (EA11-1999, EA12-2001, EA13-2007, EA15-2008, EA16-2009, EA17-2011, EA18-2014, EA19-2015, EA20-2023, EA21-2026)",2024-03-01,3.2,2024
Books,"Euro area (EA11-1999, EA12-2001, EA13-2007, EA15-2008, EA16-2009, EA17-2011, EA18-2014, EA19-2015, EA20-2023, EA21-2026)",2024-04-01,2.7,2024
Books,"Euro area (EA11-1999, EA12-2001, EA13-2007, EA15-2008, EA16-2009, EA17-2011, EA18-2014, EA19-2015, EA20-2023, EA21-2026)",2024-05-01,3.3,2024
Books,"Euro area (EA11-1999, EA12-2001, EA13-2007, EA15-2008, EA16-2009, EA17-2011, EA18-2014, EA19-2015, EA20-2023, EA21-2026)",2024-06-01,2.1,2024
Books,"Euro area (EA11-1999, EA12-2001, EA13-2007, EA15-2008, EA16-2009, EA17-2011, EA18-2014, EA19-2015, EA20-2023, EA21-2026)",2024-07-01,2.5,2024
Books,"Euro area (EA11-1999, EA12-2001, EA13-2007, EA15-2008, EA16-2009, EA17-2011, EA18-2014, EA19-2015, EA20-2023, EA21-2026)",2024-08-01,2.7,2024
Books,"Euro area (EA11-1999, EA12-2001, EA13-2007, EA15-2008, EA16-2009, EA17-2011, EA18-2014, EA19-2015, EA20-2023, EA21-2026)",2024-09-01,2.8,2024
Books,"Euro area (EA11-1999, EA12-2001, EA13-2007, EA15-2008, EA16-2009, EA17-2011, EA18-2014, EA19-2015, EA20-2023, EA21-2026)",2024-10-01,2.7,2024
Books,"Euro area (EA11-1999, EA12-2001, EA13-2007, EA15-2008, EA16-2009, EA17-2011, EA18-2014, EA19-2015, EA20-2023, EA21-2026)",2024-11-01,2.3,2024
Books,"Euro area (EA11-1999, EA12-2001, EA13-2007, EA15-2008, EA16-2009, EA17-2011, EA18-2014, EA19-2015, EA20-2023, EA21-2026)",2024-12-01,2.2,2024
Books,"Euro area (EA11-1999, EA12-2001, EA13-2007, EA15-2008, EA16-2009, EA17-2011, EA18-2014, EA19-2015, EA20-2023, EA21-2026)",2025-01-01,2.9,2025
Books,"Euro area (EA11-1999, EA12-2001, EA13-2007, EA15-2008, EA16-2009, EA17-2011, EA18-2014, EA19-2015, EA20-2023, EA21-2026)",2025-02-01,0.6,2025
Books,"Euro area (EA11-1999, EA12-2001, EA13-2007, EA15-2008, EA16-2009, EA17-2011, EA18-2014, EA19-2015, EA20-2023, EA21-2026)",2025-03-01,1.9,2025
Books,"Euro area (EA11-1999, EA12-2001, EA13-2007, EA15-2008, EA16-2009, EA17-2011, EA18-2014, EA19-2015, EA20-2023, EA21-2026)",2025-04-01,2.0,2025
Books,"Euro area (EA11-1999, EA12-2001, EA13-2007, EA15-2008, EA16-2009, EA17-2011, EA18-2014, EA19-2015, EA20-2023, EA21-2026)",2025-05-01,1.0,2025
Books,"Euro area (EA11-1999, EA12-2001, EA13-2007, EA15-2008, EA16-2009, EA17-2011, EA18-2014, EA19-2015, EA20-2023, EA21-2026)",2025-06-01,1.6,2025
Books,"Euro area (EA11-1999, EA12-2001, EA13-2007, EA15-2008, EA16-2009, EA17-2011, EA18-2014, EA19-2015, EA20-2023, EA21-2026)",2025-07-01,1.8,2025
Books,"Euro area (EA11-1999, EA12-2001, EA13-2007, EA15-2008, EA16-2009, EA17-2011, EA18-2014, EA19-2015, EA20-2023, EA21-2026)",2025-08-01,1.5,2025
Books,"Euro area (EA11-1999, EA12-2001, EA13-2007, EA15-2008, EA16-2009, EA17-2011, EA18-2014, EA19-2015, EA20-2023, EA21-2026)",2025-09-01,1.1,2025
Books,"Euro area (EA11-1999, EA12-2001, EA13-2007, EA15-2008, EA16-2009, EA17-2011, EA18-2014, EA19-2015, EA20-2023, EA21-2026)",2025-10-01,1.4,2025
Books,"Euro area (EA11-1999, EA12-2001, EA13-2007, EA15-2008, EA16-2009, EA17-2011, EA18-2014, EA19-2015, EA20-2023, EA21-2026)",2025-11-01,2.0,2025
Books,"Euro area (EA11-1999, EA12-2001, EA13-2007, EA15-2008, EA16-2009, EA17-2011, EA18-2014, EA19-2015, EA20-2023, EA21-2026)",2025-12-01,2.3,2025
Books,Spain,2019-01-01,1.5,2019
Books,Spain,2019-02-01,1.6,2019
Books,Spain,2019-03-01,2.1,2019
Books,Spain,2019-04-01,2.3,2019
Books,Spain,2019-05-01,2.3,2019
Books,Spain,2019-06-01,2.3,2019
Books,Spain,2019-07-01,2.3,2019
Books,Spain,2019-08-01,2.1,2019
Books,Spain,2019-09-01,1.6,2019
Books,Spain,2019-10-01,1.4,2019
Books,Spain,2019-11-01,1.1,2019
Books,Spain,2019-12-01,1.1,2019
Books,Spain,2020-01-01,1.4,2020
Books,Spain,2020-02-01,1.2,2020
Books,Spain,2020-03-01,1.1,2020
Books,Spain,2020-04-01,0.9,2020
Books,Spain,2020-05-01,1.2,2020
Books,Spain,2020-06-01,1.1,2020
Books,Spain,2020-07-01,0.8,2020
Books,Spain,2020-08-01,0.8,2020
Books,Spain,2020-09-01,1.0,2020
Books,Spain,2020-10-01,0.9,2020
Books,Spain,2020-11-01,1.0,2020
Books,Spain,2020-12-01,1.1,2020
Books,Spain,2021-01-01,0.9,2021
Books,Spain,2021-02-01,1.0,2021
Books,Spain,2021-03-01,1.2,2021
Books,Spain,2021-04-01,1.1,2021
Books,Spain,2021-05-01,0.8,2021
Books,Spain,2021-06-01,1.1,2021
Books,Spain,2021-07-01,1.3,2021
Books,Spain,2021-08-01,1.3,2021
Books,Spain,2021-09-01,1.0,2021
Books,Spain,2021-10-01,1.1,2021
Books,Spain,2021-11-01,0.9,2021
Books,Spain,2021-12-01,1.0,2021
Books,Spain,2022-01-01,0.9,2022
Books,Spain,2022-02-01,1.1,2022
Books,Spain,2022-03-01,1.4,2022
Books,Spain,2022-04-01,1.6,2022
Books,Spain,2022-05-01,1.5,2022
Books,Spain,2022-06-01,1.5,2022
Books,Spain,2022-07-01,1.5,2022
Books,Spain,2022-08-01,1.7,2022
Books,Spain,2022-09-01,3.4,2022
Books,Spain,2022-10-01,3.8,2022
Books,Spain,2022-11-01,4.0,2022
Books,Spain,2022-12-01,3.7,2022
Books,Spain,2023-01-01,3.7,2023
Books,Spain,2023-02-01,4.1,2023
Books,Spain,2023-03-01,3.8,2023
Books,Spain,2023-04-01,3.8,2023
Books,Spain,2023-05-01,3.9,2023
Books,Spain,2023-06-01,3.9,2023
Books,Spain,2023-07-01,4.0,2023
Books,Spain,2023-08-01,3.9,2023
Books,Spain,2023-09-01,3.4,2023
Books,Spain,2023-10-01,3.3,2023
Books,Spain,2023-11-01,2.8,2023
Books,Spain,2023-12-01,2.9,2023
Books,Spain,2024-01-01,2.9,2024
Books,Spain,2024-02-01,3.1,2024
Books,Spain,2024-03-01,3.1,2024
Books,Spain,2024-04-01,3.3,2024
Books,Spain,2024-05-01,3.4,2024
Books,Spain,2024-06-01,3.4,2024
Books,Spain,2024-07-01,3.1,2024
Books,Spain,2024-08-01,3.1,2024
Books,Spain,2024-09-01,2.3,2024
Books,Spain,2024-10-01,2.2,2024
Books,Spain,2024-11-01,2.5,2024
Books,Spain,2024-12-01,2.7,2024
Books,Spain,2025-01-01,2.8,2025
Books,Spain,2025-02-01,2.3,2025
Books,Spain,2025-03-01,2.4,2025
Books,Spain,2025-04-01,2.0,2025
Books,Spain,2025-05-01,2.1,2025
Books,Spain,2025-06-01,2.1,2025
Books,Spain,2025-07-01,2.0,2025
Books,Spain,2025-08-01,2.1,2025
Books,Spain,2025-09-01,1.8,2025
Books,Spain,2025-10-01,2.1,2025
Books,Spain,2025-11-01,2.0,2025
Books,Spain,2025-12-01,1.9,2025
Books,France,2019-01-01,1.5,2019
Books,France,2019-02-01,1.5,2019
Books,France,2019-03-01,1.2,2019
Books,France,2019-04-01,0.7,2019
Books,France,2019-05-01,0.8,2019
Books,France,2019-06-01,1.0,2019
Books,France,2019-07-01,1.4,2019
Books,France,2019-08-01,1.3,2019
Books,France,2019-09-01,1.0,2019
Books,France,2019-10-01,1.4,2019
Books,France,2019-11-01,1.1,2019
Books,France,2019-12-01,0.8,2019
Books,France,2020-01-01,0.8,2020
Books,France,2020-02-01,0.6,2020
Books,France,2020-03-01,0.6,2020
Books,France,2020-04-01,0.6,2020
Books,France,2020-05-01,0.4,2020
Books,France,2020-06-01,0.5,2020
Books,France,2020-07-01,0.6,2020
Books,France,2020-08-01,0.5,2020
Books,France,2020-09-01,1.0,2020
Books,France,2020-10-01,0.9,2020
Books,France,2020-11-01,0.8,2020
Books,France,2020-12-01,1.1,2020
Books,France,2021-01-01,0.7,2021
Books,France,2021-02-01,1.0,2021
Books,France,2021-03-01,1.0,2021
Books,France,2021-04-01,1.3,2021
Books,France,2021-05-01,1.5,2021
Books,France,2021-06-01,1.1,2021
Books,France,2021-07-01,0.9,2021
Books,France,2021-08-01,0.8,2021
Books,France,2021-09-01,0.4,2021
Books,France,2021-10-01,0.3,2021
Books,France,2021-11-01,0.7,2021
Books,France,2021-12-01,0.5,2021
Books,France,2022-01-01,0.7,2022
Books,France,2022-02-01,0.6,2022
Books,France,2022-03-01,1.2,2022
Books,France,2022-04-01,1.3,2022
Books,France,2022-05-01,1.1,2022
Books,France,2022-06-01,1.7,2022
Books,France,2022-07-01,1.5,2022
Books,France,2022-08-01,1.4,2022
Books,France,2022-09-01,2.0,2022
Books,France,2022-10-01,2.0,2022
Books,France,2022-11-01,1.9,2022
Books,France,2022-12-01,2.4,2022
Books,France,2023-01-01,2.9,2023
Books,France,2023-02-01,2.9,2023
Books,France,2023-03-01,2.8,2023
Books,France,2023-04-01,2.7,2023
Books,France,2023-05-01,2.9,2023
Books,France,2023-06-01,2.8,2023
Books,France,2023-07-01,2.7,2023
Books,France,2023-08-01,2.9,2023
Books,France,2023-09-01,2.8,2023
Books,France,2023-10-01,2.5,2023
Books,France,2023-11-01,1.8,2023
Books,France,2023-12-01,1.7,2023
Books,France,2024-01-01,2.1,2024
Books,France,2024-02-01,2.0,2024
Books,France,2024-03-01,1.5,2024
Books,France,2024-04-01,1.3,2024
Books,France,2024-05-01,1.3,2024
Books,France,2024-06-01,0.9,2024
Books,France,2024-07-01,1.4,2024
Books,France,2024-08-01,1.2,2024
Books,France,2024-09-01,1.0,2024
Books,France,2024-10-01,1.3,2024
Books,France,2024-11-01,1.5,2024
Books,France,2024-12-01,1.4,2024
Books,France,2025-01-01,1.1,2025
Books,France,2025-02-01,1.1,2025
Books,France,2025-03-01,1.2,2025
Books,France,2025-04-01,1.4,2025
Books,France,2025-05-01,0.8,2025
Books,France,2025-06-01,2.0,2025
Books,France,2025-07-01,1.3,2025
Books,France,2025-08-01,1.4,2025
Books,France,2025-09-01,1.0,2025
Books,France,2025-10-01,0.9,2025
Books,France,2025-11-01,1.3,2025
Books,France,2025-12-01,1.0,2025
Books,Italy,2019-01-01,1.2,2019
Books,Italy,2019-02-01,1.0,2019
Books,Italy,2019-03-01,0.1,2019
Books,Italy,2019-04-01,0.2,2019
Books,Italy,2019-05-01,0.6,2019
Books,Italy,2019-06-01,1.3,2019
Books,Italy,2019-07-01,1.4,2019
Books,Italy,2019-08-01,1.2,2019
Books,Italy,2019-09-01,1.4,2019
Books,Italy,2019-10-01,1.3,2019
Books,Italy,2019-11-01,0.1,2019
Books,Italy,2019-12-01,1.6,2019
Books,Italy,2020-01-01,0.7,2020
Books,Italy,2020-02-01,0.1,2020
Books,Italy,2020-03-01,1.5,2020
Books,Italy,2020-04-01,1.3,2020
Books,Italy,2020-05-01,1.6,2020
Books,Italy,2020-06-01,1.6,2020
Books,Italy,2020-07-01,1.4,2020
Books,Italy,2020-08-01,1.7,2020
Books,Italy,2020-09-01,0.5,2020
Books,Italy,2020-10-01,1.1,2020
Books,Italy,2020-11-01,1.3,2020
Books,Italy,2020-12-01,0.9,2020
Books,Italy,2021-01-01,0.9,2021
Books,Italy,2021-02-01,2.0,2021
Books,Italy,2021-03-01,1.4,2021
Books,Italy,2021-04-01,1.0,2021
Books,Italy,2021-05-01,1.0,2021
Books,Italy,2021-06-01,1.2,2021
Books,Italy,2021-07-01,1.7,2021
Books,Italy,2021-08-01,1.3,2021
Books,Italy,2021-09-01,1.3,2021
Books,Italy,2021-10-01,0.8,2021
Books,Italy,2021-11-01,0.8,2021
Books,Italy,2021-12-01,0.7,2021
Books,Italy,2022-01-01,0.8,2022
Books,Italy,2022-02-01,0.7,2022
Books,Italy,2022-03-01,-0.1,2022
Books,Italy,2022-04-01,0.6,2022
Books,Italy,2022-05-01,0.4,2022
Books,Italy,2022-06-01,0.5,2022
Books,Italy,2022-07-01,0.5,2022
Books,Italy,2022-08-01,0.6,2022
Books,Italy,2022-09-01,0.6,2022
Books,Italy,2022-10-01,0.2,2022
Books,Italy,2022-11-01,0.9,2022
Books,Italy,2022-12-01,1.0,2022
Books,Italy,2023-01-01,-1.8,2023
Books,Italy,2023-02-01,-1.8,2023
Books,Italy,2023-03-01,-1.2,2023
Books,Italy,2023-04-01,-1.7,2023
Books,Italy,2023-05-01,-1.1,2023
Books,Italy,2023-06-01,-0.8,2023
Books,Italy,2023-07-01,-1.2,2023
Books,Italy,2023-08-01,-2.4,2023
Books,Italy,2023-09-01,-0.3,2023
Books,Italy,2023-10-01,1.3,2023
Books,Italy,2023-11-01,-1.2,2023
Books,Italy,2023-12-01,1.3,2023
Books,Italy,2024-01-01,2.4,2024
Books,Italy,2024-02-01,1.7,2024
Books,Italy,2024-03-01,2.7,2024
Books,Italy,2024-04-01,2.5,2024
Books,Italy,2024-05-01,2.6,2024
Books,Italy,2024-06-01,1.7,2024
Books,Italy,2024-07-01,2.3,2024
Books,Italy,2024-08-01,3.5,2024
Books,Italy,2024-09-01,2.4,2024
Books,Italy,2024-10-01,2.2,2024
Books,Italy,2024-11-01,1.5,2024
Books,Italy,2024-12-01,2.6,2024
Books,Italy,2025-01-01,4.4,2025
Books,Italy,2025-02-01,2.9,2025
Books,Italy,2025-03-01,2.3,2025
Books,Italy,2025-04-01,1.9,2025
Books,Italy,2025-05-01,1.5,2025
Books,Italy,2025-06-01,1.8,2025
Books,Italy,2025-07-01,1.8,2025
Books,Italy,2025-08-01,1.2,2025
Books,Italy,2025-09-01,1.6,2025
Books,Italy,2025-10-01,2.0,2025
Books,Italy,2025-11-01,-0.1,2025
Books,Italy,2025-12-01,0.4,2025
Books,Portugal,2019-01-01,-12.7,2019
Books,Portugal,2019-02-01,-12.6,2019
Books,Portugal,2019-03-01,-12.7,2019
Books,Portugal,2019-04-01,-12.9,2019
Books,Portugal,2019-05-01,-12.7,2019
Books,Portugal,2019-06-01,-12.9,2019
Books,Portugal,2019-07-01,-12.7,2019
Books,Portugal,2019-08-01,-12.9,2019
Books,Portugal,2019-09-01,-47.7,2019
Books,Portugal,2019-10-01,-47.7,2019
Books,Portugal,2019-11-01,-47.9,2019
Books,Portugal,2019-12-01,-48.3,2019
Books,Portugal,2020-01-01,-48.0,2020
Books,Portugal,2020-02-01,-48.3,2020
Books,Portugal,2020-03-01,-47.7,2020
Books,Portugal,2020-04-01,-50.2,2020
Books,Portugal,2020-05-01,-50.4,2020
Books,Portugal,2020-06-01,-50.9,2020
Books,Portugal,2020-07-01,-47.8,2020
Books,Portugal,2020-08-01,-47.4,2020
Books,Portugal,2020-09-01,0.1,2020
Books,Portugal,2020-10-01,-0.2,2020
Books,Portugal,2020-11-01,0.4,2020
Books,Portugal,2020-12-01,1.2,2020
Books,Portugal,2021-01-01,1.3,2021
Books,Portugal,2021-02-01,0.0,2021
Books,Portugal,2021-03-01,-0.7,2021
Books,Portugal,2021-04-01,4.1,2021
Books,Portugal,2021-05-01,3.4,2021
Books,Portugal,2021-06-01,5.1,2021
Books,Portugal,2021-07-01,-1.4,2021
Books,Portugal,2021-08-01,-1.1,2021
Books,Portugal,2021-09-01,-0.8,2021
Books,Portugal,2021-10-01,-1.2,2021
Books,Portugal,2021-11-01,-0.7,2021
Books,Portugal,2021-12-01,-0.4,2021
Books,Portugal,2022-01-01,0.4,2022
Books,Portugal,2022-02-01,1.8,2022
Books,Portugal,2022-03-01,1.5,2022
Books,Portugal,2022-04-01,1.7,2022
Books,Portugal,2022-05-01,2.9,2022
Books,Portugal,2022-06-01,2.7,2022
Books,Portugal,2022-07-01,3.5,2022
Books,Portugal,2022-08-01,3.1,2022
Books,Portugal,2022-09-01,3.2,2022
Books,Portugal,2022-10-01,4.2,2022
Books,Portugal,2022-11-01,3.1,2022
Books,Portugal,2022-12-01,3.7,2022
Books,Portugal,2023-01-01,2.7,2023
Books,Portugal,2023-02-01,3.5,2023
Books,Portugal,2023-03-01,3.1,2023
Books,Portugal,2023-04-01,4.5,2023
Books,Portugal,2023-05-01,4.3,2023
Books,Portugal,2023-06-01,4.6,2023
Books,Portugal,2023-07-01,3.8,2023
Books,Portugal,2023-08-01,3.8,2023
Books,Portugal,2023-09-01,4.9,2023
Books,Portugal,2023-10-01,5.3,2023
Books,Portugal,2023-11-01,4.8,2023
Books,Portugal,2023-12-01,2.9,2023
Books,Portugal,2024-01-01,3.8,2024
Books,Portugal,2024-02-01,3.2,2024
Books,Portugal,2024-03-01,3.7,2024
Books,Portugal,2024-04-01,2.3,2024
Books,Portugal,2024-05-01,2.4,2024
Books,Portugal,2024-06-01,2.5,2024
Books,Portugal,2024-07-01,3.0,2024
Books,Portugal,2024-08-01,2.4,2024
Books,Portugal,2024-09-01,2.3,2024
Books,Portugal,2024-10-01,1.2,2024
Books,Portugal,2024-11-01,1.9,2024
Books,Portugal,2024-12-01,2.8,2024
Books,Portugal,2025-01-01,2.6,2025
Books,Portugal,2025-02-01,2.8,2025
Books,Portugal,2025-03-01,2.7,2025
Books,Portugal,2025-04-01,2.5,2025
Books,Portugal,2025-05-01,2.2,2025
Books,Portugal,2025-06-01,1.1,2025
Books,Portugal,2025-07-01,0.7,2025
Books,Portugal,2025-08-01,0.5,2025
Books,Portugal,2025-09-01,1.9,2025
Books,Portugal,2025-10-01,2.9,2025
Books,Portugal,2025-11-01,2.3,2025
Books,Portugal,2025-12-01,1.7,2025
"Restaurants, cafés and the like",Germany,2019-01-01,2.2,2019
"Restaurants, cafés and the like",Germany,2019-02-01,2.1,2019
"Restaurants, cafés and the like",Germany,2019-03-01,2.1,2019
"Restaurants, cafés and the like",Germany,2019-04-01,2.5,2019
"Restaurants, cafés and the like",Germany,2019-05-01,2.5,2019
"Restaurants, cafés and the like",Germany,2019-06-01,2.5,2019
"Restaurants, cafés and the like",Germany,2019-07-01,2.6,2019
"Restaurants, cafés and the like",Germany,2019-08-01,2.6,2019
"Restaurants, cafés and the like",Germany,2019-09-01,2.6,2019
"Restaurants, cafés and the like",Germany,2019-10-01,2.7,2019
"Restaurants, cafés and the like",Germany,2019-11-01,2.9,2019
"Restaurants, cafés and the like",Germany,2019-12-01,2.7,2019
"Restaurants, cafés and the like",Germany,2020-01-01,2.8,2020
"Restaurants, cafés and the like",Germany,2020-02-01,2.9,2020
"Restaurants, cafés and the like",Germany,2020-03-01,2.9,2020
"Restaurants, cafés and the like",Germany,2020-04-01,2.5,2020
"Restaurants, cafés and the like",Germany,2020-05-01,2.4,2020
"Restaurants, cafés and the like",Germany,2020-06-01,2.7,2020
"Restaurants, cafés and the like",Germany,2020-07-01,1.6,2020
"Restaurants, cafés and the like",Germany,2020-08-01,1.9,2020
"Restaurants, cafés and the like",Germany,2020-09-01,2.1,2020
"Restaurants, cafés and the like",Germany,2020-10-01,2.1,2020
"Restaurants, cafés and the like",Germany,2020-11-01,1.8,2020
"Restaurants, cafés and the like",Germany,2020-12-01,1.8,2020
"Restaurants, cafés and the like",Germany,2021-01-01,1.8,2021
"Restaurants, cafés and the like",Germany,2021-02-01,1.5,2021
"Restaurants, cafés and the like",Germany,2021-03-01,1.4,2021
"Restaurants, cafés and the like",Germany,2021-04-01,1.5,2021
"Restaurants, cafés and the like",Germany,2021-05-01,1.8,2021
"Restaurants, cafés and the like",Germany,2021-06-01,2.7,2021
"Restaurants, cafés and the like",Germany,2021-07-01,3.8,2021
"Restaurants, cafés and the like",Germany,2021-08-01,3.7,2021
"Restaurants, cafés and the like",Germany,2021-09-01,3.8,2021
"Restaurants, cafés and the like",Germany,2021-10-01,3.9,2021
"Restaurants, cafés and the like",Germany,2021-11-01,4.1,2021
"Restaurants, cafés and the like",Germany,2021-12-01,4.3,2021
"Restaurants, cafés and the like",Germany,2022-01-01,4.7,2022
"Restaurants, cafés and the like",Germany,2022-02-01,5.1,2022
"Restaurants, cafés and the like",Germany,2022-03-01,5.7,2022
"Restaurants, cafés and the like",Germany,2022-04-01,6.5,2022
"Restaurants, cafés and the like",Germany,2022-05-01,7.0,2022
"Restaurants, cafés and the like",Germany,2022-06-01,7.2,2022
"Restaurants, cafés and the like",Germany,2022-07-01,8.0,2022
"Restaurants, cafés and the like",Germany,2022-08-01,8.4,2022
"Restaurants, cafés and the like",Germany,2022-09-01,8.7,2022
"Restaurants, cafés and the like",Germany,2022-10-01,9.0,2022
"Restaurants, cafés and the like",Germany,2022-11-01,10.0,2022
"Restaurants, cafés and the like",Germany,2022-12-01,10.6,2022
"Restaurants, cafés and the like",Germany,2023-01-01,10.8,2023
"Restaurants, cafés and the like",Germany,2023-02-01,11.1,2023
"Restaurants, cafés and the like",Germany,2023-03-01,10.9,2023
"Restaurants, cafés and the like",Germany,2023-04-01,10.3,2023
"Restaurants, cafés and the like",Germany,2023-05-01,9.6,2023
"Restaurants, cafés and the like",Germany,2023-06-01,8.3,2023
"Restaurants, cafés and the like",Germany,2023-07-01,7.7,2023
"Restaurants, cafés and the like",Germany,2023-08-01,7.3,2023
"Restaurants, cafés and the like",Germany,2023-09-01,7.1,2023
"Restaurants, cafés and the like",Germany,2023-10-01,6.7,2023
"Restaurants, cafés and the like",Germany,2023-11-01,5.8,2023
"Restaurants, cafés and the like",Germany,2023-12-01,5.3,2023
"Restaurants, cafés and the like",Germany,2024-01-01,6.5,2024
"Restaurants, cafés and the like",Germany,2024-02-01,6.8,2024
"Restaurants, cafés and the like",Germany,2024-03-01,6.9,2024
"Restaurants, cafés and the like",Germany,2024-04-01,6.9,2024
"Restaurants, cafés and the like",Germany,2024-05-01,6.8,2024
"Restaurants, cafés and the like",Germany,2024-06-01,6.8,2024
"Restaurants, cafés and the like",Germany,2024-07-01,6.7,2024
"Restaurants, cafés and the like",Germany,2024-08-01,6.8,2024
"Restaurants, cafés and the like",Germany,2024-09-01,6.7,2024
"Restaurants, cafés and the like",Germany,2024-10-01,6.8,2024
"Restaurants, cafés and the like",Germany,2024-11-01,6.7,2024
"Restaurants, cafés and the like",Germany,2024-12-01,6.7,2024
"Restaurants, cafés and the like",Germany,2025-01-01,4.8,2025
"Restaurants, cafés and the like",Germany,2025-02-01,4.3,2025
"Restaurants, cafés and the like",Germany,2025-03-01,4.2,2025
"Restaurants, cafés and the like",Germany,2025-04-01,4.2,2025
"Restaurants, cafés and the like",Germany,2025-05-01,4.2,2025
"Restaurants, cafés and the like",Germany,2025-06-01,4.1,2025
"Restaurants, cafés and the like",Germany,2025-07-01,4.1,2025
"Restaurants, cafés and the like",Germany,2025-08-01,3.8,2025
"Restaurants, cafés and the like",Germany,2025-09-01,3.6,2025
"Restaurants, cafés and the like",Germany,2025-10-01,3.7,2025
"Restaurants, cafés and the like",Germany,2025-11-01,3.7,2025
"Restaurants, cafés and the like",Germany,2025-12-01,3.6,2025
"Restaurants, cafés and the like","Euro area (EA11-1999, EA12-2001, EA13-2007, EA15-2008, EA16-2009, EA17-2011, EA18-2014, EA19-2015, EA20-2023, EA21-2026)",2019-01-01,2.0,2019
"Restaurants, cafés and the like","Euro area (EA11-1999, EA12-2001, EA13-2007, EA15-2008, EA16-2009, EA17-2011, EA18-2014, EA19-2015, EA20-2023, EA21-2026)",2019-02-01,2.0,2019
"Restaurants, cafés and the like","Euro area (EA11-1999, EA12-2001, EA13-2007, EA15-2008, EA16-2009, EA17-2011, EA18-2014, EA19-2015, EA20-2023, EA21-2026)",2019-03-01,2.0,2019
"Restaurants, cafés and the like","Euro area (EA11-1999, EA12-2001, EA13-2007, EA15-2008, EA16-2009, EA17-2011, EA18-2014, EA19-2015, EA20-2023, EA21-2026)",2019-04-01,2.1,2019
"Restaurants, cafés and the like","Euro area (EA11-1999, EA12-2001, EA13-2007, EA15-2008, EA16-2009, EA17-2011, EA18-2014, EA19-2015, EA20-2023, EA21-2026)",2019-05-01,2.1,2019
"Restaurants, cafés and the like","Euro area (EA11-1999, EA12-2001, EA13-2007, EA15-2008, EA16-2009, EA17-2011, EA18-2014, EA19-2015, EA20-2023, EA21-2026)",2019-06-01,2.1,2019
"Restaurants, cafés and the like","Euro area (EA11-1999, EA12-2001, EA13-2007, EA15-2008, EA16-2009, EA17-2011, EA18-2014, EA19-2015, EA20-2023, EA21-2026)",2019-07-01,2.0,2019
"Restaurants, cafés and the like","Euro area (EA11-1999, EA12-2001, EA13-2007, EA15-2008, EA16-2009, EA17-2011, EA18-2014, EA19-2015, EA20-2023, EA21-2026)",2019-08-01,2.0,2019
"Restaurants, cafés and the like","Euro area (EA11-1999, EA12-2001, EA13-2007, EA15-2008, EA16-2009, EA17-2011, EA18-2014, EA19-2015, EA20-2023, EA21-2026)",2019-09-01,2.0,2019
"Restaurants, cafés and the like","Euro area (EA11-1999, EA12-2001, EA13-2007, EA15-2008, EA16-2009, EA17-2011, EA18-2014, EA19-2015, EA20-2023, EA21-2026)",2019-10-01,2.1,2019
"Restaurants, cafés and the like","Euro area (EA11-1999, EA12-2001, EA13-2007, EA15-2008, EA16-2009, EA17-2011, EA18-2014, EA19-2015, EA20-2023, EA21-2026)",2019-11-01,2.1,2019
"Restaurants, cafés and the like","Euro area (EA11-1999, EA12-2001, EA13-2007, EA15-2008, EA16-2009, EA17-2011, EA18-2014, EA19-2015, EA20-2023, EA21-2026)",2019-12-01,2.0,2019
"Restaurants, cafés and the like","Euro area (EA11-1999, EA12-2001, EA13-2007, EA15-2008, EA16-2009, EA17-2011, EA18-2014, EA19-2015, EA20-2023, EA21-2026)",2020-01-01,2.0,2020
"Restaurants, cafés and the like","Euro area (EA11-1999, EA12-2001, EA13-2007, EA15-2008, EA16-2009, EA17-2011, EA18-2014, EA19-2015, EA20-2023, EA21-2026)",2020-02-01,2.0,2020
"Restaurants, cafés and the like","Euro area (EA11-1999, EA12-2001, EA13-2007, EA15-2008, EA16-2009, EA17-2011, EA18-2014, EA19-2015, EA20-2023, EA21-2026)",2020-03-01,1.9,2020
"Restaurants, cafés and the like","Euro area (EA11-1999, EA12-2001, EA13-2007, EA15-2008, EA16-2009, EA17-2011, EA18-2014, EA19-2015, EA20-2023, EA21-2026)",2020-04-01,1.8,2020
"Restaurants, cafés and the like","Euro area (EA11-1999, EA12-2001, EA13-2007, EA15-2008, EA16-2009, EA17-2011, EA18-2014, EA19-2015, EA20-2023, EA21-2026)",2020-05-01,1.8,2020
"Restaurants, cafés and the like","Euro area (EA11-1999, EA12-2001, EA13-2007, EA15-2008, EA16-2009, EA17-2011, EA18-2014, EA19-2015, EA20-2023, EA21-2026)",2020-06-01,1.8,2020
"Restaurants, cafés and the like","Euro area (EA11-1999, EA12-2001, EA13-2007, EA15-2008, EA16-2009, EA17-2011, EA18-2014, EA19-2015, EA20-2023, EA21-2026)",2020-07-01,1.8,2020
"Restaurants, cafés and the like","Euro area (EA11-1999, EA12-2001, EA13-2007, EA15-2008, EA16-2009, EA17-2011, EA18-2014, EA19-2015, EA20-2023, EA21-2026)",2020-08-01,1.8,2020
"Restaurants, cafés and the like","Euro area (EA11-1999, EA12-2001, EA13-2007, EA15-2008, EA16-2009, EA17-2011, EA18-2014, EA19-2015, EA20-2023, EA21-2026)",2020-09-01,1.8,2020
"Restaurants, cafés and the like","Euro area (EA11-1999, EA12-2001, EA13-2007, EA15-2008, EA16-2009, EA17-2011, EA18-2014, EA19-2015, EA20-2023, EA21-2026)",2020-10-01,1.8,2020
"Restaurants, cafés and the like","Euro area (EA11-1999, EA12-2001, EA13-2007, EA15-2008, EA16-2009, EA17-2011, EA18-2014, EA19-2015, EA20-2023, EA21-2026)",2020-11-01,1.7,2020
"Restaurants, cafés and the like","Euro area (EA11-1999, EA12-2001, EA13-2007, EA15-2008, EA16-2009, EA17-2011, EA18-2014, EA19-2015, EA20-2023, EA21-2026)",2020-12-01,1.6,2020
"Restaurants, cafés and the like","Euro area (EA11-1999, EA12-2001, EA13-2007, EA15-2008, EA16-2009, EA17-2011, EA18-2014, EA19-2015, EA20-2023, EA21-2026)",2021-01-01,1.6,2021
"Restaurants, cafés and the like","Euro area (EA11-1999, EA12-2001, EA13-2007, EA15-2008, EA16-2009, EA17-2011, EA18-2014, EA19-2015, EA20-2023, EA21-2026)",2021-02-01,1.5,2021
"Restaurants, cafés and the like","Euro area (EA11-1999, EA12-2001, EA13-2007, EA15-2008, EA16-2009, EA17-2011, EA18-2014, EA19-2015, EA20-2023, EA21-2026)",2021-03-01,1.6,2021
"Restaurants, cafés and the like","Euro area (EA11-1999, EA12-2001, EA13-2007, EA15-2008, EA16-2009, EA17-2011, EA18-2014, EA19-2015, EA20-2023, EA21-2026)",2021-04-01,1.7,2021
"Restaurants, cafés and the like","Euro area (EA11-1999, EA12-2001, EA13-2007, EA15-2008, EA16-2009, EA17-2011, EA18-2014, EA19-2015, EA20-2023, EA21-2026)",2021-05-01,1.6,2021
"Restaurants, cafés and the like","Euro area (EA11-1999, EA12-2001, EA13-2007, EA15-2008, EA16-2009, EA17-2011, EA18-2014, EA19-2015, EA20-2023, EA21-2026)",2021-06-01,1.9,2021
"Restaurants, cafés and the like","Euro area (EA11-1999, EA12-2001, EA13-2007, EA15-2008, EA16-2009, EA17-2011, EA18-2014, EA19-2015, EA20-2023, EA21-2026)",2021-07-01,2.1,2021
"Restaurants, cafés and the like","Euro area (EA11-1999, EA12-2001, EA13-2007, EA15-2008, EA16-2009, EA17-2011, EA18-2014, EA19-2015, EA20-2023, EA21-2026)",2021-08-01,2.2,2021
"Restaurants, cafés and the like","Euro area (EA11-1999, EA12-2001, EA13-2007, EA15-2008, EA16-2009, EA17-2011, EA18-2014, EA19-2015, EA20-2023, EA21-2026)",2021-09-01,2.3,2021
"Restaurants, cafés and the like","Euro area (EA11-1999, EA12-2001, EA13-2007, EA15-2008, EA16-2009, EA17-2011, EA18-2014, EA19-2015, EA20-2023, EA21-2026)",2021-10-01,2.5,2021
"Restaurants, cafés and the like","Euro area (EA11-1999, EA12-2001, EA13-2007, EA15-2008, EA16-2009, EA17-2011, EA18-2014, EA19-2015, EA20-2023, EA21-2026)",2021-11-01,2.7,2021
"Restaurants, cafés and the like","Euro area (EA11-1999, EA12-2001, EA13-2007, EA15-2008, EA16-2009, EA17-2011, EA18-2014, EA19-2015, EA20-2023, EA21-2026)",2021-12-01,2.9,2021
"Restaurants, cafés and the like","Euro area (EA11-1999, EA12-2001, EA13-2007, EA15-2008, EA16-2009, EA17-2011, EA18-2014, EA19-2015, EA20-2023, EA21-2026)",2022-01-01,3.3,2022
"Restaurants, cafés and the like","Euro area (EA11-1999, EA12-2001, EA13-2007, EA15-2008, EA16-2009, EA17-2011, EA18-2014, EA19-2015, EA20-2023, EA21-2026)",2022-02-01,3.7,2022
"Restaurants, cafés and the like","Euro area (EA11-1999, EA12-2001, EA13-2007, EA15-2008, EA16-2009, EA17-2011, EA18-2014, EA19-2015, EA20-2023, EA21-2026)",2022-03-01,4.0,2022
"Restaurants, cafés and the like","Euro area (EA11-1999, EA12-2001, EA13-2007, EA15-2008, EA16-2009, EA17-2011, EA18-2014, EA19-2015, EA20-2023, EA21-2026)",2022-04-01,4.6,2022
"Restaurants, cafés and the like","Euro area (EA11-1999, EA12-2001, EA13-2007, EA15-2008, EA16-2009, EA17-2011, EA18-2014, EA19-2015, EA20-2023, EA21-2026)",2022-05-01,5.4,2022
"Restaurants, cafés and the like","Euro area (EA11-1999, EA12-2001, EA13-2007, EA15-2008, EA16-2009, EA17-2011, EA18-2014, EA19-2015, EA20-2023, EA21-2026)",2022-06-01,5.7,2022
"Restaurants, cafés and the like","Euro area (EA11-1999, EA12-2001, EA13-2007, EA15-2008, EA16-2009, EA17-2011, EA18-2014, EA19-2015, EA20-2023, EA21-2026)",2022-07-01,6.1,2022
"Restaurants, cafés and the like","Euro area (EA11-1999, EA12-2001, EA13-2007, EA15-2008, EA16-2009, EA17-2011, EA18-2014, EA19-2015, EA20-2023, EA21-2026)",2022-08-01,6.5,2022
"Restaurants, cafés and the like","Euro area (EA11-1999, EA12-2001, EA13-2007, EA15-2008, EA16-2009, EA17-2011, EA18-2014, EA19-2015, EA20-2023, EA21-2026)",2022-09-01,7.0,2022
"Restaurants, cafés and the like","Euro area (EA11-1999, EA12-2001, EA13-2007, EA15-2008, EA16-2009, EA17-2011, EA18-2014, EA19-2015, EA20-2023, EA21-2026)",2022-10-01,7.3,2022
"Restaurants, cafés and the like","Euro area (EA11-1999, EA12-2001, EA13-2007, EA15-2008, EA16-2009, EA17-2011, EA18-2014, EA19-2015, EA20-2023, EA21-2026)",2022-11-01,7.8,2022
"Restaurants, cafés and the like","Euro area (EA11-1999, EA12-2001, EA13-2007, EA15-2008, EA16-2009, EA17-2011, EA18-2014, EA19-2015, EA20-2023, EA21-2026)",2022-12-01,8.1,2022
"Restaurants, cafés and the like","Euro area (EA11-1999, EA12-2001, EA13-2007, EA15-2008, EA16-2009, EA17-2011, EA18-2014, EA19-2015, EA20-2023, EA21-2026)",2023-01-01,8.4,2023
"Restaurants, cafés and the like","Euro area (EA11-1999, EA12-2001, EA13-2007, EA15-2008, EA16-2009, EA17-2011, EA18-2014, EA19-2015, EA20-2023, EA21-2026)",2023-02-01,8.5,2023
"Restaurants, cafés and the like","Euro area (EA11-1999, EA12-2001, EA13-2007, EA15-2008, EA16-2009, EA17-2011, EA18-2014, EA19-2015, EA20-2023, EA21-2026)",2023-03-01,8.5,2023
"Restaurants, cafés and the like","Euro area (EA11-1999, EA12-2001, EA13-2007, EA15-2008, EA16-2009, EA17-2011, EA18-2014, EA19-2015, EA20-2023, EA21-2026)",2023-04-01,8.3,2023
"Restaurants, cafés and the like","Euro area (EA11-1999, EA12-2001, EA13-2007, EA15-2008, EA16-2009, EA17-2011, EA18-2014, EA19-2015, EA20-2023, EA21-2026)",2023-05-01,7.9,2023
"Restaurants, cafés and the like","Euro area (EA11-1999, EA12-2001, EA13-2007, EA15-2008, EA16-2009, EA17-2011, EA18-2014, EA19-2015, EA20-2023, EA21-2026)",2023-06-01,7.5,2023
"Restaurants, cafés and the like","Euro area (EA11-1999, EA12-2001, EA13-2007, EA15-2008, EA16-2009, EA17-2011, EA18-2014, EA19-2015, EA20-2023, EA21-2026)",2023-07-01,7.2,2023
"Restaurants, cafés and the like","Euro area (EA11-1999, EA12-2001, EA13-2007, EA15-2008, EA16-2009, EA17-2011, EA18-2014, EA19-2015, EA20-2023, EA21-2026)",2023-08-01,7.0,2023
"Restaurants, cafés and the like","Euro area (EA11-1999, EA12-2001, EA13-2007, EA15-2008, EA16-2009, EA17-2011, EA18-2014, EA19-2015, EA20-2023, EA21-2026)",2023-09-01,6.6,2023
"Restaurants, cafés and the like","Euro area (EA11-1999, EA12-2001, EA13-2007, EA15-2008, EA16-2009, EA17-2011, EA18-2014, EA19-2015, EA20-2023, EA21-2026)",2023-10-01,6.3,2023
"Restaurants, cafés and the like","Euro area (EA11-1999, EA12-2001, EA13-2007, EA15-2008, EA16-2009, EA17-2011, EA18-2014, EA19-2015, EA20-2023, EA21-2026)",2023-11-01,5.9,2023
"Restaurants, cafés and the like","Euro area (EA11-1999, EA12-2001, EA13-2007, EA15-2008, EA16-2009, EA17-2011, EA18-2014, EA19-2015, EA20-2023, EA21-2026)",2023-12-01,5.6,2023
"Restaurants, cafés and the like","Euro area (EA11-1999, EA12-2001, EA13-2007, EA15-2008, EA16-2009, EA17-2011, EA18-2014, EA19-2015, EA20-2023, EA21-2026)",2024-01-01,5.6,2024
"Restaurants, cafés and the like","Euro area (EA11-1999, EA12-2001, EA13-2007, EA15-2008, EA16-2009, EA17-2011, EA18-2014, EA19-2015, EA20-2023, EA21-2026)",2024-02-01,5.5,2024
"Restaurants, cafés and the like","Euro area (EA11-1999, EA12-2001, EA13-2007, EA15-2008, EA16-2009, EA17-2011, EA18-2014, EA19-2015, EA20-2023, EA21-2026)",2024-03-01,5.3,2024
"Restaurants, cafés and the like","Euro area (EA11-1999, EA12-2001, EA13-2007, EA15-2008, EA16-2009, EA17-2011, EA18-2014, EA19-2015, EA20-2023, EA21-2026)",2024-04-01,5.0,2024
"Restaurants, cafés and the like","Euro area (EA11-1999, EA12-2001, EA13-2007, EA15-2008, EA16-2009, EA17-2011, EA18-2014, EA19-2015, EA20-2023, EA21-2026)",2024-05-01,4.8,2024
"Restaurants, cafés and the like","Euro area (EA11-1999, EA12-2001, EA13-2007, EA15-2008, EA16-2009, EA17-2011, EA18-2014, EA19-2015, EA20-2023, EA21-2026)",2024-06-01,4.7,2024
"Restaurants, cafés and the like","Euro area (EA11-1999, EA12-2001, EA13-2007, EA15-2008, EA16-2009, EA17-2011, EA18-2014, EA19-2015, EA20-2023, EA21-2026)",2024-07-01,4.7,2024
"Restaurants, cafés and the like","Euro area (EA11-1999, EA12-2001, EA13-2007, EA15-2008, EA16-2009, EA17-2011, EA18-2014, EA19-2015, EA20-2023, EA21-2026)",2024-08-01,4.6,2024
"Restaurants, cafés and the like","Euro area (EA11-1999, EA12-2001, EA13-2007, EA15-2008, EA16-2009, EA17-2011, EA18-2014, EA19-2015, EA20-2023, EA21-2026)",2024-09-01,4.5,2024
"Restaurants, cafés and the like","Euro area (EA11-1999, EA12-2001, EA13-2007, EA15-2008, EA16-2009, EA17-2011, EA18-2014, EA19-2015, EA20-2023, EA21-2026)",2024-10-01,4.4,2024
"Restaurants, cafés and the like","Euro area (EA11-1999, EA12-2001, EA13-2007, EA15-2008, EA16-2009, EA17-2011, EA18-2014, EA19-2015, EA20-2023, EA21-2026)",2024-11-01,4.3,2024
"Restaurants, cafés and the like","Euro area (EA11-1999, EA12-2001, EA13-2007, EA15-2008, EA16-2009, EA17-2011, EA18-2014, EA19-2015, EA20-2023, EA21-2026)",2024-12-01,4.3,2024
"Restaurants, cafés and the like","Euro area (EA11-1999, EA12-2001, EA13-2007, EA15-2008, EA16-2009, EA17-2011, EA18-2014, EA19-2015, EA20-2023, EA21-2026)",2025-01-01,3.9,2025
"Restaurants, cafés and the like","Euro area (EA11-1999, EA12-2001, EA13-2007, EA15-2008, EA16-2009, EA17-2011, EA18-2014, EA19-2015, EA20-2023, EA21-2026)",2025-02-01,3.8,2025
"Restaurants, cafés and the like","Euro area (EA11-1999, EA12-2001, EA13-2007, EA15-2008, EA16-2009, EA17-2011, EA18-2014, EA19-2015, EA20-2023, EA21-2026)",2025-03-01,3.9,2025
"Restaurants, cafés and the like","Euro area (EA11-1999, EA12-2001, EA13-2007, EA15-2008, EA16-2009, EA17-2011, EA18-2014, EA19-2015, EA20-2023, EA21-2026)",2025-04-01,3.9,2025
"Restaurants, cafés and the like","Euro area (EA11-1999, EA12-2001, EA13-2007, EA15-2008, EA16-2009, EA17-2011, EA18-2014, EA19-2015, EA20-2023, EA21-2026)",2025-05-01,3.9,2025
"Restaurants, cafés and the like","Euro area (EA11-1999, EA12-2001, EA13-2007, EA15-2008, EA16-2009, EA17-2011, EA18-2014, EA19-2015, EA20-2023, EA21-2026)",2025-06-01,3.9,2025
"Restaurants, cafés and the like","Euro area (EA11-1999, EA12-2001, EA13-2007, EA15-2008, EA16-2009, EA17-2011, EA18-2014, EA19-2015, EA20-2023, EA21-2026)",2025-07-01,3.8,2025
"Restaurants, cafés and the like","Euro area (EA11-1999, EA12-2001, EA13-2007, EA15-2008, EA16-2009, EA17-2011, EA18-2014, EA19-2015, EA20-2023, EA21-2026)",2025-08-01,3.8,2025
"Restaurants, cafés and the like","Euro area (EA11-1999, EA12-2001, EA13-2007, EA15-2008, EA16-2009, EA17-2011, EA18-2014, EA19-2015, EA20-2023, EA21-2026)",2025-09-01,3.8,2025
"Restaurants, cafés and the like","Euro area (EA11-1999, EA12-2001, EA13-2007, EA15-2008, EA16-2009, EA17-2011, EA18-2014, EA19-2015, EA20-2023, EA21-2026)",2025-10-01,3.9,2025
"Restaurants, cafés and the like","Euro area (EA11-1999, EA12-2001, EA13-2007, EA15-2008, EA16-2009, EA17-2011, EA18-2014, EA19-2015, EA20-2023, EA21-2026)",2025-11-01,3.9,2025
"Restaurants, cafés and the like","Euro area (EA11-1999, EA12-2001, EA13-2007, EA15-2008, EA16-2009, EA17-2011, EA18-2014, EA19-2015, EA20-2023, EA21-2026)",2025-12-01,3.9,2025
"Restaurants, cafés and the like",Spain,2019-01-01,1.8,2019
"Restaurants, cafés and the like",Spain,2019-02-01,1.8,2019
"Restaurants, cafés and the like",Spain,2019-03-01,1.9,2019
"Restaurants, cafés and the like",Spain,2019-04-01,2.0,2019
"Restaurants, cafés and the like",Spain,2019-05-01,2.0,2019
"Restaurants, cafés and the like",Spain,2019-06-01,2.0,2019
"Restaurants, cafés and the like",Spain,2019-07-01,1.9,2019
"Restaurants, cafés and the like",Spain,2019-08-01,1.9,2019
"Restaurants, cafés and the like",Spain,2019-09-01,1.9,2019
"Restaurants, cafés and the like",Spain,2019-10-01,1.9,2019
"Restaurants, cafés and the like",Spain,2019-11-01,1.9,2019
"Restaurants, cafés and the like",Spain,2019-12-01,2.0,2019
"Restaurants, cafés and the like",Spain,2020-01-01,1.9,2020
"Restaurants, cafés and the like",Spain,2020-02-01,2.0,2020
"Restaurants, cafés and the like",Spain,2020-03-01,1.8,2020
"Restaurants, cafés and the like",Spain,2020-04-01,1.6,2020
"Restaurants, cafés and the like",Spain,2020-05-01,1.6,2020
"Restaurants, cafés and the like",Spain,2020-06-01,1.6,2020
"Restaurants, cafés and the like",Spain,2020-07-01,1.6,2020
"Restaurants, cafés and the like",Spain,2020-08-01,1.5,2020
"Restaurants, cafés and the like",Spain,2020-09-01,1.6,2020
"Restaurants, cafés and the like",Spain,2020-10-01,1.6,2020
"Restaurants, cafés and the like",Spain,2020-11-01,1.4,2020
"Restaurants, cafés and the like",Spain,2020-12-01,1.4,2020
"Restaurants, cafés and the like",Spain,2021-01-01,1.3,2021
"Restaurants, cafés and the like",Spain,2021-02-01,1.2,2021
"Restaurants, cafés and the like",Spain,2021-03-01,1.2,2021
"Restaurants, cafés and the like",Spain,2021-04-01,1.3,2021
"Restaurants, cafés and the like",Spain,2021-05-01,1.2,2021
"Restaurants, cafés and the like",Spain,2021-06-01,1.2,2021
"Restaurants, cafés and the like",Spain,2021-07-01,1.3,2021
"Restaurants, cafés and the like",Spain,2021-08-01,1.4,2021
"Restaurants, cafés and the like",Spain,2021-09-01,1.4,2021
"Restaurants, cafés and the like",Spain,2021-10-01,1.6,2021
"Restaurants, cafés and the like",Spain,2021-11-01,1.9,2021
"Restaurants, cafés and the like",Spain,2021-12-01,2.2,2021
"Restaurants, cafés and the like",Spain,2022-01-01,2.6,2022
"Restaurants, cafés and the like",Spain,2022-02-01,3.2,2022
"Restaurants, cafés and the like",Spain,2022-03-01,3.7,2022
"Restaurants, cafés and the like",Spain,2022-04-01,4.3,2022
"Restaurants, cafés and the like",Spain,2022-05-01,5.0,2022
"Restaurants, cafés and the like",Spain,2022-06-01,5.7,2022
"Restaurants, cafés and the like",Spain,2022-07-01,6.2,2022
"Restaurants, cafés and the like",Spain,2022-08-01,6.4,2022
"Restaurants, cafés and the like",Spain,2022-09-01,6.9,2022
"Restaurants, cafés and the like",Spain,2022-10-01,7.3,2022
"Restaurants, cafés and the like",Spain,2022-11-01,7.5,2022
"Restaurants, cafés and the like",Spain,2022-12-01,7.8,2022
"Restaurants, cafés and the like",Spain,2023-01-01,7.9,2023
"Restaurants, cafés and the like",Spain,2023-02-01,7.6,2023
"Restaurants, cafés and the like",Spain,2023-03-01,7.6,2023
"Restaurants, cafés and the like",Spain,2023-04-01,7.4,2023
"Restaurants, cafés and the like",Spain,2023-05-01,7.1,2023
"Restaurants, cafés and the like",Spain,2023-06-01,6.8,2023
"Restaurants, cafés and the like",Spain,2023-07-01,6.5,2023
"Restaurants, cafés and the like",Spain,2023-08-01,6.5,2023
"Restaurants, cafés and the like",Spain,2023-09-01,6.1,2023
"Restaurants, cafés and the like",Spain,2023-10-01,6.0,2023
"Restaurants, cafés and the like",Spain,2023-11-01,5.7,2023
"Restaurants, cafés and the like",Spain,2023-12-01,5.4,2023
"Restaurants, cafés and the like",Spain,2024-01-01,5.3,2024
"Restaurants, cafés and the like",Spain,2024-02-01,5.3,2024
"Restaurants, cafés and the like",Spain,2024-03-01,5.3,2024
"Restaurants, cafés and the like",Spain,2024-04-01,5.1,2024
"Restaurants, cafés and the like",Spain,2024-05-01,4.9,2024
"Restaurants, cafés and the like",Spain,2024-06-01,4.7,2024
"Restaurants, cafés and the like",Spain,2024-07-01,4.6,2024
"Restaurants, cafés and the like",Spain,2024-08-01,4.5,2024
"Restaurants, cafés and the like",Spain,2024-09-01,4.4,2024
"Restaurants, cafés and the like",Spain,2024-10-01,4.2,2024
"Restaurants, cafés and the like",Spain,2024-11-01,4.1,2024
"Restaurants, cafés and the like",Spain,2024-12-01,4.1,2024
"Restaurants, cafés and the like",Spain,2025-01-01,4.1,2025
"Restaurants, cafés and the like",Spain,2025-02-01,4.0,2025
"Restaurants, cafés and the like",Spain,2025-03-01,4.0,2025
"Restaurants, cafés and the like",Spain,2025-04-01,4.0,2025
"Restaurants, cafés and the like",Spain,2025-05-01,4.0,2025
"Restaurants, cafés and the like",Spain,2025-06-01,4.1,2025
"Restaurants, cafés and the like",Spain,2025-07-01,4.0,2025
"Restaurants, cafés and the like",Spain,2025-08-01,4.1,2025
"Restaurants, cafés and the like",Spain,2025-09-01,4.2,2025
"Restaurants, cafés and the like",Spain,2025-10-01,4.2,2025
"Restaurants, cafés and the like",Spain,2025-11-01,4.2,2025
"Restaurants, cafés and the like",Spain,2025-12-01,4.3,2025
"Restaurants, cafés and the like",France,2019-01-01,1.7,2019
"Restaurants, cafés and the like",France,2019-02-01,1.6,2019
"Restaurants, cafés and the like",France,2019-03-01,1.6,2019
"Restaurants, cafés and the like",France,2019-04-01,1.6,2019
"Restaurants, cafés and the like",France,2019-05-01,1.5,2019
"Restaurants, cafés and the like",France,2019-06-01,1.3,2019
"Restaurants, cafés and the like",France,2019-07-01,1.3,2019
"Restaurants, cafés and the like",France,2019-08-01,1.4,2019
"Restaurants, cafés and the like",France,2019-09-01,1.4,2019
"Restaurants, cafés and the like",France,2019-10-01,1.4,2019
"Restaurants, cafés and the like",France,2019-11-01,1.4,2019
"Restaurants, cafés and the like",France,2019-12-01,1.5,2019
"Restaurants, cafés and the like",France,2020-01-01,1.6,2020
"Restaurants, cafés and the like",France,2020-02-01,1.7,2020
"Restaurants, cafés and the like",France,2020-03-01,1.7,2020
"Restaurants, cafés and the like",France,2020-04-01,1.4,2020
"Restaurants, cafés and the like",France,2020-05-01,2.3,2020
"Restaurants, cafés and the like",France,2020-06-01,1.8,2020
"Restaurants, cafés and the like",France,2020-07-01,1.9,2020
"Restaurants, cafés and the like",France,2020-08-01,1.8,2020
"Restaurants, cafés and the like",France,2020-09-01,1.6,2020
"Restaurants, cafés and the like",France,2020-10-01,1.6,2020
"Restaurants, cafés and the like",France,2020-11-01,1.3,2020
"Restaurants, cafés and the like",France,2020-12-01,1.3,2020
"Restaurants, cafés and the like",France,2021-01-01,1.4,2021
"Restaurants, cafés and the like",France,2021-02-01,1.4,2021
"Restaurants, cafés and the like",France,2021-03-01,1.8,2021
"Restaurants, cafés and the like",France,2021-04-01,2.1,2021
"Restaurants, cafés and the like",France,2021-05-01,-0.1,2021
"Restaurants, cafés and the like",France,2021-06-01,1.3,2021
"Restaurants, cafés and the like",France,2021-07-01,1.3,2021
"Restaurants, cafés and the like",France,2021-08-01,1.3,2021
"Restaurants, cafés and the like",France,2021-09-01,1.4,2021
"Restaurants, cafés and the like",France,2021-10-01,1.6,2021
"Restaurants, cafés and the like",France,2021-11-01,1.8,2021
"Restaurants, cafés and the like",France,2021-12-01,2.0,2021
"Restaurants, cafés and the like",France,2022-01-01,2.0,2022
"Restaurants, cafés and the like",France,2022-02-01,2.1,2022
"Restaurants, cafés and the like",France,2022-03-01,1.8,2022
"Restaurants, cafés and the like",France,2022-04-01,2.1,2022
"Restaurants, cafés and the like",France,2022-05-01,4.3,2022
"Restaurants, cafés and the like",France,2022-06-01,3.9,2022
"Restaurants, cafés and the like",France,2022-07-01,4.2,2022
"Restaurants, cafés and the like",France,2022-08-01,4.7,2022
"Restaurants, cafés and the like",France,2022-09-01,4.9,2022
"Restaurants, cafés and the like",France,2022-10-01,5.0,2022
"Restaurants, cafés and the like",France,2022-11-01,5.3,2022
"Restaurants, cafés and the like",France,2022-12-01,5.5,2022
"Restaurants, cafés and the like",France,2023-01-01,5.8,2023
"Restaurants, cafés and the like",France,2023-02-01,6.1,2023
"Restaurants, cafés and the like",France,2023-03-01,6.4,2023
"Restaurants, cafés and the like",France,2023-04-01,6.6,2023
"Restaurants, cafés and the like",France,2023-05-01,6.4,2023
"Restaurants, cafés and the like",France,2023-06-01,6.1,2023
"Restaurants, cafés and the like",France,2023-07-01,5.9,2023
"Restaurants, cafés and the like",France,2023-08-01,5.6,2023
"Restaurants, cafés and the like",France,2023-09-01,5.4,2023
"Restaurants, cafés and the like",France,2023-10-01,5.3,2023
"Restaurants, cafés and the like",France,2023-11-01,5.1,2023
"Restaurants, cafés and the like",France,2023-12-01,5.0,2023
"Restaurants, cafés and the like",France,2024-01-01,4.8,2024
"Restaurants, cafés and the like",France,2024-02-01,4.4,2024
"Restaurants, cafés and the like",France,2024-03-01,3.9,2024
"Restaurants, cafés and the like",France,2024-04-01,3.6,2024
"Restaurants, cafés and the like",France,2024-05-01,3.1,2024
"Restaurants, cafés and the like",France,2024-06-01,2.9,2024
"Restaurants, cafés and the like",France,2024-07-01,2.9,2024
"Restaurants, cafés and the like",France,2024-08-01,2.8,2024
"Restaurants, cafés and the like",France,2024-09-01,2.8,2024
"Restaurants, cafés and the like",France,2024-10-01,2.7,2024
"Restaurants, cafés and the like",France,2024-11-01,2.5,2024
"Restaurants, cafés and the like",France,2024-12-01,2.4,2024
"Restaurants, cafés and the like",France,2025-01-01,2.2,2025
"Restaurants, cafés and the like",France,2025-02-01,2.2,2025
"Restaurants, cafés and the like",France,2025-03-01,2.2,2025
"Restaurants, cafés and the like",France,2025-04-01,2.1,2025
"Restaurants, cafés and the like",France,2025-05-01,2.2,2025
"Restaurants, cafés and the like",France,2025-06-01,2.2,2025
"Restaurants, cafés and the like",France,2025-07-01,2.0,2025
"Restaurants, cafés and the like",France,2025-08-01,2.0,2025
"Restaurants, cafés and the like",France,2025-09-01,2.2,2025
"Restaurants, cafés and the like",France,2025-10-01,2.1,2025
"Restaurants, cafés and the like",France,2025-11-01,2.3,2025
"Restaurants, cafés and the like",France,2025-12-01,2.2,2025
"Restaurants, cafés and the like",Italy,2019-01-01,1.5,2019
"Restaurants, cafés and the like",Italy,2019-02-01,1.5,2019
"Restaurants, cafés and the like",Italy,2019-03-01,1.4,2019
"Restaurants, cafés and the like",Italy,2019-04-01,1.5,2019
"Restaurants, cafés and the like",Italy,2019-05-01,1.5,2019
"Restaurants, cafés and the like",Italy,2019-06-01,1.4,2019
"Restaurants, cafés and the like",Italy,2019-07-01,1.4,2019
"Restaurants, cafés and the like",Italy,2019-08-01,1.4,2019
"Restaurants, cafés and the like",Italy,2019-09-01,1.4,2019
"Restaurants, cafés and the like",Italy,2019-10-01,1.4,2019
"Restaurants, cafés and the like",Italy,2019-11-01,1.4,2019
"Restaurants, cafés and the like",Italy,2019-12-01,1.3,2019
"Restaurants, cafés and the like",Italy,2020-01-01,1.3,2020
"Restaurants, cafés and the like",Italy,2020-02-01,1.3,2020
"Restaurants, cafés and the like",Italy,2020-03-01,1.3,2020
"Restaurants, cafés and the like",Italy,2020-04-01,1.1,2020
"Restaurants, cafés and the like",Italy,2020-05-01,1.0,2020
"Restaurants, cafés and the like",Italy,2020-06-01,1.2,2020
"Restaurants, cafés and the like",Italy,2020-07-01,1.2,2020
"Restaurants, cafés and the like",Italy,2020-08-01,1.2,2020
"Restaurants, cafés and the like",Italy,2020-09-01,1.2,2020
"Restaurants, cafés and the like",Italy,2020-10-01,1.2,2020
"Restaurants, cafés and the like",Italy,2020-11-01,1.0,2020
"Restaurants, cafés and the like",Italy,2020-12-01,1.1,2020
"Restaurants, cafés and the like",Italy,2021-01-01,1.3,2021
"Restaurants, cafés and the like",Italy,2021-02-01,1.3,2021
"Restaurants, cafés and the like",Italy,2021-03-01,1.2,2021
"Restaurants, cafés and the like",Italy,2021-04-01,1.3,2021
"Restaurants, cafés and the like",Italy,2021-05-01,1.7,2021
"Restaurants, cafés and the like",Italy,2021-06-01,2.0,2021
"Restaurants, cafés and the like",Italy,2021-07-01,2.1,2021
"Restaurants, cafés and the like",Italy,2021-08-01,2.2,2021
"Restaurants, cafés and the like",Italy,2021-09-01,2.2,2021
"Restaurants, cafés and the like",Italy,2021-10-01,2.3,2021
"Restaurants, cafés and the like",Italy,2021-11-01,2.4,2021
"Restaurants, cafés and the like",Italy,2021-12-01,2.8,2021
"Restaurants, cafés and the like",Italy,2022-01-01,2.8,2022
"Restaurants, cafés and the like",Italy,2022-02-01,3.3,2022
"Restaurants, cafés and the like",Italy,2022-03-01,3.8,2022
"Restaurants, cafés and the like",Italy,2022-04-01,4.3,2022
"Restaurants, cafés and the like",Italy,2022-05-01,4.6,2022
"Restaurants, cafés and the like",Italy,2022-06-01,4.6,2022
"Restaurants, cafés and the like",Italy,2022-07-01,5.0,2022
"Restaurants, cafés and the like",Italy,2022-08-01,5.1,2022
"Restaurants, cafés and the like",Italy,2022-09-01,6.1,2022
"Restaurants, cafés and the like",Italy,2022-10-01,6.6,2022
"Restaurants, cafés and the like",Italy,2022-11-01,7.4,2022
"Restaurants, cafés and the like",Italy,2022-12-01,7.4,2022
"Restaurants, cafés and the like",Italy,2023-01-01,7.5,2023
"Restaurants, cafés and the like",Italy,2023-02-01,7.4,2023
"Restaurants, cafés and the like",Italy,2023-03-01,7.3,2023
"Restaurants, cafés and the like",Italy,2023-04-01,7.1,2023
"Restaurants, cafés and the like",Italy,2023-05-01,6.6,2023
"Restaurants, cafés and the like",Italy,2023-06-01,6.3,2023
"Restaurants, cafés and the like",Italy,2023-07-01,6.1,2023
"Restaurants, cafés and the like",Italy,2023-08-01,5.9,2023
"Restaurants, cafés and the like",Italy,2023-09-01,5.3,2023
"Restaurants, cafés and the like",Italy,2023-10-01,4.8,2023
"Restaurants, cafés and the like",Italy,2023-11-01,4.3,2023
"Restaurants, cafés and the like",Italy,2023-12-01,3.9,2023
"Restaurants, cafés and the like",Italy,2024-01-01,3.8,2024
"Restaurants, cafés and the like",Italy,2024-02-01,3.6,2024
"Restaurants, cafés and the like",Italy,2024-03-01,3.3,2024
"Restaurants, cafés and the like",Italy,2024-04-01,3.3,2024
"Restaurants, cafés and the like",Italy,2024-05-01,3.2,2024
"Restaurants, cafés and the like",Italy,2024-06-01,3.2,2024
"Restaurants, cafés and the like",Italy,2024-07-01,3.2,2024
"Restaurants, cafés and the like",Italy,2024-08-01,3.2,2024
"Restaurants, cafés and the like",Italy,2024-09-01,3.0,2024
"Restaurants, cafés and the like",Italy,2024-10-01,3.0,2024
"Restaurants, cafés and the like",Italy,2024-11-01,2.8,2024
"Restaurants, cafés and the like",Italy,2024-12-01,2.9,2024
"Restaurants, cafés and the like",Italy,2025-01-01,2.9,2025
"Restaurants, cafés and the like",Italy,2025-02-01,2.9,2025
"Restaurants, cafés and the like",Italy,2025-03-01,3.2,2025
"Restaurants, cafés and the like",Italy,2025-04-01,3.2,2025
"Restaurants, cafés and the like",Italy,2025-05-01,3.1,2025
"Restaurants, cafés and the like",Italy,2025-06-01,3.3,2025
"Restaurants, cafés and the like",Italy,2025-07-01,3.1,2025
"Restaurants, cafés and the like",Italy,2025-08-01,3.1,2025
"Restaurants, cafés and the like",Italy,2025-09-01,3.4,2025
"Restaurants, cafés and the like",Italy,2025-10-01,3.4,2025
"Restaurants, cafés and the like",Italy,2025-11-01,3.5,2025
"Restaurants, cafés and the like",Italy,2025-12-01,3.5,2025
"Restaurants, cafés and the like",Portugal,2019-01-01,1.8,2019
"Restaurants, cafés and the like",Portugal,2019-02-01,1.9,2019
"Restaurants, cafés and the like",Portugal,2019-03-01,2.3,2019
"Restaurants, cafés and the like",Portugal,2019-04-01,2.4,2019
"Restaurants, cafés and the like",Portugal,2019-05-01,2.1,2019
"Restaurants, cafés and the like",Portugal,2019-06-01,2.0,2019
"Restaurants, cafés and the like",Portugal,2019-07-01,2.1,2019
"Restaurants, cafés and the like",Portugal,2019-08-01,2.2,2019
"Restaurants, cafés and the like",Portugal,2019-09-01,2.2,2019
"Restaurants, cafés and the like",Portugal,2019-10-01,2.3,2019
"Restaurants, cafés and the like",Portugal,2019-11-01,2.1,2019
"Restaurants, cafés and the like",Portugal,2019-12-01,2.1,2019
"Restaurants, cafés and the like",Portugal,2020-01-01,2.3,2020
"Restaurants, cafés and the like",Portugal,2020-02-01,2.3,2020
"Restaurants, cafés and the like",Portugal,2020-03-01,2.2,2020
"Restaurants, cafés and the like",Portugal,2020-04-01,2.9,2020
"Restaurants, cafés and the like",Portugal,2020-05-01,2.8,2020
"Restaurants, cafés and the like",Portugal,2020-06-01,2.6,2020
"Restaurants, cafés and the like",Portugal,2020-07-01,2.5,2020
"Restaurants, cafés and the like",Portugal,2020-08-01,2.4,2020
"Restaurants, cafés and the like",Portugal,2020-09-01,2.4,2020
"Restaurants, cafés and the like",Portugal,2020-10-01,2.3,2020
"Restaurants, cafés and the like",Portugal,2020-11-01,2.1,2020
"Restaurants, cafés and the like",Portugal,2020-12-01,2.0,2020
"Restaurants, cafés and the like",Portugal,2021-01-01,1.6,2021
"Restaurants, cafés and the like",Portugal,2021-02-01,1.4,2021
"Restaurants, cafés and the like",Portugal,2021-03-01,1.3,2021
"Restaurants, cafés and the like",Portugal,2021-04-01,1.4,2021
"Restaurants, cafés and the like",Portugal,2021-05-01,1.4,2021
"Restaurants, cafés and the like",Portugal,2021-06-01,1.6,2021
"Restaurants, cafés and the like",Portugal,2021-07-01,1.9,2021
"Restaurants, cafés and the like",Portugal,2021-08-01,2.0,2021
"Restaurants, cafés and the like",Portugal,2021-09-01,2.2,2021
"Restaurants, cafés and the like",Portugal,2021-10-01,2.3,2021
"Restaurants, cafés and the like",Portugal,2021-11-01,2.7,2021
"Restaurants, cafés and the like",Portugal,2021-12-01,3.0,2021
"Restaurants, cafés and the like",Portugal,2022-01-01,4.1,2022
"Restaurants, cafés and the like",Portugal,2022-02-01,5.0,2022
"Restaurants, cafés and the like",Portugal,2022-03-01,5.7,2022
"Restaurants, cafés and the like",Portugal,2022-04-01,5.6,2022
"Restaurants, cafés and the like",Portugal,2022-05-01,6.4,2022
"Restaurants, cafés and the like",Portugal,2022-06-01,7.0,2022
"Restaurants, cafés and the like",Portugal,2022-07-01,7.6,2022
"Restaurants, cafés and the like",Portugal,2022-08-01,8.0,2022
"Restaurants, cafés and the like",Portugal,2022-09-01,8.7,2022
"Restaurants, cafés and the like",Portugal,2022-10-01,9.7,2022
"Restaurants, cafés and the like",Portugal,2022-11-01,9.9,2022
"Restaurants, cafés and the like",Portugal,2022-12-01,10.0,2022
"Restaurants, cafés and the like",Portugal,2023-01-01,10.5,2023
"Restaurants, cafés and the like",Portugal,2023-02-01,10.4,2023
"Restaurants, cafés and the like",Portugal,2023-03-01,10.4,2023
"Restaurants, cafés and the like",Portugal,2023-04-01,10.3,2023
"Restaurants, cafés and the like",Portugal,2023-05-01,9.7,2023
"Restaurants, cafés and the like",Portugal,2023-06-01,9.5,2023
"Restaurants, cafés and the like",Portugal,2023-07-01,9.3,2023
"Restaurants, cafés and the like",Portugal,2023-08-01,8.9,2023
"Restaurants, cafés and the like",Portugal,2023-09-01,8.3,2023
"Restaurants, cafés and the like",Portugal,2023-10-01,7.2,2023
"Restaurants, cafés and the like",Portugal,2023-11-01,7.0,2023
"Restaurants, cafés and the like",Portugal,2023-12-01,6.8,2023
"Restaurants, cafés and the like",Portugal,2024-01-01,6.6,2024
"Restaurants, cafés and the like",Portugal,2024-02-01,6.3,2024
"Restaurants, cafés and the like",Portugal,2024-03-01,6.3,2024
"Restaurants, cafés and the like",Portugal,2024-04-01,6.0,2024
"Restaurants, cafés and the like",Portugal,2024-05-01,6.0,2024
"Restaurants, cafés and the like",Portugal,2024-06-01,5.9,2024
"Restaurants, cafés and the like",Portugal,2024-07-01,5.3,2024
"Restaurants, cafés and the like",Portugal,2024-08-01,5.5,2024
"Restaurants, cafés and the like",Portugal,2024-09-01,5.5,2024
"Restaurants, cafés and the like",Portugal,2024-10-01,5.5,2024
"Restaurants, cafés and the like",Portugal,2024-11-01,5.5,2024
"Restaurants, cafés and the like",Portugal,2024-12-01,5.6,2024
"Restaurants, cafés and the like",Portugal,2025-01-01,5.7,2025
"Restaurants, cafés and the like",Portugal,2025-02-01,5.9,2025
"Restaurants, cafés and the like",Portugal,2025-03-01,5.9,2025
"Restaurants, cafés and the like",Portugal,2025-04-01,5.8,2025
"Restaurants, cafés and the like",Portugal,2025-05-01,6.1,2025
"Restaurants, cafés and the like",Portugal,2025-06-01,6.1,2025
"Restaurants, cafés and the like",Portugal,2025-07-01,6.3,2025
"Restaurants, cafés and the like",Portugal,2025-08-01,6.3,2025
"Restaurants, cafés and the like",Portugal,2025-09-01,6.4,2025
"Restaurants, cafés and the like",Portugal,2025-10-01,6.6,2025
"Restaurants, cafés and the like",Portugal,2025-11-01,6.9,2025
"Restaurants, cafés and the like",Portugal,2025-12-01,6.8,2025
Hairdressing salons and personal grooming establishments,Germany,2019-01-01,2.8,2019
Hairdressing salons and personal grooming establishments,Germany,2019-02-01,2.7,2019
Hairdressing salons and personal grooming establishments,Germany,2019-03-01,2.8,2019
Hairdressing salons and personal grooming establishments,Germany,2019-04-01,3.0,2019
Hairdressing salons and personal grooming establishments,Germany,2019-05-01,3.1,2019
Hairdressing salons and personal grooming establishments,Germany,2019-06-01,3.0,2019
Hairdressing salons and personal grooming establishments,Germany,2019-07-01,3.1,2019
Hairdressing salons and personal grooming establishments,Germany,2019-08-01,3.1,2019
Hairdressing salons and personal grooming establishments,Germany,2019-09-01,3.3,2019
Hairdressing salons and personal grooming establishments,Germany,2019-10-01,3.0,2019
Hairdressing salons and personal grooming establishments,Germany,2019-11-01,2.9,2019
Hairdressing salons and personal grooming establishments,Germany,2019-12-01,2.9,2019
Hairdressing salons and personal grooming establishments,Germany,2020-01-01,2.8,2020
Hairdressing salons and personal grooming establishments,Germany,2020-02-01,2.8,2020
Hairdressing salons and personal grooming establishments,Germany,2020-03-01,2.8,2020
Hairdressing salons and personal grooming establishments,Germany,2020-04-01,2.3,2020
Hairdressing salons and personal grooming establishments,Germany,2020-05-01,4.3,2020
Hairdressing salons and personal grooming establishments,Germany,2020-06-01,5.1,2020
Hairdressing salons and personal grooming establishments,Germany,2020-07-01,4.9,2020
Hairdressing salons and personal grooming establishments,Germany,2020-08-01,4.8,2020
Hairdressing salons and personal grooming establishments,Germany,2020-09-01,4.8,2020
Hairdressing salons and personal grooming establishments,Germany,2020-10-01,4.9,2020
Hairdressing salons and personal grooming establishments,Germany,2020-11-01,5.0,2020
Hairdressing salons and personal grooming establishments,Germany,2020-12-01,5.1,2020
Hairdressing salons and personal grooming establishments,Germany,2021-01-01,4.6,2021
Hairdressing salons and personal grooming establishments,Germany,2021-02-01,4.4,2021
Hairdressing salons and personal grooming establishments,Germany,2021-03-01,5.8,2021
Hairdressing salons and personal grooming establishments,Germany,2021-04-01,6.0,2021
Hairdressing salons and personal grooming establishments,Germany,2021-05-01,4.1,2021
Hairdressing salons and personal grooming establishments,Germany,2021-06-01,3.2,2021
Hairdressing salons and personal grooming establishments,Germany,2021-07-01,3.2,2021
Hairdressing salons and personal grooming establishments,Germany,2021-08-01,3.2,2021
Hairdressing salons and personal grooming establishments,Germany,2021-09-01,3.3,2021
Hairdressing salons and personal grooming establishments,Germany,2021-10-01,3.5,2021
Hairdressing salons and personal grooming establishments,Germany,2021-11-01,3.6,2021
Hairdressing salons and personal grooming establishments,Germany,2021-12-01,3.7,2021
Hairdressing salons and personal grooming establishments,Germany,2022-01-01,4.3,2022
Hairdressing salons and personal grooming establishments,Germany,2022-02-01,4.6,2022
Hairdressing salons and personal grooming establishments,Germany,2022-03-01,3.5,2022
Hairdressing salons and personal grooming establishments,Germany,2022-04-01,3.8,2022
Hairdressing salons and personal grooming establishments,Germany,2022-05-01,3.9,2022
Hairdressing salons and personal grooming establishments,Germany,2022-06-01,4.2,2022
Hairdressing salons and personal grooming establishments,Germany,2022-07-01,4.9,2022
Hairdressing salons and personal grooming establishments,Germany,2022-08-01,5.2,2022
Hairdressing salons and personal grooming establishments,Germany,2022-09-01,5.5,2022
Hairdressing salons and personal grooming establishments,Germany,2022-10-01,6.5,2022
Hairdressing salons and personal grooming establishments,Germany,2022-11-01,7.4,2022
Hairdressing salons and personal grooming establishments,Germany,2022-12-01,7.4,2022
Hairdressing salons and personal grooming establishments,Germany,2023-01-01,7.6,2023
Hairdressing salons and personal grooming establishments,Germany,2023-02-01,7.8,2023
Hairdressing salons and personal grooming establishments,Germany,2023-03-01,7.8,2023
Hairdressing salons and personal grooming establishments,Germany,2023-04-01,7.6,2023
Hairdressing salons and personal grooming establishments,Germany,2023-05-01,7.4,2023
Hairdressing salons and personal grooming establishments,Germany,2023-06-01,7.3,2023
Hairdressing salons and personal grooming establishments,Germany,2023-07-01,6.8,2023
Hairdressing salons and personal grooming establishments,Germany,2023-08-01,6.8,2023
Hairdressing salons and personal grooming establishments,Germany,2023-09-01,6.2,2023
Hairdressing salons and personal grooming establishments,Germany,2023-10-01,5.2,2023
Hairdressing salons and personal grooming establishments,Germany,2023-11-01,4.7,2023
Hairdressing salons and personal grooming establishments,Germany,2023-12-01,4.7,2023
Hairdressing salons and personal grooming establishments,Germany,2024-01-01,4.5,2024
Hairdressing salons and personal grooming establishments,Germany,2024-02-01,4.2,2024
Hairdressing salons and personal grooming establishments,Germany,2024-03-01,4.2,2024
Hairdressing salons and personal grooming establishments,Germany,2024-04-01,4.2,2024
Hairdressing salons and personal grooming establishments,Germany,2024-05-01,4.1,2024
Hairdressing salons and personal grooming establishments,Germany,2024-06-01,4.0,2024
Hairdressing salons and personal grooming establishments,Germany,2024-07-01,3.9,2024
Hairdressing salons and personal grooming establishments,Germany,2024-08-01,3.7,2024
Hairdressing salons and personal grooming establishments,Germany,2024-09-01,3.8,2024
Hairdressing salons and personal grooming establishments,Germany,2024-10-01,3.6,2024
Hairdressing salons and personal grooming establishments,Germany,2024-11-01,3.3,2024
Hairdressing salons and personal grooming establishments,Germany,2024-12-01,3.0,2024
Hairdressing salons and personal grooming establishments,Germany,2025-01-01,2.8,2025
Hairdressing salons and personal grooming establishments,Germany,2025-02-01,3.1,2025
Hairdressing salons and personal grooming establishments,Germany,2025-03-01,2.9,2025
Hairdressing salons and personal grooming establishments,Germany,2025-04-01,2.9,2025
Hairdressing salons and personal grooming establishments,Germany,2025-05-01,3.0,2025
Hairdressing salons and personal grooming establishments,Germany,2025-06-01,3.0,2025
Hairdressing salons and personal grooming establishments,Germany,2025-07-01,3.0,2025
Hairdressing salons and personal grooming establishments,Germany,2025-08-01,3.1,2025
Hairdressing salons and personal grooming establishments,Germany,2025-09-01,3.2,2025
Hairdressing salons and personal grooming establishments,Germany,2025-10-01,3.0,2025
Hairdressing salons and personal grooming establishments,Germany,2025-11-01,3.0,2025
Hairdressing salons and personal grooming establishments,Germany,2025-12-01,3.3,2025
Hairdressing salons and personal grooming establishments,"Euro area (EA11-1999, EA12-2001, EA13-2007, EA15-2008, EA16-2009, EA17-2011, EA18-2014, EA19-2015, EA20-2023, EA21-2026)",2019-01-01,1.8,2019
Hairdressing salons and personal grooming establishments,"Euro area (EA11-1999, EA12-2001, EA13-2007, EA15-2008, EA16-2009, EA17-2011, EA18-2014, EA19-2015, EA20-2023, EA21-2026)",2019-02-01,1.9,2019
Hairdressing salons and personal grooming establishments,"Euro area (EA11-1999, EA12-2001, EA13-2007, EA15-2008, EA16-2009, EA17-2011, EA18-2014, EA19-2015, EA20-2023, EA21-2026)",2019-03-01,1.9,2019
Hairdressing salons and personal grooming establishments,"Euro area (EA11-1999, EA12-2001, EA13-2007, EA15-2008, EA16-2009, EA17-2011, EA18-2014, EA19-2015, EA20-2023, EA21-2026)",2019-04-01,2.0,2019
Hairdressing salons and personal grooming establishments,"Euro area (EA11-1999, EA12-2001, EA13-2007, EA15-2008, EA16-2009, EA17-2011, EA18-2014, EA19-2015, EA20-2023, EA21-2026)",2019-05-01,2.0,2019
Hairdressing salons and personal grooming establishments,"Euro area (EA11-1999, EA12-2001, EA13-2007, EA15-2008, EA16-2009, EA17-2011, EA18-2014, EA19-2015, EA20-2023, EA21-2026)",2019-06-01,2.0,2019
Hairdressing salons and personal grooming establishments,"Euro area (EA11-1999, EA12-2001, EA13-2007, EA15-2008, EA16-2009, EA17-2011, EA18-2014, EA19-2015, EA20-2023, EA21-2026)",2019-07-01,2.0,2019
Hairdressing salons and personal grooming establishments,"Euro area (EA11-1999, EA12-2001, EA13-2007, EA15-2008, EA16-2009, EA17-2011, EA18-2014, EA19-2015, EA20-2023, EA21-2026)",2019-08-01,2.1,2019
Hairdressing salons and personal grooming establishments,"Euro area (EA11-1999, EA12-2001, EA13-2007, EA15-2008, EA16-2009, EA17-2011, EA18-2014, EA19-2015, EA20-2023, EA21-2026)",2019-09-01,2.1,2019
Hairdressing salons and personal grooming establishments,"Euro area (EA11-1999, EA12-2001, EA13-2007, EA15-2008, EA16-2009, EA17-2011, EA18-2014, EA19-2015, EA20-2023, EA21-2026)",2019-10-01,2.0,2019
Hairdressing salons and personal grooming establishments,"Euro area (EA11-1999, EA12-2001, EA13-2007, EA15-2008, EA16-2009, EA17-2011, EA18-2014, EA19-2015, EA20-2023, EA21-2026)",2019-11-01,2.0,2019
Hairdressing salons and personal grooming establishments,"Euro area (EA11-1999, EA12-2001, EA13-2007, EA15-2008, EA16-2009, EA17-2011, EA18-2014, EA19-2015, EA20-2023, EA21-2026)",2019-12-01,2.0,2019
Hairdressing salons and personal grooming establishments,"Euro area (EA11-1999, EA12-2001, EA13-2007, EA15-2008, EA16-2009, EA17-2011, EA18-2014, EA19-2015, EA20-2023, EA21-2026)",2020-01-01,2.0,2020
Hairdressing salons and personal grooming establishments,"Euro area (EA11-1999, EA12-2001, EA13-2007, EA15-2008, EA16-2009, EA17-2011, EA18-2014, EA19-2015, EA20-2023, EA21-2026)",2020-02-01,1.9,2020
Hairdressing salons and personal grooming establishments,"Euro area (EA11-1999, EA12-2001, EA13-2007, EA15-2008, EA16-2009, EA17-2011, EA18-2014, EA19-2015, EA20-2023, EA21-2026)",2020-03-01,1.9,2020
Hairdressing salons and personal grooming establishments,"Euro area (EA11-1999, EA12-2001, EA13-2007, EA15-2008, EA16-2009, EA17-2011, EA18-2014, EA19-2015, EA20-2023, EA21-2026)",2020-04-01,1.7,2020
Hairdressing salons and personal grooming establishments,"Euro area (EA11-1999, EA12-2001, EA13-2007, EA15-2008, EA16-2009, EA17-2011, EA18-2014, EA19-2015, EA20-2023, EA21-2026)",2020-05-01,2.7,2020
Hairdressing salons and personal grooming establishments,"Euro area (EA11-1999, EA12-2001, EA13-2007, EA15-2008, EA16-2009, EA17-2011, EA18-2014, EA19-2015, EA20-2023, EA21-2026)",2020-06-01,3.2,2020
Hairdressing salons and personal grooming establishments,"Euro area (EA11-1999, EA12-2001, EA13-2007, EA15-2008, EA16-2009, EA17-2011, EA18-2014, EA19-2015, EA20-2023, EA21-2026)",2020-07-01,3.4,2020
Hairdressing salons and personal grooming establishments,"Euro area (EA11-1999, EA12-2001, EA13-2007, EA15-2008, EA16-2009, EA17-2011, EA18-2014, EA19-2015, EA20-2023, EA21-2026)",2020-08-01,3.3,2020
Hairdressing salons and personal grooming establishments,"Euro area (EA11-1999, EA12-2001, EA13-2007, EA15-2008, EA16-2009, EA17-2011, EA18-2014, EA19-2015, EA20-2023, EA21-2026)",2020-09-01,3.3,2020
Hairdressing salons and personal grooming establishments,"Euro area (EA11-1999, EA12-2001, EA13-2007, EA15-2008, EA16-2009, EA17-2011, EA18-2014, EA19-2015, EA20-2023, EA21-2026)",2020-10-01,3.3,2020
Hairdressing salons and personal grooming establishments,"Euro area (EA11-1999, EA12-2001, EA13-2007, EA15-2008, EA16-2009, EA17-2011, EA18-2014, EA19-2015, EA20-2023, EA21-2026)",2020-11-01,3.3,2020
Hairdressing salons and personal grooming establishments,"Euro area (EA11-1999, EA12-2001, EA13-2007, EA15-2008, EA16-2009, EA17-2011, EA18-2014, EA19-2015, EA20-2023, EA21-2026)",2020-12-01,3.3,2020
Hairdressing salons and personal grooming establishments,"Euro area (EA11-1999, EA12-2001, EA13-2007, EA15-2008, EA16-2009, EA17-2011, EA18-2014, EA19-2015, EA20-2023, EA21-2026)",2021-01-01,3.1,2021
Hairdressing salons and personal grooming establishments,"Euro area (EA11-1999, EA12-2001, EA13-2007, EA15-2008, EA16-2009, EA17-2011, EA18-2014, EA19-2015, EA20-2023, EA21-2026)",2021-02-01,3.0,2021
Hairdressing salons and personal grooming establishments,"Euro area (EA11-1999, EA12-2001, EA13-2007, EA15-2008, EA16-2009, EA17-2011, EA18-2014, EA19-2015, EA20-2023, EA21-2026)",2021-03-01,3.6,2021
Hairdressing salons and personal grooming establishments,"Euro area (EA11-1999, EA12-2001, EA13-2007, EA15-2008, EA16-2009, EA17-2011, EA18-2014, EA19-2015, EA20-2023, EA21-2026)",2021-04-01,3.7,2021
Hairdressing salons and personal grooming establishments,"Euro area (EA11-1999, EA12-2001, EA13-2007, EA15-2008, EA16-2009, EA17-2011, EA18-2014, EA19-2015, EA20-2023, EA21-2026)",2021-05-01,2.7,2021
Hairdressing salons and personal grooming establishments,"Euro area (EA11-1999, EA12-2001, EA13-2007, EA15-2008, EA16-2009, EA17-2011, EA18-2014, EA19-2015, EA20-2023, EA21-2026)",2021-06-01,2.2,2021
Hairdressing salons and personal grooming establishments,"Euro area (EA11-1999, EA12-2001, EA13-2007, EA15-2008, EA16-2009, EA17-2011, EA18-2014, EA19-2015, EA20-2023, EA21-2026)",2021-07-01,2.1,2021
Hairdressing salons and personal grooming establishments,"Euro area (EA11-1999, EA12-2001, EA13-2007, EA15-2008, EA16-2009, EA17-2011, EA18-2014, EA19-2015, EA20-2023, EA21-2026)",2021-08-01,2.1,2021
Hairdressing salons and personal grooming establishments,"Euro area (EA11-1999, EA12-2001, EA13-2007, EA15-2008, EA16-2009, EA17-2011, EA18-2014, EA19-2015, EA20-2023, EA21-2026)",2021-09-01,2.1,2021
Hairdressing salons and personal grooming establishments,"Euro area (EA11-1999, EA12-2001, EA13-2007, EA15-2008, EA16-2009, EA17-2011, EA18-2014, EA19-2015, EA20-2023, EA21-2026)",2021-10-01,2.2,2021
Hairdressing salons and personal grooming establishments,"Euro area (EA11-1999, EA12-2001, EA13-2007, EA15-2008, EA16-2009, EA17-2011, EA18-2014, EA19-2015, EA20-2023, EA21-2026)",2021-11-01,2.3,2021
Hairdressing salons and personal grooming establishments,"Euro area (EA11-1999, EA12-2001, EA13-2007, EA15-2008, EA16-2009, EA17-2011, EA18-2014, EA19-2015, EA20-2023, EA21-2026)",2021-12-01,2.4,2021
Hairdressing salons and personal grooming establishments,"Euro area (EA11-1999, EA12-2001, EA13-2007, EA15-2008, EA16-2009, EA17-2011, EA18-2014, EA19-2015, EA20-2023, EA21-2026)",2022-01-01,2.7,2022
Hairdressing salons and personal grooming establishments,"Euro area (EA11-1999, EA12-2001, EA13-2007, EA15-2008, EA16-2009, EA17-2011, EA18-2014, EA19-2015, EA20-2023, EA21-2026)",2022-02-01,3.0,2022
Hairdressing salons and personal grooming establishments,"Euro area (EA11-1999, EA12-2001, EA13-2007, EA15-2008, EA16-2009, EA17-2011, EA18-2014, EA19-2015, EA20-2023, EA21-2026)",2022-03-01,2.7,2022
Hairdressing salons and personal grooming establishments,"Euro area (EA11-1999, EA12-2001, EA13-2007, EA15-2008, EA16-2009, EA17-2011, EA18-2014, EA19-2015, EA20-2023, EA21-2026)",2022-04-01,2.9,2022
Hairdressing salons and personal grooming establishments,"Euro area (EA11-1999, EA12-2001, EA13-2007, EA15-2008, EA16-2009, EA17-2011, EA18-2014, EA19-2015, EA20-2023, EA21-2026)",2022-05-01,3.1,2022
Hairdressing salons and personal grooming establishments,"Euro area (EA11-1999, EA12-2001, EA13-2007, EA15-2008, EA16-2009, EA17-2011, EA18-2014, EA19-2015, EA20-2023, EA21-2026)",2022-06-01,3.3,2022
Hairdressing salons and personal grooming establishments,"Euro area (EA11-1999, EA12-2001, EA13-2007, EA15-2008, EA16-2009, EA17-2011, EA18-2014, EA19-2015, EA20-2023, EA21-2026)",2022-07-01,3.5,2022
Hairdressing salons and personal grooming establishments,"Euro area (EA11-1999, EA12-2001, EA13-2007, EA15-2008, EA16-2009, EA17-2011, EA18-2014, EA19-2015, EA20-2023, EA21-2026)",2022-08-01,3.8,2022
Hairdressing salons and personal grooming establishments,"Euro area (EA11-1999, EA12-2001, EA13-2007, EA15-2008, EA16-2009, EA17-2011, EA18-2014, EA19-2015, EA20-2023, EA21-2026)",2022-09-01,4.0,2022
Hairdressing salons and personal grooming establishments,"Euro area (EA11-1999, EA12-2001, EA13-2007, EA15-2008, EA16-2009, EA17-2011, EA18-2014, EA19-2015, EA20-2023, EA21-2026)",2022-10-01,4.4,2022
Hairdressing salons and personal grooming establishments,"Euro area (EA11-1999, EA12-2001, EA13-2007, EA15-2008, EA16-2009, EA17-2011, EA18-2014, EA19-2015, EA20-2023, EA21-2026)",2022-11-01,4.7,2022
Hairdressing salons and personal grooming establishments,"Euro area (EA11-1999, EA12-2001, EA13-2007, EA15-2008, EA16-2009, EA17-2011, EA18-2014, EA19-2015, EA20-2023, EA21-2026)",2022-12-01,4.9,2022
Hairdressing salons and personal grooming establishments,"Euro area (EA11-1999, EA12-2001, EA13-2007, EA15-2008, EA16-2009, EA17-2011, EA18-2014, EA19-2015, EA20-2023, EA21-2026)",2023-01-01,5.1,2023
Hairdressing salons and personal grooming establishments,"Euro area (EA11-1999, EA12-2001, EA13-2007, EA15-2008, EA16-2009, EA17-2011, EA18-2014, EA19-2015, EA20-2023, EA21-2026)",2023-02-01,5.3,2023
Hairdressing salons and personal grooming establishments,"Euro area (EA11-1999, EA12-2001, EA13-2007, EA15-2008, EA16-2009, EA17-2011, EA18-2014, EA19-2015, EA20-2023, EA21-2026)",2023-03-01,5.3,2023
Hairdressing salons and personal grooming establishments,"Euro area (EA11-1999, EA12-2001, EA13-2007, EA15-2008, EA16-2009, EA17-2011, EA18-2014, EA19-2015, EA20-2023, EA21-2026)",2023-04-01,5.2,2023
Hairdressing salons and personal grooming establishments,"Euro area (EA11-1999, EA12-2001, EA13-2007, EA15-2008, EA16-2009, EA17-2011, EA18-2014, EA19-2015, EA20-2023, EA21-2026)",2023-05-01,5.2,2023
Hairdressing salons and personal grooming establishments,"Euro area (EA11-1999, EA12-2001, EA13-2007, EA15-2008, EA16-2009, EA17-2011, EA18-2014, EA19-2015, EA20-2023, EA21-2026)",2023-06-01,5.1,2023
Hairdressing salons and personal grooming establishments,"Euro area (EA11-1999, EA12-2001, EA13-2007, EA15-2008, EA16-2009, EA17-2011, EA18-2014, EA19-2015, EA20-2023, EA21-2026)",2023-07-01,5.0,2023
Hairdressing salons and personal grooming establishments,"Euro area (EA11-1999, EA12-2001, EA13-2007, EA15-2008, EA16-2009, EA17-2011, EA18-2014, EA19-2015, EA20-2023, EA21-2026)",2023-08-01,5.0,2023
Hairdressing salons and personal grooming establishments,"Euro area (EA11-1999, EA12-2001, EA13-2007, EA15-2008, EA16-2009, EA17-2011, EA18-2014, EA19-2015, EA20-2023, EA21-2026)",2023-09-01,4.8,2023
Hairdressing salons and personal grooming establishments,"Euro area (EA11-1999, EA12-2001, EA13-2007, EA15-2008, EA16-2009, EA17-2011, EA18-2014, EA19-2015, EA20-2023, EA21-2026)",2023-10-01,4.4,2023
Hairdressing salons and personal grooming establishments,"Euro area (EA11-1999, EA12-2001, EA13-2007, EA15-2008, EA16-2009, EA17-2011, EA18-2014, EA19-2015, EA20-2023, EA21-2026)",2023-11-01,4.2,2023
Hairdressing salons and personal grooming establishments,"Euro area (EA11-1999, EA12-2001, EA13-2007, EA15-2008, EA16-2009, EA17-2011, EA18-2014, EA19-2015, EA20-2023, EA21-2026)",2023-12-01,4.1,2023
Hairdressing salons and personal grooming establishments,"Euro area (EA11-1999, EA12-2001, EA13-2007, EA15-2008, EA16-2009, EA17-2011, EA18-2014, EA19-2015, EA20-2023, EA21-2026)",2024-01-01,3.9,2024
Hairdressing salons and personal grooming establishments,"Euro area (EA11-1999, EA12-2001, EA13-2007, EA15-2008, EA16-2009, EA17-2011, EA18-2014, EA19-2015, EA20-2023, EA21-2026)",2024-02-01,3.8,2024
Hairdressing salons and personal grooming establishments,"Euro area (EA11-1999, EA12-2001, EA13-2007, EA15-2008, EA16-2009, EA17-2011, EA18-2014, EA19-2015, EA20-2023, EA21-2026)",2024-03-01,3.9,2024
Hairdressing salons and personal grooming establishments,"Euro area (EA11-1999, EA12-2001, EA13-2007, EA15-2008, EA16-2009, EA17-2011, EA18-2014, EA19-2015, EA20-2023, EA21-2026)",2024-04-01,3.8,2024
Hairdressing salons and personal grooming establishments,"Euro area (EA11-1999, EA12-2001, EA13-2007, EA15-2008, EA16-2009, EA17-2011, EA18-2014, EA19-2015, EA20-2023, EA21-2026)",2024-05-01,3.8,2024
Hairdressing salons and personal grooming establishments,"Euro area (EA11-1999, EA12-2001, EA13-2007, EA15-2008, EA16-2009, EA17-2011, EA18-2014, EA19-2015, EA20-2023, EA21-2026)",2024-06-01,3.7,2024
Hairdressing salons and personal grooming establishments,"Euro area (EA11-1999, EA12-2001, EA13-2007, EA15-2008, EA16-2009, EA17-2011, EA18-2014, EA19-2015, EA20-2023, EA21-2026)",2024-07-01,3.7,2024
Hairdressing salons and personal grooming establishments,"Euro area (EA11-1999, EA12-2001, EA13-2007, EA15-2008, EA16-2009, EA17-2011, EA18-2014, EA19-2015, EA20-2023, EA21-2026)",2024-08-01,3.5,2024
Hairdressing salons and personal grooming establishments,"Euro area (EA11-1999, EA12-2001, EA13-2007, EA15-2008, EA16-2009, EA17-2011, EA18-2014, EA19-2015, EA20-2023, EA21-2026)",2024-09-01,3.6,2024
Hairdressing salons and personal grooming establishments,"Euro area (EA11-1999, EA12-2001, EA13-2007, EA15-2008, EA16-2009, EA17-2011, EA18-2014, EA19-2015, EA20-2023, EA21-2026)",2024-10-01,3.5,2024
Hairdressing salons and personal grooming establishments,"Euro area (EA11-1999, EA12-2001, EA13-2007, EA15-2008, EA16-2009, EA17-2011, EA18-2014, EA19-2015, EA20-2023, EA21-2026)",2024-11-01,3.4,2024
Hairdressing salons and personal grooming establishments,"Euro area (EA11-1999, EA12-2001, EA13-2007, EA15-2008, EA16-2009, EA17-2011, EA18-2014, EA19-2015, EA20-2023, EA21-2026)",2024-12-01,3.2,2024
Hairdressing salons and personal grooming establishments,"Euro area (EA11-1999, EA12-2001, EA13-2007, EA15-2008, EA16-2009, EA17-2011, EA18-2014, EA19-2015, EA20-2023, EA21-2026)",2025-01-01,3.2,2025
Hairdressing salons and personal grooming establishments,"Euro area (EA11-1999, EA12-2001, EA13-2007, EA15-2008, EA16-2009, EA17-2011, EA18-2014, EA19-2015, EA20-2023, EA21-2026)",2025-02-01,3.2,2025
Hairdressing salons and personal grooming establishments,"Euro area (EA11-1999, EA12-2001, EA13-2007, EA15-2008, EA16-2009, EA17-2011, EA18-2014, EA19-2015, EA20-2023, EA21-2026)",2025-03-01,3.1,2025
Hairdressing salons and personal grooming establishments,"Euro area (EA11-1999, EA12-2001, EA13-2007, EA15-2008, EA16-2009, EA17-2011, EA18-2014, EA19-2015, EA20-2023, EA21-2026)",2025-04-01,3.1,2025
Hairdressing salons and personal grooming establishments,"Euro area (EA11-1999, EA12-2001, EA13-2007, EA15-2008, EA16-2009, EA17-2011, EA18-2014, EA19-2015, EA20-2023, EA21-2026)",2025-05-01,3.2,2025
Hairdressing salons and personal grooming establishments,"Euro area (EA11-1999, EA12-2001, EA13-2007, EA15-2008, EA16-2009, EA17-2011, EA18-2014, EA19-2015, EA20-2023, EA21-2026)",2025-06-01,3.2,2025
Hairdressing salons and personal grooming establishments,"Euro area (EA11-1999, EA12-2001, EA13-2007, EA15-2008, EA16-2009, EA17-2011, EA18-2014, EA19-2015, EA20-2023, EA21-2026)",2025-07-01,3.1,2025
Hairdressing salons and personal grooming establishments,"Euro area (EA11-1999, EA12-2001, EA13-2007, EA15-2008, EA16-2009, EA17-2011, EA18-2014, EA19-2015, EA20-2023, EA21-2026)",2025-08-01,3.1,2025
Hairdressing salons and personal grooming establishments,"Euro area (EA11-1999, EA12-2001, EA13-2007, EA15-2008, EA16-2009, EA17-2011, EA18-2014, EA19-2015, EA20-2023, EA21-2026)",2025-09-01,3.1,2025
Hairdressing salons and personal grooming establishments,"Euro area (EA11-1999, EA12-2001, EA13-2007, EA15-2008, EA16-2009, EA17-2011, EA18-2014, EA19-2015, EA20-2023, EA21-2026)",2025-10-01,3.1,2025
Hairdressing salons and personal grooming establishments,"Euro area (EA11-1999, EA12-2001, EA13-2007, EA15-2008, EA16-2009, EA17-2011, EA18-2014, EA19-2015, EA20-2023, EA21-2026)",2025-11-01,3.2,2025
Hairdressing salons and personal grooming establishments,"Euro area (EA11-1999, EA12-2001, EA13-2007, EA15-2008, EA16-2009, EA17-2011, EA18-2014, EA19-2015, EA20-2023, EA21-2026)",2025-12-01,3.3,2025
Hairdressing salons and personal grooming establishments,Spain,2019-01-01,1.2,2019
Hairdressing salons and personal grooming establishments,Spain,2019-02-01,1.3,2019
Hairdressing salons and personal grooming establishments,Spain,2019-03-01,1.3,2019
Hairdressing salons and personal grooming establishments,Spain,2019-04-01,1.4,2019
Hairdressing salons and personal grooming establishments,Spain,2019-05-01,1.4,2019
Hairdressing salons and personal grooming establishments,Spain,2019-06-01,1.4,2019
Hairdressing salons and personal grooming establishments,Spain,2019-07-01,1.4,2019
Hairdressing salons and personal grooming establishments,Spain,2019-08-01,1.5,2019
Hairdressing salons and personal grooming establishments,Spain,2019-09-01,1.4,2019
Hairdressing salons and personal grooming establishments,Spain,2019-10-01,1.5,2019
Hairdressing salons and personal grooming establishments,Spain,2019-11-01,1.4,2019
Hairdressing salons and personal grooming establishments,Spain,2019-12-01,1.3,2019
Hairdressing salons and personal grooming establishments,Spain,2020-01-01,1.3,2020
Hairdressing salons and personal grooming establishments,Spain,2020-02-01,1.3,2020
Hairdressing salons and personal grooming establishments,Spain,2020-03-01,1.3,2020
Hairdressing salons and personal grooming establishments,Spain,2020-04-01,1.2,2020
Hairdressing salons and personal grooming establishments,Spain,2020-05-01,1.5,2020
Hairdressing salons and personal grooming establishments,Spain,2020-06-01,1.7,2020
Hairdressing salons and personal grooming establishments,Spain,2020-07-01,2.1,2020
Hairdressing salons and personal grooming establishments,Spain,2020-08-01,1.8,2020
Hairdressing salons and personal grooming establishments,Spain,2020-09-01,1.8,2020
Hairdressing salons and personal grooming establishments,Spain,2020-10-01,1.9,2020
Hairdressing salons and personal grooming establishments,Spain,2020-11-01,1.8,2020
Hairdressing salons and personal grooming establishments,Spain,2020-12-01,1.9,2020
Hairdressing salons and personal grooming establishments,Spain,2021-01-01,1.8,2021
Hairdressing salons and personal grooming establishments,Spain,2021-02-01,1.5,2021
Hairdressing salons and personal grooming establishments,Spain,2021-03-01,1.5,2021
Hairdressing salons and personal grooming establishments,Spain,2021-04-01,1.5,2021
Hairdressing salons and personal grooming establishments,Spain,2021-05-01,1.4,2021
Hairdressing salons and personal grooming establishments,Spain,2021-06-01,1.3,2021
Hairdressing salons and personal grooming establishments,Spain,2021-07-01,1.0,2021
Hairdressing salons and personal grooming establishments,Spain,2021-08-01,0.9,2021
Hairdressing salons and personal grooming establishments,Spain,2021-09-01,0.9,2021
Hairdressing salons and personal grooming establishments,Spain,2021-10-01,0.9,2021
Hairdressing salons and personal grooming establishments,Spain,2021-11-01,1.3,2021
Hairdressing salons and personal grooming establishments,Spain,2021-12-01,1.5,2021
Hairdressing salons and personal grooming establishments,Spain,2022-01-01,1.7,2022
Hairdressing salons and personal grooming establishments,Spain,2022-02-01,2.4,2022
Hairdressing salons and personal grooming establishments,Spain,2022-03-01,2.8,2022
Hairdressing salons and personal grooming establishments,Spain,2022-04-01,3.1,2022
Hairdressing salons and personal grooming establishments,Spain,2022-05-01,3.1,2022
Hairdressing salons and personal grooming establishments,Spain,2022-06-01,3.1,2022
Hairdressing salons and personal grooming establishments,Spain,2022-07-01,3.2,2022
Hairdressing salons and personal grooming establishments,Spain,2022-08-01,3.6,2022
Hairdressing salons and personal grooming establishments,Spain,2022-09-01,3.7,2022
Hairdressing salons and personal grooming establishments,Spain,2022-10-01,3.9,2022
Hairdressing salons and personal grooming establishments,Spain,2022-11-01,3.8,2022
Hairdressing salons and personal grooming establishments,Spain,2022-12-01,3.7,2022
Hairdressing salons and personal grooming establishments,Spain,2023-01-01,3.7,2023
Hairdressing salons and personal grooming establishments,Spain,2023-02-01,3.8,2023
Hairdressing salons and personal grooming establishments,Spain,2023-03-01,3.7,2023
Hairdressing salons and personal grooming establishments,Spain,2023-04-01,3.8,2023
Hairdressing salons and personal grooming establishments,Spain,2023-05-01,3.6,2023
Hairdressing salons and personal grooming establishments,Spain,2023-06-01,3.6,2023
Hairdressing salons and personal grooming establishments,Spain,2023-07-01,3.6,2023
Hairdressing salons and personal grooming establishments,Spain,2023-08-01,3.6,2023
Hairdressing salons and personal grooming establishments,Spain,2023-09-01,3.6,2023
Hairdressing salons and personal grooming establishments,Spain,2023-10-01,3.5,2023
Hairdressing salons and personal grooming establishments,Spain,2023-11-01,3.5,2023
Hairdressing salons and personal grooming establishments,Spain,2023-12-01,3.6,2023
Hairdressing salons and personal grooming establishments,Spain,2024-01-01,3.6,2024
Hairdressing salons and personal grooming establishments,Spain,2024-02-01,3.6,2024
Hairdressing salons and personal grooming establishments,Spain,2024-03-01,3.7,2024
Hairdressing salons and personal grooming establishments,Spain,2024-04-01,3.6,2024
Hairdressing salons and personal grooming establishments,Spain,2024-05-01,3.8,2024
Hairdressing salons and personal grooming establishments,Spain,2024-06-01,3.7,2024
Hairdressing salons and personal grooming establishments,Spain,2024-07-01,3.8,2024
Hairdressing salons and personal grooming establishments,Spain,2024-08-01,3.7,2024
Hairdressing salons and personal grooming establishments,Spain,2024-09-01,3.6,2024
Hairdressing salons and personal grooming establishments,Spain,2024-10-01,3.6,2024
Hairdressing salons and personal grooming establishments,Spain,2024-11-01,3.5,2024
Hairdressing salons and personal grooming establishments,Spain,2024-12-01,3.5,2024
Hairdressing salons and personal grooming establishments,Spain,2025-01-01,3.7,2025
Hairdressing salons and personal grooming establishments,Spain,2025-02-01,3.7,2025
Hairdressing salons and personal grooming establishments,Spain,2025-03-01,3.8,2025
Hairdressing salons and personal grooming establishments,Spain,2025-04-01,3.8,2025
Hairdressing salons and personal grooming establishments,Spain,2025-05-01,3.6,2025
Hairdressing salons and personal grooming establishments,Spain,2025-06-01,3.7,2025
Hairdressing salons and personal grooming establishments,Spain,2025-07-01,3.7,2025
Hairdressing salons and personal grooming establishments,Spain,2025-08-01,3.7,2025
Hairdressing salons and personal grooming establishments,Spain,2025-09-01,3.6,2025
Hairdressing salons and personal grooming establishments,Spain,2025-10-01,3.7,2025
Hairdressing salons and personal grooming establishments,Spain,2025-11-01,3.8,2025
Hairdressing salons and personal grooming establishments,Spain,2025-12-01,3.7,2025
Hairdressing salons and personal grooming establishments,France,2019-01-01,1.0,2019
Hairdressing salons and personal grooming establishments,France,2019-02-01,1.1,2019
Hairdressing salons and personal grooming establishments,France,2019-03-01,1.1,2019
Hairdressing salons and personal grooming establishments,France,2019-04-01,1.0,2019
Hairdressing salons and personal grooming establishments,France,2019-05-01,1.1,2019
Hairdressing salons and personal grooming establishments,France,2019-06-01,1.0,2019
Hairdressing salons and personal grooming establishments,France,2019-07-01,1.0,2019
Hairdressing salons and personal grooming establishments,France,2019-08-01,1.1,2019
Hairdressing salons and personal grooming establishments,France,2019-09-01,0.9,2019
Hairdressing salons and personal grooming establishments,France,2019-10-01,1.1,2019
Hairdressing salons and personal grooming establishments,France,2019-11-01,1.3,2019
Hairdressing salons and personal grooming establishments,France,2019-12-01,1.3,2019
Hairdressing salons and personal grooming establishments,France,2020-01-01,1.4,2020
Hairdressing salons and personal grooming establishments,France,2020-02-01,1.3,2020
Hairdressing salons and personal grooming establishments,France,2020-03-01,1.4,2020
Hairdressing salons and personal grooming establishments,France,2020-04-01,1.4,2020
Hairdressing salons and personal grooming establishments,France,2020-05-01,3.7,2020
Hairdressing salons and personal grooming establishments,France,2020-06-01,3.4,2020
Hairdressing salons and personal grooming establishments,France,2020-07-01,3.4,2020
Hairdressing salons and personal grooming establishments,France,2020-08-01,3.4,2020
Hairdressing salons and personal grooming establishments,France,2020-09-01,3.3,2020
Hairdressing salons and personal grooming establishments,France,2020-10-01,3.2,2020
Hairdressing salons and personal grooming establishments,France,2020-11-01,3.1,2020
Hairdressing salons and personal grooming establishments,France,2020-12-01,3.1,2020
Hairdressing salons and personal grooming establishments,France,2021-01-01,3.3,2021
Hairdressing salons and personal grooming establishments,France,2021-02-01,3.3,2021
Hairdressing salons and personal grooming establishments,France,2021-03-01,3.4,2021
Hairdressing salons and personal grooming establishments,France,2021-04-01,3.6,2021
Hairdressing salons and personal grooming establishments,France,2021-05-01,1.2,2021
Hairdressing salons and personal grooming establishments,France,2021-06-01,1.4,2021
Hairdressing salons and personal grooming establishments,France,2021-07-01,1.4,2021
Hairdressing salons and personal grooming establishments,France,2021-08-01,1.3,2021
Hairdressing salons and personal grooming establishments,France,2021-09-01,1.2,2021
Hairdressing salons and personal grooming establishments,France,2021-10-01,1.2,2021
Hairdressing salons and personal grooming establishments,France,2021-11-01,1.1,2021
Hairdressing salons and personal grooming establishments,France,2021-12-01,1.2,2021
Hairdressing salons and personal grooming establishments,France,2022-01-01,1.0,2022
Hairdressing salons and personal grooming establishments,France,2022-02-01,1.1,2022
Hairdressing salons and personal grooming establishments,France,2022-03-01,0.9,2022
Hairdressing salons and personal grooming establishments,France,2022-04-01,1.0,2022
Hairdressing salons and personal grooming establishments,France,2022-05-01,1.1,2022
Hairdressing salons and personal grooming establishments,France,2022-06-01,1.1,2022
Hairdressing salons and personal grooming establishments,France,2022-07-01,1.2,2022
Hairdressing salons and personal grooming establishments,France,2022-08-01,1.5,2022
Hairdressing salons and personal grooming establishments,France,2022-09-01,1.8,2022
Hairdressing salons and personal grooming establishments,France,2022-10-01,2.0,2022
Hairdressing salons and personal grooming establishments,France,2022-11-01,2.1,2022
Hairdressing salons and personal grooming establishments,France,2022-12-01,2.0,2022
Hairdressing salons and personal grooming establishments,France,2023-01-01,2.8,2023
Hairdressing salons and personal grooming establishments,France,2023-02-01,3.3,2023
Hairdressing salons and personal grooming establishments,France,2023-03-01,3.4,2023
Hairdressing salons and personal grooming establishments,France,2023-04-01,3.3,2023
Hairdressing salons and personal grooming establishments,France,2023-05-01,3.5,2023
Hairdressing salons and personal grooming establishments,France,2023-06-01,3.4,2023
Hairdressing salons and personal grooming establishments,France,2023-07-01,3.5,2023
Hairdressing salons and personal grooming establishments,France,2023-08-01,3.4,2023
Hairdressing salons and personal grooming establishments,France,2023-09-01,3.2,2023
Hairdressing salons and personal grooming establishments,France,2023-10-01,3.3,2023
Hairdressing salons and personal grooming establishments,France,2023-11-01,3.2,2023
Hairdressing salons and personal grooming establishments,France,2023-12-01,3.2,2023
Hairdressing salons and personal grooming establishments,France,2024-01-01,2.5,2024
Hairdressing salons and personal grooming establishments,France,2024-02-01,2.1,2024
Hairdressing salons and personal grooming establishments,France,2024-03-01,2.5,2024
Hairdressing salons and personal grooming establishments,France,2024-04-01,2.5,2024
Hairdressing salons and personal grooming establishments,France,2024-05-01,2.3,2024
Hairdressing salons and personal grooming establishments,France,2024-06-01,2.2,2024
Hairdressing salons and personal grooming establishments,France,2024-07-01,2.2,2024
Hairdressing salons and personal grooming establishments,France,2024-08-01,2.0,2024
Hairdressing salons and personal grooming establishments,France,2024-09-01,2.0,2024
Hairdressing salons and personal grooming establishments,France,2024-10-01,1.7,2024
Hairdressing salons and personal grooming establishments,France,2024-11-01,1.9,2024
Hairdressing salons and personal grooming establishments,France,2024-12-01,1.6,2024
Hairdressing salons and personal grooming establishments,France,2025-01-01,1.9,2025
Hairdressing salons and personal grooming establishments,France,2025-02-01,1.9,2025
Hairdressing salons and personal grooming establishments,France,2025-03-01,1.6,2025
Hairdressing salons and personal grooming establishments,France,2025-04-01,1.7,2025
Hairdressing salons and personal grooming establishments,France,2025-05-01,1.7,2025
Hairdressing salons and personal grooming establishments,France,2025-06-01,1.9,2025
Hairdressing salons and personal grooming establishments,France,2025-07-01,1.9,2025
Hairdressing salons and personal grooming establishments,France,2025-08-01,2.0,2025
Hairdressing salons and personal grooming establishments,France,2025-09-01,2.1,2025
Hairdressing salons and personal grooming establishments,France,2025-10-01,2.0,2025
Hairdressing salons and personal grooming establishments,France,2025-11-01,1.8,2025
Hairdressing salons and personal grooming establishments,France,2025-12-01,2.0,2025
Hairdressing salons and personal grooming establishments,Italy,2019-01-01,1.0,2019
Hairdressing salons and personal grooming establishments,Italy,2019-02-01,0.9,2019
Hairdressing salons and personal grooming establishments,Italy,2019-03-01,1.0,2019
Hairdressing salons and personal grooming establishments,Italy,2019-04-01,1.2,2019
Hairdressing salons and personal grooming establishments,Italy,2019-05-01,1.2,2019
Hairdressing salons and personal grooming establishments,Italy,2019-06-01,1.2,2019
Hairdressing salons and personal grooming establishments,Italy,2019-07-01,1.0,2019
Hairdressing salons and personal grooming establishments,Italy,2019-08-01,1.1,2019
Hairdressing salons and personal grooming establishments,Italy,2019-09-01,1.2,2019
Hairdressing salons and personal grooming establishments,Italy,2019-10-01,1.1,2019
Hairdressing salons and personal grooming establishments,Italy,2019-11-01,1.2,2019
Hairdressing salons and personal grooming establishments,Italy,2019-12-01,1.2,2019
Hairdressing salons and personal grooming establishments,Italy,2020-01-01,1.2,2020
Hairdressing salons and personal grooming establishments,Italy,2020-02-01,1.4,2020
Hairdressing salons and personal grooming establishments,Italy,2020-03-01,1.2,2020
Hairdressing salons and personal grooming establishments,Italy,2020-04-01,0.9,2020
Hairdressing salons and personal grooming establishments,Italy,2020-05-01,1.0,2020
Hairdressing salons and personal grooming establishments,Italy,2020-06-01,1.8,2020
Hairdressing salons and personal grooming establishments,Italy,2020-07-01,2.2,2020
Hairdressing salons and personal grooming establishments,Italy,2020-08-01,2.1,2020
Hairdressing salons and personal grooming establishments,Italy,2020-09-01,2.0,2020
Hairdressing salons and personal grooming establishments,Italy,2020-10-01,2.0,2020
Hairdressing salons and personal grooming establishments,Italy,2020-11-01,2.0,2020
Hairdressing salons and personal grooming establishments,Italy,2020-12-01,1.9,2020
Hairdressing salons and personal grooming establishments,Italy,2021-01-01,2.3,2021
Hairdressing salons and personal grooming establishments,Italy,2021-02-01,2.2,2021
Hairdressing salons and personal grooming establishments,Italy,2021-03-01,2.4,2021
Hairdressing salons and personal grooming establishments,Italy,2021-04-01,2.4,2021
Hairdressing salons and personal grooming establishments,Italy,2021-05-01,2.2,2021
Hairdressing salons and personal grooming establishments,Italy,2021-06-01,1.4,2021
Hairdressing salons and personal grooming establishments,Italy,2021-07-01,1.1,2021
Hairdressing salons and personal grooming establishments,Italy,2021-08-01,1.2,2021
Hairdressing salons and personal grooming establishments,Italy,2021-09-01,1.3,2021
Hairdressing salons and personal grooming establishments,Italy,2021-10-01,1.3,2021
Hairdressing salons and personal grooming establishments,Italy,2021-11-01,1.3,2021
Hairdressing salons and personal grooming establishments,Italy,2021-12-01,1.4,2021
Hairdressing salons and personal grooming establishments,Italy,2022-01-01,1.3,2022
Hairdressing salons and personal grooming establishments,Italy,2022-02-01,1.5,2022
Hairdressing salons and personal grooming establishments,Italy,2022-03-01,1.6,2022
Hairdressing salons and personal grooming establishments,Italy,2022-04-01,2.0,2022
Hairdressing salons and personal grooming establishments,Italy,2022-05-01,2.2,2022
Hairdressing salons and personal grooming establishments,Italy,2022-06-01,2.2,2022
Hairdressing salons and personal grooming establishments,Italy,2022-07-01,2.4,2022
Hairdressing salons and personal grooming establishments,Italy,2022-08-01,2.4,2022
Hairdressing salons and personal grooming establishments,Italy,2022-09-01,2.8,2022
Hairdressing salons and personal grooming establishments,Italy,2022-10-01,3.0,2022
Hairdressing salons and personal grooming establishments,Italy,2022-11-01,3.1,2022
Hairdressing salons and personal grooming establishments,Italy,2022-12-01,3.3,2022
Hairdressing salons and personal grooming establishments,Italy,2023-01-01,3.3,2023
Hairdressing salons and personal grooming establishments,Italy,2023-02-01,3.2,2023
Hairdressing salons and personal grooming establishments,Italy,2023-03-01,3.2,2023
Hairdressing salons and personal grooming establishments,Italy,2023-04-01,3.0,2023
Hairdressing salons and personal grooming establishments,Italy,2023-05-01,3.0,2023
Hairdressing salons and personal grooming establishments,Italy,2023-06-01,3.0,2023
Hairdressing salons and personal grooming establishments,Italy,2023-07-01,3.0,2023
Hairdressing salons and personal grooming establishments,Italy,2023-08-01,3.0,2023
Hairdressing salons and personal grooming establishments,Italy,2023-09-01,2.7,2023
Hairdressing salons and personal grooming establishments,Italy,2023-10-01,2.6,2023
Hairdressing salons and personal grooming establishments,Italy,2023-11-01,2.5,2023
Hairdressing salons and personal grooming establishments,Italy,2023-12-01,2.3,2023
Hairdressing salons and personal grooming establishments,Italy,2024-01-01,2.2,2024
Hairdressing salons and personal grooming establishments,Italy,2024-02-01,2.4,2024
Hairdressing salons and personal grooming establishments,Italy,2024-03-01,2.4,2024
Hairdressing salons and personal grooming establishments,Italy,2024-04-01,2.4,2024
Hairdressing salons and personal grooming establishments,Italy,2024-05-01,2.2,2024
Hairdressing salons and personal grooming establishments,Italy,2024-06-01,2.1,2024
Hairdressing salons and personal grooming establishments,Italy,2024-07-01,2.2,2024
Hairdressing salons and personal grooming establishments,Italy,2024-08-01,2.2,2024
Hairdressing salons and personal grooming establishments,Italy,2024-09-01,2.1,2024
Hairdressing salons and personal grooming establishments,Italy,2024-10-01,2.1,2024
Hairdressing salons and personal grooming establishments,Italy,2024-11-01,2.1,2024
Hairdressing salons and personal grooming establishments,Italy,2024-12-01,2.2,2024
Hairdressing salons and personal grooming establishments,Italy,2025-01-01,2.1,2025
Hairdressing salons and personal grooming establishments,Italy,2025-02-01,1.9,2025
Hairdressing salons and personal grooming establishments,Italy,2025-03-01,1.8,2025
Hairdressing salons and personal grooming establishments,Italy,2025-04-01,1.9,2025
Hairdressing salons and personal grooming establishments,Italy,2025-05-01,2.1,2025
Hairdressing salons and personal grooming establishments,Italy,2025-06-01,2.3,2025
Hairdressing salons and personal grooming establishments,Italy,2025-07-01,2.1,2025
Hairdressing salons and personal grooming establishments,Italy,2025-08-01,2.2,2025
Hairdressing salons and personal grooming establishments,Italy,2025-09-01,2.2,2025
Hairdressing salons and personal grooming establishments,Italy,2025-10-01,2.3,2025
Hairdressing salons and personal grooming establishments,Italy,2025-11-01,2.7,2025
Hairdressing salons and personal grooming establishments,Italy,2025-12-01,2.7,2025
Hairdressing salons and personal grooming establishments,Portugal,2019-01-01,1.0,2019
Hairdressing salons and personal grooming establishments,Portugal,2019-02-01,1.0,2019
Hairdressing salons and personal grooming establishments,Portugal,2019-03-01,1.2,2019
Hairdressing salons and personal grooming establishments,Portugal,2019-04-01,1.3,2019
Hairdressing salons and personal grooming establishments,Portugal,2019-05-01,1.1,2019
Hairdressing salons and personal grooming establishments,Portugal,2019-06-01,1.3,2019
Hairdressing salons and personal grooming establishments,Portugal,2019-07-01,1.5,2019
Hairdressing salons and personal grooming establishments,Portugal,2019-08-01,1.4,2019
Hairdressing salons and personal grooming establishments,Portugal,2019-09-01,1.7,2019
Hairdressing salons and personal grooming establishments,Portugal,2019-10-01,1.6,2019
Hairdressing salons and personal grooming establishments,Portugal,2019-11-01,1.7,2019
Hairdressing salons and personal grooming establishments,Portugal,2019-12-01,1.5,2019
Hairdressing salons and personal grooming establishments,Portugal,2020-01-01,1.9,2020
Hairdressing salons and personal grooming establishments,Portugal,2020-02-01,1.9,2020
Hairdressing salons and personal grooming establishments,Portugal,2020-03-01,1.9,2020
Hairdressing salons and personal grooming establishments,Portugal,2020-04-01,1.8,2020
Hairdressing salons and personal grooming establishments,Portugal,2020-05-01,2.1,2020
Hairdressing salons and personal grooming establishments,Portugal,2020-06-01,2.0,2020
Hairdressing salons and personal grooming establishments,Portugal,2020-07-01,2.1,2020
Hairdressing salons and personal grooming establishments,Portugal,2020-08-01,2.5,2020
Hairdressing salons and personal grooming establishments,Portugal,2020-09-01,2.5,2020
Hairdressing salons and personal grooming establishments,Portugal,2020-10-01,2.7,2020
Hairdressing salons and personal grooming establishments,Portugal,2020-11-01,2.6,2020
Hairdressing salons and personal grooming establishments,Portugal,2020-12-01,2.6,2020
Hairdressing salons and personal grooming establishments,Portugal,2021-01-01,2.0,2021
Hairdressing salons and personal grooming establishments,Portugal,2021-02-01,1.7,2021
Hairdressing salons and personal grooming establishments,Portugal,2021-03-01,2.2,2021
Hairdressing salons and personal grooming establishments,Portugal,2021-04-01,2.3,2021
Hairdressing salons and personal grooming establishments,Portugal,2021-05-01,2.0,2021
Hairdressing salons and personal grooming establishments,Portugal,2021-06-01,2.1,2021
Hairdressing salons and personal grooming establishments,Portugal,2021-07-01,1.9,2021
Hairdressing salons and personal grooming establishments,Portugal,2021-08-01,1.6,2021
Hairdressing salons and personal grooming establishments,Portugal,2021-09-01,1.4,2021
Hairdressing salons and personal grooming establishments,Portugal,2021-10-01,1.1,2021
Hairdressing salons and personal grooming establishments,Portugal,2021-11-01,1.4,2021
Hairdressing salons and personal grooming establishments,Portugal,2021-12-01,1.4,2021
Hairdressing salons and personal grooming establishments,Portugal,2022-01-01,1.8,2022
Hairdressing salons and personal grooming establishments,Portugal,2022-02-01,2.2,2022
Hairdressing salons and personal grooming establishments,Portugal,2022-03-01,2.0,2022
Hairdressing salons and personal grooming establishments,Portugal,2022-04-01,2.1,2022
Hairdressing salons and personal grooming establishments,Portugal,2022-05-01,2.5,2022
Hairdressing salons and personal grooming establishments,Portugal,2022-06-01,2.8,2022
Hairdressing salons and personal grooming establishments,Portugal,2022-07-01,2.8,2022
Hairdressing salons and personal grooming establishments,Portugal,2022-08-01,3.2,2022
Hairdressing salons and personal grooming establishments,Portugal,2022-09-01,3.4,2022
Hairdressing salons and personal grooming establishments,Portugal,2022-10-01,3.8,2022
Hairdressing salons and personal grooming establishments,Portugal,2022-11-01,3.9,2022
Hairdressing salons and personal grooming establishments,Portugal,2022-12-01,4.1,2022
Hairdressing salons and personal grooming establishments,Portugal,2023-01-01,4.6,2023
Hairdressing salons and personal grooming establishments,Portugal,2023-02-01,5.1,2023
Hairdressing salons and personal grooming establishments,Portugal,2023-03-01,5.3,2023
Hairdressing salons and personal grooming establishments,Portugal,2023-04-01,5.3,2023
Hairdressing salons and personal grooming establishments,Portugal,2023-05-01,5.2,2023
Hairdressing salons and personal grooming establishments,Portugal,2023-06-01,5.0,2023
Hairdressing salons and personal grooming establishments,Portugal,2023-07-01,5.4,2023
Hairdressing salons and personal grooming establishments,Portugal,2023-08-01,5.0,2023
Hairdressing salons and personal grooming establishments,Portugal,2023-09-01,5.2,2023
Hairdressing salons and personal grooming establishments,Portugal,2023-10-01,4.7,2023
Hairdressing salons and personal grooming establishments,Portugal,2023-11-01,4.5,2023
Hairdressing salons and personal grooming establishments,Portugal,2023-12-01,4.4,2023
Hairdressing salons and personal grooming establishments,Portugal,2024-01-01,5.5,2024
Hairdressing salons and personal grooming establishments,Portugal,2024-02-01,5.2,2024
Hairdressing salons and personal grooming establishments,Portugal,2024-03-01,5.0,2024
Hairdressing salons and personal grooming establishments,Portugal,2024-04-01,5.3,2024
Hairdressing salons and personal grooming establishments,Portugal,2024-05-01,5.3,2024
Hairdressing salons and personal grooming establishments,Portugal,2024-06-01,5.1,2024
Hairdressing salons and personal grooming establishments,Portugal,2024-07-01,4.9,2024
Hairdressing salons and personal grooming establishments,Portugal,2024-08-01,4.8,2024
Hairdressing salons and personal grooming establishments,Portugal,2024-09-01,4.4,2024
Hairdressing salons and personal grooming establishments,Portugal,2024-10-01,4.6,2024
Hairdressing salons and personal grooming establishments,Portugal,2024-11-01,4.8,2024
Hairdressing salons and personal grooming establishments,Portugal,2024-12-01,4.7,2024
Hairdressing salons and personal grooming establishments,Portugal,2025-01-01,3.9,2025
Hairdressing salons and personal grooming establishments,Portugal,2025-02-01,4.2,2025
Hairdressing salons and personal grooming establishments,Portugal,2025-03-01,4.2,2025
Hairdressing salons and personal grooming establishments,Portugal,2025-04-01,3.9,2025
Hairdressing salons and personal grooming establishments,Portugal,2025-05-01,4.0,2025
Hairdressing salons and personal grooming establishments,Portugal,2025-06-01,3.9,2025
Hairdressing salons and personal grooming establishments,Portugal,2025-07-01,3.9,2025
Hairdressing salons and personal grooming establishments,Portugal,2025-08-01,4.0,2025
Hairdressing salons and personal grooming establishments,Portugal,2025-09-01,4.2,2025
Hairdressing salons and personal grooming establishments,Portugal,2025-10-01,4.0,2025
Hairdressing salons and personal grooming establishments,Portugal,2025-11-01,3.9,2025
Hairdressing salons and personal grooming establishments,Portugal,2025-12-01,4.1,2025
Energy,Germany,2019-01-01,2.6,2019
Energy,Germany,2019-02-01,3.2,2019
Energy,Germany,2019-03-01,4.6,2019
Energy,Germany,2019-04-01,4.9,2019
Energy,Germany,2019-05-01,4.1,2019
Energy,Germany,2019-06-01,2.4,2019
Energy,Germany,2019-07-01,2.3,2019
Energy,Germany,2019-08-01,0.7,2019
Energy,Germany,2019-09-01,-1.2,2019
Energy,Germany,2019-10-01,-2.2,2019
Energy,Germany,2019-11-01,-4.0,2019
Energy,Germany,2019-12-01,0.1,2019
Energy,Germany,2020-01-01,3.3,2020
Energy,Germany,2020-02-01,2.2,2020
Energy,Germany,2020-03-01,-0.8,2020
Energy,Germany,2020-04-01,-5.6,2020
Energy,Germany,2020-05-01,-8.2,2020
Energy,Germany,2020-06-01,-5.9,2020
Energy,Germany,2020-07-01,-6.4,2020
Energy,Germany,2020-08-01,-6.0,2020
Energy,Germany,2020-09-01,-6.6,2020
Energy,Germany,2020-10-01,-6.6,2020
Energy,Germany,2020-11-01,-7.4,2020
Energy,Germany,2020-12-01,-6.0,2020
Energy,Germany,2021-01-01,-2.2,2021
Energy,Germany,2021-02-01,0.2,2021
Energy,Germany,2021-03-01,4.5,2021
Energy,Germany,2021-04-01,7.6,2021
Energy,Germany,2021-05-01,9.5,2021
Energy,Germany,2021-06-01,9.0,2021
Energy,Germany,2021-07-01,11.2,2021
Energy,Germany,2021-08-01,12.1,2021
Energy,Germany,2021-09-01,13.6,2021
Energy,Germany,2021-10-01,18.1,2021
Energy,Germany,2021-11-01,21.6,2021
Energy,Germany,2021-12-01,18.1,2021
Energy,Germany,2022-01-01,20.6,2022
Energy,Germany,2022-02-01,22.4,2022
Energy,Germany,2022-03-01,37.6,2022
Energy,Germany,2022-04-01,34.5,2022
Energy,Germany,2022-05-01,37.5,2022
Energy,Germany,2022-06-01,37.4,2022
Energy,Germany,2022-07-01,35.6,2022
Energy,Germany,2022-08-01,35.8,2022
Energy,Germany,2022-09-01,44.2,2022
Energy,Germany,2022-10-01,43.5,2022
Energy,Germany,2022-11-01,40.1,2022
Energy,Germany,2022-12-01,25.1,2022
Energy,Germany,2023-01-01,25.1,2023
Energy,Germany,2023-02-01,21.6,2023
Energy,Germany,2023-03-01,6.1,2023
Energy,Germany,2023-04-01,9.4,2023
Energy,Germany,2023-05-01,5.0,2023
Energy,Germany,2023-06-01,4.0,2023
Energy,Germany,2023-07-01,3.9,2023
Energy,Germany,2023-08-01,5.3,2023
Energy,Germany,2023-09-01,-0.8,2023
Energy,Germany,2023-10-01,-6.0,2023
Energy,Germany,2023-11-01,-7.3,2023
Energy,Germany,2023-12-01,3.1,2023
Energy,Germany,2024-01-01,-3.0,2024
Energy,Germany,2024-02-01,-2.6,2024
Energy,Germany,2024-03-01,-2.9,2024
Energy,Germany,2024-04-01,-1.3,2024
Energy,Germany,2024-05-01,-1.2,2024
Energy,Germany,2024-06-01,-2.2,2024
Energy,Germany,2024-07-01,-1.9,2024
Energy,Germany,2024-08-01,-5.1,2024
Energy,Germany,2024-09-01,-7.5,2024
Energy,Germany,2024-10-01,-5.4,2024
Energy,Germany,2024-11-01,-3.6,2024
Energy,Germany,2024-12-01,-1.5,2024
Energy,Germany,2025-01-01,-1.3,2025
Energy,Germany,2025-02-01,-1.3,2025
Energy,Germany,2025-03-01,-2.6,2025
Energy,Germany,2025-04-01,-5.3,2025
Energy,Germany,2025-05-01,-4.5,2025
Energy,Germany,2025-06-01,-3.5,2025
Energy,Germany,2025-07-01,-3.4,2025
Energy,Germany,2025-08-01,-2.3,2025
Energy,Germany,2025-09-01,-0.7,2025
Energy,Germany,2025-10-01,-0.9,2025
Energy,Germany,2025-11-01,-0.1,2025
Energy,Germany,2025-12-01,-1.3,2025
Energy,"Euro area (EA11-1999, EA12-2001, EA13-2007, EA15-2008, EA16-2009, EA17-2011, EA18-2014, EA19-2015, EA20-2023, EA21-2026)",2019-01-01,2.7,2019
Energy,"Euro area (EA11-1999, EA12-2001, EA13-2007, EA15-2008, EA16-2009, EA17-2011, EA18-2014, EA19-2015, EA20-2023, EA21-2026)",2019-02-01,3.6,2019
Energy,"Euro area (EA11-1999, EA12-2001, EA13-2007, EA15-2008, EA16-2009, EA17-2011, EA18-2014, EA19-2015, EA20-2023, EA21-2026)",2019-03-01,5.3,2019
Energy,"Euro area (EA11-1999, EA12-2001, EA13-2007, EA15-2008, EA16-2009, EA17-2011, EA18-2014, EA19-2015, EA20-2023, EA21-2026)",2019-04-01,5.3,2019
Energy,"Euro area (EA11-1999, EA12-2001, EA13-2007, EA15-2008, EA16-2009, EA17-2011, EA18-2014, EA19-2015, EA20-2023, EA21-2026)",2019-05-01,3.8,2019
Energy,"Euro area (EA11-1999, EA12-2001, EA13-2007, EA15-2008, EA16-2009, EA17-2011, EA18-2014, EA19-2015, EA20-2023, EA21-2026)",2019-06-01,1.7,2019
Energy,"Euro area (EA11-1999, EA12-2001, EA13-2007, EA15-2008, EA16-2009, EA17-2011, EA18-2014, EA19-2015, EA20-2023, EA21-2026)",2019-07-01,0.5,2019
Energy,"Euro area (EA11-1999, EA12-2001, EA13-2007, EA15-2008, EA16-2009, EA17-2011, EA18-2014, EA19-2015, EA20-2023, EA21-2026)",2019-08-01,-0.6,2019
Energy,"Euro area (EA11-1999, EA12-2001, EA13-2007, EA15-2008, EA16-2009, EA17-2011, EA18-2014, EA19-2015, EA20-2023, EA21-2026)",2019-09-01,-1.8,2019
Energy,"Euro area (EA11-1999, EA12-2001, EA13-2007, EA15-2008, EA16-2009, EA17-2011, EA18-2014, EA19-2015, EA20-2023, EA21-2026)",2019-10-01,-3.1,2019
Energy,"Euro area (EA11-1999, EA12-2001, EA13-2007, EA15-2008, EA16-2009, EA17-2011, EA18-2014, EA19-2015, EA20-2023, EA21-2026)",2019-11-01,-3.2,2019
Energy,"Euro area (EA11-1999, EA12-2001, EA13-2007, EA15-2008, EA16-2009, EA17-2011, EA18-2014, EA19-2015, EA20-2023, EA21-2026)",2019-12-01,0.2,2019
Energy,"Euro area (EA11-1999, EA12-2001, EA13-2007, EA15-2008, EA16-2009, EA17-2011, EA18-2014, EA19-2015, EA20-2023, EA21-2026)",2020-01-01,1.9,2020
Energy,"Euro area (EA11-1999, EA12-2001, EA13-2007, EA15-2008, EA16-2009, EA17-2011, EA18-2014, EA19-2015, EA20-2023, EA21-2026)",2020-02-01,-0.3,2020
Energy,"Euro area (EA11-1999, EA12-2001, EA13-2007, EA15-2008, EA16-2009, EA17-2011, EA18-2014, EA19-2015, EA20-2023, EA21-2026)",2020-03-01,-4.5,2020
Energy,"Euro area (EA11-1999, EA12-2001, EA13-2007, EA15-2008, EA16-2009, EA17-2011, EA18-2014, EA19-2015, EA20-2023, EA21-2026)",2020-04-01,-9.7,2020
Energy,"Euro area (EA11-1999, EA12-2001, EA13-2007, EA15-2008, EA16-2009, EA17-2011, EA18-2014, EA19-2015, EA20-2023, EA21-2026)",2020-05-01,-11.9,2020
Energy,"Euro area (EA11-1999, EA12-2001, EA13-2007, EA15-2008, EA16-2009, EA17-2011, EA18-2014, EA19-2015, EA20-2023, EA21-2026)",2020-06-01,-9.3,2020
Energy,"Euro area (EA11-1999, EA12-2001, EA13-2007, EA15-2008, EA16-2009, EA17-2011, EA18-2014, EA19-2015, EA20-2023, EA21-2026)",2020-07-01,-8.4,2020
Energy,"Euro area (EA11-1999, EA12-2001, EA13-2007, EA15-2008, EA16-2009, EA17-2011, EA18-2014, EA19-2015, EA20-2023, EA21-2026)",2020-08-01,-7.8,2020
Energy,"Euro area (EA11-1999, EA12-2001, EA13-2007, EA15-2008, EA16-2009, EA17-2011, EA18-2014, EA19-2015, EA20-2023, EA21-2026)",2020-09-01,-8.2,2020
Energy,"Euro area (EA11-1999, EA12-2001, EA13-2007, EA15-2008, EA16-2009, EA17-2011, EA18-2014, EA19-2015, EA20-2023, EA21-2026)",2020-10-01,-8.2,2020
Energy,"Euro area (EA11-1999, EA12-2001, EA13-2007, EA15-2008, EA16-2009, EA17-2011, EA18-2014, EA19-2015, EA20-2023, EA21-2026)",2020-11-01,-8.3,2020
Energy,"Euro area (EA11-1999, EA12-2001, EA13-2007, EA15-2008, EA16-2009, EA17-2011, EA18-2014, EA19-2015, EA20-2023, EA21-2026)",2020-12-01,-6.9,2020
Energy,"Euro area (EA11-1999, EA12-2001, EA13-2007, EA15-2008, EA16-2009, EA17-2011, EA18-2014, EA19-2015, EA20-2023, EA21-2026)",2021-01-01,-4.2,2021
Energy,"Euro area (EA11-1999, EA12-2001, EA13-2007, EA15-2008, EA16-2009, EA17-2011, EA18-2014, EA19-2015, EA20-2023, EA21-2026)",2021-02-01,-1.7,2021
Energy,"Euro area (EA11-1999, EA12-2001, EA13-2007, EA15-2008, EA16-2009, EA17-2011, EA18-2014, EA19-2015, EA20-2023, EA21-2026)",2021-03-01,4.3,2021
Energy,"Euro area (EA11-1999, EA12-2001, EA13-2007, EA15-2008, EA16-2009, EA17-2011, EA18-2014, EA19-2015, EA20-2023, EA21-2026)",2021-04-01,10.4,2021
Energy,"Euro area (EA11-1999, EA12-2001, EA13-2007, EA15-2008, EA16-2009, EA17-2011, EA18-2014, EA19-2015, EA20-2023, EA21-2026)",2021-05-01,13.1,2021
Energy,"Euro area (EA11-1999, EA12-2001, EA13-2007, EA15-2008, EA16-2009, EA17-2011, EA18-2014, EA19-2015, EA20-2023, EA21-2026)",2021-06-01,12.6,2021
Energy,"Euro area (EA11-1999, EA12-2001, EA13-2007, EA15-2008, EA16-2009, EA17-2011, EA18-2014, EA19-2015, EA20-2023, EA21-2026)",2021-07-01,14.3,2021
Energy,"Euro area (EA11-1999, EA12-2001, EA13-2007, EA15-2008, EA16-2009, EA17-2011, EA18-2014, EA19-2015, EA20-2023, EA21-2026)",2021-08-01,15.4,2021
Energy,"Euro area (EA11-1999, EA12-2001, EA13-2007, EA15-2008, EA16-2009, EA17-2011, EA18-2014, EA19-2015, EA20-2023, EA21-2026)",2021-09-01,17.6,2021
Energy,"Euro area (EA11-1999, EA12-2001, EA13-2007, EA15-2008, EA16-2009, EA17-2011, EA18-2014, EA19-2015, EA20-2023, EA21-2026)",2021-10-01,23.7,2021
Energy,"Euro area (EA11-1999, EA12-2001, EA13-2007, EA15-2008, EA16-2009, EA17-2011, EA18-2014, EA19-2015, EA20-2023, EA21-2026)",2021-11-01,27.5,2021
Energy,"Euro area (EA11-1999, EA12-2001, EA13-2007, EA15-2008, EA16-2009, EA17-2011, EA18-2014, EA19-2015, EA20-2023, EA21-2026)",2021-12-01,25.9,2021
Energy,"Euro area (EA11-1999, EA12-2001, EA13-2007, EA15-2008, EA16-2009, EA17-2011, EA18-2014, EA19-2015, EA20-2023, EA21-2026)",2022-01-01,28.8,2022
Energy,"Euro area (EA11-1999, EA12-2001, EA13-2007, EA15-2008, EA16-2009, EA17-2011, EA18-2014, EA19-2015, EA20-2023, EA21-2026)",2022-02-01,32.0,2022
Energy,"Euro area (EA11-1999, EA12-2001, EA13-2007, EA15-2008, EA16-2009, EA17-2011, EA18-2014, EA19-2015, EA20-2023, EA21-2026)",2022-03-01,44.3,2022
Energy,"Euro area (EA11-1999, EA12-2001, EA13-2007, EA15-2008, EA16-2009, EA17-2011, EA18-2014, EA19-2015, EA20-2023, EA21-2026)",2022-04-01,37.5,2022
Energy,"Euro area (EA11-1999, EA12-2001, EA13-2007, EA15-2008, EA16-2009, EA17-2011, EA18-2014, EA19-2015, EA20-2023, EA21-2026)",2022-05-01,39.1,2022
Energy,"Euro area (EA11-1999, EA12-2001, EA13-2007, EA15-2008, EA16-2009, EA17-2011, EA18-2014, EA19-2015, EA20-2023, EA21-2026)",2022-06-01,42.0,2022
Energy,"Euro area (EA11-1999, EA12-2001, EA13-2007, EA15-2008, EA16-2009, EA17-2011, EA18-2014, EA19-2015, EA20-2023, EA21-2026)",2022-07-01,39.6,2022
Energy,"Euro area (EA11-1999, EA12-2001, EA13-2007, EA15-2008, EA16-2009, EA17-2011, EA18-2014, EA19-2015, EA20-2023, EA21-2026)",2022-08-01,38.6,2022
Energy,"Euro area (EA11-1999, EA12-2001, EA13-2007, EA15-2008, EA16-2009, EA17-2011, EA18-2014, EA19-2015, EA20-2023, EA21-2026)",2022-09-01,40.7,2022
Energy,"Euro area (EA11-1999, EA12-2001, EA13-2007, EA15-2008, EA16-2009, EA17-2011, EA18-2014, EA19-2015, EA20-2023, EA21-2026)",2022-10-01,41.5,2022
Energy,"Euro area (EA11-1999, EA12-2001, EA13-2007, EA15-2008, EA16-2009, EA17-2011, EA18-2014, EA19-2015, EA20-2023, EA21-2026)",2022-11-01,34.9,2022
Energy,"Euro area (EA11-1999, EA12-2001, EA13-2007, EA15-2008, EA16-2009, EA17-2011, EA18-2014, EA19-2015, EA20-2023, EA21-2026)",2022-12-01,25.5,2022
Energy,"Euro area (EA11-1999, EA12-2001, EA13-2007, EA15-2008, EA16-2009, EA17-2011, EA18-2014, EA19-2015, EA20-2023, EA21-2026)",2023-01-01,18.9,2023
Energy,"Euro area (EA11-1999, EA12-2001, EA13-2007, EA15-2008, EA16-2009, EA17-2011, EA18-2014, EA19-2015, EA20-2023, EA21-2026)",2023-02-01,13.7,2023
Energy,"Euro area (EA11-1999, EA12-2001, EA13-2007, EA15-2008, EA16-2009, EA17-2011, EA18-2014, EA19-2015, EA20-2023, EA21-2026)",2023-03-01,-0.9,2023
Energy,"Euro area (EA11-1999, EA12-2001, EA13-2007, EA15-2008, EA16-2009, EA17-2011, EA18-2014, EA19-2015, EA20-2023, EA21-2026)",2023-04-01,2.3,2023
Energy,"Euro area (EA11-1999, EA12-2001, EA13-2007, EA15-2008, EA16-2009, EA17-2011, EA18-2014, EA19-2015, EA20-2023, EA21-2026)",2023-05-01,-1.8,2023
Energy,"Euro area (EA11-1999, EA12-2001, EA13-2007, EA15-2008, EA16-2009, EA17-2011, EA18-2014, EA19-2015, EA20-2023, EA21-2026)",2023-06-01,-5.6,2023
Energy,"Euro area (EA11-1999, EA12-2001, EA13-2007, EA15-2008, EA16-2009, EA17-2011, EA18-2014, EA19-2015, EA20-2023, EA21-2026)",2023-07-01,-6.1,2023
Energy,"Euro area (EA11-1999, EA12-2001, EA13-2007, EA15-2008, EA16-2009, EA17-2011, EA18-2014, EA19-2015, EA20-2023, EA21-2026)",2023-08-01,-3.3,2023
Energy,"Euro area (EA11-1999, EA12-2001, EA13-2007, EA15-2008, EA16-2009, EA17-2011, EA18-2014, EA19-2015, EA20-2023, EA21-2026)",2023-09-01,-4.6,2023
Energy,"Euro area (EA11-1999, EA12-2001, EA13-2007, EA15-2008, EA16-2009, EA17-2011, EA18-2014, EA19-2015, EA20-2023, EA21-2026)",2023-10-01,-11.2,2023
Energy,"Euro area (EA11-1999, EA12-2001, EA13-2007, EA15-2008, EA16-2009, EA17-2011, EA18-2014, EA19-2015, EA20-2023, EA21-2026)",2023-11-01,-11.5,2023
Energy,"Euro area (EA11-1999, EA12-2001, EA13-2007, EA15-2008, EA16-2009, EA17-2011, EA18-2014, EA19-2015, EA20-2023, EA21-2026)",2023-12-01,-6.7,2023
Energy,"Euro area (EA11-1999, EA12-2001, EA13-2007, EA15-2008, EA16-2009, EA17-2011, EA18-2014, EA19-2015, EA20-2023, EA21-2026)",2024-01-01,-6.1,2024
Energy,"Euro area (EA11-1999, EA12-2001, EA13-2007, EA15-2008, EA16-2009, EA17-2011, EA18-2014, EA19-2015, EA20-2023, EA21-2026)",2024-02-01,-3.7,2024
Energy,"Euro area (EA11-1999, EA12-2001, EA13-2007, EA15-2008, EA16-2009, EA17-2011, EA18-2014, EA19-2015, EA20-2023, EA21-2026)",2024-03-01,-1.8,2024
Energy,"Euro area (EA11-1999, EA12-2001, EA13-2007, EA15-2008, EA16-2009, EA17-2011, EA18-2014, EA19-2015, EA20-2023, EA21-2026)",2024-04-01,-0.6,2024
Energy,"Euro area (EA11-1999, EA12-2001, EA13-2007, EA15-2008, EA16-2009, EA17-2011, EA18-2014, EA19-2015, EA20-2023, EA21-2026)",2024-05-01,0.3,2024
Energy,"Euro area (EA11-1999, EA12-2001, EA13-2007, EA15-2008, EA16-2009, EA17-2011, EA18-2014, EA19-2015, EA20-2023, EA21-2026)",2024-06-01,0.2,2024
Energy,"Euro area (EA11-1999, EA12-2001, EA13-2007, EA15-2008, EA16-2009, EA17-2011, EA18-2014, EA19-2015, EA20-2023, EA21-2026)",2024-07-01,1.2,2024
Energy,"Euro area (EA11-1999, EA12-2001, EA13-2007, EA15-2008, EA16-2009, EA17-2011, EA18-2014, EA19-2015, EA20-2023, EA21-2026)",2024-08-01,-3.0,2024
Energy,"Euro area (EA11-1999, EA12-2001, EA13-2007, EA15-2008, EA16-2009, EA17-2011, EA18-2014, EA19-2015, EA20-2023, EA21-2026)",2024-09-01,-6.1,2024
Energy,"Euro area (EA11-1999, EA12-2001, EA13-2007, EA15-2008, EA16-2009, EA17-2011, EA18-2014, EA19-2015, EA20-2023, EA21-2026)",2024-10-01,-4.6,2024
Energy,"Euro area (EA11-1999, EA12-2001, EA13-2007, EA15-2008, EA16-2009, EA17-2011, EA18-2014, EA19-2015, EA20-2023, EA21-2026)",2024-11-01,-2.0,2024
Energy,"Euro area (EA11-1999, EA12-2001, EA13-2007, EA15-2008, EA16-2009, EA17-2011, EA18-2014, EA19-2015, EA20-2023, EA21-2026)",2024-12-01,0.1,2024
Energy,"Euro area (EA11-1999, EA12-2001, EA13-2007, EA15-2008, EA16-2009, EA17-2011, EA18-2014, EA19-2015, EA20-2023, EA21-2026)",2025-01-01,1.9,2025
Energy,"Euro area (EA11-1999, EA12-2001, EA13-2007, EA15-2008, EA16-2009, EA17-2011, EA18-2014, EA19-2015, EA20-2023, EA21-2026)",2025-02-01,0.2,2025
Energy,"Euro area (EA11-1999, EA12-2001, EA13-2007, EA15-2008, EA16-2009, EA17-2011, EA18-2014, EA19-2015, EA20-2023, EA21-2026)",2025-03-01,-1.0,2025
Energy,"Euro area (EA11-1999, EA12-2001, EA13-2007, EA15-2008, EA16-2009, EA17-2011, EA18-2014, EA19-2015, EA20-2023, EA21-2026)",2025-04-01,-3.6,2025
Energy,"Euro area (EA11-1999, EA12-2001, EA13-2007, EA15-2008, EA16-2009, EA17-2011, EA18-2014, EA19-2015, EA20-2023, EA21-2026)",2025-05-01,-3.6,2025
Energy,"Euro area (EA11-1999, EA12-2001, EA13-2007, EA15-2008, EA16-2009, EA17-2011, EA18-2014, EA19-2015, EA20-2023, EA21-2026)",2025-06-01,-2.6,2025
Energy,"Euro area (EA11-1999, EA12-2001, EA13-2007, EA15-2008, EA16-2009, EA17-2011, EA18-2014, EA19-2015, EA20-2023, EA21-2026)",2025-07-01,-2.4,2025
Energy,"Euro area (EA11-1999, EA12-2001, EA13-2007, EA15-2008, EA16-2009, EA17-2011, EA18-2014, EA19-2015, EA20-2023, EA21-2026)",2025-08-01,-2.0,2025
Energy,"Euro area (EA11-1999, EA12-2001, EA13-2007, EA15-2008, EA16-2009, EA17-2011, EA18-2014, EA19-2015, EA20-2023, EA21-2026)",2025-09-01,-0.4,2025
Energy,"Euro area (EA11-1999, EA12-2001, EA13-2007, EA15-2008, EA16-2009, EA17-2011, EA18-2014, EA19-2015, EA20-2023, EA21-2026)",2025-10-01,-0.9,2025
Energy,"Euro area (EA11-1999, EA12-2001, EA13-2007, EA15-2008, EA16-2009, EA17-2011, EA18-2014, EA19-2015, EA20-2023, EA21-2026)",2025-11-01,-0.5,2025
Energy,"Euro area (EA11-1999, EA12-2001, EA13-2007, EA15-2008, EA16-2009, EA17-2011, EA18-2014, EA19-2015, EA20-2023, EA21-2026)",2025-12-01,-1.9,2025
Energy,Spain,2019-01-01,1.5,2019
Energy,Spain,2019-02-01,2.6,2019
Energy,Spain,2019-03-01,5.6,2019
Energy,Spain,2019-04-01,5.4,2019
Energy,Spain,2019-05-01,1.3,2019
Energy,Spain,2019-06-01,-2.5,2019
Energy,Spain,2019-07-01,-2.4,2019
Energy,Spain,2019-08-01,-4.5,2019
Energy,Spain,2019-09-01,-6.5,2019
Energy,Spain,2019-10-01,-6.5,2019
Energy,Spain,2019-11-01,-5.1,2019
Energy,Spain,2019-12-01,-2.1,2019
Energy,Spain,2020-01-01,0.0,2020
Energy,Spain,2020-02-01,-3.3,2020
Energy,Spain,2020-03-01,-9.6,2020
Energy,Spain,2020-04-01,-17.1,2020
Energy,Spain,2020-05-01,-17.7,2020
Energy,Spain,2020-06-01,-12.0,2020
Energy,Spain,2020-07-01,-10.8,2020
Energy,Spain,2020-08-01,-9.3,2020
Energy,Spain,2020-09-01,-8.6,2020
Energy,Spain,2020-10-01,-11.1,2020
Energy,Spain,2020-11-01,-9.5,2020
Energy,Spain,2020-12-01,-6.3,2020
Energy,Spain,2021-01-01,-2.0,2021
Energy,Spain,2021-02-01,-4.2,2021
Energy,Spain,2021-03-01,8.5,2021
Energy,Spain,2021-04-01,21.3,2021
Energy,Spain,2021-05-01,24.0,2021
Energy,Spain,2021-06-01,23.4,2021
Energy,Spain,2021-07-01,20.7,2021
Energy,Spain,2021-08-01,23.4,2021
Energy,Spain,2021-09-01,28.6,2021
Energy,Spain,2021-10-01,39.3,2021
Energy,Spain,2021-11-01,35.8,2021
Energy,Spain,2021-12-01,39.7,2021
Energy,Spain,2022-01-01,32.8,2022
Energy,Spain,2022-02-01,43.7,2022
Energy,Spain,2022-03-01,60.3,2022
Energy,Spain,2022-04-01,33.3,2022
Energy,Spain,2022-05-01,33.8,2022
Energy,Spain,2022-06-01,40.5,2022
Energy,Spain,2022-07-01,40.9,2022
Energy,Spain,2022-08-01,37.0,2022
Energy,Spain,2022-09-01,22.2,2022
Energy,Spain,2022-10-01,7.9,2022
Energy,Spain,2022-11-01,4.3,2022
Energy,Spain,2022-12-01,-6.9,2022
Energy,Spain,2023-01-01,-8.1,2023
Energy,Spain,2023-02-01,-8.8,2023
Energy,Spain,2023-03-01,-25.5,2023
Energy,Spain,2023-04-01,-15.4,2023
Energy,Spain,2023-05-01,-19.5,2023
Energy,Spain,2023-06-01,-24.8,2023
Energy,Spain,2023-07-01,-24.2,2023
Energy,Spain,2023-08-01,-21.2,2023
Energy,Spain,2023-09-01,-13.8,2023
Energy,Spain,2023-10-01,-10.1,2023
Energy,Spain,2023-11-01,-9.8,2023
Energy,Spain,2023-12-01,-6.2,2023
Energy,Spain,2024-01-01,-2.4,2024
Energy,Spain,2024-02-01,-4.6,2024
Energy,Spain,2024-03-01,1.6,2024
Energy,Spain,2024-04-01,5.0,2024
Energy,Spain,2024-05-01,7.9,2024
Energy,Spain,2024-06-01,6.0,2024
Energy,Spain,2024-07-01,2.6,2024
Energy,Spain,2024-08-01,-1.7,2024
Energy,Spain,2024-09-01,-6.7,2024
Energy,Spain,2024-10-01,-4.0,2024
Energy,Spain,2024-11-01,2.6,2024
Energy,Spain,2024-12-01,5.5,2024
Energy,Spain,2025-01-01,7.8,2025
Energy,Spain,2025-02-01,8.6,2025
Energy,Spain,2025-03-01,1.7,2025
Energy,Spain,2025-04-01,-2.5,2025
Energy,Spain,2025-05-01,-3.0,2025
Energy,Spain,2025-06-01,-0.8,2025
Energy,Spain,2025-07-01,3.0,2025
Energy,Spain,2025-08-01,3.2,2025
Energy,Spain,2025-09-01,6.2,2025
Energy,Spain,2025-10-01,6.3,2025
Energy,Spain,2025-11-01,4.6,2025
Energy,Spain,2025-12-01,3.2,2025
Energy,France,2019-01-01,2.0,2019
Energy,France,2019-02-01,3.3,2019
Energy,France,2019-03-01,5.1,2019
Energy,France,2019-04-01,4.8,2019
Energy,France,2019-05-01,3.4,2019
Energy,France,2019-06-01,2.4,2019
Energy,France,2019-07-01,0.8,2019
Energy,France,2019-08-01,0.7,2019
Energy,France,2019-09-01,0.1,2019
Energy,France,2019-10-01,-1.7,2019
Energy,France,2019-11-01,-0.7,2019
Energy,France,2019-12-01,2.4,2019
Energy,France,2020-01-01,4.2,2020
Energy,France,2020-02-01,0.9,2020
Energy,France,2020-03-01,-4.0,2020
Energy,France,2020-04-01,-8.5,2020
Energy,France,2020-05-01,-10.9,2020
Energy,France,2020-06-01,-9.2,2020
Energy,France,2020-07-01,-7.4,2020
Energy,France,2020-08-01,-7.1,2020
Energy,France,2020-09-01,-7.9,2020
Energy,France,2020-10-01,-7.7,2020
Energy,France,2020-11-01,-7.7,2020
Energy,France,2020-12-01,-6.9,2020
Energy,France,2021-01-01,-5.8,2021
Energy,France,2021-02-01,-1.6,2021
Energy,France,2021-03-01,4.6,2021
Energy,France,2021-04-01,8.6,2021
Energy,France,2021-05-01,11.5,2021
Energy,France,2021-06-01,10.9,2021
Energy,France,2021-07-01,12.3,2021
Energy,France,2021-08-01,12.7,2021
Energy,France,2021-09-01,15.0,2021
Energy,France,2021-10-01,20.2,2021
Energy,France,2021-11-01,21.9,2021
Energy,France,2021-12-01,19.3,2021
Energy,France,2022-01-01,20.5,2022
Energy,France,2022-02-01,22.0,2022
Energy,France,2022-03-01,29.8,2022
Energy,France,2022-04-01,27.1,2022
Energy,France,2022-05-01,28.8,2022
Energy,France,2022-06-01,33.8,2022
Energy,France,2022-07-01,28.9,2022
Energy,France,2022-08-01,23.3,2022
Energy,France,2022-09-01,18.8,2022
Energy,France,2022-10-01,20.0,2022
Energy,France,2022-11-01,19.0,2022
Energy,France,2022-12-01,15.3,2022
Energy,France,2023-01-01,16.4,2023
Energy,France,2023-02-01,14.0,2023
Energy,France,2023-03-01,5.2,2023
Energy,France,2023-04-01,7.1,2023
Energy,France,2023-05-01,2.1,2023
Energy,France,2023-06-01,-2.8,2023
Energy,France,2023-07-01,-3.3,2023
Energy,France,2023-08-01,6.9,2023
Energy,France,2023-09-01,11.7,2023
Energy,France,2023-10-01,4.9,2023
Energy,France,2023-11-01,2.9,2023
Energy,France,2023-12-01,5.5,2023
Energy,France,2024-01-01,1.9,2024
Energy,France,2024-02-01,4.4,2024
Energy,France,2024-03-01,3.2,2024
Energy,France,2024-04-01,3.7,2024
Energy,France,2024-05-01,5.5,2024
Energy,France,2024-06-01,4.6,2024
Energy,France,2024-07-01,8.2,2024
Energy,France,2024-08-01,0.4,2024
Energy,France,2024-09-01,-3.3,2024
Energy,France,2024-10-01,-1.9,2024
Energy,France,2024-11-01,-0.7,2024
Energy,France,2024-12-01,1.2,2024
Energy,France,2025-01-01,2.6,2025
Energy,France,2025-02-01,-5.7,2025
Energy,France,2025-03-01,-6.3,2025
Energy,France,2025-04-01,-7.4,2025
Energy,France,2025-05-01,-7.6,2025
Energy,France,2025-06-01,-6.5,2025
Energy,France,2025-07-01,-7.0,2025
Energy,France,2025-08-01,-6.0,2025
Energy,France,2025-09-01,-4.3,2025
Energy,France,2025-10-01,-5.5,2025
Energy,France,2025-11-01,-4.4,2025
Energy,France,2025-12-01,-6.7,2025
Energy,Italy,2019-01-01,3.8,2019
Energy,Italy,2019-02-01,4.2,2019
Energy,Italy,2019-03-01,5.6,2019
Energy,Italy,2019-04-01,5.0,2019
Energy,Italy,2019-05-01,4.5,2019
Energy,Italy,2019-06-01,2.6,2019
Energy,Italy,2019-07-01,-1.9,2019
Energy,Italy,2019-08-01,-2.0,2019
Energy,Italy,2019-09-01,-2.9,2019
Energy,Italy,2019-10-01,-4.8,2019
Energy,Italy,2019-11-01,-4.7,2019
Energy,Italy,2019-12-01,-2.2,2019
Energy,Italy,2020-01-01,-2.1,2020
Energy,Italy,2020-02-01,-3.4,2020
Energy,Italy,2020-03-01,-5.7,2020
Energy,Italy,2020-04-01,-9.9,2020
Energy,Italy,2020-05-01,-13.1,2020
Energy,Italy,2020-06-01,-12.5,2020
Energy,Italy,2020-07-01,-10.6,2020
Energy,Italy,2020-08-01,-10.3,2020
Energy,Italy,2020-09-01,-10.1,2020
Energy,Italy,2020-10-01,-8.9,2020
Energy,Italy,2020-11-01,-8.8,2020
Energy,Italy,2020-12-01,-8.0,2020
Energy,Italy,2021-01-01,-5.1,2021
Energy,Italy,2021-02-01,-3.2,2021
Energy,Italy,2021-03-01,0.3,2021
Energy,Italy,2021-04-01,9.8,2021
Energy,Italy,2021-05-01,14.1,2021
Energy,Italy,2021-06-01,14.4,2021
Energy,Italy,2021-07-01,18.9,2021
Energy,Italy,2021-08-01,20.0,2021
Energy,Italy,2021-09-01,20.5,2021
Energy,Italy,2021-10-01,25.3,2021
Energy,Italy,2021-11-01,31.2,2021
Energy,Italy,2021-12-01,29.6,2021
Energy,Italy,2022-01-01,39.1,2022
Energy,Italy,2022-02-01,46.5,2022
Energy,Italy,2022-03-01,51.5,2022
Energy,Italy,2022-04-01,40.0,2022
Energy,Italy,2022-05-01,42.9,2022
Energy,Italy,2022-06-01,49.1,2022
Energy,Italy,2022-07-01,43.4,2022
Energy,Italy,2022-08-01,45.4,2022
Energy,Italy,2022-09-01,45.0,2022
Energy,Italy,2022-10-01,71.7,2022
Energy,Italy,2022-11-01,68.1,2022
Energy,Italy,2022-12-01,65.1,2022
Energy,Italy,2023-01-01,42.8,2023
Energy,Italy,2023-02-01,28.2,2023
Energy,Italy,2023-03-01,10.7,2023
Energy,Italy,2023-04-01,16.4,2023
Energy,Italy,2023-05-01,11.5,2023
Energy,Italy,2023-06-01,2.0,2023
Energy,Italy,2023-07-01,0.6,2023
Energy,Italy,2023-08-01,-0.2,2023
Energy,Italy,2023-09-01,1.6,2023
Energy,Italy,2023-10-01,-19.9,2023
Energy,Italy,2023-11-01,-24.6,2023
Energy,Italy,2023-12-01,-25.0,2023
Energy,Italy,2024-01-01,-20.7,2024
Energy,Italy,2024-02-01,-17.4,2024
Energy,Italy,2024-03-01,-10.9,2024
Energy,Italy,2024-04-01,-12.2,2024
Energy,Italy,2024-05-01,-11.7,2024
Energy,Italy,2024-06-01,-8.6,2024
Energy,Italy,2024-07-01,-4.0,2024
Energy,Italy,2024-08-01,-6.2,2024
Energy,Italy,2024-09-01,-8.7,2024
Energy,Italy,2024-10-01,-9.0,2024
Energy,Italy,2024-11-01,-5.4,2024
Energy,Italy,2024-12-01,-2.7,2024
Energy,Italy,2025-01-01,-0.7,2025
Energy,Italy,2025-02-01,0.6,2025
Energy,Italy,2025-03-01,2.7,2025
Energy,Italy,2025-04-01,-0.7,2025
Energy,Italy,2025-05-01,-1.9,2025
Energy,Italy,2025-06-01,-2.1,2025
Energy,Italy,2025-07-01,-3.5,2025
Energy,Italy,2025-08-01,-4.8,2025
Energy,Italy,2025-09-01,-3.8,2025
Energy,Italy,2025-10-01,-4.4,2025
Energy,Italy,2025-11-01,-4.2,2025
Energy,Italy,2025-12-01,-4.5,2025
Energy,Portugal,2019-01-01,-2.2,2019
Energy,Portugal,2019-02-01,-0.7,2019
Energy,Portugal,2019-03-01,1.4,2019
Energy,Portugal,2019-04-01,1.2,2019
Energy,Portugal,2019-05-01,0.1,2019
Energy,Portugal,2019-06-01,-2.5,2019
Energy,Portugal,2019-07-01,-2.7,2019
Energy,Portugal,2019-08-01,-3.5,2019
Energy,Portugal,2019-09-01,-3.8,2019
Energy,Portugal,2019-10-01,-4.4,2019
Energy,Portugal,2019-11-01,-3.2,2019
Energy,Portugal,2019-12-01,0.1,2019
Energy,Portugal,2020-01-01,3.3,2020
Energy,Portugal,2020-02-01,1.0,2020
Energy,Portugal,2020-03-01,-3.7,2020
Energy,Portugal,2020-04-01,-9.7,2020
Energy,Portugal,2020-05-01,-11.3,2020
Energy,Portugal,2020-06-01,-7.6,2020
Energy,Portugal,2020-07-01,-5.5,2020
Energy,Portugal,2020-08-01,-5.1,2020
Energy,Portugal,2020-09-01,-5.8,2020
Energy,Portugal,2020-10-01,-6.2,2020
Energy,Portugal,2020-11-01,-6.2,2020
Energy,Portugal,2020-12-01,-5.1,2020
Energy,Portugal,2021-01-01,-4.6,2021
Energy,Portugal,2021-02-01,-3.1,2021
Energy,Portugal,2021-03-01,2.5,2021
Energy,Portugal,2021-04-01,8.4,2021
Energy,Portugal,2021-05-01,10.3,2021
Energy,Portugal,2021-06-01,9.3,2021
Energy,Portugal,2021-07-01,9.0,2021
Energy,Portugal,2021-08-01,9.6,2021
Energy,Portugal,2021-09-01,10.8,2021
Energy,Portugal,2021-10-01,13.7,2021
Energy,Portugal,2021-11-01,14.6,2021
Energy,Portugal,2021-12-01,11.4,2021
Energy,Portugal,2022-01-01,12.3,2022
Energy,Portugal,2022-02-01,15.2,2022
Energy,Portugal,2022-03-01,20.1,2022
Energy,Portugal,2022-04-01,27.1,2022
Energy,Portugal,2022-05-01,27.6,2022
Energy,Portugal,2022-06-01,31.9,2022
Energy,Portugal,2022-07-01,31.3,2022
Energy,Portugal,2022-08-01,24.1,2022
Energy,Portugal,2022-09-01,22.3,2022
Energy,Portugal,2022-10-01,27.6,2022
Energy,Portugal,2022-11-01,24.7,2022
Energy,Portugal,2022-12-01,20.7,2022
Energy,Portugal,2023-01-01,7.2,2023
Energy,Portugal,2023-02-01,2.0,2023
Energy,Portugal,2023-03-01,-4.5,2023
Energy,Portugal,2023-04-01,-12.8,2023
Energy,Portugal,2023-05-01,-15.5,2023
Energy,Portugal,2023-06-01,-18.8,2023
Energy,Portugal,2023-07-01,-15.0,2023
Energy,Portugal,2023-08-01,-6.3,2023
Energy,Portugal,2023-09-01,-3.8,2023
Energy,Portugal,2023-10-01,-11.8,2023
Energy,Portugal,2023-11-01,-12.2,2023
Energy,Portugal,2023-12-01,-10.3,2023
Energy,Portugal,2024-01-01,0.0,2024
Energy,Portugal,2024-02-01,4.3,2024
Energy,Portugal,2024-03-01,4.8,2024
Energy,Portugal,2024-04-01,8.0,2024
Energy,Portugal,2024-05-01,7.9,2024
Energy,Portugal,2024-06-01,9.2,2024
Energy,Portugal,2024-07-01,4.2,2024
Energy,Portugal,2024-08-01,-1.8,2024
Energy,Portugal,2024-09-01,-3.9,2024
Energy,Portugal,2024-10-01,-0.5,2024
Energy,Portugal,2024-11-01,1.9,2024
Energy,Portugal,2024-12-01,4.8,2024
Energy,Portugal,2025-01-01,2.7,2025
Energy,Portugal,2025-02-01,1.6,2025
Energy,Portugal,2025-03-01,0.1,2025
Energy,Portugal,2025-04-01,-0.3,2025
Energy,Portugal,2025-05-01,-0.1,2025
Energy,Portugal,2025-06-01,-1.3,2025
Energy,Portugal,2025-07-01,-1.1,2025
Energy,Portugal,2025-08-01,-0.1,2025
Energy,Portugal,2025-09-01,0.4,2025
Energy,Portugal,2025-10-01,-1.2,2025
Energy,Portugal,2025-11-01,-0.7,2025
Energy,Portugal,2025-12-01,-2.4,2025
