category,country,date,homologous_inflation,year,item_weight
All-items HICP,Germany,2019-01-01,1.7,2019,1000.0
All-items HICP,Germany,2019-02-01,1.7,2019,1000.0
All-items HICP,Germany,2019-03-01,1.4,2019,1000.0
All-items HICP,Germany,2019-04-01,2.1,2019,1000.0
All-items HICP,Germany,2019-05-01,1.3,2019,1000.0
All-items HICP,Germany,2019-06-01,1.5,2019,1000.0
All-items HICP,Germany,2019-07-01,1.1,2019,1000.0
All-items HICP,Germany,2019-08-01,1.0,2019,1000.0
All-items HICP,Germany,2019-09-01,0.9,2019,1000.0
All-items HICP,Germany,2019-10-01,0.9,2019,1000.0
All-items HICP,Germany,2019-11-01,1.2,2019,1000.0
All-items HICP,Germany,2019-12-01,1.5,2019,1000.0
All-items HICP,Germany,2020-01-01,1.6,2020,1000.0
All-items HICP,Germany,2020-02-01,1.7,2020,1000.0
All-items HICP,Germany,2020-03-01,1.3,2020,1000.0
All-items HICP,Germany,2020-04-01,0.8,2020,1000.0
All-items HICP,Germany,2020-05-01,0.5,2020,1000.0
All-items HICP,Germany,2020-06-01,0.8,2020,1000.0
All-items HICP,Germany,2020-07-01,0.0,2020,1000.0
All-items HICP,Germany,2020-08-01,-0.1,2020,1000.0
All-items HICP,Germany,2020-09-01,-0.4,2020,1000.0
All-items HICP,Germany,2020-10-01,-0.5,2020,1000.0
All-items HICP,Germany,2020-11-01,-0.7,2020,1000.0
All-items HICP,Germany,2020-12-01,-0.7,2020,1000.0
All-items HICP,Germany,2021-01-01,1.6,2021,1000.0
All-items HICP,Germany,2021-02-01,1.6,2021,1000.0
All-items HICP,Germany,2021-03-01,2.0,2021,1000.0
All-items HICP,Germany,2021-04-01,2.1,2021,1000.0
All-items HICP,Germany,2021-05-01,2.4,2021,1000.0
All-items HICP,Germany,2021-06-01,2.1,2021,1000.0
All-items HICP,Germany,2021-07-01,3.1,2021,1000.0
All-items HICP,Germany,2021-08-01,3.4,2021,1000.0
All-items HICP,Germany,2021-09-01,4.1,2021,1000.0
All-items HICP,Germany,2021-10-01,4.6,2021,1000.0
All-items HICP,Germany,2021-11-01,6.0,2021,1000.0
All-items HICP,Germany,2021-12-01,5.7,2021,1000.0
All-items HICP,Germany,2022-01-01,5.1,2022,1000.0
All-items HICP,Germany,2022-02-01,5.5,2022,1000.0
All-items HICP,Germany,2022-03-01,7.6,2022,1000.0
All-items HICP,Germany,2022-04-01,7.8,2022,1000.0
All-items HICP,Germany,2022-05-01,8.7,2022,1000.0
All-items HICP,Germany,2022-06-01,8.2,2022,1000.0
All-items HICP,Germany,2022-07-01,8.5,2022,1000.0
All-items HICP,Germany,2022-08-01,8.8,2022,1000.0
All-items HICP,Germany,2022-09-01,10.9,2022,1000.0
All-items HICP,Germany,2022-10-01,11.6,2022,1000.0
All-items HICP,Germany,2022-11-01,11.3,2022,1000.0
All-items HICP,Germany,2022-12-01,9.6,2022,1000.0
All-items HICP,Germany,2023-01-01,9.2,2023,1000.0
All-items HICP,Germany,2023-02-01,9.3,2023,1000.0
All-items HICP,Germany,2023-03-01,7.8,2023,1000.0
All-items HICP,Germany,2023-04-01,7.6,2023,1000.0
All-items HICP,Germany,2023-05-01,6.3,2023,1000.0
All-items HICP,Germany,2023-06-01,6.8,2023,1000.0
All-items HICP,Germany,2023-07-01,6.5,2023,1000.0
All-items HICP,Germany,2023-08-01,6.4,2023,1000.0
All-items HICP,Germany,2023-09-01,4.3,2023,1000.0
All-items HICP,Germany,2023-10-01,3.0,2023,1000.0
All-items HICP,Germany,2023-11-01,2.3,2023,1000.0
All-items HICP,Germany,2023-12-01,3.8,2023,1000.0
All-items HICP,Germany,2024-01-01,3.1,2024,1000.0
All-items HICP,Germany,2024-02-01,2.7,2024,1000.0
All-items HICP,Germany,2024-03-01,2.3,2024,1000.0
All-items HICP,Germany,2024-04-01,2.4,2024,1000.0
All-items HICP,Germany,2024-05-01,2.8,2024,1000.0
All-items HICP,Germany,2024-06-01,2.5,2024,1000.0
All-items HICP,Germany,2024-07-01,2.6,2024,1000.0
All-items HICP,Germany,2024-08-01,2.0,2024,1000.0
All-items HICP,Germany,2024-09-01,1.8,2024,1000.0
All-items HICP,Germany,2024-10-01,2.4,2024,1000.0
All-items HICP,Germany,2024-11-01,2.4,2024,1000.0
All-items HICP,Germany,2024-12-01,2.8,2024,1000.0
All-items HICP,Germany,2025-01-01,2.8,2025,1000.0
All-items HICP,Germany,2025-02-01,2.6,2025,1000.0
All-items HICP,Germany,2025-03-01,2.3,2025,1000.0
All-items HICP,Germany,2025-04-01,2.2,2025,1000.0
All-items HICP,Germany,2025-05-01,2.1,2025,1000.0
All-items HICP,Germany,2025-06-01,2.0,2025,1000.0
All-items HICP,Germany,2025-07-01,1.8,2025,1000.0
All-items HICP,Germany,2025-08-01,2.1,2025,1000.0
All-items HICP,Germany,2025-09-01,2.4,2025,1000.0
All-items HICP,Germany,2025-10-01,2.3,2025,1000.0
All-items HICP,Germany,2025-11-01,2.6,2025,1000.0
All-items HICP,Germany,2025-12-01,2.0,2025,1000.0
All-items HICP,"Euro area (EA11-1999, EA12-2001, EA13-2007, EA15-2008, EA16-2009, EA17-2011, EA18-2014, EA19-2015, EA20-2023, EA21-2026)",2019-01-01,1.4,2019,1000.0
All-items HICP,"Euro area (EA11-1999, EA12-2001, EA13-2007, EA15-2008, EA16-2009, EA17-2011, EA18-2014, EA19-2015, EA20-2023, EA21-2026)",2019-02-01,1.5,2019,1000.0
All-items HICP,"Euro area (EA11-1999, EA12-2001, EA13-2007, EA15-2008, EA16-2009, EA17-2011, EA18-2014, EA19-2015, EA20-2023, EA21-2026)",2019-03-01,1.4,2019,1000.0
All-items HICP,"Euro area (EA11-1999, EA12-2001, EA13-2007, EA15-2008, EA16-2009, EA17-2011, EA18-2014, EA19-2015, EA20-2023, EA21-2026)",2019-04-01,1.7,2019,1000.0
All-items HICP,"Euro area (EA11-1999, EA12-2001, EA13-2007, EA15-2008, EA16-2009, EA17-2011, EA18-2014, EA19-2015, EA20-2023, EA21-2026)",2019-05-01,1.2,2019,1000.0
All-items HICP,"Euro area (EA11-1999, EA12-2001, EA13-2007, EA15-2008, EA16-2009, EA17-2011, EA18-2014, EA19-2015, EA20-2023, EA21-2026)",2019-06-01,1.3,2019,1000.0
All-items HICP,"Euro area (EA11-1999, EA12-2001, EA13-2007, EA15-2008, EA16-2009, EA17-2011, EA18-2014, EA19-2015, EA20-2023, EA21-2026)",2019-07-01,1.0,2019,1000.0
All-items HICP,"Euro area (EA11-1999, EA12-2001, EA13-2007, EA15-2008, EA16-2009, EA17-2011, EA18-2014, EA19-2015, EA20-2023, EA21-2026)",2019-08-01,1.0,2019,1000.0
All-items HICP,"Euro area (EA11-1999, EA12-2001, EA13-2007, EA15-2008, EA16-2009, EA17-2011, EA18-2014, EA19-2015, EA20-2023, EA21-2026)",2019-09-01,0.8,2019,1000.0
All-items HICP,"Euro area (EA11-1999, EA12-2001, EA13-2007, EA15-2008, EA16-2009, EA17-2011, EA18-2014, EA19-2015, EA20-2023, EA21-2026)",2019-10-01,0.7,2019,1000.0
All-items HICP,"Euro area (EA11-1999, EA12-2001, EA13-2007, EA15-2008, EA16-2009, EA17-2011, EA18-2014, EA19-2015, EA20-2023, EA21-2026)",2019-11-01,1.0,2019,1000.0
All-items HICP,"Euro area (EA11-1999, EA12-2001, EA13-2007, EA15-2008, EA16-2009, EA17-2011, EA18-2014, EA19-2015, EA20-2023, EA21-2026)",2019-12-01,1.3,2019,1000.0
All-items HICP,"Euro area (EA11-1999, EA12-2001, EA13-2007, EA15-2008, EA16-2009, EA17-2011, EA18-2014, EA19-2015, EA20-2023, EA21-2026)",2020-01-01,1.4,2020,1000.0
All-items HICP,"Euro area (EA11-1999, EA12-2001, EA13-2007, EA15-2008, EA16-2009, EA17-2011, EA18-2014, EA19-2015, EA20-2023, EA21-2026)",2020-02-01,1.2,2020,1000.0
All-items HICP,"Euro area (EA11-1999, EA12-2001, EA13-2007, EA15-2008, EA16-2009, EA17-2011, EA18-2014, EA19-2015, EA20-2023, EA21-2026)",2020-03-01,0.7,2020,1000.0
All-items HICP,"Euro area (EA11-1999, EA12-2001, EA13-2007, EA15-2008, EA16-2009, EA17-2011, EA18-2014, EA19-2015, EA20-2023, EA21-2026)",2020-04-01,0.3,2020,1000.0
All-items HICP,"Euro area (EA11-1999, EA12-2001, EA13-2007, EA15-2008, EA16-2009, EA17-2011, EA18-2014, EA19-2015, EA20-2023, EA21-2026)",2020-05-01,0.1,2020,1000.0
All-items HICP,"Euro area (EA11-1999, EA12-2001, EA13-2007, EA15-2008, EA16-2009, EA17-2011, EA18-2014, EA19-2015, EA20-2023, EA21-2026)",2020-06-01,0.3,2020,1000.0
All-items HICP,"Euro area (EA11-1999, EA12-2001, EA13-2007, EA15-2008, EA16-2009, EA17-2011, EA18-2014, EA19-2015, EA20-2023, EA21-2026)",2020-07-01,0.4,2020,1000.0
All-items HICP,"Euro area (EA11-1999, EA12-2001, EA13-2007, EA15-2008, EA16-2009, EA17-2011, EA18-2014, EA19-2015, EA20-2023, EA21-2026)",2020-08-01,-0.2,2020,1000.0
All-items HICP,"Euro area (EA11-1999, EA12-2001, EA13-2007, EA15-2008, EA16-2009, EA17-2011, EA18-2014, EA19-2015, EA20-2023, EA21-2026)",2020-09-01,-0.3,2020,1000.0
All-items HICP,"Euro area (EA11-1999, EA12-2001, EA13-2007, EA15-2008, EA16-2009, EA17-2011, EA18-2014, EA19-2015, EA20-2023, EA21-2026)",2020-10-01,-0.3,2020,1000.0
All-items HICP,"Euro area (EA11-1999, EA12-2001, EA13-2007, EA15-2008, EA16-2009, EA17-2011, EA18-2014, EA19-2015, EA20-2023, EA21-2026)",2020-11-01,-0.3,2020,1000.0
All-items HICP,"Euro area (EA11-1999, EA12-2001, EA13-2007, EA15-2008, EA16-2009, EA17-2011, EA18-2014, EA19-2015, EA20-2023, EA21-2026)",2020-12-01,-0.3,2020,1000.0
All-items HICP,"Euro area (EA11-1999, EA12-2001, EA13-2007, EA15-2008, EA16-2009, EA17-2011, EA18-2014, EA19-2015, EA20-2023, EA21-2026)",2021-01-01,0.9,2021,1000.0
All-items HICP,"Euro area (EA11-1999, EA12-2001, EA13-2007, EA15-2008, EA16-2009, EA17-2011, EA18-2014, EA19-2015, EA20-2023, EA21-2026)",2021-02-01,0.9,2021,1000.0
All-items HICP,"Euro area (EA11-1999, EA12-2001, EA13-2007, EA15-2008, EA16-2009, EA17-2011, EA18-2014, EA19-2015, EA20-2023, EA21-2026)",2021-03-01,1.3,2021,1000.0
All-items HICP,"Euro area (EA11-1999, EA12-2001, EA13-2007, EA15-2008, EA16-2009, EA17-2011, EA18-2014, EA19-2015, EA20-2023, EA21-2026)",2021-04-01,1.6,2021,1000.0
All-items HICP,"Euro area (EA11-1999, EA12-2001, EA13-2007, EA15-2008, EA16-2009, EA17-2011, EA18-2014, EA19-2015, EA20-2023, EA21-2026)",2021-05-01,2.0,2021,1000.0
All-items HICP,"Euro area (EA11-1999, EA12-2001, EA13-2007, EA15-2008, EA16-2009, EA17-2011, EA18-2014, EA19-2015, EA20-2023, EA21-2026)",2021-06-01,1.9,2021,1000.0
All-items HICP,"Euro area (EA11-1999, EA12-2001, EA13-2007, EA15-2008, EA16-2009, EA17-2011, EA18-2014, EA19-2015, EA20-2023, EA21-2026)",2021-07-01,2.2,2021,1000.0
All-items HICP,"Euro area (EA11-1999, EA12-2001, EA13-2007, EA15-2008, EA16-2009, EA17-2011, EA18-2014, EA19-2015, EA20-2023, EA21-2026)",2021-08-01,3.0,2021,1000.0
All-items HICP,"Euro area (EA11-1999, EA12-2001, EA13-2007, EA15-2008, EA16-2009, EA17-2011, EA18-2014, EA19-2015, EA20-2023, EA21-2026)",2021-09-01,3.4,2021,1000.0
All-items HICP,"Euro area (EA11-1999, EA12-2001, EA13-2007, EA15-2008, EA16-2009, EA17-2011, EA18-2014, EA19-2015, EA20-2023, EA21-2026)",2021-10-01,4.1,2021,1000.0
All-items HICP,"Euro area (EA11-1999, EA12-2001, EA13-2007, EA15-2008, EA16-2009, EA17-2011, EA18-2014, EA19-2015, EA20-2023, EA21-2026)",2021-11-01,4.9,2021,1000.0
All-items HICP,"Euro area (EA11-1999, EA12-2001, EA13-2007, EA15-2008, EA16-2009, EA17-2011, EA18-2014, EA19-2015, EA20-2023, EA21-2026)",2021-12-01,5.0,2021,1000.0
All-items HICP,"Euro area (EA11-1999, EA12-2001, EA13-2007, EA15-2008, EA16-2009, EA17-2011, EA18-2014, EA19-2015, EA20-2023, EA21-2026)",2022-01-01,5.1,2022,1000.0
All-items HICP,"Euro area (EA11-1999, EA12-2001, EA13-2007, EA15-2008, EA16-2009, EA17-2011, EA18-2014, EA19-2015, EA20-2023, EA21-2026)",2022-02-01,5.9,2022,1000.0
All-items HICP,"Euro area (EA11-1999, EA12-2001, EA13-2007, EA15-2008, EA16-2009, EA17-2011, EA18-2014, EA19-2015, EA20-2023, EA21-2026)",2022-03-01,7.4,2022,1000.0
All-items HICP,"Euro area (EA11-1999, EA12-2001, EA13-2007, EA15-2008, EA16-2009, EA17-2011, EA18-2014, EA19-2015, EA20-2023, EA21-2026)",2022-04-01,7.4,2022,1000.0
All-items HICP,"Euro area (EA11-1999, EA12-2001, EA13-2007, EA15-2008, EA16-2009, EA17-2011, EA18-2014, EA19-2015, EA20-2023, EA21-2026)",2022-05-01,8.1,2022,1000.0
All-items HICP,"Euro area (EA11-1999, EA12-2001, EA13-2007, EA15-2008, EA16-2009, EA17-2011, EA18-2014, EA19-2015, EA20-2023, EA21-2026)",2022-06-01,8.6,2022,1000.0
All-items HICP,"Euro area (EA11-1999, EA12-2001, EA13-2007, EA15-2008, EA16-2009, EA17-2011, EA18-2014, EA19-2015, EA20-2023, EA21-2026)",2022-07-01,8.9,2022,1000.0
All-items HICP,"Euro area (EA11-1999, EA12-2001, EA13-2007, EA15-2008, EA16-2009, EA17-2011, EA18-2014, EA19-2015, EA20-2023, EA21-2026)",2022-08-01,9.1,2022,1000.0
All-items HICP,"Euro area (EA11-1999, EA12-2001, EA13-2007, EA15-2008, EA16-2009, EA17-2011, EA18-2014, EA19-2015, EA20-2023, EA21-2026)",2022-09-01,9.9,2022,1000.0
All-items HICP,"Euro area (EA11-1999, EA12-2001, EA13-2007, EA15-2008, EA16-2009, EA17-2011, EA18-2014, EA19-2015, EA20-2023, EA21-2026)",2022-10-01,10.6,2022,1000.0
All-items HICP,"Euro area (EA11-1999, EA12-2001, EA13-2007, EA15-2008, EA16-2009, EA17-2011, EA18-2014, EA19-2015, EA20-2023, EA21-2026)",2022-11-01,10.1,2022,1000.0
All-items HICP,"Euro area (EA11-1999, EA12-2001, EA13-2007, EA15-2008, EA16-2009, EA17-2011, EA18-2014, EA19-2015, EA20-2023, EA21-2026)",2022-12-01,9.2,2022,1000.0
All-items HICP,"Euro area (EA11-1999, EA12-2001, EA13-2007, EA15-2008, EA16-2009, EA17-2011, EA18-2014, EA19-2015, EA20-2023, EA21-2026)",2023-01-01,8.6,2023,1000.0
All-items HICP,"Euro area (EA11-1999, EA12-2001, EA13-2007, EA15-2008, EA16-2009, EA17-2011, EA18-2014, EA19-2015, EA20-2023, EA21-2026)",2023-02-01,8.5,2023,1000.0
All-items HICP,"Euro area (EA11-1999, EA12-2001, EA13-2007, EA15-2008, EA16-2009, EA17-2011, EA18-2014, EA19-2015, EA20-2023, EA21-2026)",2023-03-01,6.9,2023,1000.0
All-items HICP,"Euro area (EA11-1999, EA12-2001, EA13-2007, EA15-2008, EA16-2009, EA17-2011, EA18-2014, EA19-2015, EA20-2023, EA21-2026)",2023-04-01,7.0,2023,1000.0
All-items HICP,"Euro area (EA11-1999, EA12-2001, EA13-2007, EA15-2008, EA16-2009, EA17-2011, EA18-2014, EA19-2015, EA20-2023, EA21-2026)",2023-05-01,6.1,2023,1000.0
All-items HICP,"Euro area (EA11-1999, EA12-2001, EA13-2007, EA15-2008, EA16-2009, EA17-2011, EA18-2014, EA19-2015, EA20-2023, EA21-2026)",2023-06-01,5.5,2023,1000.0
All-items HICP,"Euro area (EA11-1999, EA12-2001, EA13-2007, EA15-2008, EA16-2009, EA17-2011, EA18-2014, EA19-2015, EA20-2023, EA21-2026)",2023-07-01,5.3,2023,1000.0
All-items HICP,"Euro area (EA11-1999, EA12-2001, EA13-2007, EA15-2008, EA16-2009, EA17-2011, EA18-2014, EA19-2015, EA20-2023, EA21-2026)",2023-08-01,5.2,2023,1000.0
All-items HICP,"Euro area (EA11-1999, EA12-2001, EA13-2007, EA15-2008, EA16-2009, EA17-2011, EA18-2014, EA19-2015, EA20-2023, EA21-2026)",2023-09-01,4.3,2023,1000.0
All-items HICP,"Euro area (EA11-1999, EA12-2001, EA13-2007, EA15-2008, EA16-2009, EA17-2011, EA18-2014, EA19-2015, EA20-2023, EA21-2026)",2023-10-01,2.9,2023,1000.0
All-items HICP,"Euro area (EA11-1999, EA12-2001, EA13-2007, EA15-2008, EA16-2009, EA17-2011, EA18-2014, EA19-2015, EA20-2023, EA21-2026)",2023-11-01,2.4,2023,1000.0
All-items HICP,"Euro area (EA11-1999, EA12-2001, EA13-2007, EA15-2008, EA16-2009, EA17-2011, EA18-2014, EA19-2015, EA20-2023, EA21-2026)",2023-12-01,2.9,2023,1000.0
All-items HICP,"Euro area (EA11-1999, EA12-2001, EA13-2007, EA15-2008, EA16-2009, EA17-2011, EA18-2014, EA19-2015, EA20-2023, EA21-2026)",2024-01-01,2.8,2024,1000.0
All-items HICP,"Euro area (EA11-1999, EA12-2001, EA13-2007, EA15-2008, EA16-2009, EA17-2011, EA18-2014, EA19-2015, EA20-2023, EA21-2026)",2024-02-01,2.6,2024,1000.0
All-items HICP,"Euro area (EA11-1999, EA12-2001, EA13-2007, EA15-2008, EA16-2009, EA17-2011, EA18-2014, EA19-2015, EA20-2023, EA21-2026)",2024-03-01,2.4,2024,1000.0
All-items HICP,"Euro area (EA11-1999, EA12-2001, EA13-2007, EA15-2008, EA16-2009, EA17-2011, EA18-2014, EA19-2015, EA20-2023, EA21-2026)",2024-04-01,2.4,2024,1000.0
All-items HICP,"Euro area (EA11-1999, EA12-2001, EA13-2007, EA15-2008, EA16-2009, EA17-2011, EA18-2014, EA19-2015, EA20-2023, EA21-2026)",2024-05-01,2.6,2024,1000.0
All-items HICP,"Euro area (EA11-1999, EA12-2001, EA13-2007, EA15-2008, EA16-2009, EA17-2011, EA18-2014, EA19-2015, EA20-2023, EA21-2026)",2024-06-01,2.5,2024,1000.0
All-items HICP,"Euro area (EA11-1999, EA12-2001, EA13-2007, EA15-2008, EA16-2009, EA17-2011, EA18-2014, EA19-2015, EA20-2023, EA21-2026)",2024-07-01,2.6,2024,1000.0
All-items HICP,"Euro area (EA11-1999, EA12-2001, EA13-2007, EA15-2008, EA16-2009, EA17-2011, EA18-2014, EA19-2015, EA20-2023, EA21-2026)",2024-08-01,2.2,2024,1000.0
All-items HICP,"Euro area (EA11-1999, EA12-2001, EA13-2007, EA15-2008, EA16-2009, EA17-2011, EA18-2014, EA19-2015, EA20-2023, EA21-2026)",2024-09-01,1.7,2024,1000.0
All-items HICP,"Euro area (EA11-1999, EA12-2001, EA13-2007, EA15-2008, EA16-2009, EA17-2011, EA18-2014, EA19-2015, EA20-2023, EA21-2026)",2024-10-01,2.0,2024,1000.0
All-items HICP,"Euro area (EA11-1999, EA12-2001, EA13-2007, EA15-2008, EA16-2009, EA17-2011, EA18-2014, EA19-2015, EA20-2023, EA21-2026)",2024-11-01,2.2,2024,1000.0
All-items HICP,"Euro area (EA11-1999, EA12-2001, EA13-2007, EA15-2008, EA16-2009, EA17-2011, EA18-2014, EA19-2015, EA20-2023, EA21-2026)",2024-12-01,2.4,2024,1000.0
All-items HICP,"Euro area (EA11-1999, EA12-2001, EA13-2007, EA15-2008, EA16-2009, EA17-2011, EA18-2014, EA19-2015, EA20-2023, EA21-2026)",2025-01-01,2.5,2025,1000.0
All-items HICP,"Euro area (EA11-1999, EA12-2001, EA13-2007, EA15-2008, EA16-2009, EA17-2011, EA18-2014, EA19-2015, EA20-2023, EA21-2026)",2025-02-01,2.3,2025,1000.0
All-items HICP,"Euro area (EA11-1999, EA12-2001, EA13-2007, EA15-2008, EA16-2009, EA17-2011, EA18-2014, EA19-2015, EA20-2023, EA21-2026)",2025-03-01,2.2,2025,1000.0
All-items HICP,"Euro area (EA11-1999, EA12-2001, EA13-2007, EA15-2008, EA16-2009, EA17-2011, EA18-2014, EA19-2015, EA20-2023, EA21-2026)",2025-04-01,2.2,2025,1000.0
All-items HICP,"Euro area (EA11-1999, EA12-2001, EA13-2007, EA15-2008, EA16-2009, EA17-2011, EA18-2014, EA19-2015, EA20-2023, EA21-2026)",2025-05-01,1.9,2025,1000.0
All-items HICP,"Euro area (EA11-1999, EA12-2001, EA13-2007, EA15-2008, EA16-2009, EA17-2011, EA18-2014, EA19-2015, EA20-2023, EA21-2026)",2025-06-01,2.0,2025,1000.0
All-items HICP,"Euro area (EA11-1999, EA12-2001, EA13-2007, EA15-2008, EA16-2009, EA17-2011, EA18-2014, EA19-2015, EA20-2023, EA21-2026)",2025-07-01,2.0,2025,1000.0
All-items HICP,"Euro area (EA11-1999, EA12-2001, EA13-2007, EA15-2008, EA16-2009, EA17-2011, EA18-2014, EA19-2015, EA20-2023, EA21-2026)",2025-08-01,2.0,2025,1000.0
All-items HICP,"Euro area (EA11-1999, EA12-2001, EA13-2007, EA15-2008, EA16-2009, EA17-2011, EA18-2014, EA19-2015, EA20-2023, EA21-2026)",2025-09-01,2.2,2025,1000.0
All-items HICP,"Euro area (EA11-1999, EA12-2001, EA13-2007, EA15-2008, EA16-2009, EA17-2011, EA18-2014, EA19-2015, EA20-2023, EA21-2026)",2025-10-01,2.1,2025,1000.0
All-items HICP,"Euro area (EA11-1999, EA12-2001, EA13-2007, EA15-2008, EA16-2009, EA17-2011, EA18-2014, EA19-2015, EA20-2023, EA21-2026)",2025-11-01,2.1,2025,1000.0
All-items HICP,"Euro area (EA11-1999, EA12-2001, EA13-2007, EA15-2008, EA16-2009, EA17-2011, EA18-2014, EA19-2015, EA20-2023, EA21-2026)",2025-12-01,2.0,2025,1000.0
All-items HICP,Spain,2019-01-01,1.0,2019,1000.0
All-items HICP,Spain,2019-02-01,1.1,2019,1000.0
All-items HICP,Spain,2019-03-01,1.3,2019,1000.0
All-items HICP,Spain,2019-04-01,1.6,2019,1000.0
All-items HICP,Spain,2019-05-01,0.9,2019,1000.0
All-items HICP,Spain,2019-06-01,0.6,2019,1000.0
All-items HICP,Spain,2019-07-01,0.6,2019,1000.0
All-items HICP,Spain,2019-08-01,0.4,2019,1000.0
All-items HICP,Spain,2019-09-01,0.2,2019,1000.0
All-items HICP,Spain,2019-10-01,0.2,2019,1000.0
All-items HICP,Spain,2019-11-01,0.5,2019,1000.0
All-items HICP,Spain,2019-12-01,0.8,2019,1000.0
All-items HICP,Spain,2020-01-01,1.1,2020,1000.0
All-items HICP,Spain,2020-02-01,0.9,2020,1000.0
All-items HICP,Spain,2020-03-01,0.1,2020,1000.0
All-items HICP,Spain,2020-04-01,-0.7,2020,1000.0
All-items HICP,Spain,2020-05-01,-0.9,2020,1000.0
All-items HICP,Spain,2020-06-01,-0.3,2020,1000.0
All-items HICP,Spain,2020-07-01,-0.7,2020,1000.0
All-items HICP,Spain,2020-08-01,-0.6,2020,1000.0
All-items HICP,Spain,2020-09-01,-0.6,2020,1000.0
All-items HICP,Spain,2020-10-01,-0.9,2020,1000.0
All-items HICP,Spain,2020-11-01,-0.8,2020,1000.0
All-items HICP,Spain,2020-12-01,-0.6,2020,1000.0
All-items HICP,Spain,2021-01-01,0.4,2021,1000.0
All-items HICP,Spain,2021-02-01,-0.1,2021,1000.0
All-items HICP,Spain,2021-03-01,1.2,2021,1000.0
All-items HICP,Spain,2021-04-01,2.0,2021,1000.0
All-items HICP,Spain,2021-05-01,2.4,2021,1000.0
All-items HICP,Spain,2021-06-01,2.5,2021,1000.0
All-items HICP,Spain,2021-07-01,2.9,2021,1000.0
All-items HICP,Spain,2021-08-01,3.3,2021,1000.0
All-items HICP,Spain,2021-09-01,4.0,2021,1000.0
All-items HICP,Spain,2021-10-01,5.4,2021,1000.0
All-items HICP,Spain,2021-11-01,5.5,2021,1000.0
All-items HICP,Spain,2021-12-01,6.6,2021,1000.0
All-items HICP,Spain,2022-01-01,6.2,2022,1000.0
All-items HICP,Spain,2022-02-01,7.6,2022,1000.0
All-items HICP,Spain,2022-03-01,9.8,2022,1000.0
All-items HICP,Spain,2022-04-01,8.3,2022,1000.0
All-items HICP,Spain,2022-05-01,8.5,2022,1000.0
All-items HICP,Spain,2022-06-01,10.0,2022,1000.0
All-items HICP,Spain,2022-07-01,10.7,2022,1000.0
All-items HICP,Spain,2022-08-01,10.5,2022,1000.0
All-items HICP,Spain,2022-09-01,9.0,2022,1000.0
All-items HICP,Spain,2022-10-01,7.3,2022,1000.0
All-items HICP,Spain,2022-11-01,6.7,2022,1000.0
All-items HICP,Spain,2022-12-01,5.5,2022,1000.0
All-items HICP,Spain,2023-01-01,5.9,2023,1000.0
All-items HICP,Spain,2023-02-01,6.0,2023,1000.0
All-items HICP,Spain,2023-03-01,3.1,2023,1000.0
All-items HICP,Spain,2023-04-01,3.8,2023,1000.0
All-items HICP,Spain,2023-05-01,2.9,2023,1000.0
All-items HICP,Spain,2023-06-01,1.6,2023,1000.0
All-items HICP,Spain,2023-07-01,2.1,2023,1000.0
All-items HICP,Spain,2023-08-01,2.4,2023,1000.0
All-items HICP,Spain,2023-09-01,3.3,2023,1000.0
All-items HICP,Spain,2023-10-01,3.5,2023,1000.0
All-items HICP,Spain,2023-11-01,3.3,2023,1000.0
All-items HICP,Spain,2023-12-01,3.3,2023,1000.0
All-items HICP,Spain,2024-01-01,3.5,2024,1000.0
All-items HICP,Spain,2024-02-01,2.9,2024,1000.0
All-items HICP,Spain,2024-03-01,3.3,2024,1000.0
All-items HICP,Spain,2024-04-01,3.4,2024,1000.0
All-items HICP,Spain,2024-05-01,3.8,2024,1000.0
All-items HICP,Spain,2024-06-01,3.6,2024,1000.0
All-items HICP,Spain,2024-07-01,2.9,2024,1000.0
All-items HICP,Spain,2024-08-01,2.4,2024,1000.0
All-items HICP,Spain,2024-09-01,1.7,2024,1000.0
All-items HICP,Spain,2024-10-01,1.8,2024,1000.0
All-items HICP,Spain,2024-11-01,2.4,2024,1000.0
All-items HICP,Spain,2024-12-01,2.8,2024,1000.0
All-items HICP,Spain,2025-01-01,2.9,2025,1000.0
All-items HICP,Spain,2025-02-01,2.9,2025,1000.0
All-items HICP,Spain,2025-03-01,2.2,2025,1000.0
All-items HICP,Spain,2025-04-01,2.2,2025,1000.0
All-items HICP,Spain,2025-05-01,2.0,2025,1000.0
All-items HICP,Spain,2025-06-01,2.3,2025,1000.0
All-items HICP,Spain,2025-07-01,2.7,2025,1000.0
All-items HICP,Spain,2025-08-01,2.7,2025,1000.0
All-items HICP,Spain,2025-09-01,3.0,2025,1000.0
All-items HICP,Spain,2025-10-01,3.2,2025,1000.0
All-items HICP,Spain,2025-11-01,3.2,2025,1000.0
All-items HICP,Spain,2025-12-01,3.0,2025,1000.0
All-items HICP,France,2019-01-01,1.4,2019,1000.0
All-items HICP,France,2019-02-01,1.6,2019,1000.0
All-items HICP,France,2019-03-01,1.3,2019,1000.0
All-items HICP,France,2019-04-01,1.5,2019,1000.0
All-items HICP,France,2019-05-01,1.1,2019,1000.0
All-items HICP,France,2019-06-01,1.4,2019,1000.0
All-items HICP,France,2019-07-01,1.3,2019,1000.0
All-items HICP,France,2019-08-01,1.3,2019,1000.0
All-items HICP,France,2019-09-01,1.1,2019,1000.0
All-items HICP,France,2019-10-01,0.9,2019,1000.0
All-items HICP,France,2019-11-01,1.2,2019,1000.0
All-items HICP,France,2019-12-01,1.6,2019,1000.0
All-items HICP,France,2020-01-01,1.7,2020,1000.0
All-items HICP,France,2020-02-01,1.6,2020,1000.0
All-items HICP,France,2020-03-01,0.8,2020,1000.0
All-items HICP,France,2020-04-01,0.4,2020,1000.0
All-items HICP,France,2020-05-01,0.4,2020,1000.0
All-items HICP,France,2020-06-01,0.2,2020,1000.0
All-items HICP,France,2020-07-01,0.9,2020,1000.0
All-items HICP,France,2020-08-01,0.2,2020,1000.0
All-items HICP,France,2020-09-01,0.0,2020,1000.0
All-items HICP,France,2020-10-01,0.1,2020,1000.0
All-items HICP,France,2020-11-01,0.2,2020,1000.0
All-items HICP,France,2020-12-01,0.0,2020,1000.0
All-items HICP,France,2021-01-01,0.8,2021,1000.0
All-items HICP,France,2021-02-01,0.8,2021,1000.0
All-items HICP,France,2021-03-01,1.4,2021,1000.0
All-items HICP,France,2021-04-01,1.6,2021,1000.0
All-items HICP,France,2021-05-01,1.8,2021,1000.0
All-items HICP,France,2021-06-01,1.9,2021,1000.0
All-items HICP,France,2021-07-01,1.5,2021,1000.0
All-items HICP,France,2021-08-01,2.4,2021,1000.0
All-items HICP,France,2021-09-01,2.7,2021,1000.0
All-items HICP,France,2021-10-01,3.2,2021,1000.0
All-items HICP,France,2021-11-01,3.4,2021,1000.0
All-items HICP,France,2021-12-01,3.4,2021,1000.0
All-items HICP,France,2022-01-01,3.3,2022,1000.0
All-items HICP,France,2022-02-01,4.2,2022,1000.0
All-items HICP,France,2022-03-01,5.1,2022,1000.0
All-items HICP,France,2022-04-01,5.4,2022,1000.0
All-items HICP,France,2022-05-01,5.8,2022,1000.0
All-items HICP,France,2022-06-01,6.5,2022,1000.0
All-items HICP,France,2022-07-01,6.8,2022,1000.0
All-items HICP,France,2022-08-01,6.6,2022,1000.0
All-items HICP,France,2022-09-01,6.2,2022,1000.0
All-items HICP,France,2022-10-01,7.1,2022,1000.0
All-items HICP,France,2022-11-01,7.1,2022,1000.0
All-items HICP,France,2022-12-01,6.7,2022,1000.0
All-items HICP,France,2023-01-01,7.0,2023,1000.0
All-items HICP,France,2023-02-01,7.3,2023,1000.0
All-items HICP,France,2023-03-01,6.7,2023,1000.0
All-items HICP,France,2023-04-01,6.9,2023,1000.0
All-items HICP,France,2023-05-01,6.0,2023,1000.0
All-items HICP,France,2023-06-01,5.3,2023,1000.0
All-items HICP,France,2023-07-01,5.1,2023,1000.0
All-items HICP,France,2023-08-01,5.7,2023,1000.0
All-items HICP,France,2023-09-01,5.7,2023,1000.0
All-items HICP,France,2023-10-01,4.5,2023,1000.0
All-items HICP,France,2023-11-01,3.9,2023,1000.0
All-items HICP,France,2023-12-01,4.1,2023,1000.0
All-items HICP,France,2024-01-01,3.4,2024,1000.0
All-items HICP,France,2024-02-01,3.2,2024,1000.0
All-items HICP,France,2024-03-01,2.4,2024,1000.0
All-items HICP,France,2024-04-01,2.4,2024,1000.0
All-items HICP,France,2024-05-01,2.6,2024,1000.0
All-items HICP,France,2024-06-01,2.5,2024,1000.0
All-items HICP,France,2024-07-01,2.7,2024,1000.0
All-items HICP,France,2024-08-01,2.2,2024,1000.0
All-items HICP,France,2024-09-01,1.4,2024,1000.0
All-items HICP,France,2024-10-01,1.6,2024,1000.0
All-items HICP,France,2024-11-01,1.7,2024,1000.0
All-items HICP,France,2024-12-01,1.8,2024,1000.0
All-items HICP,France,2025-01-01,1.8,2025,1000.0
All-items HICP,France,2025-02-01,0.9,2025,1000.0
All-items HICP,France,2025-03-01,0.9,2025,1000.0
All-items HICP,France,2025-04-01,0.9,2025,1000.0
All-items HICP,France,2025-05-01,0.6,2025,1000.0
All-items HICP,France,2025-06-01,0.9,2025,1000.0
All-items HICP,France,2025-07-01,0.9,2025,1000.0
All-items HICP,France,2025-08-01,0.8,2025,1000.0
All-items HICP,France,2025-09-01,1.1,2025,1000.0
All-items HICP,France,2025-10-01,0.8,2025,1000.0
All-items HICP,France,2025-11-01,0.8,2025,1000.0
All-items HICP,France,2025-12-01,0.7,2025,1000.0
All-items HICP,Italy,2019-01-01,0.9,2019,1000.0
All-items HICP,Italy,2019-02-01,1.1,2019,1000.0
All-items HICP,Italy,2019-03-01,1.1,2019,1000.0
All-items HICP,Italy,2019-04-01,1.1,2019,1000.0
All-items HICP,Italy,2019-05-01,0.9,2019,1000.0
All-items HICP,Italy,2019-06-01,0.8,2019,1000.0
All-items HICP,Italy,2019-07-01,0.3,2019,1000.0
All-items HICP,Italy,2019-08-01,0.5,2019,1000.0
All-items HICP,Italy,2019-09-01,0.2,2019,1000.0
All-items HICP,Italy,2019-10-01,0.2,2019,1000.0
All-items HICP,Italy,2019-11-01,0.2,2019,1000.0
All-items HICP,Italy,2019-12-01,0.5,2019,1000.0
All-items HICP,Italy,2020-01-01,0.4,2020,1000.0
All-items HICP,Italy,2020-02-01,0.2,2020,1000.0
All-items HICP,Italy,2020-03-01,0.1,2020,1000.0
All-items HICP,Italy,2020-04-01,0.1,2020,1000.0
All-items HICP,Italy,2020-05-01,-0.3,2020,1000.0
All-items HICP,Italy,2020-06-01,-0.4,2020,1000.0
All-items HICP,Italy,2020-07-01,0.8,2020,1000.0
All-items HICP,Italy,2020-08-01,-0.5,2020,1000.0
All-items HICP,Italy,2020-09-01,-1.0,2020,1000.0
All-items HICP,Italy,2020-10-01,-0.6,2020,1000.0
All-items HICP,Italy,2020-11-01,-0.3,2020,1000.0
All-items HICP,Italy,2020-12-01,-0.3,2020,1000.0
All-items HICP,Italy,2021-01-01,0.7,2021,1000.0
All-items HICP,Italy,2021-02-01,1.0,2021,1000.0
All-items HICP,Italy,2021-03-01,0.6,2021,1000.0
All-items HICP,Italy,2021-04-01,1.0,2021,1000.0
All-items HICP,Italy,2021-05-01,1.2,2021,1000.0
All-items HICP,Italy,2021-06-01,1.3,2021,1000.0
All-items HICP,Italy,2021-07-01,1.0,2021,1000.0
All-items HICP,Italy,2021-08-01,2.5,2021,1000.0
All-items HICP,Italy,2021-09-01,2.9,2021,1000.0
All-items HICP,Italy,2021-10-01,3.2,2021,1000.0
All-items HICP,Italy,2021-11-01,3.9,2021,1000.0
All-items HICP,Italy,2021-12-01,4.2,2021,1000.0
All-items HICP,Italy,2022-01-01,5.1,2022,1000.0
All-items HICP,Italy,2022-02-01,6.2,2022,1000.0
All-items HICP,Italy,2022-03-01,6.8,2022,1000.0
All-items HICP,Italy,2022-04-01,6.3,2022,1000.0
All-items HICP,Italy,2022-05-01,7.3,2022,1000.0
All-items HICP,Italy,2022-06-01,8.5,2022,1000.0
All-items HICP,Italy,2022-07-01,8.4,2022,1000.0
All-items HICP,Italy,2022-08-01,9.1,2022,1000.0
All-items HICP,Italy,2022-09-01,9.4,2022,1000.0
All-items HICP,Italy,2022-10-01,12.6,2022,1000.0
All-items HICP,Italy,2022-11-01,12.6,2022,1000.0
All-items HICP,Italy,2022-12-01,12.3,2022,1000.0
All-items HICP,Italy,2023-01-01,10.7,2023,1000.0
All-items HICP,Italy,2023-02-01,9.8,2023,1000.0
All-items HICP,Italy,2023-03-01,8.1,2023,1000.0
All-items HICP,Italy,2023-04-01,8.6,2023,1000.0
All-items HICP,Italy,2023-05-01,8.0,2023,1000.0
All-items HICP,Italy,2023-06-01,6.7,2023,1000.0
All-items HICP,Italy,2023-07-01,6.3,2023,1000.0
All-items HICP,Italy,2023-08-01,5.5,2023,1000.0
All-items HICP,Italy,2023-09-01,5.6,2023,1000.0
All-items HICP,Italy,2023-10-01,1.8,2023,1000.0
All-items HICP,Italy,2023-11-01,0.6,2023,1000.0
All-items HICP,Italy,2023-12-01,0.5,2023,1000.0
All-items HICP,Italy,2024-01-01,0.9,2024,1000.0
All-items HICP,Italy,2024-02-01,0.8,2024,1000.0
All-items HICP,Italy,2024-03-01,1.2,2024,1000.0
All-items HICP,Italy,2024-04-01,0.9,2024,1000.0
All-items HICP,Italy,2024-05-01,0.8,2024,1000.0
All-items HICP,Italy,2024-06-01,0.9,2024,1000.0
All-items HICP,Italy,2024-07-01,1.6,2024,1000.0
All-items HICP,Italy,2024-08-01,1.2,2024,1000.0
All-items HICP,Italy,2024-09-01,0.7,2024,1000.0
All-items HICP,Italy,2024-10-01,1.0,2024,1000.0
All-items HICP,Italy,2024-11-01,1.5,2024,1000.0
All-items HICP,Italy,2024-12-01,1.4,2024,1000.0
All-items HICP,Italy,2025-01-01,1.7,2025,1000.0
All-items HICP,Italy,2025-02-01,1.7,2025,1000.0
All-items HICP,Italy,2025-03-01,2.1,2025,1000.0
All-items HICP,Italy,2025-04-01,2.0,2025,1000.0
All-items HICP,Italy,2025-05-01,1.7,2025,1000.0
All-items HICP,Italy,2025-06-01,1.8,2025,1000.0
All-items HICP,Italy,2025-07-01,1.7,2025,1000.0
All-items HICP,Italy,2025-08-01,1.6,2025,1000.0
All-items HICP,Italy,2025-09-01,1.8,2025,1000.0
All-items HICP,Italy,2025-10-01,1.3,2025,1000.0
All-items HICP,Italy,2025-11-01,1.1,2025,1000.0
All-items HICP,Italy,2025-12-01,1.2,2025,1000.0
All-items HICP,Portugal,2019-01-01,0.6,2019,1000.0
All-items HICP,Portugal,2019-02-01,0.9,2019,1000.0
All-items HICP,Portugal,2019-03-01,0.8,2019,1000.0
All-items HICP,Portugal,2019-04-01,0.9,2019,1000.0
All-items HICP,Portugal,2019-05-01,0.3,2019,1000.0
All-items HICP,Portugal,2019-06-01,0.7,2019,1000.0
All-items HICP,Portugal,2019-07-01,-0.7,2019,1000.0
All-items HICP,Portugal,2019-08-01,-0.1,2019,1000.0
All-items HICP,Portugal,2019-09-01,-0.3,2019,1000.0
All-items HICP,Portugal,2019-10-01,-0.1,2019,1000.0
All-items HICP,Portugal,2019-11-01,0.2,2019,1000.0
All-items HICP,Portugal,2019-12-01,0.4,2019,1000.0
All-items HICP,Portugal,2020-01-01,0.8,2020,1000.0
All-items HICP,Portugal,2020-02-01,0.5,2020,1000.0
All-items HICP,Portugal,2020-03-01,0.1,2020,1000.0
All-items HICP,Portugal,2020-04-01,-0.1,2020,1000.0
All-items HICP,Portugal,2020-05-01,-0.6,2020,1000.0
All-items HICP,Portugal,2020-06-01,0.2,2020,1000.0
All-items HICP,Portugal,2020-07-01,-0.1,2020,1000.0
All-items HICP,Portugal,2020-08-01,-0.2,2020,1000.0
All-items HICP,Portugal,2020-09-01,-0.8,2020,1000.0
All-items HICP,Portugal,2020-10-01,-0.6,2020,1000.0
All-items HICP,Portugal,2020-11-01,-0.4,2020,1000.0
All-items HICP,Portugal,2020-12-01,-0.3,2020,1000.0
All-items HICP,Portugal,2021-01-01,0.2,2021,1000.0
All-items HICP,Portugal,2021-02-01,0.3,2021,1000.0
All-items HICP,Portugal,2021-03-01,0.1,2021,1000.0
All-items HICP,Portugal,2021-04-01,-0.1,2021,1000.0
All-items HICP,Portugal,2021-05-01,0.5,2021,1000.0
All-items HICP,Portugal,2021-06-01,-0.6,2021,1000.0
All-items HICP,Portugal,2021-07-01,1.1,2021,1000.0
All-items HICP,Portugal,2021-08-01,1.3,2021,1000.0
All-items HICP,Portugal,2021-09-01,1.3,2021,1000.0
All-items HICP,Portugal,2021-10-01,1.8,2021,1000.0
All-items HICP,Portugal,2021-11-01,2.6,2021,1000.0
All-items HICP,Portugal,2021-12-01,2.8,2021,1000.0
All-items HICP,Portugal,2022-01-01,3.4,2022,1000.0
All-items HICP,Portugal,2022-02-01,4.4,2022,1000.0
All-items HICP,Portugal,2022-03-01,5.5,2022,1000.0
All-items HICP,Portugal,2022-04-01,7.4,2022,1000.0
All-items HICP,Portugal,2022-05-01,8.1,2022,1000.0
All-items HICP,Portugal,2022-06-01,9.0,2022,1000.0
All-items HICP,Portugal,2022-07-01,9.4,2022,1000.0
All-items HICP,Portugal,2022-08-01,9.3,2022,1000.0
All-items HICP,Portugal,2022-09-01,9.8,2022,1000.0
All-items HICP,Portugal,2022-10-01,10.6,2022,1000.0
All-items HICP,Portugal,2022-11-01,10.2,2022,1000.0
All-items HICP,Portugal,2022-12-01,9.8,2022,1000.0
All-items HICP,Portugal,2023-01-01,8.6,2023,1000.0
All-items HICP,Portugal,2023-02-01,8.6,2023,1000.0
All-items HICP,Portugal,2023-03-01,8.0,2023,1000.0
All-items HICP,Portugal,2023-04-01,6.9,2023,1000.0
All-items HICP,Portugal,2023-05-01,5.4,2023,1000.0
All-items HICP,Portugal,2023-06-01,4.7,2023,1000.0
All-items HICP,Portugal,2023-07-01,4.3,2023,1000.0
All-items HICP,Portugal,2023-08-01,5.3,2023,1000.0
All-items HICP,Portugal,2023-09-01,4.8,2023,1000.0
All-items HICP,Portugal,2023-10-01,3.2,2023,1000.0
All-items HICP,Portugal,2023-11-01,2.2,2023,1000.0
All-items HICP,Portugal,2023-12-01,1.9,2023,1000.0
All-items HICP,Portugal,2024-01-01,2.5,2024,1000.0
All-items HICP,Portugal,2024-02-01,2.3,2024,1000.0
All-items HICP,Portugal,2024-03-01,2.6,2024,1000.0
All-items HICP,Portugal,2024-04-01,2.3,2024,1000.0
All-items HICP,Portugal,2024-05-01,3.8,2024,1000.0
All-items HICP,Portugal,2024-06-01,3.1,2024,1000.0
All-items HICP,Portugal,2024-07-01,2.7,2024,1000.0
All-items HICP,Portugal,2024-08-01,1.8,2024,1000.0
All-items HICP,Portugal,2024-09-01,2.6,2024,1000.0
All-items HICP,Portugal,2024-10-01,2.6,2024,1000.0
All-items HICP,Portugal,2024-11-01,2.7,2024,1000.0
All-items HICP,Portugal,2024-12-01,3.1,2024,1000.0
All-items HICP,Portugal,2025-01-01,2.7,2025,1000.0
All-items HICP,Portugal,2025-02-01,2.5,2025,1000.0
All-items HICP,Portugal,2025-03-01,1.9,2025,1000.0
All-items HICP,Portugal,2025-04-01,2.1,2025,1000.0
All-items HICP,Portugal,2025-05-01,1.7,2025,1000.0
All-items HICP,Portugal,2025-06-01,2.1,2025,1000.0
All-items HICP,Portugal,2025-07-01,2.5,2025,1000.0
All-items HICP,Portugal,2025-08-01,2.5,2025,1000.0
All-items HICP,Portugal,2025-09-01,1.9,2025,1000.0
All-items HICP,Portugal,2025-10-01,2.0,2025,1000.0
All-items HICP,Portugal,2025-11-01,2.1,2025,1000.0
All-items HICP,Portugal,2025-12-01,2.4,2025,1000.0
Food and non-alcoholic beverages,Germany,2019-01-01,0.6,2019,111.6
Food and non-alcoholic beverages,Germany,2019-02-01,1.2,2019,111.6
Food and non-alcoholic beverages,Germany,2019-03-01,0.6,2019,111.6
Food and non-alcoholic beverages,Germany,2019-04-01,0.6,2019,111.6
Food and non-alcoholic beverages,Germany,2019-05-01,0.8,2019,111.6
Food and non-alcoholic beverages,Germany,2019-06-01,1.1,2019,111.6
Food and non-alcoholic beverages,Germany,2019-07-01,1.9,2019,111.6
Food and non-alcoholic beverages,Germany,2019-08-01,2.2,2019,111.6
Food and non-alcoholic beverages,Germany,2019-09-01,1.3,2019,111.6
Food and non-alcoholic beverages,Germany,2019-10-01,1.0,2019,111.6
Food and non-alcoholic beverages,Germany,2019-11-01,1.6,2019,111.6
Food and non-alcoholic beverages,Germany,2019-12-01,2.0,2019,111.6
Food and non-alcoholic beverages,Germany,2020-01-01,2.5,2020,113.42
Food and non-alcoholic beverages,Germany,2020-02-01,3.3,2020,113.42
Food and non-alcoholic beverages,Germany,2020-03-01,3.6,2020,113.42
Food and non-alcoholic beverages,Germany,2020-04-01,4.6,2020,113.42
Food and non-alcoholic beverages,Germany,2020-05-01,4.3,2020,113.42
Food and non-alcoholic beverages,Germany,2020-06-01,4.1,2020,113.42
Food and non-alcoholic beverages,Germany,2020-07-01,0.9,2020,113.42
Food and non-alcoholic beverages,Germany,2020-08-01,0.6,2020,113.42
Food and non-alcoholic beverages,Germany,2020-09-01,0.5,2020,113.42
Food and non-alcoholic beverages,Germany,2020-10-01,1.3,2020,113.42
Food and non-alcoholic beverages,Germany,2020-11-01,1.2,2020,113.42
Food and non-alcoholic beverages,Germany,2020-12-01,0.4,2020,113.42
Food and non-alcoholic beverages,Germany,2021-01-01,1.9,2021,127.92
Food and non-alcoholic beverages,Germany,2021-02-01,1.4,2021,127.92
Food and non-alcoholic beverages,Germany,2021-03-01,1.5,2021,127.92
Food and non-alcoholic beverages,Germany,2021-04-01,1.8,2021,127.92
Food and non-alcoholic beverages,Germany,2021-05-01,1.3,2021,127.92
Food and non-alcoholic beverages,Germany,2021-06-01,1.2,2021,127.92
Food and non-alcoholic beverages,Germany,2021-07-01,4.3,2021,127.92
Food and non-alcoholic beverages,Germany,2021-08-01,4.4,2021,127.92
Food and non-alcoholic beverages,Germany,2021-09-01,4.8,2021,127.92
Food and non-alcoholic beverages,Germany,2021-10-01,4.3,2021,127.92
Food and non-alcoholic beverages,Germany,2021-11-01,4.5,2021,127.92
Food and non-alcoholic beverages,Germany,2021-12-01,5.8,2021,127.92
Food and non-alcoholic beverages,Germany,2022-01-01,4.7,2022,126.57
Food and non-alcoholic beverages,Germany,2022-02-01,5.0,2022,126.57
Food and non-alcoholic beverages,Germany,2022-03-01,5.9,2022,126.57
Food and non-alcoholic beverages,Germany,2022-04-01,7.9,2022,126.57
Food and non-alcoholic beverages,Germany,2022-05-01,10.4,2022,126.57
Food and non-alcoholic beverages,Germany,2022-06-01,11.8,2022,126.57
Food and non-alcoholic beverages,Germany,2022-07-01,13.7,2022,126.57
Food and non-alcoholic beverages,Germany,2022-08-01,15.5,2022,126.57
Food and non-alcoholic beverages,Germany,2022-09-01,17.4,2022,126.57
Food and non-alcoholic beverages,Germany,2022-10-01,18.9,2022,126.57
Food and non-alcoholic beverages,Germany,2022-11-01,19.7,2022,126.57
Food and non-alcoholic beverages,Germany,2022-12-01,19.5,2022,126.57
Food and non-alcoholic beverages,Germany,2023-01-01,19.6,2023,131.86
Food and non-alcoholic beverages,Germany,2023-02-01,21.2,2023,131.86
Food and non-alcoholic beverages,Germany,2023-03-01,21.8,2023,131.86
Food and non-alcoholic beverages,Germany,2023-04-01,17.4,2023,131.86
Food and non-alcoholic beverages,Germany,2023-05-01,15.0,2023,131.86
Food and non-alcoholic beverages,Germany,2023-06-01,13.8,2023,131.86
Food and non-alcoholic beverages,Germany,2023-07-01,11.3,2023,131.86
Food and non-alcoholic beverages,Germany,2023-08-01,9.3,2023,131.86
Food and non-alcoholic beverages,Germany,2023-09-01,8.0,2023,131.86
Food and non-alcoholic beverages,Germany,2023-10-01,6.7,2023,131.86
Food and non-alcoholic beverages,Germany,2023-11-01,6.1,2023,131.86
Food and non-alcoholic beverages,Germany,2023-12-01,5.4,2023,131.86
Food and non-alcoholic beverages,Germany,2024-01-01,4.7,2024,129.03
Food and non-alcoholic beverages,Germany,2024-02-01,2.1,2024,129.03
Food and non-alcoholic beverages,Germany,2024-03-01,0.6,2024,129.03
Food and non-alcoholic beverages,Germany,2024-04-01,1.6,2024,129.03
Food and non-alcoholic beverages,Germany,2024-05-01,1.6,2024,129.03
Food and non-alcoholic beverages,Germany,2024-06-01,1.9,2024,129.03
Food and non-alcoholic beverages,Germany,2024-07-01,2.2,2024,129.03
Food and non-alcoholic beverages,Germany,2024-08-01,2.4,2024,129.03
Food and non-alcoholic beverages,Germany,2024-09-01,2.4,2024,129.03
Food and non-alcoholic beverages,Germany,2024-10-01,3.1,2024,129.03
Food and non-alcoholic beverages,Germany,2024-11-01,2.6,2024,129.03
Food and non-alcoholic beverages,Germany,2024-12-01,2.8,2024,129.03
Food and non-alcoholic beverages,Germany,2025-01-01,1.5,2025,130.88
Food and non-alcoholic beverages,Germany,2025-02-01,2.9,2025,130.88
Food and non-alcoholic beverages,Germany,2025-03-01,3.6,2025,130.88
Food and non-alcoholic beverages,Germany,2025-04-01,3.3,2025,130.88
Food and non-alcoholic beverages,Germany,2025-05-01,3.3,2025,130.88
Food and non-alcoholic beverages,Germany,2025-06-01,2.5,2025,130.88
Food and non-alcoholic beverages,Germany,2025-07-01,2.7,2025,130.88
Food and non-alcoholic beverages,Germany,2025-08-01,3.1,2025,130.88
Food and non-alcoholic beverages,Germany,2025-09-01,2.8,2025,130.88
Food and non-alcoholic beverages,Germany,2025-10-01,2.1,2025,130.88
Food and non-alcoholic beverages,Germany,2025-11-01,2.0,2025,130.88
Food and non-alcoholic beverages,Germany,2025-12-01,1.7,2025,130.88
Food and non-alcoholic beverages,"Euro area (EA11-1999, EA12-2001, EA13-2007, EA15-2008, EA16-2009, EA17-2011, EA18-2014, EA19-2015, EA20-2023, EA21-2026)",2019-01-01,1.3,2019,150.44
Food and non-alcoholic beverages,"Euro area (EA11-1999, EA12-2001, EA13-2007, EA15-2008, EA16-2009, EA17-2011, EA18-2014, EA19-2015, EA20-2023, EA21-2026)",2019-02-01,1.8,2019,150.44
Food and non-alcoholic beverages,"Euro area (EA11-1999, EA12-2001, EA13-2007, EA15-2008, EA16-2009, EA17-2011, EA18-2014, EA19-2015, EA20-2023, EA21-2026)",2019-03-01,1.3,2019,150.44
Food and non-alcoholic beverages,"Euro area (EA11-1999, EA12-2001, EA13-2007, EA15-2008, EA16-2009, EA17-2011, EA18-2014, EA19-2015, EA20-2023, EA21-2026)",2019-04-01,1.1,2019,150.44
Food and non-alcoholic beverages,"Euro area (EA11-1999, EA12-2001, EA13-2007, EA15-2008, EA16-2009, EA17-2011, EA18-2014, EA19-2015, EA20-2023, EA21-2026)",2019-05-01,1.1,2019,150.44
Food and non-alcoholic beverages,"Euro area (EA11-1999, EA12-2001, EA13-2007, EA15-2008, EA16-2009, EA17-2011, EA18-2014, EA19-2015, EA20-2023, EA21-2026)",2019-06-01,1.3,2019,150.44
Food and non-alcoholic beverages,"Euro area (EA11-1999, EA12-2001, EA13-2007, EA15-2008, EA16-2009, EA17-2011, EA18-2014, EA19-2015, EA20-2023, EA21-2026)",2019-07-01,1.7,2019,150.44
Food and non-alcoholic beverages,"Euro area (EA11-1999, EA12-2001, EA13-2007, EA15-2008, EA16-2009, EA17-2011, EA18-2014, EA19-2015, EA20-2023, EA21-2026)",2019-08-01,1.9,2019,150.44
Food and non-alcoholic beverages,"Euro area (EA11-1999, EA12-2001, EA13-2007, EA15-2008, EA16-2009, EA17-2011, EA18-2014, EA19-2015, EA20-2023, EA21-2026)",2019-09-01,1.2,2019,150.44
Food and non-alcoholic beverages,"Euro area (EA11-1999, EA12-2001, EA13-2007, EA15-2008, EA16-2009, EA17-2011, EA18-2014, EA19-2015, EA20-2023, EA21-2026)",2019-10-01,1.2,2019,150.44
Food and non-alcoholic beverages,"Euro area (EA11-1999, EA12-2001, EA13-2007, EA15-2008, EA16-2009, EA17-2011, EA18-2014, EA19-2015, EA20-2023, EA21-2026)",2019-11-01,1.5,2019,150.44
Food and non-alcoholic beverages,"Euro area (EA11-1999, EA12-2001, EA13-2007, EA15-2008, EA16-2009, EA17-2011, EA18-2014, EA19-2015, EA20-2023, EA21-2026)",2019-12-01,1.7,2019,150.44
Food and non-alcoholic beverages,"Euro area (EA11-1999, EA12-2001, EA13-2007, EA15-2008, EA16-2009, EA17-2011, EA18-2014, EA19-2015, EA20-2023, EA21-2026)",2020-01-01,1.7,2020,150.88
Food and non-alcoholic beverages,"Euro area (EA11-1999, EA12-2001, EA13-2007, EA15-2008, EA16-2009, EA17-2011, EA18-2014, EA19-2015, EA20-2023, EA21-2026)",2020-02-01,1.8,2020,150.88
Food and non-alcoholic beverages,"Euro area (EA11-1999, EA12-2001, EA13-2007, EA15-2008, EA16-2009, EA17-2011, EA18-2014, EA19-2015, EA20-2023, EA21-2026)",2020-03-01,2.3,2020,150.88
Food and non-alcoholic beverages,"Euro area (EA11-1999, EA12-2001, EA13-2007, EA15-2008, EA16-2009, EA17-2011, EA18-2014, EA19-2015, EA20-2023, EA21-2026)",2020-04-01,3.6,2020,150.88
Food and non-alcoholic beverages,"Euro area (EA11-1999, EA12-2001, EA13-2007, EA15-2008, EA16-2009, EA17-2011, EA18-2014, EA19-2015, EA20-2023, EA21-2026)",2020-05-01,3.4,2020,150.88
Food and non-alcoholic beverages,"Euro area (EA11-1999, EA12-2001, EA13-2007, EA15-2008, EA16-2009, EA17-2011, EA18-2014, EA19-2015, EA20-2023, EA21-2026)",2020-06-01,3.0,2020,150.88
Food and non-alcoholic beverages,"Euro area (EA11-1999, EA12-2001, EA13-2007, EA15-2008, EA16-2009, EA17-2011, EA18-2014, EA19-2015, EA20-2023, EA21-2026)",2020-07-01,1.6,2020,150.88
Food and non-alcoholic beverages,"Euro area (EA11-1999, EA12-2001, EA13-2007, EA15-2008, EA16-2009, EA17-2011, EA18-2014, EA19-2015, EA20-2023, EA21-2026)",2020-08-01,1.2,2020,150.88
Food and non-alcoholic beverages,"Euro area (EA11-1999, EA12-2001, EA13-2007, EA15-2008, EA16-2009, EA17-2011, EA18-2014, EA19-2015, EA20-2023, EA21-2026)",2020-09-01,1.4,2020,150.88
Food and non-alcoholic beverages,"Euro area (EA11-1999, EA12-2001, EA13-2007, EA15-2008, EA16-2009, EA17-2011, EA18-2014, EA19-2015, EA20-2023, EA21-2026)",2020-10-01,1.7,2020,150.88
Food and non-alcoholic beverages,"Euro area (EA11-1999, EA12-2001, EA13-2007, EA15-2008, EA16-2009, EA17-2011, EA18-2014, EA19-2015, EA20-2023, EA21-2026)",2020-11-01,1.5,2020,150.88
Food and non-alcoholic beverages,"Euro area (EA11-1999, EA12-2001, EA13-2007, EA15-2008, EA16-2009, EA17-2011, EA18-2014, EA19-2015, EA20-2023, EA21-2026)",2020-12-01,0.9,2020,150.88
Food and non-alcoholic beverages,"Euro area (EA11-1999, EA12-2001, EA13-2007, EA15-2008, EA16-2009, EA17-2011, EA18-2014, EA19-2015, EA20-2023, EA21-2026)",2021-01-01,1.0,2021,172.64
Food and non-alcoholic beverages,"Euro area (EA11-1999, EA12-2001, EA13-2007, EA15-2008, EA16-2009, EA17-2011, EA18-2014, EA19-2015, EA20-2023, EA21-2026)",2021-02-01,0.8,2021,172.64
Food and non-alcoholic beverages,"Euro area (EA11-1999, EA12-2001, EA13-2007, EA15-2008, EA16-2009, EA17-2011, EA18-2014, EA19-2015, EA20-2023, EA21-2026)",2021-03-01,0.7,2021,172.64
Food and non-alcoholic beverages,"Euro area (EA11-1999, EA12-2001, EA13-2007, EA15-2008, EA16-2009, EA17-2011, EA18-2014, EA19-2015, EA20-2023, EA21-2026)",2021-04-01,0.0,2021,172.64
Food and non-alcoholic beverages,"Euro area (EA11-1999, EA12-2001, EA13-2007, EA15-2008, EA16-2009, EA17-2011, EA18-2014, EA19-2015, EA20-2023, EA21-2026)",2021-05-01,0.1,2021,172.64
Food and non-alcoholic beverages,"Euro area (EA11-1999, EA12-2001, EA13-2007, EA15-2008, EA16-2009, EA17-2011, EA18-2014, EA19-2015, EA20-2023, EA21-2026)",2021-06-01,0.2,2021,172.64
Food and non-alcoholic beverages,"Euro area (EA11-1999, EA12-2001, EA13-2007, EA15-2008, EA16-2009, EA17-2011, EA18-2014, EA19-2015, EA20-2023, EA21-2026)",2021-07-01,1.4,2021,172.64
Food and non-alcoholic beverages,"Euro area (EA11-1999, EA12-2001, EA13-2007, EA15-2008, EA16-2009, EA17-2011, EA18-2014, EA19-2015, EA20-2023, EA21-2026)",2021-08-01,1.9,2021,172.64
Food and non-alcoholic beverages,"Euro area (EA11-1999, EA12-2001, EA13-2007, EA15-2008, EA16-2009, EA17-2011, EA18-2014, EA19-2015, EA20-2023, EA21-2026)",2021-09-01,1.9,2021,172.64
Food and non-alcoholic beverages,"Euro area (EA11-1999, EA12-2001, EA13-2007, EA15-2008, EA16-2009, EA17-2011, EA18-2014, EA19-2015, EA20-2023, EA21-2026)",2021-10-01,1.8,2021,172.64
Food and non-alcoholic beverages,"Euro area (EA11-1999, EA12-2001, EA13-2007, EA15-2008, EA16-2009, EA17-2011, EA18-2014, EA19-2015, EA20-2023, EA21-2026)",2021-11-01,2.2,2021,172.64
Food and non-alcoholic beverages,"Euro area (EA11-1999, EA12-2001, EA13-2007, EA15-2008, EA16-2009, EA17-2011, EA18-2014, EA19-2015, EA20-2023, EA21-2026)",2021-12-01,3.5,2021,172.64
Food and non-alcoholic beverages,"Euro area (EA11-1999, EA12-2001, EA13-2007, EA15-2008, EA16-2009, EA17-2011, EA18-2014, EA19-2015, EA20-2023, EA21-2026)",2022-01-01,3.9,2022,166.18
Food and non-alcoholic beverages,"Euro area (EA11-1999, EA12-2001, EA13-2007, EA15-2008, EA16-2009, EA17-2011, EA18-2014, EA19-2015, EA20-2023, EA21-2026)",2022-02-01,4.7,2022,166.18
Food and non-alcoholic beverages,"Euro area (EA11-1999, EA12-2001, EA13-2007, EA15-2008, EA16-2009, EA17-2011, EA18-2014, EA19-2015, EA20-2023, EA21-2026)",2022-03-01,5.7,2022,166.18
Food and non-alcoholic beverages,"Euro area (EA11-1999, EA12-2001, EA13-2007, EA15-2008, EA16-2009, EA17-2011, EA18-2014, EA19-2015, EA20-2023, EA21-2026)",2022-04-01,7.4,2022,166.18
Food and non-alcoholic beverages,"Euro area (EA11-1999, EA12-2001, EA13-2007, EA15-2008, EA16-2009, EA17-2011, EA18-2014, EA19-2015, EA20-2023, EA21-2026)",2022-05-01,8.7,2022,166.18
Food and non-alcoholic beverages,"Euro area (EA11-1999, EA12-2001, EA13-2007, EA15-2008, EA16-2009, EA17-2011, EA18-2014, EA19-2015, EA20-2023, EA21-2026)",2022-06-01,10.4,2022,166.18
Food and non-alcoholic beverages,"Euro area (EA11-1999, EA12-2001, EA13-2007, EA15-2008, EA16-2009, EA17-2011, EA18-2014, EA19-2015, EA20-2023, EA21-2026)",2022-07-01,11.5,2022,166.18
Food and non-alcoholic beverages,"Euro area (EA11-1999, EA12-2001, EA13-2007, EA15-2008, EA16-2009, EA17-2011, EA18-2014, EA19-2015, EA20-2023, EA21-2026)",2022-08-01,12.4,2022,166.18
Food and non-alcoholic beverages,"Euro area (EA11-1999, EA12-2001, EA13-2007, EA15-2008, EA16-2009, EA17-2011, EA18-2014, EA19-2015, EA20-2023, EA21-2026)",2022-09-01,13.8,2022,166.18
Food and non-alcoholic beverages,"Euro area (EA11-1999, EA12-2001, EA13-2007, EA15-2008, EA16-2009, EA17-2011, EA18-2014, EA19-2015, EA20-2023, EA21-2026)",2022-10-01,15.5,2022,166.18
Food and non-alcoholic beverages,"Euro area (EA11-1999, EA12-2001, EA13-2007, EA15-2008, EA16-2009, EA17-2011, EA18-2014, EA19-2015, EA20-2023, EA21-2026)",2022-11-01,16.0,2022,166.18
Food and non-alcoholic beverages,"Euro area (EA11-1999, EA12-2001, EA13-2007, EA15-2008, EA16-2009, EA17-2011, EA18-2014, EA19-2015, EA20-2023, EA21-2026)",2022-12-01,16.0,2022,166.18
Food and non-alcoholic beverages,"Euro area (EA11-1999, EA12-2001, EA13-2007, EA15-2008, EA16-2009, EA17-2011, EA18-2014, EA19-2015, EA20-2023, EA21-2026)",2023-01-01,16.3,2023,161.37
Food and non-alcoholic beverages,"Euro area (EA11-1999, EA12-2001, EA13-2007, EA15-2008, EA16-2009, EA17-2011, EA18-2014, EA19-2015, EA20-2023, EA21-2026)",2023-02-01,17.3,2023,161.37
Food and non-alcoholic beverages,"Euro area (EA11-1999, EA12-2001, EA13-2007, EA15-2008, EA16-2009, EA17-2011, EA18-2014, EA19-2015, EA20-2023, EA21-2026)",2023-03-01,17.5,2023,161.37
Food and non-alcoholic beverages,"Euro area (EA11-1999, EA12-2001, EA13-2007, EA15-2008, EA16-2009, EA17-2011, EA18-2014, EA19-2015, EA20-2023, EA21-2026)",2023-04-01,15.0,2023,161.37
Food and non-alcoholic beverages,"Euro area (EA11-1999, EA12-2001, EA13-2007, EA15-2008, EA16-2009, EA17-2011, EA18-2014, EA19-2015, EA20-2023, EA21-2026)",2023-05-01,13.7,2023,161.37
Food and non-alcoholic beverages,"Euro area (EA11-1999, EA12-2001, EA13-2007, EA15-2008, EA16-2009, EA17-2011, EA18-2014, EA19-2015, EA20-2023, EA21-2026)",2023-06-01,12.6,2023,161.37
Food and non-alcoholic beverages,"Euro area (EA11-1999, EA12-2001, EA13-2007, EA15-2008, EA16-2009, EA17-2011, EA18-2014, EA19-2015, EA20-2023, EA21-2026)",2023-07-01,11.6,2023,161.37
Food and non-alcoholic beverages,"Euro area (EA11-1999, EA12-2001, EA13-2007, EA15-2008, EA16-2009, EA17-2011, EA18-2014, EA19-2015, EA20-2023, EA21-2026)",2023-08-01,10.3,2023,161.37
Food and non-alcoholic beverages,"Euro area (EA11-1999, EA12-2001, EA13-2007, EA15-2008, EA16-2009, EA17-2011, EA18-2014, EA19-2015, EA20-2023, EA21-2026)",2023-09-01,9.1,2023,161.37
Food and non-alcoholic beverages,"Euro area (EA11-1999, EA12-2001, EA13-2007, EA15-2008, EA16-2009, EA17-2011, EA18-2014, EA19-2015, EA20-2023, EA21-2026)",2023-10-01,7.5,2023,161.37
Food and non-alcoholic beverages,"Euro area (EA11-1999, EA12-2001, EA13-2007, EA15-2008, EA16-2009, EA17-2011, EA18-2014, EA19-2015, EA20-2023, EA21-2026)",2023-11-01,6.9,2023,161.37
Food and non-alcoholic beverages,"Euro area (EA11-1999, EA12-2001, EA13-2007, EA15-2008, EA16-2009, EA17-2011, EA18-2014, EA19-2015, EA20-2023, EA21-2026)",2023-12-01,6.1,2023,161.37
Food and non-alcoholic beverages,"Euro area (EA11-1999, EA12-2001, EA13-2007, EA15-2008, EA16-2009, EA17-2011, EA18-2014, EA19-2015, EA20-2023, EA21-2026)",2024-01-01,5.4,2024,157.41
Food and non-alcoholic beverages,"Euro area (EA11-1999, EA12-2001, EA13-2007, EA15-2008, EA16-2009, EA17-2011, EA18-2014, EA19-2015, EA20-2023, EA21-2026)",2024-02-01,3.3,2024,157.41
Food and non-alcoholic beverages,"Euro area (EA11-1999, EA12-2001, EA13-2007, EA15-2008, EA16-2009, EA17-2011, EA18-2014, EA19-2015, EA20-2023, EA21-2026)",2024-03-01,2.0,2024,157.41
Food and non-alcoholic beverages,"Euro area (EA11-1999, EA12-2001, EA13-2007, EA15-2008, EA16-2009, EA17-2011, EA18-2014, EA19-2015, EA20-2023, EA21-2026)",2024-04-01,2.2,2024,157.41
Food and non-alcoholic beverages,"Euro area (EA11-1999, EA12-2001, EA13-2007, EA15-2008, EA16-2009, EA17-2011, EA18-2014, EA19-2015, EA20-2023, EA21-2026)",2024-05-01,2.0,2024,157.41
Food and non-alcoholic beverages,"Euro area (EA11-1999, EA12-2001, EA13-2007, EA15-2008, EA16-2009, EA17-2011, EA18-2014, EA19-2015, EA20-2023, EA21-2026)",2024-06-01,1.8,2024,157.41
Food and non-alcoholic beverages,"Euro area (EA11-1999, EA12-2001, EA13-2007, EA15-2008, EA16-2009, EA17-2011, EA18-2014, EA19-2015, EA20-2023, EA21-2026)",2024-07-01,1.6,2024,157.41
Food and non-alcoholic beverages,"Euro area (EA11-1999, EA12-2001, EA13-2007, EA15-2008, EA16-2009, EA17-2011, EA18-2014, EA19-2015, EA20-2023, EA21-2026)",2024-08-01,1.7,2024,157.41
Food and non-alcoholic beverages,"Euro area (EA11-1999, EA12-2001, EA13-2007, EA15-2008, EA16-2009, EA17-2011, EA18-2014, EA19-2015, EA20-2023, EA21-2026)",2024-09-01,1.7,2024,157.41
Food and non-alcoholic beverages,"Euro area (EA11-1999, EA12-2001, EA13-2007, EA15-2008, EA16-2009, EA17-2011, EA18-2014, EA19-2015, EA20-2023, EA21-2026)",2024-10-01,2.2,2024,157.41
Food and non-alcoholic beverages,"Euro area (EA11-1999, EA12-2001, EA13-2007, EA15-2008, EA16-2009, EA17-2011, EA18-2014, EA19-2015, EA20-2023, EA21-2026)",2024-11-01,2.0,2024,157.41
Food and non-alcoholic beverages,"Euro area (EA11-1999, EA12-2001, EA13-2007, EA15-2008, EA16-2009, EA17-2011, EA18-2014, EA19-2015, EA20-2023, EA21-2026)",2024-12-01,1.9,2024,157.41
Food and non-alcoholic beverages,"Euro area (EA11-1999, EA12-2001, EA13-2007, EA15-2008, EA16-2009, EA17-2011, EA18-2014, EA19-2015, EA20-2023, EA21-2026)",2025-01-01,1.6,2025,155.47
Food and non-alcoholic beverages,"Euro area (EA11-1999, EA12-2001, EA13-2007, EA15-2008, EA16-2009, EA17-2011, EA18-2014, EA19-2015, EA20-2023, EA21-2026)",2025-02-01,2.2,2025,155.47
Food and non-alcoholic beverages,"Euro area (EA11-1999, EA12-2001, EA13-2007, EA15-2008, EA16-2009, EA17-2011, EA18-2014, EA19-2015, EA20-2023, EA21-2026)",2025-03-01,2.6,2025,155.47
Food and non-alcoholic beverages,"Euro area (EA11-1999, EA12-2001, EA13-2007, EA15-2008, EA16-2009, EA17-2011, EA18-2014, EA19-2015, EA20-2023, EA21-2026)",2025-04-01,2.7,2025,155.47
Food and non-alcoholic beverages,"Euro area (EA11-1999, EA12-2001, EA13-2007, EA15-2008, EA16-2009, EA17-2011, EA18-2014, EA19-2015, EA20-2023, EA21-2026)",2025-05-01,2.9,2025,155.47
Food and non-alcoholic beverages,"Euro area (EA11-1999, EA12-2001, EA13-2007, EA15-2008, EA16-2009, EA17-2011, EA18-2014, EA19-2015, EA20-2023, EA21-2026)",2025-06-01,2.9,2025,155.47
Food and non-alcoholic beverages,"Euro area (EA11-1999, EA12-2001, EA13-2007, EA15-2008, EA16-2009, EA17-2011, EA18-2014, EA19-2015, EA20-2023, EA21-2026)",2025-07-01,3.2,2025,155.47
Food and non-alcoholic beverages,"Euro area (EA11-1999, EA12-2001, EA13-2007, EA15-2008, EA16-2009, EA17-2011, EA18-2014, EA19-2015, EA20-2023, EA21-2026)",2025-08-01,3.2,2025,155.47
Food and non-alcoholic beverages,"Euro area (EA11-1999, EA12-2001, EA13-2007, EA15-2008, EA16-2009, EA17-2011, EA18-2014, EA19-2015, EA20-2023, EA21-2026)",2025-09-01,3.0,2025,155.47
Food and non-alcoholic beverages,"Euro area (EA11-1999, EA12-2001, EA13-2007, EA15-2008, EA16-2009, EA17-2011, EA18-2014, EA19-2015, EA20-2023, EA21-2026)",2025-10-01,2.4,2025,155.47
Food and non-alcoholic beverages,"Euro area (EA11-1999, EA12-2001, EA13-2007, EA15-2008, EA16-2009, EA17-2011, EA18-2014, EA19-2015, EA20-2023, EA21-2026)",2025-11-01,2.3,2025,155.47
Food and non-alcoholic beverages,"Euro area (EA11-1999, EA12-2001, EA13-2007, EA15-2008, EA16-2009, EA17-2011, EA18-2014, EA19-2015, EA20-2023, EA21-2026)",2025-12-01,2.5,2025,155.47
Food and non-alcoholic beverages,Spain,2019-01-01,1.0,2019,182.9
Food and non-alcoholic beverages,Spain,2019-02-01,1.4,2019,182.9
Food and non-alcoholic beverages,Spain,2019-03-01,0.9,2019,182.9
Food and non-alcoholic beverages,Spain,2019-04-01,0.8,2019,182.9
Food and non-alcoholic beverages,Spain,2019-05-01,0.5,2019,182.9
Food and non-alcoholic beverages,Spain,2019-06-01,0.5,2019,182.9
Food and non-alcoholic beverages,Spain,2019-07-01,0.9,2019,182.9
Food and non-alcoholic beverages,Spain,2019-08-01,1.0,2019,182.9
Food and non-alcoholic beverages,Spain,2019-09-01,0.9,2019,182.9
Food and non-alcoholic beverages,Spain,2019-10-01,1.2,2019,182.9
Food and non-alcoholic beverages,Spain,2019-11-01,1.7,2019,182.9
Food and non-alcoholic beverages,Spain,2019-12-01,1.7,2019,182.9
Food and non-alcoholic beverages,Spain,2020-01-01,2.0,2020,188.51
Food and non-alcoholic beverages,Spain,2020-02-01,2.0,2020,188.51
Food and non-alcoholic beverages,Spain,2020-03-01,2.5,2020,188.51
Food and non-alcoholic beverages,Spain,2020-04-01,4.0,2020,188.51
Food and non-alcoholic beverages,Spain,2020-05-01,3.5,2020,188.51
Food and non-alcoholic beverages,Spain,2020-06-01,2.8,2020,188.51
Food and non-alcoholic beverages,Spain,2020-07-01,2.2,2020,188.51
Food and non-alcoholic beverages,Spain,2020-08-01,2.2,2020,188.51
Food and non-alcoholic beverages,Spain,2020-09-01,2.4,2020,188.51
Food and non-alcoholic beverages,Spain,2020-10-01,2.3,2020,188.51
Food and non-alcoholic beverages,Spain,2020-11-01,1.3,2020,188.51
Food and non-alcoholic beverages,Spain,2020-12-01,1.1,2020,188.51
Food and non-alcoholic beverages,Spain,2021-01-01,1.7,2021,228.21
Food and non-alcoholic beverages,Spain,2021-02-01,1.6,2021,228.21
Food and non-alcoholic beverages,Spain,2021-03-01,1.4,2021,228.21
Food and non-alcoholic beverages,Spain,2021-04-01,0.3,2021,228.21
Food and non-alcoholic beverages,Spain,2021-05-01,0.8,2021,228.21
Food and non-alcoholic beverages,Spain,2021-06-01,1.1,2021,228.21
Food and non-alcoholic beverages,Spain,2021-07-01,1.7,2021,228.21
Food and non-alcoholic beverages,Spain,2021-08-01,1.9,2021,228.21
Food and non-alcoholic beverages,Spain,2021-09-01,1.8,2021,228.21
Food and non-alcoholic beverages,Spain,2021-10-01,1.7,2021,228.21
Food and non-alcoholic beverages,Spain,2021-11-01,3.3,2021,228.21
Food and non-alcoholic beverages,Spain,2021-12-01,4.9,2021,228.21
Food and non-alcoholic beverages,Spain,2022-01-01,4.7,2022,220.74
Food and non-alcoholic beverages,Spain,2022-02-01,5.6,2022,220.74
Food and non-alcoholic beverages,Spain,2022-03-01,6.8,2022,220.74
Food and non-alcoholic beverages,Spain,2022-04-01,10.1,2022,220.74
Food and non-alcoholic beverages,Spain,2022-05-01,11.0,2022,220.74
Food and non-alcoholic beverages,Spain,2022-06-01,13.0,2022,220.74
Food and non-alcoholic beverages,Spain,2022-07-01,13.5,2022,220.74
Food and non-alcoholic beverages,Spain,2022-08-01,13.8,2022,220.74
Food and non-alcoholic beverages,Spain,2022-09-01,14.4,2022,220.74
Food and non-alcoholic beverages,Spain,2022-10-01,15.4,2022,220.74
Food and non-alcoholic beverages,Spain,2022-11-01,15.3,2022,220.74
Food and non-alcoholic beverages,Spain,2022-12-01,15.7,2022,220.74
Food and non-alcoholic beverages,Spain,2023-01-01,15.4,2023,195.23
Food and non-alcoholic beverages,Spain,2023-02-01,16.6,2023,195.23
Food and non-alcoholic beverages,Spain,2023-03-01,16.5,2023,195.23
Food and non-alcoholic beverages,Spain,2023-04-01,12.9,2023,195.23
Food and non-alcoholic beverages,Spain,2023-05-01,12.0,2023,195.23
Food and non-alcoholic beverages,Spain,2023-06-01,10.3,2023,195.23
Food and non-alcoholic beverages,Spain,2023-07-01,10.8,2023,195.23
Food and non-alcoholic beverages,Spain,2023-08-01,10.5,2023,195.23
Food and non-alcoholic beverages,Spain,2023-09-01,10.5,2023,195.23
Food and non-alcoholic beverages,Spain,2023-10-01,9.4,2023,195.23
Food and non-alcoholic beverages,Spain,2023-11-01,9.0,2023,195.23
Food and non-alcoholic beverages,Spain,2023-12-01,7.3,2023,195.23
Food and non-alcoholic beverages,Spain,2024-01-01,7.4,2024,188.26
Food and non-alcoholic beverages,Spain,2024-02-01,5.3,2024,188.26
Food and non-alcoholic beverages,Spain,2024-03-01,4.3,2024,188.26
Food and non-alcoholic beverages,Spain,2024-04-01,4.7,2024,188.26
Food and non-alcoholic beverages,Spain,2024-05-01,4.4,2024,188.26
Food and non-alcoholic beverages,Spain,2024-06-01,4.2,2024,188.26
Food and non-alcoholic beverages,Spain,2024-07-01,3.1,2024,188.26
Food and non-alcoholic beverages,Spain,2024-08-01,2.5,2024,188.26
Food and non-alcoholic beverages,Spain,2024-09-01,1.8,2024,188.26
Food and non-alcoholic beverages,Spain,2024-10-01,1.9,2024,188.26
Food and non-alcoholic beverages,Spain,2024-11-01,1.7,2024,188.26
Food and non-alcoholic beverages,Spain,2024-12-01,1.8,2024,188.26
Food and non-alcoholic beverages,Spain,2025-01-01,1.8,2025,180.48
Food and non-alcoholic beverages,Spain,2025-02-01,2.2,2025,180.48
Food and non-alcoholic beverages,Spain,2025-03-01,2.4,2025,180.48
Food and non-alcoholic beverages,Spain,2025-04-01,2.1,2025,180.48
Food and non-alcoholic beverages,Spain,2025-05-01,2.5,2025,180.48
Food and non-alcoholic beverages,Spain,2025-06-01,2.8,2025,180.48
Food and non-alcoholic beverages,Spain,2025-07-01,2.7,2025,180.48
Food and non-alcoholic beverages,Spain,2025-08-01,2.3,2025,180.48
Food and non-alcoholic beverages,Spain,2025-09-01,2.4,2025,180.48
Food and non-alcoholic beverages,Spain,2025-10-01,2.4,2025,180.48
Food and non-alcoholic beverages,Spain,2025-11-01,2.9,2025,180.48
Food and non-alcoholic beverages,Spain,2025-12-01,3.0,2025,180.48
Food and non-alcoholic beverages,France,2019-01-01,2.9,2019,160.1
Food and non-alcoholic beverages,France,2019-02-01,3.1,2019,160.1
Food and non-alcoholic beverages,France,2019-03-01,2.4,2019,160.1
Food and non-alcoholic beverages,France,2019-04-01,2.4,2019,160.1
Food and non-alcoholic beverages,France,2019-05-01,2.2,2019,160.1
Food and non-alcoholic beverages,France,2019-06-01,2.5,2019,160.1
Food and non-alcoholic beverages,France,2019-07-01,3.0,2019,160.1
Food and non-alcoholic beverages,France,2019-08-01,3.2,2019,160.1
Food and non-alcoholic beverages,France,2019-09-01,2.0,2019,160.1
Food and non-alcoholic beverages,France,2019-10-01,1.7,2019,160.1
Food and non-alcoholic beverages,France,2019-11-01,2.1,2019,160.1
Food and non-alcoholic beverages,France,2019-12-01,2.1,2019,160.1
Food and non-alcoholic beverages,France,2020-01-01,1.9,2020,159.26
Food and non-alcoholic beverages,France,2020-02-01,1.8,2020,159.26
Food and non-alcoholic beverages,France,2020-03-01,2.0,2020,159.26
Food and non-alcoholic beverages,France,2020-04-01,4.1,2020,159.26
Food and non-alcoholic beverages,France,2020-05-01,3.9,2020,159.26
Food and non-alcoholic beverages,France,2020-06-01,2.8,2020,159.26
Food and non-alcoholic beverages,France,2020-07-01,1.1,2020,159.26
Food and non-alcoholic beverages,France,2020-08-01,0.8,2020,159.26
Food and non-alcoholic beverages,France,2020-09-01,0.9,2020,159.26
Food and non-alcoholic beverages,France,2020-10-01,1.6,2020,159.26
Food and non-alcoholic beverages,France,2020-11-01,2.2,2020,159.26
Food and non-alcoholic beverages,France,2020-12-01,1.1,2020,159.26
Food and non-alcoholic beverages,France,2021-01-01,1.0,2021,177.9
Food and non-alcoholic beverages,France,2021-02-01,0.9,2021,177.9
Food and non-alcoholic beverages,France,2021-03-01,1.0,2021,177.9
Food and non-alcoholic beverages,France,2021-04-01,-0.5,2021,177.9
Food and non-alcoholic beverages,France,2021-05-01,-0.5,2021,177.9
Food and non-alcoholic beverages,France,2021-06-01,-0.3,2021,177.9
Food and non-alcoholic beverages,France,2021-07-01,0.9,2021,177.9
Food and non-alcoholic beverages,France,2021-08-01,1.4,2021,177.9
Food and non-alcoholic beverages,France,2021-09-01,1.1,2021,177.9
Food and non-alcoholic beverages,France,2021-10-01,0.7,2021,177.9
Food and non-alcoholic beverages,France,2021-11-01,0.4,2021,177.9
Food and non-alcoholic beverages,France,2021-12-01,1.4,2021,177.9
Food and non-alcoholic beverages,France,2022-01-01,1.7,2022,165.55
Food and non-alcoholic beverages,France,2022-02-01,2.3,2022,165.55
Food and non-alcoholic beverages,France,2022-03-01,3.2,2022,165.55
Food and non-alcoholic beverages,France,2022-04-01,4.2,2022,165.55
Food and non-alcoholic beverages,France,2022-05-01,4.6,2022,165.55
Food and non-alcoholic beverages,France,2022-06-01,6.3,2022,165.55
Food and non-alcoholic beverages,France,2022-07-01,7.2,2022,165.55
Food and non-alcoholic beverages,France,2022-08-01,8.4,2022,165.55
Food and non-alcoholic beverages,France,2022-09-01,10.6,2022,165.55
Food and non-alcoholic beverages,France,2022-10-01,12.9,2022,165.55
Food and non-alcoholic beverages,France,2022-11-01,13.0,2022,165.55
Food and non-alcoholic beverages,France,2022-12-01,12.9,2022,165.55
Food and non-alcoholic beverages,France,2023-01-01,14.1,2023,161.9
Food and non-alcoholic beverages,France,2023-02-01,15.8,2023,161.9
Food and non-alcoholic beverages,France,2023-03-01,16.9,2023,161.9
Food and non-alcoholic beverages,France,2023-04-01,15.7,2023,161.9
Food and non-alcoholic beverages,France,2023-05-01,14.9,2023,161.9
Food and non-alcoholic beverages,France,2023-06-01,14.3,2023,161.9
Food and non-alcoholic beverages,France,2023-07-01,13.2,2023,161.9
Food and non-alcoholic beverages,France,2023-08-01,11.6,2023,161.9
Food and non-alcoholic beverages,France,2023-09-01,9.9,2023,161.9
Food and non-alcoholic beverages,France,2023-10-01,8.0,2023,161.9
Food and non-alcoholic beverages,France,2023-11-01,7.9,2023,161.9
Food and non-alcoholic beverages,France,2023-12-01,7.4,2023,161.9
Food and non-alcoholic beverages,France,2024-01-01,5.8,2024,150.32
Food and non-alcoholic beverages,France,2024-02-01,3.5,2024,150.32
Food and non-alcoholic beverages,France,2024-03-01,1.6,2024,150.32
Food and non-alcoholic beverages,France,2024-04-01,1.2,2024,150.32
Food and non-alcoholic beverages,France,2024-05-01,1.3,2024,150.32
Food and non-alcoholic beverages,France,2024-06-01,0.8,2024,150.32
Food and non-alcoholic beverages,France,2024-07-01,0.5,2024,150.32
Food and non-alcoholic beverages,France,2024-08-01,0.5,2024,150.32
Food and non-alcoholic beverages,France,2024-09-01,0.5,2024,150.32
Food and non-alcoholic beverages,France,2024-10-01,0.7,2024,150.32
Food and non-alcoholic beverages,France,2024-11-01,0.2,2024,150.32
Food and non-alcoholic beverages,France,2024-12-01,0.0,2024,150.32
Food and non-alcoholic beverages,France,2025-01-01,0.1,2025,147.16
Food and non-alcoholic beverages,France,2025-02-01,0.3,2025,147.16
Food and non-alcoholic beverages,France,2025-03-01,0.6,2025,147.16
Food and non-alcoholic beverages,France,2025-04-01,1.3,2025,147.16
Food and non-alcoholic beverages,France,2025-05-01,1.4,2025,147.16
Food and non-alcoholic beverages,France,2025-06-01,1.5,2025,147.16
Food and non-alcoholic beverages,France,2025-07-01,1.8,2025,147.16
Food and non-alcoholic beverages,France,2025-08-01,1.8,2025,147.16
Food and non-alcoholic beverages,France,2025-09-01,1.9,2025,147.16
Food and non-alcoholic beverages,France,2025-10-01,1.4,2025,147.16
Food and non-alcoholic beverages,France,2025-11-01,1.5,2025,147.16
Food and non-alcoholic beverages,France,2025-12-01,1.8,2025,147.16
Food and non-alcoholic beverages,Italy,2019-01-01,0.5,2019,173.26
Food and non-alcoholic beverages,Italy,2019-02-01,1.7,2019,173.26
Food and non-alcoholic beverages,Italy,2019-03-01,1.0,2019,173.26
Food and non-alcoholic beverages,Italy,2019-04-01,0.2,2019,173.26
Food and non-alcoholic beverages,Italy,2019-05-01,0.4,2019,173.26
Food and non-alcoholic beverages,Italy,2019-06-01,0.3,2019,173.26
Food and non-alcoholic beverages,Italy,2019-07-01,0.9,2019,173.26
Food and non-alcoholic beverages,Italy,2019-08-01,1.0,2019,173.26
Food and non-alcoholic beverages,Italy,2019-09-01,0.6,2019,173.26
Food and non-alcoholic beverages,Italy,2019-10-01,0.8,2019,173.26
Food and non-alcoholic beverages,Italy,2019-11-01,0.8,2019,173.26
Food and non-alcoholic beverages,Italy,2019-12-01,0.9,2019,173.26
Food and non-alcoholic beverages,Italy,2020-01-01,0.8,2020,172.58
Food and non-alcoholic beverages,Italy,2020-02-01,0.5,2020,172.58
Food and non-alcoholic beverages,Italy,2020-03-01,1.3,2020,172.58
Food and non-alcoholic beverages,Italy,2020-04-01,3.0,2020,172.58
Food and non-alcoholic beverages,Italy,2020-05-01,2.7,2020,172.58
Food and non-alcoholic beverages,Italy,2020-06-01,2.5,2020,172.58
Food and non-alcoholic beverages,Italy,2020-07-01,1.3,2020,172.58
Food and non-alcoholic beverages,Italy,2020-08-01,1.0,2020,172.58
Food and non-alcoholic beverages,Italy,2020-09-01,1.3,2020,172.58
Food and non-alcoholic beverages,Italy,2020-10-01,1.4,2020,172.58
Food and non-alcoholic beverages,Italy,2020-11-01,1.4,2020,172.58
Food and non-alcoholic beverages,Italy,2020-12-01,0.9,2020,172.58
Food and non-alcoholic beverages,Italy,2021-01-01,0.6,2021,205.91
Food and non-alcoholic beverages,Italy,2021-02-01,0.2,2021,205.91
Food and non-alcoholic beverages,Italy,2021-03-01,0.0,2021,205.91
Food and non-alcoholic beverages,Italy,2021-04-01,-0.6,2021,205.91
Food and non-alcoholic beverages,Italy,2021-05-01,-0.8,2021,205.91
Food and non-alcoholic beverages,Italy,2021-06-01,-0.6,2021,205.91
Food and non-alcoholic beverages,Italy,2021-07-01,0.2,2021,205.91
Food and non-alcoholic beverages,Italy,2021-08-01,0.9,2021,205.91
Food and non-alcoholic beverages,Italy,2021-09-01,1.1,2021,205.91
Food and non-alcoholic beverages,Italy,2021-10-01,1.1,2021,205.91
Food and non-alcoholic beverages,Italy,2021-11-01,1.4,2021,205.91
Food and non-alcoholic beverages,Italy,2021-12-01,2.9,2021,205.91
Food and non-alcoholic beverages,Italy,2022-01-01,3.8,2022,194.55
Food and non-alcoholic beverages,Italy,2022-02-01,5.0,2022,194.55
Food and non-alcoholic beverages,Italy,2022-03-01,5.9,2022,194.55
Food and non-alcoholic beverages,Italy,2022-04-01,6.5,2022,194.55
Food and non-alcoholic beverages,Italy,2022-05-01,7.6,2022,194.55
Food and non-alcoholic beverages,Italy,2022-06-01,9.2,2022,194.55
Food and non-alcoholic beverages,Italy,2022-07-01,10.0,2022,194.55
Food and non-alcoholic beverages,Italy,2022-08-01,10.7,2022,194.55
Food and non-alcoholic beverages,Italy,2022-09-01,11.8,2022,194.55
Food and non-alcoholic beverages,Italy,2022-10-01,13.6,2022,194.55
Food and non-alcoholic beverages,Italy,2022-11-01,13.8,2022,194.55
Food and non-alcoholic beverages,Italy,2022-12-01,13.2,2022,194.55
Food and non-alcoholic beverages,Italy,2023-01-01,12.6,2023,181.44
Food and non-alcoholic beverages,Italy,2023-02-01,13.4,2023,181.44
Food and non-alcoholic beverages,Italy,2023-03-01,13.2,2023,181.44
Food and non-alcoholic beverages,Italy,2023-04-01,12.3,2023,181.44
Food and non-alcoholic beverages,Italy,2023-05-01,11.9,2023,181.44
Food and non-alcoholic beverages,Italy,2023-06-01,11.0,2023,181.44
Food and non-alcoholic beverages,Italy,2023-07-01,10.9,2023,181.44
Food and non-alcoholic beverages,Italy,2023-08-01,10.1,2023,181.44
Food and non-alcoholic beverages,Italy,2023-09-01,8.9,2023,181.44
Food and non-alcoholic beverages,Italy,2023-10-01,6.7,2023,181.44
Food and non-alcoholic beverages,Italy,2023-11-01,6.1,2023,181.44
Food and non-alcoholic beverages,Italy,2023-12-01,6.0,2023,181.44
Food and non-alcoholic beverages,Italy,2024-01-01,5.9,2024,181.8
Food and non-alcoholic beverages,Italy,2024-02-01,3.9,2024,181.8
Food and non-alcoholic beverages,Italy,2024-03-01,3.0,2024,181.8
Food and non-alcoholic beverages,Italy,2024-04-01,2.7,2024,181.8
Food and non-alcoholic beverages,Italy,2024-05-01,2.1,2024,181.8
Food and non-alcoholic beverages,Italy,2024-06-01,1.6,2024,181.8
Food and non-alcoholic beverages,Italy,2024-07-01,1.0,2024,181.8
Food and non-alcoholic beverages,Italy,2024-08-01,0.9,2024,181.8
Food and non-alcoholic beverages,Italy,2024-09-01,1.3,2024,181.8
Food and non-alcoholic beverages,Italy,2024-10-01,2.6,2024,181.8
Food and non-alcoholic beverages,Italy,2024-11-01,2.9,2024,181.8
Food and non-alcoholic beverages,Italy,2024-12-01,2.2,2024,181.8
Food and non-alcoholic beverages,Italy,2025-01-01,2.2,2025,181.43
Food and non-alcoholic beverages,Italy,2025-02-01,2.5,2025,181.43
Food and non-alcoholic beverages,Italy,2025-03-01,2.6,2025,181.43
Food and non-alcoholic beverages,Italy,2025-04-01,3.3,2025,181.43
Food and non-alcoholic beverages,Italy,2025-05-01,3.3,2025,181.43
Food and non-alcoholic beverages,Italy,2025-06-01,3.5,2025,181.43
Food and non-alcoholic beverages,Italy,2025-07-01,4.1,2025,181.43
Food and non-alcoholic beverages,Italy,2025-08-01,4.2,2025,181.43
Food and non-alcoholic beverages,Italy,2025-09-01,3.7,2025,181.43
Food and non-alcoholic beverages,Italy,2025-10-01,2.6,2025,181.43
Food and non-alcoholic beverages,Italy,2025-11-01,1.9,2025,181.43
Food and non-alcoholic beverages,Italy,2025-12-01,2.4,2025,181.43
Food and non-alcoholic beverages,Portugal,2019-01-01,0.3,2019,192.55
Food and non-alcoholic beverages,Portugal,2019-02-01,1.3,2019,192.55
Food and non-alcoholic beverages,Portugal,2019-03-01,1.2,2019,192.55
Food and non-alcoholic beverages,Portugal,2019-04-01,-0.1,2019,192.55
Food and non-alcoholic beverages,Portugal,2019-05-01,0.2,2019,192.55
Food and non-alcoholic beverages,Portugal,2019-06-01,0.4,2019,192.55
Food and non-alcoholic beverages,Portugal,2019-07-01,0.0,2019,192.55
Food and non-alcoholic beverages,Portugal,2019-08-01,0.0,2019,192.55
Food and non-alcoholic beverages,Portugal,2019-09-01,-0.1,2019,192.55
Food and non-alcoholic beverages,Portugal,2019-10-01,0.5,2019,192.55
Food and non-alcoholic beverages,Portugal,2019-11-01,0.3,2019,192.55
Food and non-alcoholic beverages,Portugal,2019-12-01,0.2,2019,192.55
Food and non-alcoholic beverages,Portugal,2020-01-01,0.8,2020,190.14
Food and non-alcoholic beverages,Portugal,2020-02-01,0.8,2020,190.14
Food and non-alcoholic beverages,Portugal,2020-03-01,1.2,2020,190.14
Food and non-alcoholic beverages,Portugal,2020-04-01,3.8,2020,190.14
Food and non-alcoholic beverages,Portugal,2020-05-01,2.2,2020,190.14
Food and non-alcoholic beverages,Portugal,2020-06-01,3.2,2020,190.14
Food and non-alcoholic beverages,Portugal,2020-07-01,2.6,2020,190.14
Food and non-alcoholic beverages,Portugal,2020-08-01,2.2,2020,190.14
Food and non-alcoholic beverages,Portugal,2020-09-01,2.0,2020,190.14
Food and non-alcoholic beverages,Portugal,2020-10-01,2.4,2020,190.14
Food and non-alcoholic beverages,Portugal,2020-11-01,2.0,2020,190.14
Food and non-alcoholic beverages,Portugal,2020-12-01,1.5,2020,190.14
Food and non-alcoholic beverages,Portugal,2021-01-01,1.0,2021,220.07
Food and non-alcoholic beverages,Portugal,2021-02-01,0.9,2021,220.07
Food and non-alcoholic beverages,Portugal,2021-03-01,0.7,2021,220.07
Food and non-alcoholic beverages,Portugal,2021-04-01,-0.8,2021,220.07
Food and non-alcoholic beverages,Portugal,2021-05-01,0.5,2021,220.07
Food and non-alcoholic beverages,Portugal,2021-06-01,-0.2,2021,220.07
Food and non-alcoholic beverages,Portugal,2021-07-01,0.6,2021,220.07
Food and non-alcoholic beverages,Portugal,2021-08-01,0.6,2021,220.07
Food and non-alcoholic beverages,Portugal,2021-09-01,0.7,2021,220.07
Food and non-alcoholic beverages,Portugal,2021-10-01,0.5,2021,220.07
Food and non-alcoholic beverages,Portugal,2021-11-01,1.4,2021,220.07
Food and non-alcoholic beverages,Portugal,2021-12-01,2.9,2021,220.07
Food and non-alcoholic beverages,Portugal,2022-01-01,3.7,2022,217.0
Food and non-alcoholic beverages,Portugal,2022-02-01,4.7,2022,217.0
Food and non-alcoholic beverages,Portugal,2022-03-01,7.2,2022,217.0
Food and non-alcoholic beverages,Portugal,2022-04-01,10.3,2022,217.0
Food and non-alcoholic beverages,Portugal,2022-05-01,12.3,2022,217.0
Food and non-alcoholic beverages,Portugal,2022-06-01,13.2,2022,217.0
Food and non-alcoholic beverages,Portugal,2022-07-01,13.9,2022,217.0
Food and non-alcoholic beverages,Portugal,2022-08-01,15.4,2022,217.0
Food and non-alcoholic beverages,Portugal,2022-09-01,16.5,2022,217.0
Food and non-alcoholic beverages,Portugal,2022-10-01,18.6,2022,217.0
Food and non-alcoholic beverages,Portugal,2022-11-01,20.0,2022,217.0
Food and non-alcoholic beverages,Portugal,2022-12-01,19.9,2022,217.0
Food and non-alcoholic beverages,Portugal,2023-01-01,20.6,2023,206.44
Food and non-alcoholic beverages,Portugal,2023-02-01,21.5,2023,206.44
Food and non-alcoholic beverages,Portugal,2023-03-01,19.6,2023,206.44
Food and non-alcoholic beverages,Portugal,2023-04-01,15.4,2023,206.44
Food and non-alcoholic beverages,Portugal,2023-05-01,9.4,2023,206.44
Food and non-alcoholic beverages,Portugal,2023-06-01,8.6,2023,206.44
Food and non-alcoholic beverages,Portugal,2023-07-01,7.3,2023,206.44
Food and non-alcoholic beverages,Portugal,2023-08-01,6.8,2023,206.44
Food and non-alcoholic beverages,Portugal,2023-09-01,6.4,2023,206.44
Food and non-alcoholic beverages,Portugal,2023-10-01,4.3,2023,206.44
Food and non-alcoholic beverages,Portugal,2023-11-01,3.0,2023,206.44
Food and non-alcoholic beverages,Portugal,2023-12-01,1.7,2023,206.44
Food and non-alcoholic beverages,Portugal,2024-01-01,2.7,2024,206.09
Food and non-alcoholic beverages,Portugal,2024-02-01,0.8,2024,206.09
Food and non-alcoholic beverages,Portugal,2024-03-01,0.0,2024,206.09
Food and non-alcoholic beverages,Portugal,2024-04-01,0.3,2024,206.09
Food and non-alcoholic beverages,Portugal,2024-05-01,3.4,2024,206.09
Food and non-alcoholic beverages,Portugal,2024-06-01,3.0,2024,206.09
Food and non-alcoholic beverages,Portugal,2024-07-01,3.6,2024,206.09
Food and non-alcoholic beverages,Portugal,2024-08-01,2.7,2024,206.09
Food and non-alcoholic beverages,Portugal,2024-09-01,2.7,2024,206.09
Food and non-alcoholic beverages,Portugal,2024-10-01,3.0,2024,206.09
Food and non-alcoholic beverages,Portugal,2024-11-01,2.7,2024,206.09
Food and non-alcoholic beverages,Portugal,2024-12-01,3.4,2024,206.09
Food and non-alcoholic beverages,Portugal,2025-01-01,1.5,2025,211.44
Food and non-alcoholic beverages,Portugal,2025-02-01,1.6,2025,211.44
Food and non-alcoholic beverages,Portugal,2025-03-01,1.7,2025,211.44
Food and non-alcoholic beverages,Portugal,2025-04-01,1.6,2025,211.44
Food and non-alcoholic beverages,Portugal,2025-05-01,2.6,2025,211.44
Food and non-alcoholic beverages,Portugal,2025-06-01,3.1,2025,211.44
Food and non-alcoholic beverages,Portugal,2025-07-01,3.8,2025,211.44
Food and non-alcoholic beverages,Portugal,2025-08-01,4.0,2025,211.44
Food and non-alcoholic beverages,Portugal,2025-09-01,4.0,2025,211.44
Food and non-alcoholic beverages,Portugal,2025-10-01,3.5,2025,211.44
Food and non-alcoholic beverages,Portugal,2025-11-01,3.5,2025,211.44
Food and non-alcoholic beverages,Portugal,2025-12-01,3.5,2025,211.44
Bread,Germany,2019-01-01,2.3,2019,7.24
Bread,Germany,2019-02-01,2.7,2019,7.24
Bread,Germany,2019-03-01,2.9,2019,7.24
Bread,Germany,2019-04-01,3.2,2019,7.24
Bread,Germany,2019-05-01,3.4,2019,7.24
Bread,Germany,2019-06-01,3.0,2019,7.24
Bread,Germany,2019-07-01,3.5,2019,7.24
Bread,Germany,2019-08-01,3.5,2019,7.24
Bread,Germany,2019-09-01,3.2,2019,7.24
Bread,Germany,2019-10-01,3.1,2019,7.24
Bread,Germany,2019-11-01,2.7,2019,7.24
Bread,Germany,2019-12-01,3.0,2019,7.24
Bread,Germany,2020-01-01,3.0,2020,7.48
Bread,Germany,2020-02-01,2.7,2020,7.48
Bread,Germany,2020-03-01,2.8,2020,7.48
Bread,Germany,2020-04-01,2.6,2020,7.48
Bread,Germany,2020-05-01,2.5,2020,7.48
Bread,Germany,2020-06-01,2.7,2020,7.48
Bread,Germany,2020-07-01,0.7,2020,7.48
Bread,Germany,2020-08-01,0.5,2020,7.48
Bread,Germany,2020-09-01,0.6,2020,7.48
Bread,Germany,2020-10-01,0.5,2020,7.48
Bread,Germany,2020-11-01,0.4,2020,7.48
Bread,Germany,2020-12-01,0.0,2020,7.48
Bread,Germany,2021-01-01,1.5,2021,8.4
Bread,Germany,2021-02-01,2.3,2021,8.4
Bread,Germany,2021-03-01,1.9,2021,8.4
Bread,Germany,2021-04-01,2.0,2021,8.4
Bread,Germany,2021-05-01,2.2,2021,8.4
Bread,Germany,2021-06-01,2.3,2021,8.4
Bread,Germany,2021-07-01,4.3,2021,8.4
Bread,Germany,2021-08-01,4.8,2021,8.4
Bread,Germany,2021-09-01,5.8,2021,8.4
Bread,Germany,2021-10-01,6.1,2021,8.4
Bread,Germany,2021-11-01,6.5,2021,8.4
Bread,Germany,2021-12-01,7.2,2021,8.4
Bread,Germany,2022-01-01,6.7,2022,8.29
Bread,Germany,2022-02-01,6.4,2022,8.29
Bread,Germany,2022-03-01,7.2,2022,8.29
Bread,Germany,2022-04-01,9.6,2022,8.29
Bread,Germany,2022-05-01,11.6,2022,8.29
Bread,Germany,2022-06-01,13.6,2022,8.29
Bread,Germany,2022-07-01,17.3,2022,8.29
Bread,Germany,2022-08-01,17.5,2022,8.29
Bread,Germany,2022-09-01,18.1,2022,8.29
Bread,Germany,2022-10-01,19.3,2022,8.29
Bread,Germany,2022-11-01,20.8,2022,8.29
Bread,Germany,2022-12-01,20.8,2022,8.29
Bread,Germany,2023-01-01,20.6,2023,8.78
Bread,Germany,2023-02-01,20.9,2023,8.78
Bread,Germany,2023-03-01,20.5,2023,8.78
Bread,Germany,2023-04-01,18.5,2023,8.78
Bread,Germany,2023-05-01,16.3,2023,8.78
Bread,Germany,2023-06-01,14.4,2023,8.78
Bread,Germany,2023-07-01,10.2,2023,8.78
Bread,Germany,2023-08-01,9.8,2023,8.78
Bread,Germany,2023-09-01,8.3,2023,8.78
Bread,Germany,2023-10-01,6.7,2023,8.78
Bread,Germany,2023-11-01,5.1,2023,8.78
Bread,Germany,2023-12-01,4.6,2023,8.78
Bread,Germany,2024-01-01,3.2,2024,8.45
Bread,Germany,2024-02-01,3.2,2024,8.45
Bread,Germany,2024-03-01,3.0,2024,8.45
Bread,Germany,2024-04-01,2.1,2024,8.45
Bread,Germany,2024-05-01,1.9,2024,8.45
Bread,Germany,2024-06-01,1.8,2024,8.45
Bread,Germany,2024-07-01,1.6,2024,8.45
Bread,Germany,2024-08-01,1.4,2024,8.45
Bread,Germany,2024-09-01,1.8,2024,8.45
Bread,Germany,2024-10-01,2.3,2024,8.45
Bread,Germany,2024-11-01,1.8,2024,8.45
Bread,Germany,2024-12-01,1.7,2024,8.45
Bread,Germany,2025-01-01,2.4,2025,8.64
Bread,Germany,2025-02-01,1.8,2025,8.64
Bread,Germany,2025-03-01,2.0,2025,8.64
Bread,Germany,2025-04-01,2.0,2025,8.64
Bread,Germany,2025-05-01,2.5,2025,8.64
Bread,Germany,2025-06-01,1.7,2025,8.64
Bread,Germany,2025-07-01,2.4,2025,8.64
Bread,Germany,2025-08-01,2.4,2025,8.64
Bread,Germany,2025-09-01,1.9,2025,8.64
Bread,Germany,2025-10-01,2.1,2025,8.64
Bread,Germany,2025-11-01,2.1,2025,8.64
Bread,Germany,2025-12-01,2.1,2025,8.64
Bread,"Euro area (EA11-1999, EA12-2001, EA13-2007, EA15-2008, EA16-2009, EA17-2011, EA18-2014, EA19-2015, EA20-2023, EA21-2026)",2019-01-01,2.0,2019,9.8
Bread,"Euro area (EA11-1999, EA12-2001, EA13-2007, EA15-2008, EA16-2009, EA17-2011, EA18-2014, EA19-2015, EA20-2023, EA21-2026)",2019-02-01,2.2,2019,9.8
Bread,"Euro area (EA11-1999, EA12-2001, EA13-2007, EA15-2008, EA16-2009, EA17-2011, EA18-2014, EA19-2015, EA20-2023, EA21-2026)",2019-03-01,2.2,2019,9.8
Bread,"Euro area (EA11-1999, EA12-2001, EA13-2007, EA15-2008, EA16-2009, EA17-2011, EA18-2014, EA19-2015, EA20-2023, EA21-2026)",2019-04-01,2.3,2019,9.8
Bread,"Euro area (EA11-1999, EA12-2001, EA13-2007, EA15-2008, EA16-2009, EA17-2011, EA18-2014, EA19-2015, EA20-2023, EA21-2026)",2019-05-01,2.3,2019,9.8
Bread,"Euro area (EA11-1999, EA12-2001, EA13-2007, EA15-2008, EA16-2009, EA17-2011, EA18-2014, EA19-2015, EA20-2023, EA21-2026)",2019-06-01,2.1,2019,9.8
Bread,"Euro area (EA11-1999, EA12-2001, EA13-2007, EA15-2008, EA16-2009, EA17-2011, EA18-2014, EA19-2015, EA20-2023, EA21-2026)",2019-07-01,2.1,2019,9.8
Bread,"Euro area (EA11-1999, EA12-2001, EA13-2007, EA15-2008, EA16-2009, EA17-2011, EA18-2014, EA19-2015, EA20-2023, EA21-2026)",2019-08-01,2.1,2019,9.8
Bread,"Euro area (EA11-1999, EA12-2001, EA13-2007, EA15-2008, EA16-2009, EA17-2011, EA18-2014, EA19-2015, EA20-2023, EA21-2026)",2019-09-01,1.9,2019,9.8
Bread,"Euro area (EA11-1999, EA12-2001, EA13-2007, EA15-2008, EA16-2009, EA17-2011, EA18-2014, EA19-2015, EA20-2023, EA21-2026)",2019-10-01,1.9,2019,9.8
Bread,"Euro area (EA11-1999, EA12-2001, EA13-2007, EA15-2008, EA16-2009, EA17-2011, EA18-2014, EA19-2015, EA20-2023, EA21-2026)",2019-11-01,1.7,2019,9.8
Bread,"Euro area (EA11-1999, EA12-2001, EA13-2007, EA15-2008, EA16-2009, EA17-2011, EA18-2014, EA19-2015, EA20-2023, EA21-2026)",2019-12-01,1.5,2019,9.8
Bread,"Euro area (EA11-1999, EA12-2001, EA13-2007, EA15-2008, EA16-2009, EA17-2011, EA18-2014, EA19-2015, EA20-2023, EA21-2026)",2020-01-01,1.3,2020,9.92
Bread,"Euro area (EA11-1999, EA12-2001, EA13-2007, EA15-2008, EA16-2009, EA17-2011, EA18-2014, EA19-2015, EA20-2023, EA21-2026)",2020-02-01,1.1,2020,9.92
Bread,"Euro area (EA11-1999, EA12-2001, EA13-2007, EA15-2008, EA16-2009, EA17-2011, EA18-2014, EA19-2015, EA20-2023, EA21-2026)",2020-03-01,1.2,2020,9.92
Bread,"Euro area (EA11-1999, EA12-2001, EA13-2007, EA15-2008, EA16-2009, EA17-2011, EA18-2014, EA19-2015, EA20-2023, EA21-2026)",2020-04-01,1.8,2020,9.92
Bread,"Euro area (EA11-1999, EA12-2001, EA13-2007, EA15-2008, EA16-2009, EA17-2011, EA18-2014, EA19-2015, EA20-2023, EA21-2026)",2020-05-01,1.5,2020,9.92
Bread,"Euro area (EA11-1999, EA12-2001, EA13-2007, EA15-2008, EA16-2009, EA17-2011, EA18-2014, EA19-2015, EA20-2023, EA21-2026)",2020-06-01,1.3,2020,9.92
Bread,"Euro area (EA11-1999, EA12-2001, EA13-2007, EA15-2008, EA16-2009, EA17-2011, EA18-2014, EA19-2015, EA20-2023, EA21-2026)",2020-07-01,0.6,2020,9.92
Bread,"Euro area (EA11-1999, EA12-2001, EA13-2007, EA15-2008, EA16-2009, EA17-2011, EA18-2014, EA19-2015, EA20-2023, EA21-2026)",2020-08-01,0.4,2020,9.92
Bread,"Euro area (EA11-1999, EA12-2001, EA13-2007, EA15-2008, EA16-2009, EA17-2011, EA18-2014, EA19-2015, EA20-2023, EA21-2026)",2020-09-01,0.5,2020,9.92
Bread,"Euro area (EA11-1999, EA12-2001, EA13-2007, EA15-2008, EA16-2009, EA17-2011, EA18-2014, EA19-2015, EA20-2023, EA21-2026)",2020-10-01,0.4,2020,9.92
Bread,"Euro area (EA11-1999, EA12-2001, EA13-2007, EA15-2008, EA16-2009, EA17-2011, EA18-2014, EA19-2015, EA20-2023, EA21-2026)",2020-11-01,0.3,2020,9.92
Bread,"Euro area (EA11-1999, EA12-2001, EA13-2007, EA15-2008, EA16-2009, EA17-2011, EA18-2014, EA19-2015, EA20-2023, EA21-2026)",2020-12-01,0.3,2020,9.92
Bread,"Euro area (EA11-1999, EA12-2001, EA13-2007, EA15-2008, EA16-2009, EA17-2011, EA18-2014, EA19-2015, EA20-2023, EA21-2026)",2021-01-01,0.5,2021,11.19
Bread,"Euro area (EA11-1999, EA12-2001, EA13-2007, EA15-2008, EA16-2009, EA17-2011, EA18-2014, EA19-2015, EA20-2023, EA21-2026)",2021-02-01,0.7,2021,11.19
Bread,"Euro area (EA11-1999, EA12-2001, EA13-2007, EA15-2008, EA16-2009, EA17-2011, EA18-2014, EA19-2015, EA20-2023, EA21-2026)",2021-03-01,0.7,2021,11.19
Bread,"Euro area (EA11-1999, EA12-2001, EA13-2007, EA15-2008, EA16-2009, EA17-2011, EA18-2014, EA19-2015, EA20-2023, EA21-2026)",2021-04-01,0.1,2021,11.19
Bread,"Euro area (EA11-1999, EA12-2001, EA13-2007, EA15-2008, EA16-2009, EA17-2011, EA18-2014, EA19-2015, EA20-2023, EA21-2026)",2021-05-01,0.5,2021,11.19
Bread,"Euro area (EA11-1999, EA12-2001, EA13-2007, EA15-2008, EA16-2009, EA17-2011, EA18-2014, EA19-2015, EA20-2023, EA21-2026)",2021-06-01,0.7,2021,11.19
Bread,"Euro area (EA11-1999, EA12-2001, EA13-2007, EA15-2008, EA16-2009, EA17-2011, EA18-2014, EA19-2015, EA20-2023, EA21-2026)",2021-07-01,1.5,2021,11.19
Bread,"Euro area (EA11-1999, EA12-2001, EA13-2007, EA15-2008, EA16-2009, EA17-2011, EA18-2014, EA19-2015, EA20-2023, EA21-2026)",2021-08-01,1.8,2021,11.19
Bread,"Euro area (EA11-1999, EA12-2001, EA13-2007, EA15-2008, EA16-2009, EA17-2011, EA18-2014, EA19-2015, EA20-2023, EA21-2026)",2021-09-01,2.3,2021,11.19
Bread,"Euro area (EA11-1999, EA12-2001, EA13-2007, EA15-2008, EA16-2009, EA17-2011, EA18-2014, EA19-2015, EA20-2023, EA21-2026)",2021-10-01,2.7,2021,11.19
Bread,"Euro area (EA11-1999, EA12-2001, EA13-2007, EA15-2008, EA16-2009, EA17-2011, EA18-2014, EA19-2015, EA20-2023, EA21-2026)",2021-11-01,3.3,2021,11.19
Bread,"Euro area (EA11-1999, EA12-2001, EA13-2007, EA15-2008, EA16-2009, EA17-2011, EA18-2014, EA19-2015, EA20-2023, EA21-2026)",2021-12-01,4.1,2021,11.19
Bread,"Euro area (EA11-1999, EA12-2001, EA13-2007, EA15-2008, EA16-2009, EA17-2011, EA18-2014, EA19-2015, EA20-2023, EA21-2026)",2022-01-01,5.1,2022,10.67
Bread,"Euro area (EA11-1999, EA12-2001, EA13-2007, EA15-2008, EA16-2009, EA17-2011, EA18-2014, EA19-2015, EA20-2023, EA21-2026)",2022-02-01,5.6,2022,10.67
Bread,"Euro area (EA11-1999, EA12-2001, EA13-2007, EA15-2008, EA16-2009, EA17-2011, EA18-2014, EA19-2015, EA20-2023, EA21-2026)",2022-03-01,6.2,2022,10.67
Bread,"Euro area (EA11-1999, EA12-2001, EA13-2007, EA15-2008, EA16-2009, EA17-2011, EA18-2014, EA19-2015, EA20-2023, EA21-2026)",2022-04-01,8.6,2022,10.67
Bread,"Euro area (EA11-1999, EA12-2001, EA13-2007, EA15-2008, EA16-2009, EA17-2011, EA18-2014, EA19-2015, EA20-2023, EA21-2026)",2022-05-01,10.3,2022,10.67
Bread,"Euro area (EA11-1999, EA12-2001, EA13-2007, EA15-2008, EA16-2009, EA17-2011, EA18-2014, EA19-2015, EA20-2023, EA21-2026)",2022-06-01,11.9,2022,10.67
Bread,"Euro area (EA11-1999, EA12-2001, EA13-2007, EA15-2008, EA16-2009, EA17-2011, EA18-2014, EA19-2015, EA20-2023, EA21-2026)",2022-07-01,13.5,2022,10.67
Bread,"Euro area (EA11-1999, EA12-2001, EA13-2007, EA15-2008, EA16-2009, EA17-2011, EA18-2014, EA19-2015, EA20-2023, EA21-2026)",2022-08-01,14.1,2022,10.67
Bread,"Euro area (EA11-1999, EA12-2001, EA13-2007, EA15-2008, EA16-2009, EA17-2011, EA18-2014, EA19-2015, EA20-2023, EA21-2026)",2022-09-01,14.6,2022,10.67
Bread,"Euro area (EA11-1999, EA12-2001, EA13-2007, EA15-2008, EA16-2009, EA17-2011, EA18-2014, EA19-2015, EA20-2023, EA21-2026)",2022-10-01,15.5,2022,10.67
Bread,"Euro area (EA11-1999, EA12-2001, EA13-2007, EA15-2008, EA16-2009, EA17-2011, EA18-2014, EA19-2015, EA20-2023, EA21-2026)",2022-11-01,16.5,2022,10.67
Bread,"Euro area (EA11-1999, EA12-2001, EA13-2007, EA15-2008, EA16-2009, EA17-2011, EA18-2014, EA19-2015, EA20-2023, EA21-2026)",2022-12-01,16.8,2022,10.67
Bread,"Euro area (EA11-1999, EA12-2001, EA13-2007, EA15-2008, EA16-2009, EA17-2011, EA18-2014, EA19-2015, EA20-2023, EA21-2026)",2023-01-01,17.0,2023,10.44
Bread,"Euro area (EA11-1999, EA12-2001, EA13-2007, EA15-2008, EA16-2009, EA17-2011, EA18-2014, EA19-2015, EA20-2023, EA21-2026)",2023-02-01,17.4,2023,10.44
Bread,"Euro area (EA11-1999, EA12-2001, EA13-2007, EA15-2008, EA16-2009, EA17-2011, EA18-2014, EA19-2015, EA20-2023, EA21-2026)",2023-03-01,17.0,2023,10.44
Bread,"Euro area (EA11-1999, EA12-2001, EA13-2007, EA15-2008, EA16-2009, EA17-2011, EA18-2014, EA19-2015, EA20-2023, EA21-2026)",2023-04-01,14.6,2023,10.44
Bread,"Euro area (EA11-1999, EA12-2001, EA13-2007, EA15-2008, EA16-2009, EA17-2011, EA18-2014, EA19-2015, EA20-2023, EA21-2026)",2023-05-01,12.7,2023,10.44
Bread,"Euro area (EA11-1999, EA12-2001, EA13-2007, EA15-2008, EA16-2009, EA17-2011, EA18-2014, EA19-2015, EA20-2023, EA21-2026)",2023-06-01,11.3,2023,10.44
Bread,"Euro area (EA11-1999, EA12-2001, EA13-2007, EA15-2008, EA16-2009, EA17-2011, EA18-2014, EA19-2015, EA20-2023, EA21-2026)",2023-07-01,9.6,2023,10.44
Bread,"Euro area (EA11-1999, EA12-2001, EA13-2007, EA15-2008, EA16-2009, EA17-2011, EA18-2014, EA19-2015, EA20-2023, EA21-2026)",2023-08-01,8.9,2023,10.44
Bread,"Euro area (EA11-1999, EA12-2001, EA13-2007, EA15-2008, EA16-2009, EA17-2011, EA18-2014, EA19-2015, EA20-2023, EA21-2026)",2023-09-01,8.0,2023,10.44
Bread,"Euro area (EA11-1999, EA12-2001, EA13-2007, EA15-2008, EA16-2009, EA17-2011, EA18-2014, EA19-2015, EA20-2023, EA21-2026)",2023-10-01,6.7,2023,10.44
Bread,"Euro area (EA11-1999, EA12-2001, EA13-2007, EA15-2008, EA16-2009, EA17-2011, EA18-2014, EA19-2015, EA20-2023, EA21-2026)",2023-11-01,5.3,2023,10.44
Bread,"Euro area (EA11-1999, EA12-2001, EA13-2007, EA15-2008, EA16-2009, EA17-2011, EA18-2014, EA19-2015, EA20-2023, EA21-2026)",2023-12-01,4.3,2023,10.44
Bread,"Euro area (EA11-1999, EA12-2001, EA13-2007, EA15-2008, EA16-2009, EA17-2011, EA18-2014, EA19-2015, EA20-2023, EA21-2026)",2024-01-01,3.2,2024,9.87
Bread,"Euro area (EA11-1999, EA12-2001, EA13-2007, EA15-2008, EA16-2009, EA17-2011, EA18-2014, EA19-2015, EA20-2023, EA21-2026)",2024-02-01,2.3,2024,9.87
Bread,"Euro area (EA11-1999, EA12-2001, EA13-2007, EA15-2008, EA16-2009, EA17-2011, EA18-2014, EA19-2015, EA20-2023, EA21-2026)",2024-03-01,1.9,2024,9.87
Bread,"Euro area (EA11-1999, EA12-2001, EA13-2007, EA15-2008, EA16-2009, EA17-2011, EA18-2014, EA19-2015, EA20-2023, EA21-2026)",2024-04-01,1.6,2024,9.87
Bread,"Euro area (EA11-1999, EA12-2001, EA13-2007, EA15-2008, EA16-2009, EA17-2011, EA18-2014, EA19-2015, EA20-2023, EA21-2026)",2024-05-01,1.5,2024,9.87
Bread,"Euro area (EA11-1999, EA12-2001, EA13-2007, EA15-2008, EA16-2009, EA17-2011, EA18-2014, EA19-2015, EA20-2023, EA21-2026)",2024-06-01,1.5,2024,9.87
Bread,"Euro area (EA11-1999, EA12-2001, EA13-2007, EA15-2008, EA16-2009, EA17-2011, EA18-2014, EA19-2015, EA20-2023, EA21-2026)",2024-07-01,1.4,2024,9.87
Bread,"Euro area (EA11-1999, EA12-2001, EA13-2007, EA15-2008, EA16-2009, EA17-2011, EA18-2014, EA19-2015, EA20-2023, EA21-2026)",2024-08-01,1.3,2024,9.87
Bread,"Euro area (EA11-1999, EA12-2001, EA13-2007, EA15-2008, EA16-2009, EA17-2011, EA18-2014, EA19-2015, EA20-2023, EA21-2026)",2024-09-01,1.2,2024,9.87
Bread,"Euro area (EA11-1999, EA12-2001, EA13-2007, EA15-2008, EA16-2009, EA17-2011, EA18-2014, EA19-2015, EA20-2023, EA21-2026)",2024-10-01,1.6,2024,9.87
Bread,"Euro area (EA11-1999, EA12-2001, EA13-2007, EA15-2008, EA16-2009, EA17-2011, EA18-2014, EA19-2015, EA20-2023, EA21-2026)",2024-11-01,1.5,2024,9.87
Bread,"Euro area (EA11-1999, EA12-2001, EA13-2007, EA15-2008, EA16-2009, EA17-2011, EA18-2014, EA19-2015, EA20-2023, EA21-2026)",2024-12-01,1.4,2024,9.87
Bread,"Euro area (EA11-1999, EA12-2001, EA13-2007, EA15-2008, EA16-2009, EA17-2011, EA18-2014, EA19-2015, EA20-2023, EA21-2026)",2025-01-01,1.5,2025,9.86
Bread,"Euro area (EA11-1999, EA12-2001, EA13-2007, EA15-2008, EA16-2009, EA17-2011, EA18-2014, EA19-2015, EA20-2023, EA21-2026)",2025-02-01,1.5,2025,9.86
Bread,"Euro area (EA11-1999, EA12-2001, EA13-2007, EA15-2008, EA16-2009, EA17-2011, EA18-2014, EA19-2015, EA20-2023, EA21-2026)",2025-03-01,1.3,2025,9.86
Bread,"Euro area (EA11-1999, EA12-2001, EA13-2007, EA15-2008, EA16-2009, EA17-2011, EA18-2014, EA19-2015, EA20-2023, EA21-2026)",2025-04-01,1.5,2025,9.86
Bread,"Euro area (EA11-1999, EA12-2001, EA13-2007, EA15-2008, EA16-2009, EA17-2011, EA18-2014, EA19-2015, EA20-2023, EA21-2026)",2025-05-01,1.7,2025,9.86
Bread,"Euro area (EA11-1999, EA12-2001, EA13-2007, EA15-2008, EA16-2009, EA17-2011, EA18-2014, EA19-2015, EA20-2023, EA21-2026)",2025-06-01,1.4,2025,9.86
Bread,"Euro area (EA11-1999, EA12-2001, EA13-2007, EA15-2008, EA16-2009, EA17-2011, EA18-2014, EA19-2015, EA20-2023, EA21-2026)",2025-07-01,1.7,2025,9.86
Bread,"Euro area (EA11-1999, EA12-2001, EA13-2007, EA15-2008, EA16-2009, EA17-2011, EA18-2014, EA19-2015, EA20-2023, EA21-2026)",2025-08-01,1.9,2025,9.86
Bread,"Euro area (EA11-1999, EA12-2001, EA13-2007, EA15-2008, EA16-2009, EA17-2011, EA18-2014, EA19-2015, EA20-2023, EA21-2026)",2025-09-01,1.7,2025,9.86
Bread,"Euro area (EA11-1999, EA12-2001, EA13-2007, EA15-2008, EA16-2009, EA17-2011, EA18-2014, EA19-2015, EA20-2023, EA21-2026)",2025-10-01,1.6,2025,9.86
Bread,"Euro area (EA11-1999, EA12-2001, EA13-2007, EA15-2008, EA16-2009, EA17-2011, EA18-2014, EA19-2015, EA20-2023, EA21-2026)",2025-11-01,1.5,2025,9.86
Bread,"Euro area (EA11-1999, EA12-2001, EA13-2007, EA15-2008, EA16-2009, EA17-2011, EA18-2014, EA19-2015, EA20-2023, EA21-2026)",2025-12-01,1.6,2025,9.86
Bread,Spain,2019-01-01,1.8,2019,12.04
Bread,Spain,2019-02-01,1.8,2019,12.04
Bread,Spain,2019-03-01,2.1,2019,12.04
Bread,Spain,2019-04-01,2.2,2019,12.04
Bread,Spain,2019-05-01,1.7,2019,12.04
Bread,Spain,2019-06-01,1.7,2019,12.04
Bread,Spain,2019-07-01,1.9,2019,12.04
Bread,Spain,2019-08-01,2.0,2019,12.04
Bread,Spain,2019-09-01,1.7,2019,12.04
Bread,Spain,2019-10-01,1.4,2019,12.04
Bread,Spain,2019-11-01,1.6,2019,12.04
Bread,Spain,2019-12-01,1.4,2019,12.04
Bread,Spain,2020-01-01,1.0,2020,13.16
Bread,Spain,2020-02-01,0.7,2020,13.16
Bread,Spain,2020-03-01,0.7,2020,13.16
Bread,Spain,2020-04-01,0.6,2020,13.16
Bread,Spain,2020-05-01,0.7,2020,13.16
Bread,Spain,2020-06-01,0.5,2020,13.16
Bread,Spain,2020-07-01,0.4,2020,13.16
Bread,Spain,2020-08-01,0.0,2020,13.16
Bread,Spain,2020-09-01,0.1,2020,13.16
Bread,Spain,2020-10-01,0.0,2020,13.16
Bread,Spain,2020-11-01,-0.2,2020,13.16
Bread,Spain,2020-12-01,-0.1,2020,13.16
Bread,Spain,2021-01-01,-0.1,2021,15.38
Bread,Spain,2021-02-01,0.0,2021,15.38
Bread,Spain,2021-03-01,-0.2,2021,15.38
Bread,Spain,2021-04-01,0.3,2021,15.38
Bread,Spain,2021-05-01,0.2,2021,15.38
Bread,Spain,2021-06-01,0.6,2021,15.38
Bread,Spain,2021-07-01,0.6,2021,15.38
Bread,Spain,2021-08-01,0.9,2021,15.38
Bread,Spain,2021-09-01,1.3,2021,15.38
Bread,Spain,2021-10-01,2.1,2021,15.38
Bread,Spain,2021-11-01,2.7,2021,15.38
Bread,Spain,2021-12-01,3.8,2021,15.38
Bread,Spain,2022-01-01,5.3,2022,13.91
Bread,Spain,2022-02-01,6.4,2022,13.91
Bread,Spain,2022-03-01,6.5,2022,13.91
Bread,Spain,2022-04-01,10.1,2022,13.91
Bread,Spain,2022-05-01,12.6,2022,13.91
Bread,Spain,2022-06-01,13.9,2022,13.91
Bread,Spain,2022-07-01,14.7,2022,13.91
Bread,Spain,2022-08-01,15.2,2022,13.91
Bread,Spain,2022-09-01,14.9,2022,13.91
Bread,Spain,2022-10-01,14.9,2022,13.91
Bread,Spain,2022-11-01,14.9,2022,13.91
Bread,Spain,2022-12-01,15.4,2022,13.91
Bread,Spain,2023-01-01,13.5,2023,11.23
Bread,Spain,2023-02-01,13.2,2023,11.23
Bread,Spain,2023-03-01,13.4,2023,11.23
Bread,Spain,2023-04-01,9.3,2023,11.23
Bread,Spain,2023-05-01,7.1,2023,11.23
Bread,Spain,2023-06-01,6.1,2023,11.23
Bread,Spain,2023-07-01,4.9,2023,11.23
Bread,Spain,2023-08-01,4.5,2023,11.23
Bread,Spain,2023-09-01,4.7,2023,11.23
Bread,Spain,2023-10-01,4.1,2023,11.23
Bread,Spain,2023-11-01,3.4,2023,11.23
Bread,Spain,2023-12-01,2.0,2023,11.23
Bread,Spain,2024-01-01,2.7,2024,10.35
Bread,Spain,2024-02-01,2.0,2024,10.35
Bread,Spain,2024-03-01,1.7,2024,10.35
Bread,Spain,2024-04-01,1.6,2024,10.35
Bread,Spain,2024-05-01,1.8,2024,10.35
Bread,Spain,2024-06-01,1.4,2024,10.35
Bread,Spain,2024-07-01,1.7,2024,10.35
Bread,Spain,2024-08-01,1.7,2024,10.35
Bread,Spain,2024-09-01,1.5,2024,10.35
Bread,Spain,2024-10-01,2.2,2024,10.35
Bread,Spain,2024-11-01,2.5,2024,10.35
Bread,Spain,2024-12-01,2.3,2024,10.35
Bread,Spain,2025-01-01,2.9,2025,9.34
Bread,Spain,2025-02-01,3.2,2025,9.34
Bread,Spain,2025-03-01,1.8,2025,9.34
Bread,Spain,2025-04-01,1.9,2025,9.34
Bread,Spain,2025-05-01,1.5,2025,9.34
Bread,Spain,2025-06-01,1.7,2025,9.34
Bread,Spain,2025-07-01,1.5,2025,9.34
Bread,Spain,2025-08-01,1.5,2025,9.34
Bread,Spain,2025-09-01,1.2,2025,9.34
Bread,Spain,2025-10-01,0.5,2025,9.34
Bread,Spain,2025-11-01,0.3,2025,9.34
Bread,Spain,2025-12-01,0.4,2025,9.34
Bread,France,2019-01-01,2.2,2019,10.38
Bread,France,2019-02-01,2.4,2019,10.38
Bread,France,2019-03-01,2.4,2019,10.38
Bread,France,2019-04-01,2.2,2019,10.38
Bread,France,2019-05-01,2.0,2019,10.38
Bread,France,2019-06-01,1.5,2019,10.38
Bread,France,2019-07-01,1.2,2019,10.38
Bread,France,2019-08-01,1.0,2019,10.38
Bread,France,2019-09-01,0.9,2019,10.38
Bread,France,2019-10-01,1.0,2019,10.38
Bread,France,2019-11-01,1.0,2019,10.38
Bread,France,2019-12-01,0.8,2019,10.38
Bread,France,2020-01-01,0.5,2020,10.7
Bread,France,2020-02-01,0.4,2020,10.7
Bread,France,2020-03-01,0.2,2020,10.7
Bread,France,2020-04-01,3.4,2020,10.7
Bread,France,2020-05-01,2.1,2020,10.7
Bread,France,2020-06-01,1.1,2020,10.7
Bread,France,2020-07-01,0.4,2020,10.7
Bread,France,2020-08-01,0.1,2020,10.7
Bread,France,2020-09-01,0.1,2020,10.7
Bread,France,2020-10-01,0.0,2020,10.7
Bread,France,2020-11-01,-0.1,2020,10.7
Bread,France,2020-12-01,0.0,2020,10.7
Bread,France,2021-01-01,0.1,2021,12.49
Bread,France,2021-02-01,0.1,2021,12.49
Bread,France,2021-03-01,0.9,2021,12.49
Bread,France,2021-04-01,-2.0,2021,12.49
Bread,France,2021-05-01,-0.7,2021,12.49
Bread,France,2021-06-01,-0.2,2021,12.49
Bread,France,2021-07-01,0.8,2021,12.49
Bread,France,2021-08-01,1.5,2021,12.49
Bread,France,2021-09-01,1.6,2021,12.49
Bread,France,2021-10-01,1.7,2021,12.49
Bread,France,2021-11-01,2.2,2021,12.49
Bread,France,2021-12-01,2.4,2021,12.49
Bread,France,2022-01-01,3.3,2022,11.29
Bread,France,2022-02-01,3.5,2022,11.29
Bread,France,2022-03-01,3.4,2022,11.29
Bread,France,2022-04-01,3.8,2022,11.29
Bread,France,2022-05-01,5.3,2022,11.29
Bread,France,2022-06-01,6.5,2022,11.29
Bread,France,2022-07-01,7.2,2022,11.29
Bread,France,2022-08-01,8.2,2022,11.29
Bread,France,2022-09-01,8.4,2022,11.29
Bread,France,2022-10-01,9.4,2022,11.29
Bread,France,2022-11-01,9.8,2022,11.29
Bread,France,2022-12-01,10.0,2022,11.29
Bread,France,2023-01-01,10.9,2023,11.52
Bread,France,2023-02-01,12.2,2023,11.52
Bread,France,2023-03-01,12.8,2023,11.52
Bread,France,2023-04-01,12.4,2023,11.52
Bread,France,2023-05-01,11.1,2023,11.52
Bread,France,2023-06-01,10.4,2023,11.52
Bread,France,2023-07-01,9.7,2023,11.52
Bread,France,2023-08-01,9.0,2023,11.52
Bread,France,2023-09-01,8.7,2023,11.52
Bread,France,2023-10-01,8.0,2023,11.52
Bread,France,2023-11-01,7.2,2023,11.52
Bread,France,2023-12-01,6.6,2023,11.52
Bread,France,2024-01-01,4.8,2024,10.63
Bread,France,2024-02-01,3.6,2024,10.63
Bread,France,2024-03-01,2.4,2024,10.63
Bread,France,2024-04-01,2.3,2024,10.63
Bread,France,2024-05-01,1.8,2024,10.63
Bread,France,2024-06-01,1.8,2024,10.63
Bread,France,2024-07-01,1.4,2024,10.63
Bread,France,2024-08-01,0.7,2024,10.63
Bread,France,2024-09-01,0.5,2024,10.63
Bread,France,2024-10-01,0.4,2024,10.63
Bread,France,2024-11-01,0.4,2024,10.63
Bread,France,2024-12-01,0.4,2024,10.63
Bread,France,2025-01-01,0.2,2025,11.31
Bread,France,2025-02-01,0.2,2025,11.31
Bread,France,2025-03-01,0.1,2025,11.31
Bread,France,2025-04-01,-0.1,2025,11.31
Bread,France,2025-05-01,0.1,2025,11.31
Bread,France,2025-06-01,0.0,2025,11.31
Bread,France,2025-07-01,0.4,2025,11.31
Bread,France,2025-08-01,0.8,2025,11.31
Bread,France,2025-09-01,0.9,2025,11.31
Bread,France,2025-10-01,0.7,2025,11.31
Bread,France,2025-11-01,0.7,2025,11.31
Bread,France,2025-12-01,0.9,2025,11.31
Bread,Italy,2019-01-01,1.0,2019,9.29
Bread,Italy,2019-02-01,1.0,2019,9.29
Bread,Italy,2019-03-01,1.0,2019,9.29
Bread,Italy,2019-04-01,1.2,2019,9.29
Bread,Italy,2019-05-01,1.1,2019,9.29
Bread,Italy,2019-06-01,1.0,2019,9.29
Bread,Italy,2019-07-01,1.2,2019,9.29
Bread,Italy,2019-08-01,1.3,2019,9.29
Bread,Italy,2019-09-01,1.0,2019,9.29
Bread,Italy,2019-10-01,1.3,2019,9.29
Bread,Italy,2019-11-01,1.1,2019,9.29
Bread,Italy,2019-12-01,1.1,2019,9.29
Bread,Italy,2020-01-01,0.9,2020,9.08
Bread,Italy,2020-02-01,0.9,2020,9.08
Bread,Italy,2020-03-01,1.2,2020,9.08
Bread,Italy,2020-04-01,1.4,2020,9.08
Bread,Italy,2020-05-01,1.5,2020,9.08
Bread,Italy,2020-06-01,1.4,2020,9.08
Bread,Italy,2020-07-01,0.8,2020,9.08
Bread,Italy,2020-08-01,0.8,2020,9.08
Bread,Italy,2020-09-01,0.7,2020,9.08
Bread,Italy,2020-10-01,0.4,2020,9.08
Bread,Italy,2020-11-01,0.7,2020,9.08
Bread,Italy,2020-12-01,0.7,2020,9.08
Bread,Italy,2021-01-01,0.6,2021,10.27
Bread,Italy,2021-02-01,0.3,2021,10.27
Bread,Italy,2021-03-01,0.3,2021,10.27
Bread,Italy,2021-04-01,-0.3,2021,10.27
Bread,Italy,2021-05-01,-0.4,2021,10.27
Bread,Italy,2021-06-01,-0.3,2021,10.27
Bread,Italy,2021-07-01,0.3,2021,10.27
Bread,Italy,2021-08-01,0.2,2021,10.27
Bread,Italy,2021-09-01,0.6,2021,10.27
Bread,Italy,2021-10-01,1.2,2021,10.27
Bread,Italy,2021-11-01,2.2,2021,10.27
Bread,Italy,2021-12-01,3.0,2021,10.27
Bread,Italy,2022-01-01,3.7,2022,9.57
Bread,Italy,2022-02-01,5.0,2022,9.57
Bread,Italy,2022-03-01,5.8,2022,9.57
Bread,Italy,2022-04-01,8.4,2022,9.57
Bread,Italy,2022-05-01,9.7,2022,9.57
Bread,Italy,2022-06-01,11.5,2022,9.57
Bread,Italy,2022-07-01,12.7,2022,9.57
Bread,Italy,2022-08-01,13.5,2022,9.57
Bread,Italy,2022-09-01,14.5,2022,9.57
Bread,Italy,2022-10-01,16.0,2022,9.57
Bread,Italy,2022-11-01,16.0,2022,9.57
Bread,Italy,2022-12-01,16.2,2022,9.57
Bread,Italy,2023-01-01,16.2,2023,8.87
Bread,Italy,2023-02-01,16.1,2023,8.87
Bread,Italy,2023-03-01,15.2,2023,8.87
Bread,Italy,2023-04-01,13.0,2023,8.87
Bread,Italy,2023-05-01,12.0,2023,8.87
Bread,Italy,2023-06-01,10.5,2023,8.87
Bread,Italy,2023-07-01,9.3,2023,8.87
Bread,Italy,2023-08-01,8.8,2023,8.87
Bread,Italy,2023-09-01,7.7,2023,8.87
Bread,Italy,2023-10-01,5.9,2023,8.87
Bread,Italy,2023-11-01,4.5,2023,8.87
Bread,Italy,2023-12-01,3.6,2023,8.87
Bread,Italy,2024-01-01,3.1,2024,8.49
Bread,Italy,2024-02-01,1.8,2024,8.49
Bread,Italy,2024-03-01,1.7,2024,8.49
Bread,Italy,2024-04-01,1.5,2024,8.49
Bread,Italy,2024-05-01,1.2,2024,8.49
Bread,Italy,2024-06-01,1.0,2024,8.49
Bread,Italy,2024-07-01,1.1,2024,8.49
Bread,Italy,2024-08-01,1.0,2024,8.49
Bread,Italy,2024-09-01,0.7,2024,8.49
Bread,Italy,2024-10-01,1.0,2024,8.49
Bread,Italy,2024-11-01,1.1,2024,8.49
Bread,Italy,2024-12-01,1.0,2024,8.49
Bread,Italy,2025-01-01,1.0,2025,8.5
Bread,Italy,2025-02-01,1.2,2025,8.5
Bread,Italy,2025-03-01,1.2,2025,8.5
Bread,Italy,2025-04-01,1.6,2025,8.5
Bread,Italy,2025-05-01,1.7,2025,8.5
Bread,Italy,2025-06-01,1.8,2025,8.5
Bread,Italy,2025-07-01,1.6,2025,8.5
Bread,Italy,2025-08-01,1.7,2025,8.5
Bread,Italy,2025-09-01,2.1,2025,8.5
Bread,Italy,2025-10-01,1.9,2025,8.5
Bread,Italy,2025-11-01,1.8,2025,8.5
Bread,Italy,2025-12-01,1.8,2025,8.5
Bread,Portugal,2019-01-01,1.4,2019,19.05
Bread,Portugal,2019-02-01,1.3,2019,19.05
Bread,Portugal,2019-03-01,1.2,2019,19.05
Bread,Portugal,2019-04-01,0.8,2019,19.05
Bread,Portugal,2019-05-01,1.0,2019,19.05
Bread,Portugal,2019-06-01,0.5,2019,19.05
Bread,Portugal,2019-07-01,0.4,2019,19.05
Bread,Portugal,2019-08-01,0.5,2019,19.05
Bread,Portugal,2019-09-01,0.2,2019,19.05
Bread,Portugal,2019-10-01,0.1,2019,19.05
Bread,Portugal,2019-11-01,0.3,2019,19.05
Bread,Portugal,2019-12-01,0.2,2019,19.05
Bread,Portugal,2020-01-01,0.7,2020,16.61
Bread,Portugal,2020-02-01,0.6,2020,16.61
Bread,Portugal,2020-03-01,0.3,2020,16.61
Bread,Portugal,2020-04-01,-1.0,2020,16.61
Bread,Portugal,2020-05-01,0.0,2020,16.61
Bread,Portugal,2020-06-01,0.7,2020,16.61
Bread,Portugal,2020-07-01,1.4,2020,16.61
Bread,Portugal,2020-08-01,1.1,2020,16.61
Bread,Portugal,2020-09-01,1.0,2020,16.61
Bread,Portugal,2020-10-01,1.5,2020,16.61
Bread,Portugal,2020-11-01,1.6,2020,16.61
Bread,Portugal,2020-12-01,1.4,2020,16.61
Bread,Portugal,2021-01-01,0.9,2021,19.55
Bread,Portugal,2021-02-01,0.2,2021,19.55
Bread,Portugal,2021-03-01,0.6,2021,19.55
Bread,Portugal,2021-04-01,2.3,2021,19.55
Bread,Portugal,2021-05-01,1.3,2021,19.55
Bread,Portugal,2021-06-01,1.2,2021,19.55
Bread,Portugal,2021-07-01,1.1,2021,19.55
Bread,Portugal,2021-08-01,1.5,2021,19.55
Bread,Portugal,2021-09-01,1.8,2021,19.55
Bread,Portugal,2021-10-01,1.6,2021,19.55
Bread,Portugal,2021-11-01,1.6,2021,19.55
Bread,Portugal,2021-12-01,3.0,2021,19.55
Bread,Portugal,2022-01-01,5.9,2022,19.38
Bread,Portugal,2022-02-01,7.6,2022,19.38
Bread,Portugal,2022-03-01,9.5,2022,19.38
Bread,Portugal,2022-04-01,12.4,2022,19.38
Bread,Portugal,2022-05-01,14.9,2022,19.38
Bread,Portugal,2022-06-01,15.1,2022,19.38
Bread,Portugal,2022-07-01,15.2,2022,19.38
Bread,Portugal,2022-08-01,15.0,2022,19.38
Bread,Portugal,2022-09-01,15.6,2022,19.38
Bread,Portugal,2022-10-01,17.8,2022,19.38
Bread,Portugal,2022-11-01,19.2,2022,19.38
Bread,Portugal,2022-12-01,19.3,2022,19.38
Bread,Portugal,2023-01-01,18.0,2023,17.44
Bread,Portugal,2023-02-01,18.0,2023,17.44
Bread,Portugal,2023-03-01,15.6,2023,17.44
Bread,Portugal,2023-04-01,11.8,2023,17.44
Bread,Portugal,2023-05-01,2.6,2023,17.44
Bread,Portugal,2023-06-01,1.8,2023,17.44
Bread,Portugal,2023-07-01,1.6,2023,17.44
Bread,Portugal,2023-08-01,1.5,2023,17.44
Bread,Portugal,2023-09-01,0.8,2023,17.44
Bread,Portugal,2023-10-01,-1.2,2023,17.44
Bread,Portugal,2023-11-01,-2.4,2023,17.44
Bread,Portugal,2023-12-01,-3.6,2023,17.44
Bread,Portugal,2024-01-01,-0.3,2024,15.58
Bread,Portugal,2024-02-01,-0.3,2024,15.58
Bread,Portugal,2024-03-01,-0.1,2024,15.58
Bread,Portugal,2024-04-01,0.6,2024,15.58
Bread,Portugal,2024-05-01,7.3,2024,15.58
Bread,Portugal,2024-06-01,7.6,2024,15.58
Bread,Portugal,2024-07-01,7.5,2024,15.58
Bread,Portugal,2024-08-01,7.5,2024,15.58
Bread,Portugal,2024-09-01,7.7,2024,15.58
Bread,Portugal,2024-10-01,7.7,2024,15.58
Bread,Portugal,2024-11-01,7.9,2024,15.58
Bread,Portugal,2024-12-01,7.7,2024,15.58
Bread,Portugal,2025-01-01,3.9,2025,17.7
Bread,Portugal,2025-02-01,3.9,2025,17.7
Bread,Portugal,2025-03-01,3.8,2025,17.7
Bread,Portugal,2025-04-01,3.8,2025,17.7
Bread,Portugal,2025-05-01,4.2,2025,17.7
Bread,Portugal,2025-06-01,4.0,2025,17.7
Bread,Portugal,2025-07-01,3.9,2025,17.7
Bread,Portugal,2025-08-01,4.0,2025,17.7
Bread,Portugal,2025-09-01,4.5,2025,17.7
Bread,Portugal,2025-10-01,5.0,2025,17.7
Bread,Portugal,2025-11-01,4.8,2025,17.7
Bread,Portugal,2025-12-01,5.0,2025,17.7
Beef and veal,Germany,2019-01-01,2.1,2019,2.66
Beef and veal,Germany,2019-02-01,2.1,2019,2.66
Beef and veal,Germany,2019-03-01,2.1,2019,2.66
Beef and veal,Germany,2019-04-01,1.4,2019,2.66
Beef and veal,Germany,2019-05-01,1.7,2019,2.66
Beef and veal,Germany,2019-06-01,2.6,2019,2.66
Beef and veal,Germany,2019-07-01,2.5,2019,2.66
Beef and veal,Germany,2019-08-01,2.8,2019,2.66
Beef and veal,Germany,2019-09-01,2.0,2019,2.66
Beef and veal,Germany,2019-10-01,3.1,2019,2.66
Beef and veal,Germany,2019-11-01,2.4,2019,2.66
Beef and veal,Germany,2019-12-01,2.2,2019,2.66
Beef and veal,Germany,2020-01-01,2.3,2020,2.68
Beef and veal,Germany,2020-02-01,1.2,2020,2.68
Beef and veal,Germany,2020-03-01,2.7,2020,2.68
Beef and veal,Germany,2020-04-01,2.5,2020,2.68
Beef and veal,Germany,2020-05-01,4.1,2020,2.68
Beef and veal,Germany,2020-06-01,4.1,2020,2.68
Beef and veal,Germany,2020-07-01,2.0,2020,2.68
Beef and veal,Germany,2020-08-01,0.3,2020,2.68
Beef and veal,Germany,2020-09-01,1.1,2020,2.68
Beef and veal,Germany,2020-10-01,1.5,2020,2.68
Beef and veal,Germany,2020-11-01,-0.1,2020,2.68
Beef and veal,Germany,2020-12-01,0.1,2020,2.68
Beef and veal,Germany,2021-01-01,1.7,2021,3.02
Beef and veal,Germany,2021-02-01,2.7,2021,3.02
Beef and veal,Germany,2021-03-01,0.2,2021,3.02
Beef and veal,Germany,2021-04-01,2.7,2021,3.02
Beef and veal,Germany,2021-05-01,1.2,2021,3.02
Beef and veal,Germany,2021-06-01,-0.8,2021,3.02
Beef and veal,Germany,2021-07-01,1.7,2021,3.02
Beef and veal,Germany,2021-08-01,3.3,2021,3.02
Beef and veal,Germany,2021-09-01,4.2,2021,3.02
Beef and veal,Germany,2021-10-01,4.7,2021,3.02
Beef and veal,Germany,2021-11-01,7.4,2021,3.02
Beef and veal,Germany,2021-12-01,9.0,2021,3.02
Beef and veal,Germany,2022-01-01,8.0,2022,3.07
Beef and veal,Germany,2022-02-01,9.0,2022,3.07
Beef and veal,Germany,2022-03-01,13.6,2022,3.07
Beef and veal,Germany,2022-04-01,18.6,2022,3.07
Beef and veal,Germany,2022-05-01,22.1,2022,3.07
Beef and veal,Germany,2022-06-01,23.8,2022,3.07
Beef and veal,Germany,2022-07-01,23.1,2022,3.07
Beef and veal,Germany,2022-08-01,21.7,2022,3.07
Beef and veal,Germany,2022-09-01,23.3,2022,3.07
Beef and veal,Germany,2022-10-01,22.5,2022,3.07
Beef and veal,Germany,2022-11-01,20.8,2022,3.07
Beef and veal,Germany,2022-12-01,19.0,2022,3.07
Beef and veal,Germany,2023-01-01,16.9,2023,3.05
Beef and veal,Germany,2023-02-01,17.2,2023,3.05
Beef and veal,Germany,2023-03-01,12.3,2023,3.05
Beef and veal,Germany,2023-04-01,5.3,2023,3.05
Beef and veal,Germany,2023-05-01,3.2,2023,3.05
Beef and veal,Germany,2023-06-01,3.9,2023,3.05
Beef and veal,Germany,2023-07-01,2.3,2023,3.05
Beef and veal,Germany,2023-08-01,4.2,2023,3.05
Beef and veal,Germany,2023-09-01,1.1,2023,3.05
Beef and veal,Germany,2023-10-01,0.1,2023,3.05
Beef and veal,Germany,2023-11-01,1.6,2023,3.05
Beef and veal,Germany,2023-12-01,1.7,2023,3.05
Beef and veal,Germany,2024-01-01,3.0,2024,3.08
Beef and veal,Germany,2024-02-01,2.5,2024,3.08
Beef and veal,Germany,2024-03-01,3.9,2024,3.08
Beef and veal,Germany,2024-04-01,3.7,2024,3.08
Beef and veal,Germany,2024-05-01,2.0,2024,3.08
Beef and veal,Germany,2024-06-01,1.8,2024,3.08
Beef and veal,Germany,2024-07-01,2.6,2024,3.08
Beef and veal,Germany,2024-08-01,2.5,2024,3.08
Beef and veal,Germany,2024-09-01,2.9,2024,3.08
Beef and veal,Germany,2024-10-01,5.1,2024,3.08
Beef and veal,Germany,2024-11-01,4.8,2024,3.08
Beef and veal,Germany,2024-12-01,5.4,2024,3.08
Beef and veal,Germany,2025-01-01,3.7,2025,3.18
Beef and veal,Germany,2025-02-01,3.5,2025,3.18
Beef and veal,Germany,2025-03-01,5.4,2025,3.18
Beef and veal,Germany,2025-04-01,7.3,2025,3.18
Beef and veal,Germany,2025-05-01,9.6,2025,3.18
Beef and veal,Germany,2025-06-01,9.5,2025,3.18
Beef and veal,Germany,2025-07-01,11.1,2025,3.18
Beef and veal,Germany,2025-08-01,11.3,2025,3.18
Beef and veal,Germany,2025-09-01,12.4,2025,3.18
Beef and veal,Germany,2025-10-01,13.4,2025,3.18
Beef and veal,Germany,2025-11-01,13.7,2025,3.18
Beef and veal,Germany,2025-12-01,13.9,2025,3.18
Beef and veal,"Euro area (EA11-1999, EA12-2001, EA13-2007, EA15-2008, EA16-2009, EA17-2011, EA18-2014, EA19-2015, EA20-2023, EA21-2026)",2019-01-01,0.8,2019,6.7
Beef and veal,"Euro area (EA11-1999, EA12-2001, EA13-2007, EA15-2008, EA16-2009, EA17-2011, EA18-2014, EA19-2015, EA20-2023, EA21-2026)",2019-02-01,1.1,2019,6.7
Beef and veal,"Euro area (EA11-1999, EA12-2001, EA13-2007, EA15-2008, EA16-2009, EA17-2011, EA18-2014, EA19-2015, EA20-2023, EA21-2026)",2019-03-01,1.0,2019,6.7
Beef and veal,"Euro area (EA11-1999, EA12-2001, EA13-2007, EA15-2008, EA16-2009, EA17-2011, EA18-2014, EA19-2015, EA20-2023, EA21-2026)",2019-04-01,1.1,2019,6.7
Beef and veal,"Euro area (EA11-1999, EA12-2001, EA13-2007, EA15-2008, EA16-2009, EA17-2011, EA18-2014, EA19-2015, EA20-2023, EA21-2026)",2019-05-01,1.3,2019,6.7
Beef and veal,"Euro area (EA11-1999, EA12-2001, EA13-2007, EA15-2008, EA16-2009, EA17-2011, EA18-2014, EA19-2015, EA20-2023, EA21-2026)",2019-06-01,1.3,2019,6.7
Beef and veal,"Euro area (EA11-1999, EA12-2001, EA13-2007, EA15-2008, EA16-2009, EA17-2011, EA18-2014, EA19-2015, EA20-2023, EA21-2026)",2019-07-01,1.3,2019,6.7
Beef and veal,"Euro area (EA11-1999, EA12-2001, EA13-2007, EA15-2008, EA16-2009, EA17-2011, EA18-2014, EA19-2015, EA20-2023, EA21-2026)",2019-08-01,1.5,2019,6.7
Beef and veal,"Euro area (EA11-1999, EA12-2001, EA13-2007, EA15-2008, EA16-2009, EA17-2011, EA18-2014, EA19-2015, EA20-2023, EA21-2026)",2019-09-01,1.2,2019,6.7
Beef and veal,"Euro area (EA11-1999, EA12-2001, EA13-2007, EA15-2008, EA16-2009, EA17-2011, EA18-2014, EA19-2015, EA20-2023, EA21-2026)",2019-10-01,1.5,2019,6.7
Beef and veal,"Euro area (EA11-1999, EA12-2001, EA13-2007, EA15-2008, EA16-2009, EA17-2011, EA18-2014, EA19-2015, EA20-2023, EA21-2026)",2019-11-01,1.5,2019,6.7
Beef and veal,"Euro area (EA11-1999, EA12-2001, EA13-2007, EA15-2008, EA16-2009, EA17-2011, EA18-2014, EA19-2015, EA20-2023, EA21-2026)",2019-12-01,1.5,2019,6.7
Beef and veal,"Euro area (EA11-1999, EA12-2001, EA13-2007, EA15-2008, EA16-2009, EA17-2011, EA18-2014, EA19-2015, EA20-2023, EA21-2026)",2020-01-01,1.6,2020,6.59
Beef and veal,"Euro area (EA11-1999, EA12-2001, EA13-2007, EA15-2008, EA16-2009, EA17-2011, EA18-2014, EA19-2015, EA20-2023, EA21-2026)",2020-02-01,1.3,2020,6.59
Beef and veal,"Euro area (EA11-1999, EA12-2001, EA13-2007, EA15-2008, EA16-2009, EA17-2011, EA18-2014, EA19-2015, EA20-2023, EA21-2026)",2020-03-01,1.9,2020,6.59
Beef and veal,"Euro area (EA11-1999, EA12-2001, EA13-2007, EA15-2008, EA16-2009, EA17-2011, EA18-2014, EA19-2015, EA20-2023, EA21-2026)",2020-04-01,2.0,2020,6.59
Beef and veal,"Euro area (EA11-1999, EA12-2001, EA13-2007, EA15-2008, EA16-2009, EA17-2011, EA18-2014, EA19-2015, EA20-2023, EA21-2026)",2020-05-01,2.1,2020,6.59
Beef and veal,"Euro area (EA11-1999, EA12-2001, EA13-2007, EA15-2008, EA16-2009, EA17-2011, EA18-2014, EA19-2015, EA20-2023, EA21-2026)",2020-06-01,2.3,2020,6.59
Beef and veal,"Euro area (EA11-1999, EA12-2001, EA13-2007, EA15-2008, EA16-2009, EA17-2011, EA18-2014, EA19-2015, EA20-2023, EA21-2026)",2020-07-01,1.6,2020,6.59
Beef and veal,"Euro area (EA11-1999, EA12-2001, EA13-2007, EA15-2008, EA16-2009, EA17-2011, EA18-2014, EA19-2015, EA20-2023, EA21-2026)",2020-08-01,1.2,2020,6.59
Beef and veal,"Euro area (EA11-1999, EA12-2001, EA13-2007, EA15-2008, EA16-2009, EA17-2011, EA18-2014, EA19-2015, EA20-2023, EA21-2026)",2020-09-01,1.4,2020,6.59
Beef and veal,"Euro area (EA11-1999, EA12-2001, EA13-2007, EA15-2008, EA16-2009, EA17-2011, EA18-2014, EA19-2015, EA20-2023, EA21-2026)",2020-10-01,1.1,2020,6.59
Beef and veal,"Euro area (EA11-1999, EA12-2001, EA13-2007, EA15-2008, EA16-2009, EA17-2011, EA18-2014, EA19-2015, EA20-2023, EA21-2026)",2020-11-01,0.8,2020,6.59
Beef and veal,"Euro area (EA11-1999, EA12-2001, EA13-2007, EA15-2008, EA16-2009, EA17-2011, EA18-2014, EA19-2015, EA20-2023, EA21-2026)",2020-12-01,0.9,2020,6.59
Beef and veal,"Euro area (EA11-1999, EA12-2001, EA13-2007, EA15-2008, EA16-2009, EA17-2011, EA18-2014, EA19-2015, EA20-2023, EA21-2026)",2021-01-01,0.8,2021,7.25
Beef and veal,"Euro area (EA11-1999, EA12-2001, EA13-2007, EA15-2008, EA16-2009, EA17-2011, EA18-2014, EA19-2015, EA20-2023, EA21-2026)",2021-02-01,1.0,2021,7.25
Beef and veal,"Euro area (EA11-1999, EA12-2001, EA13-2007, EA15-2008, EA16-2009, EA17-2011, EA18-2014, EA19-2015, EA20-2023, EA21-2026)",2021-03-01,0.5,2021,7.25
Beef and veal,"Euro area (EA11-1999, EA12-2001, EA13-2007, EA15-2008, EA16-2009, EA17-2011, EA18-2014, EA19-2015, EA20-2023, EA21-2026)",2021-04-01,0.6,2021,7.25
Beef and veal,"Euro area (EA11-1999, EA12-2001, EA13-2007, EA15-2008, EA16-2009, EA17-2011, EA18-2014, EA19-2015, EA20-2023, EA21-2026)",2021-05-01,0.3,2021,7.25
Beef and veal,"Euro area (EA11-1999, EA12-2001, EA13-2007, EA15-2008, EA16-2009, EA17-2011, EA18-2014, EA19-2015, EA20-2023, EA21-2026)",2021-06-01,0.3,2021,7.25
Beef and veal,"Euro area (EA11-1999, EA12-2001, EA13-2007, EA15-2008, EA16-2009, EA17-2011, EA18-2014, EA19-2015, EA20-2023, EA21-2026)",2021-07-01,1.0,2021,7.25
Beef and veal,"Euro area (EA11-1999, EA12-2001, EA13-2007, EA15-2008, EA16-2009, EA17-2011, EA18-2014, EA19-2015, EA20-2023, EA21-2026)",2021-08-01,1.4,2021,7.25
Beef and veal,"Euro area (EA11-1999, EA12-2001, EA13-2007, EA15-2008, EA16-2009, EA17-2011, EA18-2014, EA19-2015, EA20-2023, EA21-2026)",2021-09-01,1.6,2021,7.25
Beef and veal,"Euro area (EA11-1999, EA12-2001, EA13-2007, EA15-2008, EA16-2009, EA17-2011, EA18-2014, EA19-2015, EA20-2023, EA21-2026)",2021-10-01,2.1,2021,7.25
Beef and veal,"Euro area (EA11-1999, EA12-2001, EA13-2007, EA15-2008, EA16-2009, EA17-2011, EA18-2014, EA19-2015, EA20-2023, EA21-2026)",2021-11-01,2.8,2021,7.25
Beef and veal,"Euro area (EA11-1999, EA12-2001, EA13-2007, EA15-2008, EA16-2009, EA17-2011, EA18-2014, EA19-2015, EA20-2023, EA21-2026)",2021-12-01,3.8,2021,7.25
Beef and veal,"Euro area (EA11-1999, EA12-2001, EA13-2007, EA15-2008, EA16-2009, EA17-2011, EA18-2014, EA19-2015, EA20-2023, EA21-2026)",2022-01-01,4.3,2022,7.17
Beef and veal,"Euro area (EA11-1999, EA12-2001, EA13-2007, EA15-2008, EA16-2009, EA17-2011, EA18-2014, EA19-2015, EA20-2023, EA21-2026)",2022-02-01,4.9,2022,7.17
Beef and veal,"Euro area (EA11-1999, EA12-2001, EA13-2007, EA15-2008, EA16-2009, EA17-2011, EA18-2014, EA19-2015, EA20-2023, EA21-2026)",2022-03-01,6.4,2022,7.17
Beef and veal,"Euro area (EA11-1999, EA12-2001, EA13-2007, EA15-2008, EA16-2009, EA17-2011, EA18-2014, EA19-2015, EA20-2023, EA21-2026)",2022-04-01,9.3,2022,7.17
Beef and veal,"Euro area (EA11-1999, EA12-2001, EA13-2007, EA15-2008, EA16-2009, EA17-2011, EA18-2014, EA19-2015, EA20-2023, EA21-2026)",2022-05-01,10.9,2022,7.17
Beef and veal,"Euro area (EA11-1999, EA12-2001, EA13-2007, EA15-2008, EA16-2009, EA17-2011, EA18-2014, EA19-2015, EA20-2023, EA21-2026)",2022-06-01,12.0,2022,7.17
Beef and veal,"Euro area (EA11-1999, EA12-2001, EA13-2007, EA15-2008, EA16-2009, EA17-2011, EA18-2014, EA19-2015, EA20-2023, EA21-2026)",2022-07-01,12.3,2022,7.17
Beef and veal,"Euro area (EA11-1999, EA12-2001, EA13-2007, EA15-2008, EA16-2009, EA17-2011, EA18-2014, EA19-2015, EA20-2023, EA21-2026)",2022-08-01,12.7,2022,7.17
Beef and veal,"Euro area (EA11-1999, EA12-2001, EA13-2007, EA15-2008, EA16-2009, EA17-2011, EA18-2014, EA19-2015, EA20-2023, EA21-2026)",2022-09-01,13.3,2022,7.17
Beef and veal,"Euro area (EA11-1999, EA12-2001, EA13-2007, EA15-2008, EA16-2009, EA17-2011, EA18-2014, EA19-2015, EA20-2023, EA21-2026)",2022-10-01,13.7,2022,7.17
Beef and veal,"Euro area (EA11-1999, EA12-2001, EA13-2007, EA15-2008, EA16-2009, EA17-2011, EA18-2014, EA19-2015, EA20-2023, EA21-2026)",2022-11-01,13.6,2022,7.17
Beef and veal,"Euro area (EA11-1999, EA12-2001, EA13-2007, EA15-2008, EA16-2009, EA17-2011, EA18-2014, EA19-2015, EA20-2023, EA21-2026)",2022-12-01,13.2,2022,7.17
Beef and veal,"Euro area (EA11-1999, EA12-2001, EA13-2007, EA15-2008, EA16-2009, EA17-2011, EA18-2014, EA19-2015, EA20-2023, EA21-2026)",2023-01-01,13.0,2023,6.48
Beef and veal,"Euro area (EA11-1999, EA12-2001, EA13-2007, EA15-2008, EA16-2009, EA17-2011, EA18-2014, EA19-2015, EA20-2023, EA21-2026)",2023-02-01,12.9,2023,6.48
Beef and veal,"Euro area (EA11-1999, EA12-2001, EA13-2007, EA15-2008, EA16-2009, EA17-2011, EA18-2014, EA19-2015, EA20-2023, EA21-2026)",2023-03-01,11.7,2023,6.48
Beef and veal,"Euro area (EA11-1999, EA12-2001, EA13-2007, EA15-2008, EA16-2009, EA17-2011, EA18-2014, EA19-2015, EA20-2023, EA21-2026)",2023-04-01,8.6,2023,6.48
Beef and veal,"Euro area (EA11-1999, EA12-2001, EA13-2007, EA15-2008, EA16-2009, EA17-2011, EA18-2014, EA19-2015, EA20-2023, EA21-2026)",2023-05-01,7.3,2023,6.48
Beef and veal,"Euro area (EA11-1999, EA12-2001, EA13-2007, EA15-2008, EA16-2009, EA17-2011, EA18-2014, EA19-2015, EA20-2023, EA21-2026)",2023-06-01,6.6,2023,6.48
Beef and veal,"Euro area (EA11-1999, EA12-2001, EA13-2007, EA15-2008, EA16-2009, EA17-2011, EA18-2014, EA19-2015, EA20-2023, EA21-2026)",2023-07-01,6.0,2023,6.48
Beef and veal,"Euro area (EA11-1999, EA12-2001, EA13-2007, EA15-2008, EA16-2009, EA17-2011, EA18-2014, EA19-2015, EA20-2023, EA21-2026)",2023-08-01,5.5,2023,6.48
Beef and veal,"Euro area (EA11-1999, EA12-2001, EA13-2007, EA15-2008, EA16-2009, EA17-2011, EA18-2014, EA19-2015, EA20-2023, EA21-2026)",2023-09-01,4.5,2023,6.48
Beef and veal,"Euro area (EA11-1999, EA12-2001, EA13-2007, EA15-2008, EA16-2009, EA17-2011, EA18-2014, EA19-2015, EA20-2023, EA21-2026)",2023-10-01,3.8,2023,6.48
Beef and veal,"Euro area (EA11-1999, EA12-2001, EA13-2007, EA15-2008, EA16-2009, EA17-2011, EA18-2014, EA19-2015, EA20-2023, EA21-2026)",2023-11-01,3.7,2023,6.48
Beef and veal,"Euro area (EA11-1999, EA12-2001, EA13-2007, EA15-2008, EA16-2009, EA17-2011, EA18-2014, EA19-2015, EA20-2023, EA21-2026)",2023-12-01,3.0,2023,6.48
Beef and veal,"Euro area (EA11-1999, EA12-2001, EA13-2007, EA15-2008, EA16-2009, EA17-2011, EA18-2014, EA19-2015, EA20-2023, EA21-2026)",2024-01-01,2.8,2024,6.12
Beef and veal,"Euro area (EA11-1999, EA12-2001, EA13-2007, EA15-2008, EA16-2009, EA17-2011, EA18-2014, EA19-2015, EA20-2023, EA21-2026)",2024-02-01,2.6,2024,6.12
Beef and veal,"Euro area (EA11-1999, EA12-2001, EA13-2007, EA15-2008, EA16-2009, EA17-2011, EA18-2014, EA19-2015, EA20-2023, EA21-2026)",2024-03-01,2.5,2024,6.12
Beef and veal,"Euro area (EA11-1999, EA12-2001, EA13-2007, EA15-2008, EA16-2009, EA17-2011, EA18-2014, EA19-2015, EA20-2023, EA21-2026)",2024-04-01,2.3,2024,6.12
Beef and veal,"Euro area (EA11-1999, EA12-2001, EA13-2007, EA15-2008, EA16-2009, EA17-2011, EA18-2014, EA19-2015, EA20-2023, EA21-2026)",2024-05-01,2.1,2024,6.12
Beef and veal,"Euro area (EA11-1999, EA12-2001, EA13-2007, EA15-2008, EA16-2009, EA17-2011, EA18-2014, EA19-2015, EA20-2023, EA21-2026)",2024-06-01,1.9,2024,6.12
Beef and veal,"Euro area (EA11-1999, EA12-2001, EA13-2007, EA15-2008, EA16-2009, EA17-2011, EA18-2014, EA19-2015, EA20-2023, EA21-2026)",2024-07-01,1.9,2024,6.12
Beef and veal,"Euro area (EA11-1999, EA12-2001, EA13-2007, EA15-2008, EA16-2009, EA17-2011, EA18-2014, EA19-2015, EA20-2023, EA21-2026)",2024-08-01,1.9,2024,6.12
Beef and veal,"Euro area (EA11-1999, EA12-2001, EA13-2007, EA15-2008, EA16-2009, EA17-2011, EA18-2014, EA19-2015, EA20-2023, EA21-2026)",2024-09-01,2.3,2024,6.12
Beef and veal,"Euro area (EA11-1999, EA12-2001, EA13-2007, EA15-2008, EA16-2009, EA17-2011, EA18-2014, EA19-2015, EA20-2023, EA21-2026)",2024-10-01,3.0,2024,6.12
Beef and veal,"Euro area (EA11-1999, EA12-2001, EA13-2007, EA15-2008, EA16-2009, EA17-2011, EA18-2014, EA19-2015, EA20-2023, EA21-2026)",2024-11-01,3.3,2024,6.12
Beef and veal,"Euro area (EA11-1999, EA12-2001, EA13-2007, EA15-2008, EA16-2009, EA17-2011, EA18-2014, EA19-2015, EA20-2023, EA21-2026)",2024-12-01,4.1,2024,6.12
Beef and veal,"Euro area (EA11-1999, EA12-2001, EA13-2007, EA15-2008, EA16-2009, EA17-2011, EA18-2014, EA19-2015, EA20-2023, EA21-2026)",2025-01-01,4.4,2025,6.07
Beef and veal,"Euro area (EA11-1999, EA12-2001, EA13-2007, EA15-2008, EA16-2009, EA17-2011, EA18-2014, EA19-2015, EA20-2023, EA21-2026)",2025-02-01,4.8,2025,6.07
Beef and veal,"Euro area (EA11-1999, EA12-2001, EA13-2007, EA15-2008, EA16-2009, EA17-2011, EA18-2014, EA19-2015, EA20-2023, EA21-2026)",2025-03-01,6.1,2025,6.07
Beef and veal,"Euro area (EA11-1999, EA12-2001, EA13-2007, EA15-2008, EA16-2009, EA17-2011, EA18-2014, EA19-2015, EA20-2023, EA21-2026)",2025-04-01,7.5,2025,6.07
Beef and veal,"Euro area (EA11-1999, EA12-2001, EA13-2007, EA15-2008, EA16-2009, EA17-2011, EA18-2014, EA19-2015, EA20-2023, EA21-2026)",2025-05-01,8.8,2025,6.07
Beef and veal,"Euro area (EA11-1999, EA12-2001, EA13-2007, EA15-2008, EA16-2009, EA17-2011, EA18-2014, EA19-2015, EA20-2023, EA21-2026)",2025-06-01,9.8,2025,6.07
Beef and veal,"Euro area (EA11-1999, EA12-2001, EA13-2007, EA15-2008, EA16-2009, EA17-2011, EA18-2014, EA19-2015, EA20-2023, EA21-2026)",2025-07-01,11.0,2025,6.07
Beef and veal,"Euro area (EA11-1999, EA12-2001, EA13-2007, EA15-2008, EA16-2009, EA17-2011, EA18-2014, EA19-2015, EA20-2023, EA21-2026)",2025-08-01,11.5,2025,6.07
Beef and veal,"Euro area (EA11-1999, EA12-2001, EA13-2007, EA15-2008, EA16-2009, EA17-2011, EA18-2014, EA19-2015, EA20-2023, EA21-2026)",2025-09-01,12.4,2025,6.07
Beef and veal,"Euro area (EA11-1999, EA12-2001, EA13-2007, EA15-2008, EA16-2009, EA17-2011, EA18-2014, EA19-2015, EA20-2023, EA21-2026)",2025-10-01,13.5,2025,6.07
Beef and veal,"Euro area (EA11-1999, EA12-2001, EA13-2007, EA15-2008, EA16-2009, EA17-2011, EA18-2014, EA19-2015, EA20-2023, EA21-2026)",2025-11-01,14.0,2025,6.07
Beef and veal,"Euro area (EA11-1999, EA12-2001, EA13-2007, EA15-2008, EA16-2009, EA17-2011, EA18-2014, EA19-2015, EA20-2023, EA21-2026)",2025-12-01,13.9,2025,6.07
Beef and veal,Spain,2019-01-01,1.2,2019,6.99
Beef and veal,Spain,2019-02-01,1.2,2019,6.99
Beef and veal,Spain,2019-03-01,0.8,2019,6.99
Beef and veal,Spain,2019-04-01,1.1,2019,6.99
Beef and veal,Spain,2019-05-01,0.9,2019,6.99
Beef and veal,Spain,2019-06-01,0.6,2019,6.99
Beef and veal,Spain,2019-07-01,0.6,2019,6.99
Beef and veal,Spain,2019-08-01,1.1,2019,6.99
Beef and veal,Spain,2019-09-01,1.0,2019,6.99
Beef and veal,Spain,2019-10-01,0.9,2019,6.99
Beef and veal,Spain,2019-11-01,0.5,2019,6.99
Beef and veal,Spain,2019-12-01,0.7,2019,6.99
Beef and veal,Spain,2020-01-01,0.8,2020,7.42
Beef and veal,Spain,2020-02-01,0.9,2020,7.42
Beef and veal,Spain,2020-03-01,1.2,2020,7.42
Beef and veal,Spain,2020-04-01,1.6,2020,7.42
Beef and veal,Spain,2020-05-01,1.4,2020,7.42
Beef and veal,Spain,2020-06-01,1.6,2020,7.42
Beef and veal,Spain,2020-07-01,1.7,2020,7.42
Beef and veal,Spain,2020-08-01,1.7,2020,7.42
Beef and veal,Spain,2020-09-01,1.4,2020,7.42
Beef and veal,Spain,2020-10-01,1.4,2020,7.42
Beef and veal,Spain,2020-11-01,1.6,2020,7.42
Beef and veal,Spain,2020-12-01,1.3,2020,7.42
Beef and veal,Spain,2021-01-01,1.7,2021,8.5
Beef and veal,Spain,2021-02-01,1.6,2021,8.5
Beef and veal,Spain,2021-03-01,1.1,2021,8.5
Beef and veal,Spain,2021-04-01,0.9,2021,8.5
Beef and veal,Spain,2021-05-01,0.7,2021,8.5
Beef and veal,Spain,2021-06-01,1.0,2021,8.5
Beef and veal,Spain,2021-07-01,0.9,2021,8.5
Beef and veal,Spain,2021-08-01,1.0,2021,8.5
Beef and veal,Spain,2021-09-01,1.2,2021,8.5
Beef and veal,Spain,2021-10-01,2.2,2021,8.5
Beef and veal,Spain,2021-11-01,4.3,2021,8.5
Beef and veal,Spain,2021-12-01,6.0,2021,8.5
Beef and veal,Spain,2022-01-01,6.0,2022,8.91
Beef and veal,Spain,2022-02-01,6.4,2022,8.91
Beef and veal,Spain,2022-03-01,7.8,2022,8.91
Beef and veal,Spain,2022-04-01,11.4,2022,8.91
Beef and veal,Spain,2022-05-01,12.3,2022,8.91
Beef and veal,Spain,2022-06-01,13.2,2022,8.91
Beef and veal,Spain,2022-07-01,14.5,2022,8.91
Beef and veal,Spain,2022-08-01,15.2,2022,8.91
Beef and veal,Spain,2022-09-01,14.7,2022,8.91
Beef and veal,Spain,2022-10-01,14.9,2022,8.91
Beef and veal,Spain,2022-11-01,13.2,2022,8.91
Beef and veal,Spain,2022-12-01,13.2,2022,8.91
Beef and veal,Spain,2023-01-01,13.7,2023,6.56
Beef and veal,Spain,2023-02-01,13.7,2023,6.56
Beef and veal,Spain,2023-03-01,13.1,2023,6.56
Beef and veal,Spain,2023-04-01,9.6,2023,6.56
Beef and veal,Spain,2023-05-01,9.1,2023,6.56
Beef and veal,Spain,2023-06-01,8.6,2023,6.56
Beef and veal,Spain,2023-07-01,7.1,2023,6.56
Beef and veal,Spain,2023-08-01,6.8,2023,6.56
Beef and veal,Spain,2023-09-01,7.0,2023,6.56
Beef and veal,Spain,2023-10-01,6.2,2023,6.56
Beef and veal,Spain,2023-11-01,5.7,2023,6.56
Beef and veal,Spain,2023-12-01,4.1,2023,6.56
Beef and veal,Spain,2024-01-01,3.8,2024,5.91
Beef and veal,Spain,2024-02-01,3.3,2024,5.91
Beef and veal,Spain,2024-03-01,2.8,2024,5.91
Beef and veal,Spain,2024-04-01,2.8,2024,5.91
Beef and veal,Spain,2024-05-01,2.9,2024,5.91
Beef and veal,Spain,2024-06-01,2.7,2024,5.91
Beef and veal,Spain,2024-07-01,3.1,2024,5.91
Beef and veal,Spain,2024-08-01,2.9,2024,5.91
Beef and veal,Spain,2024-09-01,3.3,2024,5.91
Beef and veal,Spain,2024-10-01,4.3,2024,5.91
Beef and veal,Spain,2024-11-01,5.5,2024,5.91
Beef and veal,Spain,2024-12-01,7.4,2024,5.91
Beef and veal,Spain,2025-01-01,8.6,2025,5.59
Beef and veal,Spain,2025-02-01,10.6,2025,5.59
Beef and veal,Spain,2025-03-01,12.3,2025,5.59
Beef and veal,Spain,2025-04-01,13.0,2025,5.59
Beef and veal,Spain,2025-05-01,13.4,2025,5.59
Beef and veal,Spain,2025-06-01,14.5,2025,5.59
Beef and veal,Spain,2025-07-01,15.1,2025,5.59
Beef and veal,Spain,2025-08-01,15.5,2025,5.59
Beef and veal,Spain,2025-09-01,16.5,2025,5.59
Beef and veal,Spain,2025-10-01,17.8,2025,5.59
Beef and veal,Spain,2025-11-01,18.0,2025,5.59
Beef and veal,Spain,2025-12-01,17.2,2025,5.59
Beef and veal,France,2019-01-01,0.6,2019,7.9
Beef and veal,France,2019-02-01,1.3,2019,7.9
Beef and veal,France,2019-03-01,1.3,2019,7.9
Beef and veal,France,2019-04-01,1.1,2019,7.9
Beef and veal,France,2019-05-01,1.4,2019,7.9
Beef and veal,France,2019-06-01,1.6,2019,7.9
Beef and veal,France,2019-07-01,1.5,2019,7.9
Beef and veal,France,2019-08-01,1.7,2019,7.9
Beef and veal,France,2019-09-01,1.4,2019,7.9
Beef and veal,France,2019-10-01,1.6,2019,7.9
Beef and veal,France,2019-11-01,1.5,2019,7.9
Beef and veal,France,2019-12-01,1.4,2019,7.9
Beef and veal,France,2020-01-01,1.8,2020,7.53
Beef and veal,France,2020-02-01,1.2,2020,7.53
Beef and veal,France,2020-03-01,1.6,2020,7.53
Beef and veal,France,2020-04-01,2.6,2020,7.53
Beef and veal,France,2020-05-01,2.8,2020,7.53
Beef and veal,France,2020-06-01,2.3,2020,7.53
Beef and veal,France,2020-07-01,1.1,2020,7.53
Beef and veal,France,2020-08-01,0.8,2020,7.53
Beef and veal,France,2020-09-01,1.5,2020,7.53
Beef and veal,France,2020-10-01,1.5,2020,7.53
Beef and veal,France,2020-11-01,1.8,2020,7.53
Beef and veal,France,2020-12-01,1.9,2020,7.53
Beef and veal,France,2021-01-01,1.5,2021,8.26
Beef and veal,France,2021-02-01,1.7,2021,8.26
Beef and veal,France,2021-03-01,1.5,2021,8.26
Beef and veal,France,2021-04-01,0.9,2021,8.26
Beef and veal,France,2021-05-01,0.2,2021,8.26
Beef and veal,France,2021-06-01,1.3,2021,8.26
Beef and veal,France,2021-07-01,2.4,2021,8.26
Beef and veal,France,2021-08-01,2.4,2021,8.26
Beef and veal,France,2021-09-01,2.2,2021,8.26
Beef and veal,France,2021-10-01,1.9,2021,8.26
Beef and veal,France,2021-11-01,1.7,2021,8.26
Beef and veal,France,2021-12-01,1.8,2021,8.26
Beef and veal,France,2022-01-01,3.0,2022,8.02
Beef and veal,France,2022-02-01,3.5,2022,8.02
Beef and veal,France,2022-03-01,4.8,2022,8.02
Beef and veal,France,2022-04-01,6.5,2022,8.02
Beef and veal,France,2022-05-01,8.5,2022,8.02
Beef and veal,France,2022-06-01,9.3,2022,8.02
Beef and veal,France,2022-07-01,10.2,2022,8.02
Beef and veal,France,2022-08-01,10.9,2022,8.02
Beef and veal,France,2022-09-01,11.4,2022,8.02
Beef and veal,France,2022-10-01,12.4,2022,8.02
Beef and veal,France,2022-11-01,13.1,2022,8.02
Beef and veal,France,2022-12-01,13.1,2022,8.02
Beef and veal,France,2023-01-01,13.2,2023,7.31
Beef and veal,France,2023-02-01,13.3,2023,7.31
Beef and veal,France,2023-03-01,12.4,2023,7.31
Beef and veal,France,2023-04-01,10.7,2023,7.31
Beef and veal,France,2023-05-01,8.9,2023,7.31
Beef and veal,France,2023-06-01,7.6,2023,7.31
Beef and veal,France,2023-07-01,6.7,2023,7.31
Beef and veal,France,2023-08-01,5.7,2023,7.31
Beef and veal,France,2023-09-01,5.2,2023,7.31
Beef and veal,France,2023-10-01,4.2,2023,7.31
Beef and veal,France,2023-11-01,3.8,2023,7.31
Beef and veal,France,2023-12-01,3.2,2023,7.31
Beef and veal,France,2024-01-01,2.2,2024,5.97
Beef and veal,France,2024-02-01,1.3,2024,5.97
Beef and veal,France,2024-03-01,1.3,2024,5.97
Beef and veal,France,2024-04-01,0.8,2024,5.97
Beef and veal,France,2024-05-01,0.8,2024,5.97
Beef and veal,France,2024-06-01,0.7,2024,5.97
Beef and veal,France,2024-07-01,0.7,2024,5.97
Beef and veal,France,2024-08-01,1.1,2024,5.97
Beef and veal,France,2024-09-01,1.0,2024,5.97
Beef and veal,France,2024-10-01,1.1,2024,5.97
Beef and veal,France,2024-11-01,0.9,2024,5.97
Beef and veal,France,2024-12-01,1.5,2024,5.97
Beef and veal,France,2025-01-01,1.7,2025,6.28
Beef and veal,France,2025-02-01,2.2,2025,6.28
Beef and veal,France,2025-03-01,2.2,2025,6.28
Beef and veal,France,2025-04-01,2.9,2025,6.28
Beef and veal,France,2025-05-01,3.9,2025,6.28
Beef and veal,France,2025-06-01,4.9,2025,6.28
Beef and veal,France,2025-07-01,5.8,2025,6.28
Beef and veal,France,2025-08-01,6.0,2025,6.28
Beef and veal,France,2025-09-01,6.8,2025,6.28
Beef and veal,France,2025-10-01,8.2,2025,6.28
Beef and veal,France,2025-11-01,9.3,2025,6.28
Beef and veal,France,2025-12-01,9.7,2025,6.28
Beef and veal,Italy,2019-01-01,0.3,2019,12.82
Beef and veal,Italy,2019-02-01,0.9,2019,12.82
Beef and veal,Italy,2019-03-01,0.4,2019,12.82
Beef and veal,Italy,2019-04-01,0.8,2019,12.82
Beef and veal,Italy,2019-05-01,0.7,2019,12.82
Beef and veal,Italy,2019-06-01,0.8,2019,12.82
Beef and veal,Italy,2019-07-01,0.8,2019,12.82
Beef and veal,Italy,2019-08-01,1.2,2019,12.82
Beef and veal,Italy,2019-09-01,0.6,2019,12.82
Beef and veal,Italy,2019-10-01,1.1,2019,12.82
Beef and veal,Italy,2019-11-01,1.3,2019,12.82
Beef and veal,Italy,2019-12-01,1.6,2019,12.82
Beef and veal,Italy,2020-01-01,1.6,2020,12.55
Beef and veal,Italy,2020-02-01,1.3,2020,12.55
Beef and veal,Italy,2020-03-01,2.0,2020,12.55
Beef and veal,Italy,2020-04-01,1.6,2020,12.55
Beef and veal,Italy,2020-05-01,2.0,2020,12.55
Beef and veal,Italy,2020-06-01,1.7,2020,12.55
Beef and veal,Italy,2020-07-01,1.5,2020,12.55
Beef and veal,Italy,2020-08-01,1.3,2020,12.55
Beef and veal,Italy,2020-09-01,1.3,2020,12.55
Beef and veal,Italy,2020-10-01,0.4,2020,12.55
Beef and veal,Italy,2020-11-01,0.4,2020,12.55
Beef and veal,Italy,2020-12-01,0.3,2020,12.55
Beef and veal,Italy,2021-01-01,-0.1,2021,14.45
Beef and veal,Italy,2021-02-01,0.0,2021,14.45
Beef and veal,Italy,2021-03-01,-0.2,2021,14.45
Beef and veal,Italy,2021-04-01,-0.3,2021,14.45
Beef and veal,Italy,2021-05-01,-0.1,2021,14.45
Beef and veal,Italy,2021-06-01,0.0,2021,14.45
Beef and veal,Italy,2021-07-01,0.4,2021,14.45
Beef and veal,Italy,2021-08-01,0.9,2021,14.45
Beef and veal,Italy,2021-09-01,0.9,2021,14.45
Beef and veal,Italy,2021-10-01,1.7,2021,14.45
Beef and veal,Italy,2021-11-01,1.7,2021,14.45
Beef and veal,Italy,2021-12-01,2.3,2021,14.45
Beef and veal,Italy,2022-01-01,2.9,2022,13.78
Beef and veal,Italy,2022-02-01,3.3,2022,13.78
Beef and veal,Italy,2022-03-01,3.9,2022,13.78
Beef and veal,Italy,2022-04-01,5.1,2022,13.78
Beef and veal,Italy,2022-05-01,5.7,2022,13.78
Beef and veal,Italy,2022-06-01,6.4,2022,13.78
Beef and veal,Italy,2022-07-01,6.5,2022,13.78
Beef and veal,Italy,2022-08-01,7.0,2022,13.78
Beef and veal,Italy,2022-09-01,7.9,2022,13.78
Beef and veal,Italy,2022-10-01,8.6,2022,13.78
Beef and veal,Italy,2022-11-01,8.8,2022,13.78
Beef and veal,Italy,2022-12-01,8.9,2022,13.78
Beef and veal,Italy,2023-01-01,8.6,2023,12.39
Beef and veal,Italy,2023-02-01,8.3,2023,12.39
Beef and veal,Italy,2023-03-01,8.0,2023,12.39
Beef and veal,Italy,2023-04-01,6.8,2023,12.39
Beef and veal,Italy,2023-05-01,6.4,2023,12.39
Beef and veal,Italy,2023-06-01,6.1,2023,12.39
Beef and veal,Italy,2023-07-01,5.7,2023,12.39
Beef and veal,Italy,2023-08-01,5.2,2023,12.39
Beef and veal,Italy,2023-09-01,4.4,2023,12.39
Beef and veal,Italy,2023-10-01,3.7,2023,12.39
Beef and veal,Italy,2023-11-01,3.5,2023,12.39
Beef and veal,Italy,2023-12-01,3.1,2023,12.39
Beef and veal,Italy,2024-01-01,3.0,2024,12.43
Beef and veal,Italy,2024-02-01,3.1,2024,12.43
Beef and veal,Italy,2024-03-01,2.8,2024,12.43
Beef and veal,Italy,2024-04-01,2.8,2024,12.43
Beef and veal,Italy,2024-05-01,2.4,2024,12.43
Beef and veal,Italy,2024-06-01,2.4,2024,12.43
Beef and veal,Italy,2024-07-01,2.4,2024,12.43
Beef and veal,Italy,2024-08-01,2.2,2024,12.43
Beef and veal,Italy,2024-09-01,2.3,2024,12.43
Beef and veal,Italy,2024-10-01,2.4,2024,12.43
Beef and veal,Italy,2024-11-01,2.6,2024,12.43
Beef and veal,Italy,2024-12-01,3.0,2024,12.43
Beef and veal,Italy,2025-01-01,3.1,2025,12.4
Beef and veal,Italy,2025-02-01,3.3,2025,12.4
Beef and veal,Italy,2025-03-01,4.2,2025,12.4
Beef and veal,Italy,2025-04-01,5.1,2025,12.4
Beef and veal,Italy,2025-05-01,5.4,2025,12.4
Beef and veal,Italy,2025-06-01,5.9,2025,12.4
Beef and veal,Italy,2025-07-01,6.6,2025,12.4
Beef and veal,Italy,2025-08-01,7.3,2025,12.4
Beef and veal,Italy,2025-09-01,7.5,2025,12.4
Beef and veal,Italy,2025-10-01,8.1,2025,12.4
Beef and veal,Italy,2025-11-01,8.7,2025,12.4
Beef and veal,Italy,2025-12-01,8.4,2025,12.4
Beef and veal,Portugal,2019-01-01,0.4,2019,7.79
Beef and veal,Portugal,2019-02-01,0.3,2019,7.79
Beef and veal,Portugal,2019-03-01,0.8,2019,7.79
Beef and veal,Portugal,2019-04-01,-0.3,2019,7.79
Beef and veal,Portugal,2019-05-01,0.7,2019,7.79
Beef and veal,Portugal,2019-06-01,0.0,2019,7.79
Beef and veal,Portugal,2019-07-01,0.5,2019,7.79
Beef and veal,Portugal,2019-08-01,1.5,2019,7.79
Beef and veal,Portugal,2019-09-01,1.7,2019,7.79
Beef and veal,Portugal,2019-10-01,0.7,2019,7.79
Beef and veal,Portugal,2019-11-01,1.4,2019,7.79
Beef and veal,Portugal,2019-12-01,0.2,2019,7.79
Beef and veal,Portugal,2020-01-01,0.1,2020,7.0
Beef and veal,Portugal,2020-02-01,0.8,2020,7.0
Beef and veal,Portugal,2020-03-01,0.2,2020,7.0
Beef and veal,Portugal,2020-04-01,-5.8,2020,7.0
Beef and veal,Portugal,2020-05-01,-0.3,2020,7.0
Beef and veal,Portugal,2020-06-01,1.8,2020,7.0
Beef and veal,Portugal,2020-07-01,0.2,2020,7.0
Beef and veal,Portugal,2020-08-01,-0.4,2020,7.0
Beef and veal,Portugal,2020-09-01,1.0,2020,7.0
Beef and veal,Portugal,2020-10-01,-0.6,2020,7.0
Beef and veal,Portugal,2020-11-01,-0.2,2020,7.0
Beef and veal,Portugal,2020-12-01,-0.4,2020,7.0
Beef and veal,Portugal,2021-01-01,0.8,2021,8.14
Beef and veal,Portugal,2021-02-01,-0.7,2021,8.14
Beef and veal,Portugal,2021-03-01,-0.8,2021,8.14
Beef and veal,Portugal,2021-04-01,6.0,2021,8.14
Beef and veal,Portugal,2021-05-01,0.9,2021,8.14
Beef and veal,Portugal,2021-06-01,0.0,2021,8.14
Beef and veal,Portugal,2021-07-01,2.6,2021,8.14
Beef and veal,Portugal,2021-08-01,3.5,2021,8.14
Beef and veal,Portugal,2021-09-01,1.3,2021,8.14
Beef and veal,Portugal,2021-10-01,3.4,2021,8.14
Beef and veal,Portugal,2021-11-01,5.9,2021,8.14
Beef and veal,Portugal,2021-12-01,12.0,2021,8.14
Beef and veal,Portugal,2022-01-01,12.2,2022,8.62
Beef and veal,Portugal,2022-02-01,13.0,2022,8.62
Beef and veal,Portugal,2022-03-01,15.9,2022,8.62
Beef and veal,Portugal,2022-04-01,20.8,2022,8.62
Beef and veal,Portugal,2022-05-01,20.9,2022,8.62
Beef and veal,Portugal,2022-06-01,22.1,2022,8.62
Beef and veal,Portugal,2022-07-01,20.5,2022,8.62
Beef and veal,Portugal,2022-08-01,21.3,2022,8.62
Beef and veal,Portugal,2022-09-01,22.6,2022,8.62
Beef and veal,Portugal,2022-10-01,23.2,2022,8.62
Beef and veal,Portugal,2022-11-01,20.1,2022,8.62
Beef and veal,Portugal,2022-12-01,15.5,2022,8.62
Beef and veal,Portugal,2023-01-01,15.5,2023,8.26
Beef and veal,Portugal,2023-02-01,17.5,2023,8.26
Beef and veal,Portugal,2023-03-01,15.7,2023,8.26
Beef and veal,Portugal,2023-04-01,10.9,2023,8.26
Beef and veal,Portugal,2023-05-01,5.6,2023,8.26
Beef and veal,Portugal,2023-06-01,5.0,2023,8.26
Beef and veal,Portugal,2023-07-01,5.0,2023,8.26
Beef and veal,Portugal,2023-08-01,4.4,2023,8.26
Beef and veal,Portugal,2023-09-01,4.0,2023,8.26
Beef and veal,Portugal,2023-10-01,3.2,2023,8.26
Beef and veal,Portugal,2023-11-01,3.3,2023,8.26
Beef and veal,Portugal,2023-12-01,-0.8,2023,8.26
Beef and veal,Portugal,2024-01-01,3.8,2024,7.41
Beef and veal,Portugal,2024-02-01,2.3,2024,7.41
Beef and veal,Portugal,2024-03-01,1.6,2024,7.41
Beef and veal,Portugal,2024-04-01,1.4,2024,7.41
Beef and veal,Portugal,2024-05-01,5.2,2024,7.41
Beef and veal,Portugal,2024-06-01,5.0,2024,7.41
Beef and veal,Portugal,2024-07-01,5.3,2024,7.41
Beef and veal,Portugal,2024-08-01,4.5,2024,7.41
Beef and veal,Portugal,2024-09-01,5.2,2024,7.41
Beef and veal,Portugal,2024-10-01,7.2,2024,7.41
Beef and veal,Portugal,2024-11-01,9.2,2024,7.41
Beef and veal,Portugal,2024-12-01,15.1,2024,7.41
Beef and veal,Portugal,2025-01-01,11.1,2025,7.96
Beef and veal,Portugal,2025-02-01,14.0,2025,7.96
Beef and veal,Portugal,2025-03-01,16.4,2025,7.96
Beef and veal,Portugal,2025-04-01,17.0,2025,7.96
Beef and veal,Portugal,2025-05-01,17.2,2025,7.96
Beef and veal,Portugal,2025-06-01,18.3,2025,7.96
Beef and veal,Portugal,2025-07-01,19.7,2025,7.96
Beef and veal,Portugal,2025-08-01,20.5,2025,7.96
Beef and veal,Portugal,2025-09-01,21.4,2025,7.96
Beef and veal,Portugal,2025-10-01,22.4,2025,7.96
Beef and veal,Portugal,2025-11-01,20.9,2025,7.96
Beef and veal,Portugal,2025-12-01,19.1,2025,7.96
Pork,Germany,2019-01-01,1.1,2019,3.15
Pork,Germany,2019-02-01,-0.2,2019,3.15
Pork,Germany,2019-03-01,0.0,2019,3.15
Pork,Germany,2019-04-01,1.7,2019,3.15
Pork,Germany,2019-05-01,2.2,2019,3.15
Pork,Germany,2019-06-01,3.0,2019,3.15
Pork,Germany,2019-07-01,4.0,2019,3.15
Pork,Germany,2019-08-01,6.0,2019,3.15
Pork,Germany,2019-09-01,6.8,2019,3.15
Pork,Germany,2019-10-01,5.9,2019,3.15
Pork,Germany,2019-11-01,4.9,2019,3.15
Pork,Germany,2019-12-01,8.0,2019,3.15
Pork,Germany,2020-01-01,9.4,2020,3.42
Pork,Germany,2020-02-01,11.1,2020,3.42
Pork,Germany,2020-03-01,12.1,2020,3.42
Pork,Germany,2020-04-01,12.2,2020,3.42
Pork,Germany,2020-05-01,11.3,2020,3.42
Pork,Germany,2020-06-01,11.7,2020,3.42
Pork,Germany,2020-07-01,8.7,2020,3.42
Pork,Germany,2020-08-01,8.6,2020,3.42
Pork,Germany,2020-09-01,7.3,2020,3.42
Pork,Germany,2020-10-01,6.4,2020,3.42
Pork,Germany,2020-11-01,6.5,2020,3.42
Pork,Germany,2020-12-01,4.2,2020,3.42
Pork,Germany,2021-01-01,4.0,2021,3.71
Pork,Germany,2021-02-01,2.7,2021,3.71
Pork,Germany,2021-03-01,1.9,2021,3.71
Pork,Germany,2021-04-01,0.8,2021,3.71
Pork,Germany,2021-05-01,1.9,2021,3.71
Pork,Germany,2021-06-01,0.3,2021,3.71
Pork,Germany,2021-07-01,2.7,2021,3.71
Pork,Germany,2021-08-01,2.2,2021,3.71
Pork,Germany,2021-09-01,2.8,2021,3.71
Pork,Germany,2021-10-01,3.7,2021,3.71
Pork,Germany,2021-11-01,4.8,2021,3.71
Pork,Germany,2021-12-01,4.6,2021,3.71
Pork,Germany,2022-01-01,4.4,2022,3.63
Pork,Germany,2022-02-01,4.5,2022,3.63
Pork,Germany,2022-03-01,5.9,2022,3.63
Pork,Germany,2022-04-01,16.5,2022,3.63
Pork,Germany,2022-05-01,21.1,2022,3.63
Pork,Germany,2022-06-01,21.5,2022,3.63
Pork,Germany,2022-07-01,18.9,2022,3.63
Pork,Germany,2022-08-01,18.9,2022,3.63
Pork,Germany,2022-09-01,20.1,2022,3.63
Pork,Germany,2022-10-01,20.8,2022,3.63
Pork,Germany,2022-11-01,20.2,2022,3.63
Pork,Germany,2022-12-01,20.1,2022,3.63
Pork,Germany,2023-01-01,19.6,2023,3.06
Pork,Germany,2023-02-01,17.7,2023,3.06
Pork,Germany,2023-03-01,16.9,2023,3.06
Pork,Germany,2023-04-01,6.3,2023,3.06
Pork,Germany,2023-05-01,1.7,2023,3.06
Pork,Germany,2023-06-01,2.4,2023,3.06
Pork,Germany,2023-07-01,5.3,2023,3.06
Pork,Germany,2023-08-01,5.5,2023,3.06
Pork,Germany,2023-09-01,4.9,2023,3.06
Pork,Germany,2023-10-01,3.9,2023,3.06
Pork,Germany,2023-11-01,2.4,2023,3.06
Pork,Germany,2023-12-01,2.2,2023,3.06
Pork,Germany,2024-01-01,1.7,2024,3.05
Pork,Germany,2024-02-01,2.5,2024,3.05
Pork,Germany,2024-03-01,1.7,2024,3.05
Pork,Germany,2024-04-01,2.4,2024,3.05
Pork,Germany,2024-05-01,2.5,2024,3.05
Pork,Germany,2024-06-01,1.7,2024,3.05
Pork,Germany,2024-07-01,0.8,2024,3.05
Pork,Germany,2024-08-01,0.7,2024,3.05
Pork,Germany,2024-09-01,0.4,2024,3.05
Pork,Germany,2024-10-01,0.3,2024,3.05
Pork,Germany,2024-11-01,1.5,2024,3.05
Pork,Germany,2024-12-01,3.6,2024,3.05
Pork,Germany,2025-01-01,2.2,2025,3.15
Pork,Germany,2025-02-01,2.7,2025,3.15
Pork,Germany,2025-03-01,3.7,2025,3.15
Pork,Germany,2025-04-01,3.1,2025,3.15
Pork,Germany,2025-05-01,3.2,2025,3.15
Pork,Germany,2025-06-01,3.7,2025,3.15
Pork,Germany,2025-07-01,4.3,2025,3.15
Pork,Germany,2025-08-01,5.1,2025,3.15
Pork,Germany,2025-09-01,5.2,2025,3.15
Pork,Germany,2025-10-01,6.9,2025,3.15
Pork,Germany,2025-11-01,6.0,2025,3.15
Pork,Germany,2025-12-01,3.9,2025,3.15
Pork,"Euro area (EA11-1999, EA12-2001, EA13-2007, EA15-2008, EA16-2009, EA17-2011, EA18-2014, EA19-2015, EA20-2023, EA21-2026)",2019-01-01,0.6,2019,3.98
Pork,"Euro area (EA11-1999, EA12-2001, EA13-2007, EA15-2008, EA16-2009, EA17-2011, EA18-2014, EA19-2015, EA20-2023, EA21-2026)",2019-02-01,0.4,2019,3.98
Pork,"Euro area (EA11-1999, EA12-2001, EA13-2007, EA15-2008, EA16-2009, EA17-2011, EA18-2014, EA19-2015, EA20-2023, EA21-2026)",2019-03-01,0.6,2019,3.98
Pork,"Euro area (EA11-1999, EA12-2001, EA13-2007, EA15-2008, EA16-2009, EA17-2011, EA18-2014, EA19-2015, EA20-2023, EA21-2026)",2019-04-01,1.3,2019,3.98
Pork,"Euro area (EA11-1999, EA12-2001, EA13-2007, EA15-2008, EA16-2009, EA17-2011, EA18-2014, EA19-2015, EA20-2023, EA21-2026)",2019-05-01,2.7,2019,3.98
Pork,"Euro area (EA11-1999, EA12-2001, EA13-2007, EA15-2008, EA16-2009, EA17-2011, EA18-2014, EA19-2015, EA20-2023, EA21-2026)",2019-06-01,3.7,2019,3.98
Pork,"Euro area (EA11-1999, EA12-2001, EA13-2007, EA15-2008, EA16-2009, EA17-2011, EA18-2014, EA19-2015, EA20-2023, EA21-2026)",2019-07-01,3.7,2019,3.98
Pork,"Euro area (EA11-1999, EA12-2001, EA13-2007, EA15-2008, EA16-2009, EA17-2011, EA18-2014, EA19-2015, EA20-2023, EA21-2026)",2019-08-01,4.8,2019,3.98
Pork,"Euro area (EA11-1999, EA12-2001, EA13-2007, EA15-2008, EA16-2009, EA17-2011, EA18-2014, EA19-2015, EA20-2023, EA21-2026)",2019-09-01,4.5,2019,3.98
Pork,"Euro area (EA11-1999, EA12-2001, EA13-2007, EA15-2008, EA16-2009, EA17-2011, EA18-2014, EA19-2015, EA20-2023, EA21-2026)",2019-10-01,5.0,2019,3.98
Pork,"Euro area (EA11-1999, EA12-2001, EA13-2007, EA15-2008, EA16-2009, EA17-2011, EA18-2014, EA19-2015, EA20-2023, EA21-2026)",2019-11-01,4.9,2019,3.98
Pork,"Euro area (EA11-1999, EA12-2001, EA13-2007, EA15-2008, EA16-2009, EA17-2011, EA18-2014, EA19-2015, EA20-2023, EA21-2026)",2019-12-01,6.5,2019,3.98
Pork,"Euro area (EA11-1999, EA12-2001, EA13-2007, EA15-2008, EA16-2009, EA17-2011, EA18-2014, EA19-2015, EA20-2023, EA21-2026)",2020-01-01,7.5,2020,4.14
Pork,"Euro area (EA11-1999, EA12-2001, EA13-2007, EA15-2008, EA16-2009, EA17-2011, EA18-2014, EA19-2015, EA20-2023, EA21-2026)",2020-02-01,8.6,2020,4.14
Pork,"Euro area (EA11-1999, EA12-2001, EA13-2007, EA15-2008, EA16-2009, EA17-2011, EA18-2014, EA19-2015, EA20-2023, EA21-2026)",2020-03-01,9.4,2020,4.14
Pork,"Euro area (EA11-1999, EA12-2001, EA13-2007, EA15-2008, EA16-2009, EA17-2011, EA18-2014, EA19-2015, EA20-2023, EA21-2026)",2020-04-01,9.8,2020,4.14
Pork,"Euro area (EA11-1999, EA12-2001, EA13-2007, EA15-2008, EA16-2009, EA17-2011, EA18-2014, EA19-2015, EA20-2023, EA21-2026)",2020-05-01,7.8,2020,4.14
Pork,"Euro area (EA11-1999, EA12-2001, EA13-2007, EA15-2008, EA16-2009, EA17-2011, EA18-2014, EA19-2015, EA20-2023, EA21-2026)",2020-06-01,6.3,2020,4.14
Pork,"Euro area (EA11-1999, EA12-2001, EA13-2007, EA15-2008, EA16-2009, EA17-2011, EA18-2014, EA19-2015, EA20-2023, EA21-2026)",2020-07-01,5.3,2020,4.14
Pork,"Euro area (EA11-1999, EA12-2001, EA13-2007, EA15-2008, EA16-2009, EA17-2011, EA18-2014, EA19-2015, EA20-2023, EA21-2026)",2020-08-01,4.5,2020,4.14
Pork,"Euro area (EA11-1999, EA12-2001, EA13-2007, EA15-2008, EA16-2009, EA17-2011, EA18-2014, EA19-2015, EA20-2023, EA21-2026)",2020-09-01,4.4,2020,4.14
Pork,"Euro area (EA11-1999, EA12-2001, EA13-2007, EA15-2008, EA16-2009, EA17-2011, EA18-2014, EA19-2015, EA20-2023, EA21-2026)",2020-10-01,3.7,2020,4.14
Pork,"Euro area (EA11-1999, EA12-2001, EA13-2007, EA15-2008, EA16-2009, EA17-2011, EA18-2014, EA19-2015, EA20-2023, EA21-2026)",2020-11-01,3.3,2020,4.14
Pork,"Euro area (EA11-1999, EA12-2001, EA13-2007, EA15-2008, EA16-2009, EA17-2011, EA18-2014, EA19-2015, EA20-2023, EA21-2026)",2020-12-01,1.8,2020,4.14
Pork,"Euro area (EA11-1999, EA12-2001, EA13-2007, EA15-2008, EA16-2009, EA17-2011, EA18-2014, EA19-2015, EA20-2023, EA21-2026)",2021-01-01,0.5,2021,4.51
Pork,"Euro area (EA11-1999, EA12-2001, EA13-2007, EA15-2008, EA16-2009, EA17-2011, EA18-2014, EA19-2015, EA20-2023, EA21-2026)",2021-02-01,0.0,2021,4.51
Pork,"Euro area (EA11-1999, EA12-2001, EA13-2007, EA15-2008, EA16-2009, EA17-2011, EA18-2014, EA19-2015, EA20-2023, EA21-2026)",2021-03-01,-0.6,2021,4.51
Pork,"Euro area (EA11-1999, EA12-2001, EA13-2007, EA15-2008, EA16-2009, EA17-2011, EA18-2014, EA19-2015, EA20-2023, EA21-2026)",2021-04-01,-1.6,2021,4.51
Pork,"Euro area (EA11-1999, EA12-2001, EA13-2007, EA15-2008, EA16-2009, EA17-2011, EA18-2014, EA19-2015, EA20-2023, EA21-2026)",2021-05-01,-0.5,2021,4.51
Pork,"Euro area (EA11-1999, EA12-2001, EA13-2007, EA15-2008, EA16-2009, EA17-2011, EA18-2014, EA19-2015, EA20-2023, EA21-2026)",2021-06-01,-0.3,2021,4.51
Pork,"Euro area (EA11-1999, EA12-2001, EA13-2007, EA15-2008, EA16-2009, EA17-2011, EA18-2014, EA19-2015, EA20-2023, EA21-2026)",2021-07-01,0.3,2021,4.51
Pork,"Euro area (EA11-1999, EA12-2001, EA13-2007, EA15-2008, EA16-2009, EA17-2011, EA18-2014, EA19-2015, EA20-2023, EA21-2026)",2021-08-01,0.6,2021,4.51
Pork,"Euro area (EA11-1999, EA12-2001, EA13-2007, EA15-2008, EA16-2009, EA17-2011, EA18-2014, EA19-2015, EA20-2023, EA21-2026)",2021-09-01,0.3,2021,4.51
Pork,"Euro area (EA11-1999, EA12-2001, EA13-2007, EA15-2008, EA16-2009, EA17-2011, EA18-2014, EA19-2015, EA20-2023, EA21-2026)",2021-10-01,0.8,2021,4.51
Pork,"Euro area (EA11-1999, EA12-2001, EA13-2007, EA15-2008, EA16-2009, EA17-2011, EA18-2014, EA19-2015, EA20-2023, EA21-2026)",2021-11-01,1.0,2021,4.51
Pork,"Euro area (EA11-1999, EA12-2001, EA13-2007, EA15-2008, EA16-2009, EA17-2011, EA18-2014, EA19-2015, EA20-2023, EA21-2026)",2021-12-01,1.1,2021,4.51
Pork,"Euro area (EA11-1999, EA12-2001, EA13-2007, EA15-2008, EA16-2009, EA17-2011, EA18-2014, EA19-2015, EA20-2023, EA21-2026)",2022-01-01,1.6,2022,4.36
Pork,"Euro area (EA11-1999, EA12-2001, EA13-2007, EA15-2008, EA16-2009, EA17-2011, EA18-2014, EA19-2015, EA20-2023, EA21-2026)",2022-02-01,1.7,2022,4.36
Pork,"Euro area (EA11-1999, EA12-2001, EA13-2007, EA15-2008, EA16-2009, EA17-2011, EA18-2014, EA19-2015, EA20-2023, EA21-2026)",2022-03-01,2.8,2022,4.36
Pork,"Euro area (EA11-1999, EA12-2001, EA13-2007, EA15-2008, EA16-2009, EA17-2011, EA18-2014, EA19-2015, EA20-2023, EA21-2026)",2022-04-01,9.1,2022,4.36
Pork,"Euro area (EA11-1999, EA12-2001, EA13-2007, EA15-2008, EA16-2009, EA17-2011, EA18-2014, EA19-2015, EA20-2023, EA21-2026)",2022-05-01,10.9,2022,4.36
Pork,"Euro area (EA11-1999, EA12-2001, EA13-2007, EA15-2008, EA16-2009, EA17-2011, EA18-2014, EA19-2015, EA20-2023, EA21-2026)",2022-06-01,11.7,2022,4.36
Pork,"Euro area (EA11-1999, EA12-2001, EA13-2007, EA15-2008, EA16-2009, EA17-2011, EA18-2014, EA19-2015, EA20-2023, EA21-2026)",2022-07-01,11.8,2022,4.36
Pork,"Euro area (EA11-1999, EA12-2001, EA13-2007, EA15-2008, EA16-2009, EA17-2011, EA18-2014, EA19-2015, EA20-2023, EA21-2026)",2022-08-01,12.2,2022,4.36
Pork,"Euro area (EA11-1999, EA12-2001, EA13-2007, EA15-2008, EA16-2009, EA17-2011, EA18-2014, EA19-2015, EA20-2023, EA21-2026)",2022-09-01,13.7,2022,4.36
Pork,"Euro area (EA11-1999, EA12-2001, EA13-2007, EA15-2008, EA16-2009, EA17-2011, EA18-2014, EA19-2015, EA20-2023, EA21-2026)",2022-10-01,14.8,2022,4.36
Pork,"Euro area (EA11-1999, EA12-2001, EA13-2007, EA15-2008, EA16-2009, EA17-2011, EA18-2014, EA19-2015, EA20-2023, EA21-2026)",2022-11-01,15.2,2022,4.36
Pork,"Euro area (EA11-1999, EA12-2001, EA13-2007, EA15-2008, EA16-2009, EA17-2011, EA18-2014, EA19-2015, EA20-2023, EA21-2026)",2022-12-01,15.9,2022,4.36
Pork,"Euro area (EA11-1999, EA12-2001, EA13-2007, EA15-2008, EA16-2009, EA17-2011, EA18-2014, EA19-2015, EA20-2023, EA21-2026)",2023-01-01,15.8,2023,3.79
Pork,"Euro area (EA11-1999, EA12-2001, EA13-2007, EA15-2008, EA16-2009, EA17-2011, EA18-2014, EA19-2015, EA20-2023, EA21-2026)",2023-02-01,15.4,2023,3.79
Pork,"Euro area (EA11-1999, EA12-2001, EA13-2007, EA15-2008, EA16-2009, EA17-2011, EA18-2014, EA19-2015, EA20-2023, EA21-2026)",2023-03-01,16.3,2023,3.79
Pork,"Euro area (EA11-1999, EA12-2001, EA13-2007, EA15-2008, EA16-2009, EA17-2011, EA18-2014, EA19-2015, EA20-2023, EA21-2026)",2023-04-01,10.7,2023,3.79
Pork,"Euro area (EA11-1999, EA12-2001, EA13-2007, EA15-2008, EA16-2009, EA17-2011, EA18-2014, EA19-2015, EA20-2023, EA21-2026)",2023-05-01,8.9,2023,3.79
Pork,"Euro area (EA11-1999, EA12-2001, EA13-2007, EA15-2008, EA16-2009, EA17-2011, EA18-2014, EA19-2015, EA20-2023, EA21-2026)",2023-06-01,8.5,2023,3.79
Pork,"Euro area (EA11-1999, EA12-2001, EA13-2007, EA15-2008, EA16-2009, EA17-2011, EA18-2014, EA19-2015, EA20-2023, EA21-2026)",2023-07-01,9.3,2023,3.79
Pork,"Euro area (EA11-1999, EA12-2001, EA13-2007, EA15-2008, EA16-2009, EA17-2011, EA18-2014, EA19-2015, EA20-2023, EA21-2026)",2023-08-01,8.9,2023,3.79
Pork,"Euro area (EA11-1999, EA12-2001, EA13-2007, EA15-2008, EA16-2009, EA17-2011, EA18-2014, EA19-2015, EA20-2023, EA21-2026)",2023-09-01,8.0,2023,3.79
Pork,"Euro area (EA11-1999, EA12-2001, EA13-2007, EA15-2008, EA16-2009, EA17-2011, EA18-2014, EA19-2015, EA20-2023, EA21-2026)",2023-10-01,6.9,2023,3.79
Pork,"Euro area (EA11-1999, EA12-2001, EA13-2007, EA15-2008, EA16-2009, EA17-2011, EA18-2014, EA19-2015, EA20-2023, EA21-2026)",2023-11-01,6.0,2023,3.79
Pork,"Euro area (EA11-1999, EA12-2001, EA13-2007, EA15-2008, EA16-2009, EA17-2011, EA18-2014, EA19-2015, EA20-2023, EA21-2026)",2023-12-01,5.9,2023,3.79
Pork,"Euro area (EA11-1999, EA12-2001, EA13-2007, EA15-2008, EA16-2009, EA17-2011, EA18-2014, EA19-2015, EA20-2023, EA21-2026)",2024-01-01,5.7,2024,3.72
Pork,"Euro area (EA11-1999, EA12-2001, EA13-2007, EA15-2008, EA16-2009, EA17-2011, EA18-2014, EA19-2015, EA20-2023, EA21-2026)",2024-02-01,5.2,2024,3.72
Pork,"Euro area (EA11-1999, EA12-2001, EA13-2007, EA15-2008, EA16-2009, EA17-2011, EA18-2014, EA19-2015, EA20-2023, EA21-2026)",2024-03-01,3.5,2024,3.72
Pork,"Euro area (EA11-1999, EA12-2001, EA13-2007, EA15-2008, EA16-2009, EA17-2011, EA18-2014, EA19-2015, EA20-2023, EA21-2026)",2024-04-01,2.9,2024,3.72
Pork,"Euro area (EA11-1999, EA12-2001, EA13-2007, EA15-2008, EA16-2009, EA17-2011, EA18-2014, EA19-2015, EA20-2023, EA21-2026)",2024-05-01,2.6,2024,3.72
Pork,"Euro area (EA11-1999, EA12-2001, EA13-2007, EA15-2008, EA16-2009, EA17-2011, EA18-2014, EA19-2015, EA20-2023, EA21-2026)",2024-06-01,2.1,2024,3.72
Pork,"Euro area (EA11-1999, EA12-2001, EA13-2007, EA15-2008, EA16-2009, EA17-2011, EA18-2014, EA19-2015, EA20-2023, EA21-2026)",2024-07-01,1.7,2024,3.72
Pork,"Euro area (EA11-1999, EA12-2001, EA13-2007, EA15-2008, EA16-2009, EA17-2011, EA18-2014, EA19-2015, EA20-2023, EA21-2026)",2024-08-01,1.8,2024,3.72
Pork,"Euro area (EA11-1999, EA12-2001, EA13-2007, EA15-2008, EA16-2009, EA17-2011, EA18-2014, EA19-2015, EA20-2023, EA21-2026)",2024-09-01,1.4,2024,3.72
Pork,"Euro area (EA11-1999, EA12-2001, EA13-2007, EA15-2008, EA16-2009, EA17-2011, EA18-2014, EA19-2015, EA20-2023, EA21-2026)",2024-10-01,1.6,2024,3.72
Pork,"Euro area (EA11-1999, EA12-2001, EA13-2007, EA15-2008, EA16-2009, EA17-2011, EA18-2014, EA19-2015, EA20-2023, EA21-2026)",2024-11-01,2.1,2024,3.72
Pork,"Euro area (EA11-1999, EA12-2001, EA13-2007, EA15-2008, EA16-2009, EA17-2011, EA18-2014, EA19-2015, EA20-2023, EA21-2026)",2024-12-01,2.5,2024,3.72
Pork,"Euro area (EA11-1999, EA12-2001, EA13-2007, EA15-2008, EA16-2009, EA17-2011, EA18-2014, EA19-2015, EA20-2023, EA21-2026)",2025-01-01,2.1,2025,3.72
Pork,"Euro area (EA11-1999, EA12-2001, EA13-2007, EA15-2008, EA16-2009, EA17-2011, EA18-2014, EA19-2015, EA20-2023, EA21-2026)",2025-02-01,2.3,2025,3.72
Pork,"Euro area (EA11-1999, EA12-2001, EA13-2007, EA15-2008, EA16-2009, EA17-2011, EA18-2014, EA19-2015, EA20-2023, EA21-2026)",2025-03-01,2.2,2025,3.72
Pork,"Euro area (EA11-1999, EA12-2001, EA13-2007, EA15-2008, EA16-2009, EA17-2011, EA18-2014, EA19-2015, EA20-2023, EA21-2026)",2025-04-01,2.1,2025,3.72
Pork,"Euro area (EA11-1999, EA12-2001, EA13-2007, EA15-2008, EA16-2009, EA17-2011, EA18-2014, EA19-2015, EA20-2023, EA21-2026)",2025-05-01,2.5,2025,3.72
Pork,"Euro area (EA11-1999, EA12-2001, EA13-2007, EA15-2008, EA16-2009, EA17-2011, EA18-2014, EA19-2015, EA20-2023, EA21-2026)",2025-06-01,2.7,2025,3.72
Pork,"Euro area (EA11-1999, EA12-2001, EA13-2007, EA15-2008, EA16-2009, EA17-2011, EA18-2014, EA19-2015, EA20-2023, EA21-2026)",2025-07-01,2.8,2025,3.72
Pork,"Euro area (EA11-1999, EA12-2001, EA13-2007, EA15-2008, EA16-2009, EA17-2011, EA18-2014, EA19-2015, EA20-2023, EA21-2026)",2025-08-01,2.9,2025,3.72
Pork,"Euro area (EA11-1999, EA12-2001, EA13-2007, EA15-2008, EA16-2009, EA17-2011, EA18-2014, EA19-2015, EA20-2023, EA21-2026)",2025-09-01,3.5,2025,3.72
Pork,"Euro area (EA11-1999, EA12-2001, EA13-2007, EA15-2008, EA16-2009, EA17-2011, EA18-2014, EA19-2015, EA20-2023, EA21-2026)",2025-10-01,3.8,2025,3.72
Pork,"Euro area (EA11-1999, EA12-2001, EA13-2007, EA15-2008, EA16-2009, EA17-2011, EA18-2014, EA19-2015, EA20-2023, EA21-2026)",2025-11-01,3.3,2025,3.72
Pork,"Euro area (EA11-1999, EA12-2001, EA13-2007, EA15-2008, EA16-2009, EA17-2011, EA18-2014, EA19-2015, EA20-2023, EA21-2026)",2025-12-01,2.4,2025,3.72
Pork,Spain,2019-01-01,0.1,2019,6.91
Pork,Spain,2019-02-01,0.3,2019,6.91
Pork,Spain,2019-03-01,0.6,2019,6.91
Pork,Spain,2019-04-01,1.1,2019,6.91
Pork,Spain,2019-05-01,3.0,2019,6.91
Pork,Spain,2019-06-01,4.0,2019,6.91
Pork,Spain,2019-07-01,4.6,2019,6.91
Pork,Spain,2019-08-01,4.6,2019,6.91
Pork,Spain,2019-09-01,4.6,2019,6.91
Pork,Spain,2019-10-01,5.2,2019,6.91
Pork,Spain,2019-11-01,5.7,2019,6.91
Pork,Spain,2019-12-01,7.1,2019,6.91
Pork,Spain,2020-01-01,7.7,2020,7.29
Pork,Spain,2020-02-01,7.9,2020,7.29
Pork,Spain,2020-03-01,8.3,2020,7.29
Pork,Spain,2020-04-01,8.2,2020,7.29
Pork,Spain,2020-05-01,5.5,2020,7.29
Pork,Spain,2020-06-01,3.5,2020,7.29
Pork,Spain,2020-07-01,3.1,2020,7.29
Pork,Spain,2020-08-01,3.2,2020,7.29
Pork,Spain,2020-09-01,2.7,2020,7.29
Pork,Spain,2020-10-01,2.1,2020,7.29
Pork,Spain,2020-11-01,1.9,2020,7.29
Pork,Spain,2020-12-01,0.7,2020,7.29
Pork,Spain,2021-01-01,-0.2,2021,8.86
Pork,Spain,2021-02-01,-0.6,2021,8.86
Pork,Spain,2021-03-01,-0.9,2021,8.86
Pork,Spain,2021-04-01,-1.4,2021,8.86
Pork,Spain,2021-05-01,-0.6,2021,8.86
Pork,Spain,2021-06-01,0.3,2021,8.86
Pork,Spain,2021-07-01,0.3,2021,8.86
Pork,Spain,2021-08-01,-0.1,2021,8.86
Pork,Spain,2021-09-01,-0.1,2021,8.86
Pork,Spain,2021-10-01,0.1,2021,8.86
Pork,Spain,2021-11-01,-0.3,2021,8.86
Pork,Spain,2021-12-01,-0.3,2021,8.86
Pork,Spain,2022-01-01,0.0,2022,8.54
Pork,Spain,2022-02-01,0.4,2022,8.54
Pork,Spain,2022-03-01,0.9,2022,8.54
Pork,Spain,2022-04-01,6.7,2022,8.54
Pork,Spain,2022-05-01,7.2,2022,8.54
Pork,Spain,2022-06-01,8.6,2022,8.54
Pork,Spain,2022-07-01,8.5,2022,8.54
Pork,Spain,2022-08-01,9.8,2022,8.54
Pork,Spain,2022-09-01,11.2,2022,8.54
Pork,Spain,2022-10-01,12.3,2022,8.54
Pork,Spain,2022-11-01,13.2,2022,8.54
Pork,Spain,2022-12-01,13.8,2022,8.54
Pork,Spain,2023-01-01,14.3,2023,6.16
Pork,Spain,2023-02-01,15.4,2023,6.16
Pork,Spain,2023-03-01,19.6,2023,6.16
Pork,Spain,2023-04-01,16.1,2023,6.16
Pork,Spain,2023-05-01,16.1,2023,6.16
Pork,Spain,2023-06-01,15.7,2023,6.16
Pork,Spain,2023-07-01,15.8,2023,6.16
Pork,Spain,2023-08-01,15.6,2023,6.16
Pork,Spain,2023-09-01,14.4,2023,6.16
Pork,Spain,2023-10-01,13.8,2023,6.16
Pork,Spain,2023-11-01,12.9,2023,6.16
Pork,Spain,2023-12-01,12.3,2023,6.16
Pork,Spain,2024-01-01,12.4,2024,6.07
Pork,Spain,2024-02-01,11.0,2024,6.07
Pork,Spain,2024-03-01,6.4,2024,6.07
Pork,Spain,2024-04-01,4.0,2024,6.07
Pork,Spain,2024-05-01,3.3,2024,6.07
Pork,Spain,2024-06-01,2.6,2024,6.07
Pork,Spain,2024-07-01,2.7,2024,6.07
Pork,Spain,2024-08-01,2.1,2024,6.07
Pork,Spain,2024-09-01,1.9,2024,6.07
Pork,Spain,2024-10-01,1.6,2024,6.07
Pork,Spain,2024-11-01,2.2,2024,6.07
Pork,Spain,2024-12-01,2.3,2024,6.07
Pork,Spain,2025-01-01,1.6,2025,6.34
Pork,Spain,2025-02-01,2.0,2025,6.34
Pork,Spain,2025-03-01,1.8,2025,6.34
Pork,Spain,2025-04-01,1.7,2025,6.34
Pork,Spain,2025-05-01,2.1,2025,6.34
Pork,Spain,2025-06-01,1.8,2025,6.34
Pork,Spain,2025-07-01,1.4,2025,6.34
Pork,Spain,2025-08-01,1.5,2025,6.34
Pork,Spain,2025-09-01,1.8,2025,6.34
Pork,Spain,2025-10-01,1.6,2025,6.34
Pork,Spain,2025-11-01,1.3,2025,6.34
Pork,Spain,2025-12-01,0.6,2025,6.34
Pork,France,2019-01-01,1.3,2019,2.39
Pork,France,2019-02-01,2.2,2019,2.39
Pork,France,2019-03-01,1.5,2019,2.39
Pork,France,2019-04-01,1.3,2019,2.39
Pork,France,2019-05-01,2.4,2019,2.39
Pork,France,2019-06-01,2.9,2019,2.39
Pork,France,2019-07-01,2.2,2019,2.39
Pork,France,2019-08-01,3.9,2019,2.39
Pork,France,2019-09-01,3.0,2019,2.39
Pork,France,2019-10-01,3.7,2019,2.39
Pork,France,2019-11-01,4.9,2019,2.39
Pork,France,2019-12-01,5.0,2019,2.39
Pork,France,2020-01-01,5.7,2020,2.35
Pork,France,2020-02-01,4.1,2020,2.35
Pork,France,2020-03-01,5.6,2020,2.35
Pork,France,2020-04-01,11.1,2020,2.35
Pork,France,2020-05-01,8.9,2020,2.35
Pork,France,2020-06-01,6.3,2020,2.35
Pork,France,2020-07-01,3.6,2020,2.35
Pork,France,2020-08-01,2.3,2020,2.35
Pork,France,2020-09-01,3.0,2020,2.35
Pork,France,2020-10-01,1.6,2020,2.35
Pork,France,2020-11-01,1.5,2020,2.35
Pork,France,2020-12-01,2.2,2020,2.35
Pork,France,2021-01-01,-1.2,2021,2.5
Pork,France,2021-02-01,0.4,2021,2.5
Pork,France,2021-03-01,-0.9,2021,2.5
Pork,France,2021-04-01,-5.2,2021,2.5
Pork,France,2021-05-01,-2.8,2021,2.5
Pork,France,2021-06-01,-2.2,2021,2.5
Pork,France,2021-07-01,-0.2,2021,2.5
Pork,France,2021-08-01,0.8,2021,2.5
Pork,France,2021-09-01,-0.5,2021,2.5
Pork,France,2021-10-01,0.8,2021,2.5
Pork,France,2021-11-01,0.8,2021,2.5
Pork,France,2021-12-01,0.7,2021,2.5
Pork,France,2022-01-01,1.5,2022,2.39
Pork,France,2022-02-01,2.0,2022,2.39
Pork,France,2022-03-01,2.6,2022,2.39
Pork,France,2022-04-01,3.4,2022,2.39
Pork,France,2022-05-01,3.9,2022,2.39
Pork,France,2022-06-01,5.5,2022,2.39
Pork,France,2022-07-01,7.3,2022,2.39
Pork,France,2022-08-01,7.7,2022,2.39
Pork,France,2022-09-01,7.9,2022,2.39
Pork,France,2022-10-01,10.1,2022,2.39
Pork,France,2022-11-01,10.6,2022,2.39
Pork,France,2022-12-01,11.0,2022,2.39
Pork,France,2023-01-01,12.5,2023,2.02
Pork,France,2023-02-01,11.5,2023,2.02
Pork,France,2023-03-01,12.5,2023,2.02
Pork,France,2023-04-01,13.4,2023,2.02
Pork,France,2023-05-01,12.3,2023,2.02
Pork,France,2023-06-01,10.0,2023,2.02
Pork,France,2023-07-01,9.7,2023,2.02
Pork,France,2023-08-01,8.4,2023,2.02
Pork,France,2023-09-01,9.2,2023,2.02
Pork,France,2023-10-01,6.7,2023,2.02
Pork,France,2023-11-01,4.7,2023,2.02
Pork,France,2023-12-01,4.1,2023,2.02
Pork,France,2024-01-01,4.2,2024,1.77
Pork,France,2024-02-01,3.5,2024,1.77
Pork,France,2024-03-01,3.4,2024,1.77
Pork,France,2024-04-01,0.8,2024,1.77
Pork,France,2024-05-01,1.1,2024,1.77
Pork,France,2024-06-01,1.9,2024,1.77
Pork,France,2024-07-01,0.4,2024,1.77
Pork,France,2024-08-01,1.0,2024,1.77
Pork,France,2024-09-01,0.0,2024,1.77
Pork,France,2024-10-01,0.7,2024,1.77
Pork,France,2024-11-01,0.3,2024,1.77
Pork,France,2024-12-01,0.6,2024,1.77
Pork,France,2025-01-01,-0.1,2025,1.64
Pork,France,2025-02-01,0.7,2025,1.64
Pork,France,2025-03-01,-0.2,2025,1.64
Pork,France,2025-04-01,1.2,2025,1.64
Pork,France,2025-05-01,-0.2,2025,1.64
Pork,France,2025-06-01,0.1,2025,1.64
Pork,France,2025-07-01,0.9,2025,1.64
Pork,France,2025-08-01,2.1,2025,1.64
Pork,France,2025-09-01,2.3,2025,1.64
Pork,France,2025-10-01,2.6,2025,1.64
Pork,France,2025-11-01,3.6,2025,1.64
Pork,France,2025-12-01,3.3,2025,1.64
Pork,Italy,2019-01-01,0.6,2019,4.22
Pork,Italy,2019-02-01,0.2,2019,4.22
Pork,Italy,2019-03-01,0.4,2019,4.22
Pork,Italy,2019-04-01,0.1,2019,4.22
Pork,Italy,2019-05-01,1.4,2019,4.22
Pork,Italy,2019-06-01,0.9,2019,4.22
Pork,Italy,2019-07-01,0.4,2019,4.22
Pork,Italy,2019-08-01,1.0,2019,4.22
Pork,Italy,2019-09-01,1.3,2019,4.22
Pork,Italy,2019-10-01,1.2,2019,4.22
Pork,Italy,2019-11-01,1.6,2019,4.22
Pork,Italy,2019-12-01,2.4,2019,4.22
Pork,Italy,2020-01-01,2.4,2020,4.13
Pork,Italy,2020-02-01,3.5,2020,4.13
Pork,Italy,2020-03-01,3.9,2020,4.13
Pork,Italy,2020-04-01,4.2,2020,4.13
Pork,Italy,2020-05-01,3.1,2020,4.13
Pork,Italy,2020-06-01,3.3,2020,4.13
Pork,Italy,2020-07-01,3.0,2020,4.13
Pork,Italy,2020-08-01,2.7,2020,4.13
Pork,Italy,2020-09-01,2.5,2020,4.13
Pork,Italy,2020-10-01,2.6,2020,4.13
Pork,Italy,2020-11-01,2.1,2020,4.13
Pork,Italy,2020-12-01,1.5,2020,4.13
Pork,Italy,2021-01-01,1.2,2021,4.53
Pork,Italy,2021-02-01,1.1,2021,4.53
Pork,Italy,2021-03-01,0.9,2021,4.53
Pork,Italy,2021-04-01,0.4,2021,4.53
Pork,Italy,2021-05-01,0.8,2021,4.53
Pork,Italy,2021-06-01,0.8,2021,4.53
Pork,Italy,2021-07-01,0.9,2021,4.53
Pork,Italy,2021-08-01,1.0,2021,4.53
Pork,Italy,2021-09-01,0.8,2021,4.53
Pork,Italy,2021-10-01,1.0,2021,4.53
Pork,Italy,2021-11-01,1.1,2021,4.53
Pork,Italy,2021-12-01,2.1,2021,4.53
Pork,Italy,2022-01-01,2.2,2022,4.24
Pork,Italy,2022-02-01,2.6,2022,4.24
Pork,Italy,2022-03-01,2.8,2022,4.24
Pork,Italy,2022-04-01,5.6,2022,4.24
Pork,Italy,2022-05-01,5.7,2022,4.24
Pork,Italy,2022-06-01,6.6,2022,4.24
Pork,Italy,2022-07-01,7.4,2022,4.24
Pork,Italy,2022-08-01,7.3,2022,4.24
Pork,Italy,2022-09-01,9.1,2022,4.24
Pork,Italy,2022-10-01,10.0,2022,4.24
Pork,Italy,2022-11-01,10.7,2022,4.24
Pork,Italy,2022-12-01,9.8,2022,4.24
Pork,Italy,2023-01-01,10.1,2023,3.8
Pork,Italy,2023-02-01,9.5,2023,3.8
Pork,Italy,2023-03-01,9.8,2023,3.8
Pork,Italy,2023-04-01,7.8,2023,3.8
Pork,Italy,2023-05-01,7.8,2023,3.8
Pork,Italy,2023-06-01,7.4,2023,3.8
Pork,Italy,2023-07-01,6.9,2023,3.8
Pork,Italy,2023-08-01,7.0,2023,3.8
Pork,Italy,2023-09-01,6.8,2023,3.8
Pork,Italy,2023-10-01,5.7,2023,3.8
Pork,Italy,2023-11-01,5.0,2023,3.8
Pork,Italy,2023-12-01,5.4,2023,3.8
Pork,Italy,2024-01-01,5.2,2024,3.79
Pork,Italy,2024-02-01,5.0,2024,3.79
Pork,Italy,2024-03-01,4.1,2024,3.79
Pork,Italy,2024-04-01,3.6,2024,3.79
Pork,Italy,2024-05-01,3.0,2024,3.79
Pork,Italy,2024-06-01,2.6,2024,3.79
Pork,Italy,2024-07-01,2.5,2024,3.79
Pork,Italy,2024-08-01,2.5,2024,3.79
Pork,Italy,2024-09-01,1.8,2024,3.79
Pork,Italy,2024-10-01,2.4,2024,3.79
Pork,Italy,2024-11-01,3.3,2024,3.79
Pork,Italy,2024-12-01,3.0,2024,3.79
Pork,Italy,2025-01-01,3.1,2025,3.76
Pork,Italy,2025-02-01,2.8,2025,3.76
Pork,Italy,2025-03-01,2.3,2025,3.76
Pork,Italy,2025-04-01,3.0,2025,3.76
Pork,Italy,2025-05-01,3.7,2025,3.76
Pork,Italy,2025-06-01,3.8,2025,3.76
Pork,Italy,2025-07-01,4.4,2025,3.76
Pork,Italy,2025-08-01,4.5,2025,3.76
Pork,Italy,2025-09-01,4.8,2025,3.76
Pork,Italy,2025-10-01,4.4,2025,3.76
Pork,Italy,2025-11-01,3.3,2025,3.76
Pork,Italy,2025-12-01,3.7,2025,3.76
Pork,Portugal,2019-01-01,0.8,2019,6.8
Pork,Portugal,2019-02-01,0.8,2019,6.8
Pork,Portugal,2019-03-01,-0.2,2019,6.8
Pork,Portugal,2019-04-01,0.9,2019,6.8
Pork,Portugal,2019-05-01,4.7,2019,6.8
Pork,Portugal,2019-06-01,9.1,2019,6.8
Pork,Portugal,2019-07-01,8.9,2019,6.8
Pork,Portugal,2019-08-01,8.8,2019,6.8
Pork,Portugal,2019-09-01,9.5,2019,6.8
Pork,Portugal,2019-10-01,12.6,2019,6.8
Pork,Portugal,2019-11-01,10.8,2019,6.8
Pork,Portugal,2019-12-01,12.8,2019,6.8
Pork,Portugal,2020-01-01,18.7,2020,8.29
Pork,Portugal,2020-02-01,20.4,2020,8.29
Pork,Portugal,2020-03-01,21.5,2020,8.29
Pork,Portugal,2020-04-01,21.5,2020,8.29
Pork,Portugal,2020-05-01,16.2,2020,8.29
Pork,Portugal,2020-06-01,7.9,2020,8.29
Pork,Portugal,2020-07-01,8.6,2020,8.29
Pork,Portugal,2020-08-01,8.5,2020,8.29
Pork,Portugal,2020-09-01,7.2,2020,8.29
Pork,Portugal,2020-10-01,7.9,2020,8.29
Pork,Portugal,2020-11-01,7.4,2020,8.29
Pork,Portugal,2020-12-01,2.1,2020,8.29
Pork,Portugal,2021-01-01,-1.1,2021,9.97
Pork,Portugal,2021-02-01,-2.3,2021,9.97
Pork,Portugal,2021-03-01,-2.2,2021,9.97
Pork,Portugal,2021-04-01,-2.2,2021,9.97
Pork,Portugal,2021-05-01,0.1,2021,9.97
Pork,Portugal,2021-06-01,4.3,2021,9.97
Pork,Portugal,2021-07-01,0.8,2021,9.97
Pork,Portugal,2021-08-01,0.2,2021,9.97
Pork,Portugal,2021-09-01,-3.5,2021,9.97
Pork,Portugal,2021-10-01,-2.3,2021,9.97
Pork,Portugal,2021-11-01,-4.1,2021,9.97
Pork,Portugal,2021-12-01,-7.0,2021,9.97
Pork,Portugal,2022-01-01,-4.1,2022,8.25
Pork,Portugal,2022-02-01,-4.3,2022,8.25
Pork,Portugal,2022-03-01,-0.1,2022,8.25
Pork,Portugal,2022-04-01,7.6,2022,8.25
Pork,Portugal,2022-05-01,10.1,2022,8.25
Pork,Portugal,2022-06-01,8.6,2022,8.25
Pork,Portugal,2022-07-01,11.9,2022,8.25
Pork,Portugal,2022-08-01,15.4,2022,8.25
Pork,Portugal,2022-09-01,21.8,2022,8.25
Pork,Portugal,2022-10-01,20.4,2022,8.25
Pork,Portugal,2022-11-01,23.3,2022,8.25
Pork,Portugal,2022-12-01,30.7,2022,8.25
Pork,Portugal,2023-01-01,24.3,2023,7.95
Pork,Portugal,2023-02-01,26.0,2023,7.95
Pork,Portugal,2023-03-01,25.5,2023,7.95
Pork,Portugal,2023-04-01,16.6,2023,7.95
Pork,Portugal,2023-05-01,8.4,2023,7.95
Pork,Portugal,2023-06-01,8.4,2023,7.95
Pork,Portugal,2023-07-01,5.8,2023,7.95
Pork,Portugal,2023-08-01,4.6,2023,7.95
Pork,Portugal,2023-09-01,3.2,2023,7.95
Pork,Portugal,2023-10-01,0.1,2023,7.95
Pork,Portugal,2023-11-01,-0.9,2023,7.95
Pork,Portugal,2023-12-01,-0.9,2023,7.95
Pork,Portugal,2024-01-01,1.1,2024,7.46
Pork,Portugal,2024-02-01,-1.0,2024,7.46
Pork,Portugal,2024-03-01,-3.9,2024,7.46
Pork,Portugal,2024-04-01,-4.7,2024,7.46
Pork,Portugal,2024-05-01,0.8,2024,7.46
Pork,Portugal,2024-06-01,1.3,2024,7.46
Pork,Portugal,2024-07-01,2.2,2024,7.46
Pork,Portugal,2024-08-01,0.9,2024,7.46
Pork,Portugal,2024-09-01,1.5,2024,7.46
Pork,Portugal,2024-10-01,3.6,2024,7.46
Pork,Portugal,2024-11-01,5.0,2024,7.46
Pork,Portugal,2024-12-01,3.6,2024,7.46
Pork,Portugal,2025-01-01,2.5,2025,7.84
Pork,Portugal,2025-02-01,1.3,2025,7.84
Pork,Portugal,2025-03-01,1.6,2025,7.84
Pork,Portugal,2025-04-01,2.0,2025,7.84
Pork,Portugal,2025-05-01,0.2,2025,7.84
Pork,Portugal,2025-06-01,0.4,2025,7.84
Pork,Portugal,2025-07-01,1.2,2025,7.84
Pork,Portugal,2025-08-01,1.0,2025,7.84
Pork,Portugal,2025-09-01,0.9,2025,7.84
Pork,Portugal,2025-10-01,0.5,2025,7.84
Pork,Portugal,2025-11-01,-0.3,2025,7.84
Pork,Portugal,2025-12-01,0.1,2025,7.84
Poultry,Germany,2019-01-01,2.5,2019,2.38
Poultry,Germany,2019-02-01,2.8,2019,2.38
Poultry,Germany,2019-03-01,2.3,2019,2.38
Poultry,Germany,2019-04-01,3.0,2019,2.38
Poultry,Germany,2019-05-01,2.8,2019,2.38
Poultry,Germany,2019-06-01,2.9,2019,2.38
Poultry,Germany,2019-07-01,3.1,2019,2.38
Poultry,Germany,2019-08-01,3.6,2019,2.38
Poultry,Germany,2019-09-01,2.7,2019,2.38
Poultry,Germany,2019-10-01,2.3,2019,2.38
Poultry,Germany,2019-11-01,1.2,2019,2.38
Poultry,Germany,2019-12-01,1.9,2019,2.38
Poultry,Germany,2020-01-01,2.3,2020,2.43
Poultry,Germany,2020-02-01,1.5,2020,2.43
Poultry,Germany,2020-03-01,3.5,2020,2.43
Poultry,Germany,2020-04-01,3.7,2020,2.43
Poultry,Germany,2020-05-01,2.7,2020,2.43
Poultry,Germany,2020-06-01,3.4,2020,2.43
Poultry,Germany,2020-07-01,1.0,2020,2.43
Poultry,Germany,2020-08-01,1.1,2020,2.43
Poultry,Germany,2020-09-01,-0.3,2020,2.43
Poultry,Germany,2020-10-01,0.3,2020,2.43
Poultry,Germany,2020-11-01,1.1,2020,2.43
Poultry,Germany,2020-12-01,-0.3,2020,2.43
Poultry,Germany,2021-01-01,1.1,2021,2.73
Poultry,Germany,2021-02-01,2.7,2021,2.73
Poultry,Germany,2021-03-01,0.7,2021,2.73
Poultry,Germany,2021-04-01,2.7,2021,2.73
Poultry,Germany,2021-05-01,3.2,2021,2.73
Poultry,Germany,2021-06-01,2.9,2021,2.73
Poultry,Germany,2021-07-01,5.3,2021,2.73
Poultry,Germany,2021-08-01,8.1,2021,2.73
Poultry,Germany,2021-09-01,9.4,2021,2.73
Poultry,Germany,2021-10-01,10.2,2021,2.73
Poultry,Germany,2021-11-01,8.8,2021,2.73
Poultry,Germany,2021-12-01,10.4,2021,2.73
Poultry,Germany,2022-01-01,9.0,2022,2.74
Poultry,Germany,2022-02-01,7.9,2022,2.74
Poultry,Germany,2022-03-01,11.6,2022,2.74
Poultry,Germany,2022-04-01,11.9,2022,2.74
Poultry,Germany,2022-05-01,23.8,2022,2.74
Poultry,Germany,2022-06-01,29.2,2022,2.74
Poultry,Germany,2022-07-01,32.2,2022,2.74
Poultry,Germany,2022-08-01,29.7,2022,2.74
Poultry,Germany,2022-09-01,30.1,2022,2.74
Poultry,Germany,2022-10-01,29.8,2022,2.74
Poultry,Germany,2022-11-01,32.6,2022,2.74
Poultry,Germany,2022-12-01,31.7,2022,2.74
Poultry,Germany,2023-01-01,30.4,2023,2.8
Poultry,Germany,2023-02-01,32.2,2023,2.8
Poultry,Germany,2023-03-01,26.8,2023,2.8
Poultry,Germany,2023-04-01,23.5,2023,2.8
Poultry,Germany,2023-05-01,11.8,2023,2.8
Poultry,Germany,2023-06-01,7.1,2023,2.8
Poultry,Germany,2023-07-01,4.1,2023,2.8
Poultry,Germany,2023-08-01,4.3,2023,2.8
Poultry,Germany,2023-09-01,3.1,2023,2.8
Poultry,Germany,2023-10-01,1.5,2023,2.8
Poultry,Germany,2023-11-01,-1.1,2023,2.8
Poultry,Germany,2023-12-01,-1.2,2023,2.8
Poultry,Germany,2024-01-01,-1.6,2024,2.7
Poultry,Germany,2024-02-01,-2.3,2024,2.7
Poultry,Germany,2024-03-01,-1.0,2024,2.7
Poultry,Germany,2024-04-01,-1.0,2024,2.7
Poultry,Germany,2024-05-01,-2.1,2024,2.7
Poultry,Germany,2024-06-01,-2.1,2024,2.7
Poultry,Germany,2024-07-01,-2.1,2024,2.7
Poultry,Germany,2024-08-01,-2.4,2024,2.7
Poultry,Germany,2024-09-01,-1.8,2024,2.7
Poultry,Germany,2024-10-01,-1.2,2024,2.7
Poultry,Germany,2024-11-01,-0.2,2024,2.7
Poultry,Germany,2024-12-01,-0.3,2024,2.7
Poultry,Germany,2025-01-01,-0.6,2025,2.68
Poultry,Germany,2025-02-01,0.4,2025,2.68
Poultry,Germany,2025-03-01,0.8,2025,2.68
Poultry,Germany,2025-04-01,0.6,2025,2.68
Poultry,Germany,2025-05-01,2.8,2025,2.68
Poultry,Germany,2025-06-01,3.6,2025,2.68
Poultry,Germany,2025-07-01,5.2,2025,2.68
Poultry,Germany,2025-08-01,4.0,2025,2.68
Poultry,Germany,2025-09-01,5.1,2025,2.68
Poultry,Germany,2025-10-01,6.1,2025,2.68
Poultry,Germany,2025-11-01,6.4,2025,2.68
Poultry,Germany,2025-12-01,6.3,2025,2.68
Poultry,"Euro area (EA11-1999, EA12-2001, EA13-2007, EA15-2008, EA16-2009, EA17-2011, EA18-2014, EA19-2015, EA20-2023, EA21-2026)",2019-01-01,1.4,2019,5.28
Poultry,"Euro area (EA11-1999, EA12-2001, EA13-2007, EA15-2008, EA16-2009, EA17-2011, EA18-2014, EA19-2015, EA20-2023, EA21-2026)",2019-02-01,1.4,2019,5.28
Poultry,"Euro area (EA11-1999, EA12-2001, EA13-2007, EA15-2008, EA16-2009, EA17-2011, EA18-2014, EA19-2015, EA20-2023, EA21-2026)",2019-03-01,1.2,2019,5.28
Poultry,"Euro area (EA11-1999, EA12-2001, EA13-2007, EA15-2008, EA16-2009, EA17-2011, EA18-2014, EA19-2015, EA20-2023, EA21-2026)",2019-04-01,1.1,2019,5.28
Poultry,"Euro area (EA11-1999, EA12-2001, EA13-2007, EA15-2008, EA16-2009, EA17-2011, EA18-2014, EA19-2015, EA20-2023, EA21-2026)",2019-05-01,1.3,2019,5.28
Poultry,"Euro area (EA11-1999, EA12-2001, EA13-2007, EA15-2008, EA16-2009, EA17-2011, EA18-2014, EA19-2015, EA20-2023, EA21-2026)",2019-06-01,1.4,2019,5.28
Poultry,"Euro area (EA11-1999, EA12-2001, EA13-2007, EA15-2008, EA16-2009, EA17-2011, EA18-2014, EA19-2015, EA20-2023, EA21-2026)",2019-07-01,1.6,2019,5.28
Poultry,"Euro area (EA11-1999, EA12-2001, EA13-2007, EA15-2008, EA16-2009, EA17-2011, EA18-2014, EA19-2015, EA20-2023, EA21-2026)",2019-08-01,1.6,2019,5.28
Poultry,"Euro area (EA11-1999, EA12-2001, EA13-2007, EA15-2008, EA16-2009, EA17-2011, EA18-2014, EA19-2015, EA20-2023, EA21-2026)",2019-09-01,1.7,2019,5.28
Poultry,"Euro area (EA11-1999, EA12-2001, EA13-2007, EA15-2008, EA16-2009, EA17-2011, EA18-2014, EA19-2015, EA20-2023, EA21-2026)",2019-10-01,1.8,2019,5.28
Poultry,"Euro area (EA11-1999, EA12-2001, EA13-2007, EA15-2008, EA16-2009, EA17-2011, EA18-2014, EA19-2015, EA20-2023, EA21-2026)",2019-11-01,1.6,2019,5.28
Poultry,"Euro area (EA11-1999, EA12-2001, EA13-2007, EA15-2008, EA16-2009, EA17-2011, EA18-2014, EA19-2015, EA20-2023, EA21-2026)",2019-12-01,1.7,2019,5.28
Poultry,"Euro area (EA11-1999, EA12-2001, EA13-2007, EA15-2008, EA16-2009, EA17-2011, EA18-2014, EA19-2015, EA20-2023, EA21-2026)",2020-01-01,1.4,2020,5.25
Poultry,"Euro area (EA11-1999, EA12-2001, EA13-2007, EA15-2008, EA16-2009, EA17-2011, EA18-2014, EA19-2015, EA20-2023, EA21-2026)",2020-02-01,1.6,2020,5.25
Poultry,"Euro area (EA11-1999, EA12-2001, EA13-2007, EA15-2008, EA16-2009, EA17-2011, EA18-2014, EA19-2015, EA20-2023, EA21-2026)",2020-03-01,2.4,2020,5.25
Poultry,"Euro area (EA11-1999, EA12-2001, EA13-2007, EA15-2008, EA16-2009, EA17-2011, EA18-2014, EA19-2015, EA20-2023, EA21-2026)",2020-04-01,3.2,2020,5.25
Poultry,"Euro area (EA11-1999, EA12-2001, EA13-2007, EA15-2008, EA16-2009, EA17-2011, EA18-2014, EA19-2015, EA20-2023, EA21-2026)",2020-05-01,2.4,2020,5.25
Poultry,"Euro area (EA11-1999, EA12-2001, EA13-2007, EA15-2008, EA16-2009, EA17-2011, EA18-2014, EA19-2015, EA20-2023, EA21-2026)",2020-06-01,1.8,2020,5.25
Poultry,"Euro area (EA11-1999, EA12-2001, EA13-2007, EA15-2008, EA16-2009, EA17-2011, EA18-2014, EA19-2015, EA20-2023, EA21-2026)",2020-07-01,1.1,2020,5.25
Poultry,"Euro area (EA11-1999, EA12-2001, EA13-2007, EA15-2008, EA16-2009, EA17-2011, EA18-2014, EA19-2015, EA20-2023, EA21-2026)",2020-08-01,1.0,2020,5.25
Poultry,"Euro area (EA11-1999, EA12-2001, EA13-2007, EA15-2008, EA16-2009, EA17-2011, EA18-2014, EA19-2015, EA20-2023, EA21-2026)",2020-09-01,0.7,2020,5.25
Poultry,"Euro area (EA11-1999, EA12-2001, EA13-2007, EA15-2008, EA16-2009, EA17-2011, EA18-2014, EA19-2015, EA20-2023, EA21-2026)",2020-10-01,0.5,2020,5.25
Poultry,"Euro area (EA11-1999, EA12-2001, EA13-2007, EA15-2008, EA16-2009, EA17-2011, EA18-2014, EA19-2015, EA20-2023, EA21-2026)",2020-11-01,0.8,2020,5.25
Poultry,"Euro area (EA11-1999, EA12-2001, EA13-2007, EA15-2008, EA16-2009, EA17-2011, EA18-2014, EA19-2015, EA20-2023, EA21-2026)",2020-12-01,0.7,2020,5.25
Poultry,"Euro area (EA11-1999, EA12-2001, EA13-2007, EA15-2008, EA16-2009, EA17-2011, EA18-2014, EA19-2015, EA20-2023, EA21-2026)",2021-01-01,0.6,2021,5.89
Poultry,"Euro area (EA11-1999, EA12-2001, EA13-2007, EA15-2008, EA16-2009, EA17-2011, EA18-2014, EA19-2015, EA20-2023, EA21-2026)",2021-02-01,0.7,2021,5.89
Poultry,"Euro area (EA11-1999, EA12-2001, EA13-2007, EA15-2008, EA16-2009, EA17-2011, EA18-2014, EA19-2015, EA20-2023, EA21-2026)",2021-03-01,0.5,2021,5.89
Poultry,"Euro area (EA11-1999, EA12-2001, EA13-2007, EA15-2008, EA16-2009, EA17-2011, EA18-2014, EA19-2015, EA20-2023, EA21-2026)",2021-04-01,0.4,2021,5.89
Poultry,"Euro area (EA11-1999, EA12-2001, EA13-2007, EA15-2008, EA16-2009, EA17-2011, EA18-2014, EA19-2015, EA20-2023, EA21-2026)",2021-05-01,1.1,2021,5.89
Poultry,"Euro area (EA11-1999, EA12-2001, EA13-2007, EA15-2008, EA16-2009, EA17-2011, EA18-2014, EA19-2015, EA20-2023, EA21-2026)",2021-06-01,1.9,2021,5.89
Poultry,"Euro area (EA11-1999, EA12-2001, EA13-2007, EA15-2008, EA16-2009, EA17-2011, EA18-2014, EA19-2015, EA20-2023, EA21-2026)",2021-07-01,2.4,2021,5.89
Poultry,"Euro area (EA11-1999, EA12-2001, EA13-2007, EA15-2008, EA16-2009, EA17-2011, EA18-2014, EA19-2015, EA20-2023, EA21-2026)",2021-08-01,3.1,2021,5.89
Poultry,"Euro area (EA11-1999, EA12-2001, EA13-2007, EA15-2008, EA16-2009, EA17-2011, EA18-2014, EA19-2015, EA20-2023, EA21-2026)",2021-09-01,3.2,2021,5.89
Poultry,"Euro area (EA11-1999, EA12-2001, EA13-2007, EA15-2008, EA16-2009, EA17-2011, EA18-2014, EA19-2015, EA20-2023, EA21-2026)",2021-10-01,3.7,2021,5.89
Poultry,"Euro area (EA11-1999, EA12-2001, EA13-2007, EA15-2008, EA16-2009, EA17-2011, EA18-2014, EA19-2015, EA20-2023, EA21-2026)",2021-11-01,3.9,2021,5.89
Poultry,"Euro area (EA11-1999, EA12-2001, EA13-2007, EA15-2008, EA16-2009, EA17-2011, EA18-2014, EA19-2015, EA20-2023, EA21-2026)",2021-12-01,4.8,2021,5.89
Poultry,"Euro area (EA11-1999, EA12-2001, EA13-2007, EA15-2008, EA16-2009, EA17-2011, EA18-2014, EA19-2015, EA20-2023, EA21-2026)",2022-01-01,5.5,2022,5.85
Poultry,"Euro area (EA11-1999, EA12-2001, EA13-2007, EA15-2008, EA16-2009, EA17-2011, EA18-2014, EA19-2015, EA20-2023, EA21-2026)",2022-02-01,6.4,2022,5.85
Poultry,"Euro area (EA11-1999, EA12-2001, EA13-2007, EA15-2008, EA16-2009, EA17-2011, EA18-2014, EA19-2015, EA20-2023, EA21-2026)",2022-03-01,8.2,2022,5.85
Poultry,"Euro area (EA11-1999, EA12-2001, EA13-2007, EA15-2008, EA16-2009, EA17-2011, EA18-2014, EA19-2015, EA20-2023, EA21-2026)",2022-04-01,11.8,2022,5.85
Poultry,"Euro area (EA11-1999, EA12-2001, EA13-2007, EA15-2008, EA16-2009, EA17-2011, EA18-2014, EA19-2015, EA20-2023, EA21-2026)",2022-05-01,15.3,2022,5.85
Poultry,"Euro area (EA11-1999, EA12-2001, EA13-2007, EA15-2008, EA16-2009, EA17-2011, EA18-2014, EA19-2015, EA20-2023, EA21-2026)",2022-06-01,17.4,2022,5.85
Poultry,"Euro area (EA11-1999, EA12-2001, EA13-2007, EA15-2008, EA16-2009, EA17-2011, EA18-2014, EA19-2015, EA20-2023, EA21-2026)",2022-07-01,19.3,2022,5.85
Poultry,"Euro area (EA11-1999, EA12-2001, EA13-2007, EA15-2008, EA16-2009, EA17-2011, EA18-2014, EA19-2015, EA20-2023, EA21-2026)",2022-08-01,19.4,2022,5.85
Poultry,"Euro area (EA11-1999, EA12-2001, EA13-2007, EA15-2008, EA16-2009, EA17-2011, EA18-2014, EA19-2015, EA20-2023, EA21-2026)",2022-09-01,20.3,2022,5.85
Poultry,"Euro area (EA11-1999, EA12-2001, EA13-2007, EA15-2008, EA16-2009, EA17-2011, EA18-2014, EA19-2015, EA20-2023, EA21-2026)",2022-10-01,21.0,2022,5.85
Poultry,"Euro area (EA11-1999, EA12-2001, EA13-2007, EA15-2008, EA16-2009, EA17-2011, EA18-2014, EA19-2015, EA20-2023, EA21-2026)",2022-11-01,21.2,2022,5.85
Poultry,"Euro area (EA11-1999, EA12-2001, EA13-2007, EA15-2008, EA16-2009, EA17-2011, EA18-2014, EA19-2015, EA20-2023, EA21-2026)",2022-12-01,20.9,2022,5.85
Poultry,"Euro area (EA11-1999, EA12-2001, EA13-2007, EA15-2008, EA16-2009, EA17-2011, EA18-2014, EA19-2015, EA20-2023, EA21-2026)",2023-01-01,20.3,2023,5.6
Poultry,"Euro area (EA11-1999, EA12-2001, EA13-2007, EA15-2008, EA16-2009, EA17-2011, EA18-2014, EA19-2015, EA20-2023, EA21-2026)",2023-02-01,19.5,2023,5.6
Poultry,"Euro area (EA11-1999, EA12-2001, EA13-2007, EA15-2008, EA16-2009, EA17-2011, EA18-2014, EA19-2015, EA20-2023, EA21-2026)",2023-03-01,17.0,2023,5.6
Poultry,"Euro area (EA11-1999, EA12-2001, EA13-2007, EA15-2008, EA16-2009, EA17-2011, EA18-2014, EA19-2015, EA20-2023, EA21-2026)",2023-04-01,12.7,2023,5.6
Poultry,"Euro area (EA11-1999, EA12-2001, EA13-2007, EA15-2008, EA16-2009, EA17-2011, EA18-2014, EA19-2015, EA20-2023, EA21-2026)",2023-05-01,9.1,2023,5.6
Poultry,"Euro area (EA11-1999, EA12-2001, EA13-2007, EA15-2008, EA16-2009, EA17-2011, EA18-2014, EA19-2015, EA20-2023, EA21-2026)",2023-06-01,6.7,2023,5.6
Poultry,"Euro area (EA11-1999, EA12-2001, EA13-2007, EA15-2008, EA16-2009, EA17-2011, EA18-2014, EA19-2015, EA20-2023, EA21-2026)",2023-07-01,4.9,2023,5.6
Poultry,"Euro area (EA11-1999, EA12-2001, EA13-2007, EA15-2008, EA16-2009, EA17-2011, EA18-2014, EA19-2015, EA20-2023, EA21-2026)",2023-08-01,4.1,2023,5.6
Poultry,"Euro area (EA11-1999, EA12-2001, EA13-2007, EA15-2008, EA16-2009, EA17-2011, EA18-2014, EA19-2015, EA20-2023, EA21-2026)",2023-09-01,3.0,2023,5.6
Poultry,"Euro area (EA11-1999, EA12-2001, EA13-2007, EA15-2008, EA16-2009, EA17-2011, EA18-2014, EA19-2015, EA20-2023, EA21-2026)",2023-10-01,2.1,2023,5.6
Poultry,"Euro area (EA11-1999, EA12-2001, EA13-2007, EA15-2008, EA16-2009, EA17-2011, EA18-2014, EA19-2015, EA20-2023, EA21-2026)",2023-11-01,1.3,2023,5.6
Poultry,"Euro area (EA11-1999, EA12-2001, EA13-2007, EA15-2008, EA16-2009, EA17-2011, EA18-2014, EA19-2015, EA20-2023, EA21-2026)",2023-12-01,0.7,2023,5.6
Poultry,"Euro area (EA11-1999, EA12-2001, EA13-2007, EA15-2008, EA16-2009, EA17-2011, EA18-2014, EA19-2015, EA20-2023, EA21-2026)",2024-01-01,0.5,2024,5.23
Poultry,"Euro area (EA11-1999, EA12-2001, EA13-2007, EA15-2008, EA16-2009, EA17-2011, EA18-2014, EA19-2015, EA20-2023, EA21-2026)",2024-02-01,-0.4,2024,5.23
Poultry,"Euro area (EA11-1999, EA12-2001, EA13-2007, EA15-2008, EA16-2009, EA17-2011, EA18-2014, EA19-2015, EA20-2023, EA21-2026)",2024-03-01,-0.4,2024,5.23
Poultry,"Euro area (EA11-1999, EA12-2001, EA13-2007, EA15-2008, EA16-2009, EA17-2011, EA18-2014, EA19-2015, EA20-2023, EA21-2026)",2024-04-01,-0.7,2024,5.23
Poultry,"Euro area (EA11-1999, EA12-2001, EA13-2007, EA15-2008, EA16-2009, EA17-2011, EA18-2014, EA19-2015, EA20-2023, EA21-2026)",2024-05-01,-1.0,2024,5.23
Poultry,"Euro area (EA11-1999, EA12-2001, EA13-2007, EA15-2008, EA16-2009, EA17-2011, EA18-2014, EA19-2015, EA20-2023, EA21-2026)",2024-06-01,-1.1,2024,5.23
Poultry,"Euro area (EA11-1999, EA12-2001, EA13-2007, EA15-2008, EA16-2009, EA17-2011, EA18-2014, EA19-2015, EA20-2023, EA21-2026)",2024-07-01,-1.0,2024,5.23
Poultry,"Euro area (EA11-1999, EA12-2001, EA13-2007, EA15-2008, EA16-2009, EA17-2011, EA18-2014, EA19-2015, EA20-2023, EA21-2026)",2024-08-01,-0.8,2024,5.23
Poultry,"Euro area (EA11-1999, EA12-2001, EA13-2007, EA15-2008, EA16-2009, EA17-2011, EA18-2014, EA19-2015, EA20-2023, EA21-2026)",2024-09-01,-0.4,2024,5.23
Poultry,"Euro area (EA11-1999, EA12-2001, EA13-2007, EA15-2008, EA16-2009, EA17-2011, EA18-2014, EA19-2015, EA20-2023, EA21-2026)",2024-10-01,-0.1,2024,5.23
Poultry,"Euro area (EA11-1999, EA12-2001, EA13-2007, EA15-2008, EA16-2009, EA17-2011, EA18-2014, EA19-2015, EA20-2023, EA21-2026)",2024-11-01,0.2,2024,5.23
Poultry,"Euro area (EA11-1999, EA12-2001, EA13-2007, EA15-2008, EA16-2009, EA17-2011, EA18-2014, EA19-2015, EA20-2023, EA21-2026)",2024-12-01,0.4,2024,5.23
Poultry,"Euro area (EA11-1999, EA12-2001, EA13-2007, EA15-2008, EA16-2009, EA17-2011, EA18-2014, EA19-2015, EA20-2023, EA21-2026)",2025-01-01,0.5,2025,5.07
Poultry,"Euro area (EA11-1999, EA12-2001, EA13-2007, EA15-2008, EA16-2009, EA17-2011, EA18-2014, EA19-2015, EA20-2023, EA21-2026)",2025-02-01,1.2,2025,5.07
Poultry,"Euro area (EA11-1999, EA12-2001, EA13-2007, EA15-2008, EA16-2009, EA17-2011, EA18-2014, EA19-2015, EA20-2023, EA21-2026)",2025-03-01,1.5,2025,5.07
Poultry,"Euro area (EA11-1999, EA12-2001, EA13-2007, EA15-2008, EA16-2009, EA17-2011, EA18-2014, EA19-2015, EA20-2023, EA21-2026)",2025-04-01,1.9,2025,5.07
Poultry,"Euro area (EA11-1999, EA12-2001, EA13-2007, EA15-2008, EA16-2009, EA17-2011, EA18-2014, EA19-2015, EA20-2023, EA21-2026)",2025-05-01,2.8,2025,5.07
Poultry,"Euro area (EA11-1999, EA12-2001, EA13-2007, EA15-2008, EA16-2009, EA17-2011, EA18-2014, EA19-2015, EA20-2023, EA21-2026)",2025-06-01,3.5,2025,5.07
Poultry,"Euro area (EA11-1999, EA12-2001, EA13-2007, EA15-2008, EA16-2009, EA17-2011, EA18-2014, EA19-2015, EA20-2023, EA21-2026)",2025-07-01,4.1,2025,5.07
Poultry,"Euro area (EA11-1999, EA12-2001, EA13-2007, EA15-2008, EA16-2009, EA17-2011, EA18-2014, EA19-2015, EA20-2023, EA21-2026)",2025-08-01,4.2,2025,5.07
Poultry,"Euro area (EA11-1999, EA12-2001, EA13-2007, EA15-2008, EA16-2009, EA17-2011, EA18-2014, EA19-2015, EA20-2023, EA21-2026)",2025-09-01,4.6,2025,5.07
Poultry,"Euro area (EA11-1999, EA12-2001, EA13-2007, EA15-2008, EA16-2009, EA17-2011, EA18-2014, EA19-2015, EA20-2023, EA21-2026)",2025-10-01,5.0,2025,5.07
Poultry,"Euro area (EA11-1999, EA12-2001, EA13-2007, EA15-2008, EA16-2009, EA17-2011, EA18-2014, EA19-2015, EA20-2023, EA21-2026)",2025-11-01,5.1,2025,5.07
Poultry,"Euro area (EA11-1999, EA12-2001, EA13-2007, EA15-2008, EA16-2009, EA17-2011, EA18-2014, EA19-2015, EA20-2023, EA21-2026)",2025-12-01,4.9,2025,5.07
Poultry,Spain,2019-01-01,0.8,2019,7.39
Poultry,Spain,2019-02-01,1.1,2019,7.39
Poultry,Spain,2019-03-01,0.6,2019,7.39
Poultry,Spain,2019-04-01,0.2,2019,7.39
Poultry,Spain,2019-05-01,1.0,2019,7.39
Poultry,Spain,2019-06-01,1.1,2019,7.39
Poultry,Spain,2019-07-01,0.4,2019,7.39
Poultry,Spain,2019-08-01,0.2,2019,7.39
Poultry,Spain,2019-09-01,0.7,2019,7.39
Poultry,Spain,2019-10-01,1.2,2019,7.39
Poultry,Spain,2019-11-01,1.1,2019,7.39
Poultry,Spain,2019-12-01,1.8,2019,7.39
Poultry,Spain,2020-01-01,2.0,2020,7.86
Poultry,Spain,2020-02-01,2.4,2020,7.86
Poultry,Spain,2020-03-01,3.1,2020,7.86
Poultry,Spain,2020-04-01,5.0,2020,7.86
Poultry,Spain,2020-05-01,2.8,2020,7.86
Poultry,Spain,2020-06-01,1.6,2020,7.86
Poultry,Spain,2020-07-01,1.6,2020,7.86
Poultry,Spain,2020-08-01,2.7,2020,7.86
Poultry,Spain,2020-09-01,2.4,2020,7.86
Poultry,Spain,2020-10-01,2.0,2020,7.86
Poultry,Spain,2020-11-01,2.1,2020,7.86
Poultry,Spain,2020-12-01,1.4,2020,7.86
Poultry,Spain,2021-01-01,1.3,2021,9.34
Poultry,Spain,2021-02-01,1.4,2021,9.34
Poultry,Spain,2021-03-01,2.2,2021,9.34
Poultry,Spain,2021-04-01,1.3,2021,9.34
Poultry,Spain,2021-05-01,2.6,2021,9.34
Poultry,Spain,2021-06-01,3.3,2021,9.34
Poultry,Spain,2021-07-01,3.2,2021,9.34
Poultry,Spain,2021-08-01,1.7,2021,9.34
Poultry,Spain,2021-09-01,2.1,2021,9.34
Poultry,Spain,2021-10-01,2.8,2021,9.34
Poultry,Spain,2021-11-01,4.3,2021,9.34
Poultry,Spain,2021-12-01,6.5,2021,9.34
Poultry,Spain,2022-01-01,6.9,2022,9.19
Poultry,Spain,2022-02-01,6.2,2022,9.19
Poultry,Spain,2022-03-01,6.5,2022,9.19
Poultry,Spain,2022-04-01,12.7,2022,9.19
Poultry,Spain,2022-05-01,13.6,2022,9.19
Poultry,Spain,2022-06-01,14.1,2022,9.19
Poultry,Spain,2022-07-01,16.3,2022,9.19
Poultry,Spain,2022-08-01,17.6,2022,9.19
Poultry,Spain,2022-09-01,18.1,2022,9.19
Poultry,Spain,2022-10-01,18.3,2022,9.19
Poultry,Spain,2022-11-01,16.6,2022,9.19
Poultry,Spain,2022-12-01,15.1,2022,9.19
Poultry,Spain,2023-01-01,14.4,2023,8.47
Poultry,Spain,2023-02-01,14.3,2023,8.47
Poultry,Spain,2023-03-01,12.2,2023,8.47
Poultry,Spain,2023-04-01,6.0,2023,8.47
Poultry,Spain,2023-05-01,5.8,2023,8.47
Poultry,Spain,2023-06-01,5.9,2023,8.47
Poultry,Spain,2023-07-01,3.8,2023,8.47
Poultry,Spain,2023-08-01,3.0,2023,8.47
Poultry,Spain,2023-09-01,2.6,2023,8.47
Poultry,Spain,2023-10-01,2.3,2023,8.47
Poultry,Spain,2023-11-01,2.4,2023,8.47
Poultry,Spain,2023-12-01,2.0,2023,8.47
Poultry,Spain,2024-01-01,2.2,2024,8.21
Poultry,Spain,2024-02-01,1.7,2024,8.21
Poultry,Spain,2024-03-01,1.3,2024,8.21
Poultry,Spain,2024-04-01,0.7,2024,8.21
Poultry,Spain,2024-05-01,0.3,2024,8.21
Poultry,Spain,2024-06-01,-0.5,2024,8.21
Poultry,Spain,2024-07-01,0.0,2024,8.21
Poultry,Spain,2024-08-01,0.1,2024,8.21
Poultry,Spain,2024-09-01,0.2,2024,8.21
Poultry,Spain,2024-10-01,0.2,2024,8.21
Poultry,Spain,2024-11-01,0.0,2024,8.21
Poultry,Spain,2024-12-01,0.1,2024,8.21
Poultry,Spain,2025-01-01,0.2,2025,7.86
Poultry,Spain,2025-02-01,1.0,2025,7.86
Poultry,Spain,2025-03-01,1.6,2025,7.86
Poultry,Spain,2025-04-01,2.1,2025,7.86
Poultry,Spain,2025-05-01,2.7,2025,7.86
Poultry,Spain,2025-06-01,2.9,2025,7.86
Poultry,Spain,2025-07-01,2.9,2025,7.86
Poultry,Spain,2025-08-01,3.2,2025,7.86
Poultry,Spain,2025-09-01,3.6,2025,7.86
Poultry,Spain,2025-10-01,3.7,2025,7.86
Poultry,Spain,2025-11-01,4.2,2025,7.86
Poultry,Spain,2025-12-01,3.9,2025,7.86
Poultry,France,2019-01-01,2.2,2019,5.58
Poultry,France,2019-02-01,2.3,2019,5.58
Poultry,France,2019-03-01,2.2,2019,5.58
Poultry,France,2019-04-01,2.0,2019,5.58
Poultry,France,2019-05-01,2.3,2019,5.58
Poultry,France,2019-06-01,2.7,2019,5.58
Poultry,France,2019-07-01,2.3,2019,5.58
Poultry,France,2019-08-01,2.0,2019,5.58
Poultry,France,2019-09-01,2.2,2019,5.58
Poultry,France,2019-10-01,2.3,2019,5.58
Poultry,France,2019-11-01,2.5,2019,5.58
Poultry,France,2019-12-01,2.0,2019,5.58
Poultry,France,2020-01-01,0.8,2020,5.49
Poultry,France,2020-02-01,0.6,2020,5.49
Poultry,France,2020-03-01,0.9,2020,5.49
Poultry,France,2020-04-01,1.2,2020,5.49
Poultry,France,2020-05-01,2.1,2020,5.49
Poultry,France,2020-06-01,0.3,2020,5.49
Poultry,France,2020-07-01,0.3,2020,5.49
Poultry,France,2020-08-01,0.7,2020,5.49
Poultry,France,2020-09-01,0.5,2020,5.49
Poultry,France,2020-10-01,0.4,2020,5.49
Poultry,France,2020-11-01,0.8,2020,5.49
Poultry,France,2020-12-01,1.6,2020,5.49
Poultry,France,2021-01-01,1.4,2021,5.98
Poultry,France,2021-02-01,1.4,2021,5.98
Poultry,France,2021-03-01,1.6,2021,5.98
Poultry,France,2021-04-01,2.1,2021,5.98
Poultry,France,2021-05-01,1.4,2021,5.98
Poultry,France,2021-06-01,3.2,2021,5.98
Poultry,France,2021-07-01,3.5,2021,5.98
Poultry,France,2021-08-01,3.4,2021,5.98
Poultry,France,2021-09-01,4.2,2021,5.98
Poultry,France,2021-10-01,4.1,2021,5.98
Poultry,France,2021-11-01,3.8,2021,5.98
Poultry,France,2021-12-01,3.8,2021,5.98
Poultry,France,2022-01-01,4.7,2022,6.08
Poultry,France,2022-02-01,4.9,2022,6.08
Poultry,France,2022-03-01,5.3,2022,6.08
Poultry,France,2022-04-01,6.4,2022,6.08
Poultry,France,2022-05-01,9.8,2022,6.08
Poultry,France,2022-06-01,12.1,2022,6.08
Poultry,France,2022-07-01,14.6,2022,6.08
Poultry,France,2022-08-01,15.2,2022,6.08
Poultry,France,2022-09-01,15.8,2022,6.08
Poultry,France,2022-10-01,17.1,2022,6.08
Poultry,France,2022-11-01,17.5,2022,6.08
Poultry,France,2022-12-01,17.7,2022,6.08
Poultry,France,2023-01-01,17.7,2023,5.53
Poultry,France,2023-02-01,17.9,2023,5.53
Poultry,France,2023-03-01,18.0,2023,5.53
Poultry,France,2023-04-01,16.8,2023,5.53
Poultry,France,2023-05-01,12.8,2023,5.53
Poultry,France,2023-06-01,9.4,2023,5.53
Poultry,France,2023-07-01,6.6,2023,5.53
Poultry,France,2023-08-01,5.0,2023,5.53
Poultry,France,2023-09-01,3.7,2023,5.53
Poultry,France,2023-10-01,2.4,2023,5.53
Poultry,France,2023-11-01,1.5,2023,5.53
Poultry,France,2023-12-01,0.4,2023,5.53
Poultry,France,2024-01-01,-0.4,2024,3.97
Poultry,France,2024-02-01,-0.9,2024,3.97
Poultry,France,2024-03-01,-2.1,2024,3.97
Poultry,France,2024-04-01,-2.6,2024,3.97
Poultry,France,2024-05-01,-3.1,2024,3.97
Poultry,France,2024-06-01,-3.3,2024,3.97
Poultry,France,2024-07-01,-3.3,2024,3.97
Poultry,France,2024-08-01,-3.3,2024,3.97
Poultry,France,2024-09-01,-2.3,2024,3.97
Poultry,France,2024-10-01,-2.3,2024,3.97
Poultry,France,2024-11-01,-2.3,2024,3.97
Poultry,France,2024-12-01,-1.5,2024,3.97
Poultry,France,2025-01-01,-1.4,2025,4.02
Poultry,France,2025-02-01,-1.6,2025,4.02
Poultry,France,2025-03-01,-1.6,2025,4.02
Poultry,France,2025-04-01,-1.3,2025,4.02
Poultry,France,2025-05-01,-0.3,2025,4.02
Poultry,France,2025-06-01,0.5,2025,4.02
Poultry,France,2025-07-01,1.3,2025,4.02
Poultry,France,2025-08-01,2.1,2025,4.02
Poultry,France,2025-09-01,2.1,2025,4.02
Poultry,France,2025-10-01,2.3,2025,4.02
Poultry,France,2025-11-01,2.6,2025,4.02
Poultry,France,2025-12-01,2.3,2025,4.02
Poultry,Italy,2019-01-01,0.9,2019,7.87
Poultry,Italy,2019-02-01,0.6,2019,7.87
Poultry,Italy,2019-03-01,0.8,2019,7.87
Poultry,Italy,2019-04-01,0.0,2019,7.87
Poultry,Italy,2019-05-01,0.9,2019,7.87
Poultry,Italy,2019-06-01,0.4,2019,7.87
Poultry,Italy,2019-07-01,1.3,2019,7.87
Poultry,Italy,2019-08-01,1.5,2019,7.87
Poultry,Italy,2019-09-01,1.8,2019,7.87
Poultry,Italy,2019-10-01,1.8,2019,7.87
Poultry,Italy,2019-11-01,1.9,2019,7.87
Poultry,Italy,2019-12-01,1.7,2019,7.87
Poultry,Italy,2020-01-01,2.4,2020,7.64
Poultry,Italy,2020-02-01,3.0,2020,7.64
Poultry,Italy,2020-03-01,3.3,2020,7.64
Poultry,Italy,2020-04-01,4.3,2020,7.64
Poultry,Italy,2020-05-01,3.4,2020,7.64
Poultry,Italy,2020-06-01,3.1,2020,7.64
Poultry,Italy,2020-07-01,2.0,2020,7.64
Poultry,Italy,2020-08-01,2.2,2020,7.64
Poultry,Italy,2020-09-01,1.7,2020,7.64
Poultry,Italy,2020-10-01,0.8,2020,7.64
Poultry,Italy,2020-11-01,1.2,2020,7.64
Poultry,Italy,2020-12-01,1.5,2020,7.64
Poultry,Italy,2021-01-01,1.0,2021,8.83
Poultry,Italy,2021-02-01,0.8,2021,8.83
Poultry,Italy,2021-03-01,0.6,2021,8.83
Poultry,Italy,2021-04-01,0.0,2021,8.83
Poultry,Italy,2021-05-01,0.5,2021,8.83
Poultry,Italy,2021-06-01,1.2,2021,8.83
Poultry,Italy,2021-07-01,1.4,2021,8.83
Poultry,Italy,2021-08-01,2.0,2021,8.83
Poultry,Italy,2021-09-01,1.4,2021,8.83
Poultry,Italy,2021-10-01,2.3,2021,8.83
Poultry,Italy,2021-11-01,2.0,2021,8.83
Poultry,Italy,2021-12-01,2.3,2021,8.83
Poultry,Italy,2022-01-01,4.0,2022,8.34
Poultry,Italy,2022-02-01,7.5,2022,8.34
Poultry,Italy,2022-03-01,9.8,2022,8.34
Poultry,Italy,2022-04-01,13.8,2022,8.34
Poultry,Italy,2022-05-01,14.8,2022,8.34
Poultry,Italy,2022-06-01,15.7,2022,8.34
Poultry,Italy,2022-07-01,16.2,2022,8.34
Poultry,Italy,2022-08-01,15.8,2022,8.34
Poultry,Italy,2022-09-01,17.1,2022,8.34
Poultry,Italy,2022-10-01,18.4,2022,8.34
Poultry,Italy,2022-11-01,19.0,2022,8.34
Poultry,Italy,2022-12-01,19.5,2022,8.34
Poultry,Italy,2023-01-01,17.6,2023,7.59
Poultry,Italy,2023-02-01,14.5,2023,7.59
Poultry,Italy,2023-03-01,11.2,2023,7.59
Poultry,Italy,2023-04-01,7.5,2023,7.59
Poultry,Italy,2023-05-01,6.5,2023,7.59
Poultry,Italy,2023-06-01,5.2,2023,7.59
Poultry,Italy,2023-07-01,4.9,2023,7.59
Poultry,Italy,2023-08-01,4.9,2023,7.59
Poultry,Italy,2023-09-01,4.2,2023,7.59
Poultry,Italy,2023-10-01,2.8,2023,7.59
Poultry,Italy,2023-11-01,2.1,2023,7.59
Poultry,Italy,2023-12-01,1.5,2023,7.59
Poultry,Italy,2024-01-01,1.3,2024,7.6
Poultry,Italy,2024-02-01,0.8,2024,7.6
Poultry,Italy,2024-03-01,1.1,2024,7.6
Poultry,Italy,2024-04-01,1.1,2024,7.6
Poultry,Italy,2024-05-01,0.1,2024,7.6
Poultry,Italy,2024-06-01,0.5,2024,7.6
Poultry,Italy,2024-07-01,0.1,2024,7.6
Poultry,Italy,2024-08-01,0.7,2024,7.6
Poultry,Italy,2024-09-01,0.5,2024,7.6
Poultry,Italy,2024-10-01,0.6,2024,7.6
Poultry,Italy,2024-11-01,1.7,2024,7.6
Poultry,Italy,2024-12-01,1.8,2024,7.6
Poultry,Italy,2025-01-01,2.2,2025,7.62
Poultry,Italy,2025-02-01,2.3,2025,7.62
Poultry,Italy,2025-03-01,2.9,2025,7.62
Poultry,Italy,2025-04-01,3.3,2025,7.62
Poultry,Italy,2025-05-01,4.5,2025,7.62
Poultry,Italy,2025-06-01,4.7,2025,7.62
Poultry,Italy,2025-07-01,5.7,2025,7.62
Poultry,Italy,2025-08-01,5.1,2025,7.62
Poultry,Italy,2025-09-01,5.5,2025,7.62
Poultry,Italy,2025-10-01,6.0,2025,7.62
Poultry,Italy,2025-11-01,5.6,2025,7.62
Poultry,Italy,2025-12-01,5.6,2025,7.62
Poultry,Portugal,2019-01-01,-0.3,2019,8.23
Poultry,Portugal,2019-02-01,-0.7,2019,8.23
Poultry,Portugal,2019-03-01,0.4,2019,8.23
Poultry,Portugal,2019-04-01,0.8,2019,8.23
Poultry,Portugal,2019-05-01,-0.6,2019,8.23
Poultry,Portugal,2019-06-01,-0.6,2019,8.23
Poultry,Portugal,2019-07-01,-2.6,2019,8.23
Poultry,Portugal,2019-08-01,-0.4,2019,8.23
Poultry,Portugal,2019-09-01,0.6,2019,8.23
Poultry,Portugal,2019-10-01,0.4,2019,8.23
Poultry,Portugal,2019-11-01,0.2,2019,8.23
Poultry,Portugal,2019-12-01,0.2,2019,8.23
Poultry,Portugal,2020-01-01,0.8,2020,7.7
Poultry,Portugal,2020-02-01,1.3,2020,7.7
Poultry,Portugal,2020-03-01,1.3,2020,7.7
Poultry,Portugal,2020-04-01,7.9,2020,7.7
Poultry,Portugal,2020-05-01,3.3,2020,7.7
Poultry,Portugal,2020-06-01,3.8,2020,7.7
Poultry,Portugal,2020-07-01,4.4,2020,7.7
Poultry,Portugal,2020-08-01,-0.2,2020,7.7
Poultry,Portugal,2020-09-01,-2.2,2020,7.7
Poultry,Portugal,2020-10-01,-2.4,2020,7.7
Poultry,Portugal,2020-11-01,-2.4,2020,7.7
Poultry,Portugal,2020-12-01,-3.3,2020,7.7
Poultry,Portugal,2021-01-01,-3.1,2021,8.76
Poultry,Portugal,2021-02-01,-3.1,2021,8.76
Poultry,Portugal,2021-03-01,-1.3,2021,8.76
Poultry,Portugal,2021-04-01,-5.0,2021,8.76
Poultry,Portugal,2021-05-01,-1.3,2021,8.76
Poultry,Portugal,2021-06-01,-1.4,2021,8.76
Poultry,Portugal,2021-07-01,-1.4,2021,8.76
Poultry,Portugal,2021-08-01,0.9,2021,8.76
Poultry,Portugal,2021-09-01,2.0,2021,8.76
Poultry,Portugal,2021-10-01,0.9,2021,8.76
Poultry,Portugal,2021-11-01,4.7,2021,8.76
Poultry,Portugal,2021-12-01,9.7,2021,8.76
Poultry,Portugal,2022-01-01,9.0,2022,9.4
Poultry,Portugal,2022-02-01,10.5,2022,9.4
Poultry,Portugal,2022-03-01,15.1,2022,9.4
Poultry,Portugal,2022-04-01,25.5,2022,9.4
Poultry,Portugal,2022-05-01,29.1,2022,9.4
Poultry,Portugal,2022-06-01,29.5,2022,9.4
Poultry,Portugal,2022-07-01,30.6,2022,9.4
Poultry,Portugal,2022-08-01,33.5,2022,9.4
Poultry,Portugal,2022-09-01,34.5,2022,9.4
Poultry,Portugal,2022-10-01,37.0,2022,9.4
Poultry,Portugal,2022-11-01,32.1,2022,9.4
Poultry,Portugal,2022-12-01,27.6,2022,9.4
Poultry,Portugal,2023-01-01,27.9,2023,9.97
Poultry,Portugal,2023-02-01,25.4,2023,9.97
Poultry,Portugal,2023-03-01,16.9,2023,9.97
Poultry,Portugal,2023-04-01,4.8,2023,9.97
Poultry,Portugal,2023-05-01,-0.2,2023,9.97
Poultry,Portugal,2023-06-01,-1.7,2023,9.97
Poultry,Portugal,2023-07-01,-2.7,2023,9.97
Poultry,Portugal,2023-08-01,-4.3,2023,9.97
Poultry,Portugal,2023-09-01,-4.2,2023,9.97
Poultry,Portugal,2023-10-01,-4.8,2023,9.97
Poultry,Portugal,2023-11-01,-4.5,2023,9.97
Poultry,Portugal,2023-12-01,-4.4,2023,9.97
Poultry,Portugal,2024-01-01,-2.3,2024,8.89
Poultry,Portugal,2024-02-01,-3.1,2024,8.89
Poultry,Portugal,2024-03-01,-1.0,2024,8.89
Poultry,Portugal,2024-04-01,-2.3,2024,8.89
Poultry,Portugal,2024-05-01,0.0,2024,8.89
Poultry,Portugal,2024-06-01,1.3,2024,8.89
Poultry,Portugal,2024-07-01,2.0,2024,8.89
Poultry,Portugal,2024-08-01,2.5,2024,8.89
Poultry,Portugal,2024-09-01,2.0,2024,8.89
Poultry,Portugal,2024-10-01,2.9,2024,8.89
Poultry,Portugal,2024-11-01,5.0,2024,8.89
Poultry,Portugal,2024-12-01,6.5,2024,8.89
Poultry,Portugal,2025-01-01,4.4,2025,8.74
Poultry,Portugal,2025-02-01,5.7,2025,8.74
Poultry,Portugal,2025-03-01,5.2,2025,8.74
Poultry,Portugal,2025-04-01,6.5,2025,8.74
Poultry,Portugal,2025-05-01,6.5,2025,8.74
Poultry,Portugal,2025-06-01,7.2,2025,8.74
Poultry,Portugal,2025-07-01,6.7,2025,8.74
Poultry,Portugal,2025-08-01,7.7,2025,8.74
Poultry,Portugal,2025-09-01,9.2,2025,8.74
Poultry,Portugal,2025-10-01,10.0,2025,8.74
Poultry,Portugal,2025-11-01,7.4,2025,8.74
Poultry,Portugal,2025-12-01,6.3,2025,8.74
Fresh or chilled fish,Germany,2019-01-01,3.0,2019,0.93
Fresh or chilled fish,Germany,2019-02-01,5.2,2019,0.93
Fresh or chilled fish,Germany,2019-03-01,5.5,2019,0.93
Fresh or chilled fish,Germany,2019-04-01,3.8,2019,0.93
Fresh or chilled fish,Germany,2019-05-01,4.2,2019,0.93
Fresh or chilled fish,Germany,2019-06-01,5.2,2019,0.93
Fresh or chilled fish,Germany,2019-07-01,6.0,2019,0.93
Fresh or chilled fish,Germany,2019-08-01,5.7,2019,0.93
Fresh or chilled fish,Germany,2019-09-01,4.7,2019,0.93
Fresh or chilled fish,Germany,2019-10-01,4.9,2019,0.93
Fresh or chilled fish,Germany,2019-11-01,3.5,2019,0.93
Fresh or chilled fish,Germany,2019-12-01,4.8,2019,0.93
Fresh or chilled fish,Germany,2020-01-01,3.8,2020,0.98
Fresh or chilled fish,Germany,2020-02-01,4.0,2020,0.98
Fresh or chilled fish,Germany,2020-03-01,3.5,2020,0.98
Fresh or chilled fish,Germany,2020-04-01,5.5,2020,0.98
Fresh or chilled fish,Germany,2020-05-01,3.6,2020,0.98
Fresh or chilled fish,Germany,2020-06-01,3.4,2020,0.98
Fresh or chilled fish,Germany,2020-07-01,3.3,2020,0.98
Fresh or chilled fish,Germany,2020-08-01,1.9,2020,0.98
Fresh or chilled fish,Germany,2020-09-01,2.5,2020,0.98
Fresh or chilled fish,Germany,2020-10-01,0.9,2020,0.98
Fresh or chilled fish,Germany,2020-11-01,0.5,2020,0.98
Fresh or chilled fish,Germany,2020-12-01,1.5,2020,0.98
Fresh or chilled fish,Germany,2021-01-01,1.7,2021,1.09
Fresh or chilled fish,Germany,2021-02-01,1.3,2021,1.09
Fresh or chilled fish,Germany,2021-03-01,1.3,2021,1.09
Fresh or chilled fish,Germany,2021-04-01,1.6,2021,1.09
Fresh or chilled fish,Germany,2021-05-01,2.7,2021,1.09
Fresh or chilled fish,Germany,2021-06-01,2.3,2021,1.09
Fresh or chilled fish,Germany,2021-07-01,2.4,2021,1.09
Fresh or chilled fish,Germany,2021-08-01,3.5,2021,1.09
Fresh or chilled fish,Germany,2021-09-01,3.8,2021,1.09
Fresh or chilled fish,Germany,2021-10-01,6.0,2021,1.09
Fresh or chilled fish,Germany,2021-11-01,7.3,2021,1.09
Fresh or chilled fish,Germany,2021-12-01,6.1,2021,1.09
Fresh or chilled fish,Germany,2022-01-01,6.2,2022,1.08
Fresh or chilled fish,Germany,2022-02-01,6.3,2022,1.08
Fresh or chilled fish,Germany,2022-03-01,8.5,2022,1.08
Fresh or chilled fish,Germany,2022-04-01,10.4,2022,1.08
Fresh or chilled fish,Germany,2022-05-01,12.9,2022,1.08
Fresh or chilled fish,Germany,2022-06-01,14.9,2022,1.08
Fresh or chilled fish,Germany,2022-07-01,15.0,2022,1.08
Fresh or chilled fish,Germany,2022-08-01,15.7,2022,1.08
Fresh or chilled fish,Germany,2022-09-01,16.7,2022,1.08
Fresh or chilled fish,Germany,2022-10-01,15.3,2022,1.08
Fresh or chilled fish,Germany,2022-11-01,16.3,2022,1.08
Fresh or chilled fish,Germany,2022-12-01,15.5,2022,1.08
Fresh or chilled fish,Germany,2023-01-01,16.1,2023,0.53
Fresh or chilled fish,Germany,2023-02-01,18.1,2023,0.53
Fresh or chilled fish,Germany,2023-03-01,15.2,2023,0.53
Fresh or chilled fish,Germany,2023-04-01,13.0,2023,0.53
Fresh or chilled fish,Germany,2023-05-01,10.6,2023,0.53
Fresh or chilled fish,Germany,2023-06-01,9.6,2023,0.53
Fresh or chilled fish,Germany,2023-07-01,7.3,2023,0.53
Fresh or chilled fish,Germany,2023-08-01,6.1,2023,0.53
Fresh or chilled fish,Germany,2023-09-01,4.2,2023,0.53
Fresh or chilled fish,Germany,2023-10-01,4.6,2023,0.53
Fresh or chilled fish,Germany,2023-11-01,3.5,2023,0.53
Fresh or chilled fish,Germany,2023-12-01,2.9,2023,0.53
Fresh or chilled fish,Germany,2024-01-01,2.9,2024,0.54
Fresh or chilled fish,Germany,2024-02-01,1.0,2024,0.54
Fresh or chilled fish,Germany,2024-03-01,0.2,2024,0.54
Fresh or chilled fish,Germany,2024-04-01,-0.6,2024,0.54
Fresh or chilled fish,Germany,2024-05-01,-0.4,2024,0.54
Fresh or chilled fish,Germany,2024-06-01,-1.0,2024,0.54
Fresh or chilled fish,Germany,2024-07-01,0.3,2024,0.54
Fresh or chilled fish,Germany,2024-08-01,0.7,2024,0.54
Fresh or chilled fish,Germany,2024-09-01,1.5,2024,0.54
Fresh or chilled fish,Germany,2024-10-01,0.5,2024,0.54
Fresh or chilled fish,Germany,2024-11-01,0.0,2024,0.54
Fresh or chilled fish,Germany,2024-12-01,1.9,2024,0.54
Fresh or chilled fish,Germany,2025-01-01,0.6,2025,0.54
Fresh or chilled fish,Germany,2025-02-01,1.6,2025,0.54
Fresh or chilled fish,Germany,2025-03-01,2.2,2025,0.54
Fresh or chilled fish,Germany,2025-04-01,1.2,2025,0.54
Fresh or chilled fish,Germany,2025-05-01,1.8,2025,0.54
Fresh or chilled fish,Germany,2025-06-01,1.6,2025,0.54
Fresh or chilled fish,Germany,2025-07-01,2.9,2025,0.54
Fresh or chilled fish,Germany,2025-08-01,3.3,2025,0.54
Fresh or chilled fish,Germany,2025-09-01,2.9,2025,0.54
Fresh or chilled fish,Germany,2025-10-01,4.2,2025,0.54
Fresh or chilled fish,Germany,2025-11-01,4.0,2025,0.54
Fresh or chilled fish,Germany,2025-12-01,2.9,2025,0.54
Fresh or chilled fish,"Euro area (EA11-1999, EA12-2001, EA13-2007, EA15-2008, EA16-2009, EA17-2011, EA18-2014, EA19-2015, EA20-2023, EA21-2026)",2019-01-01,1.1,2019,3.84
Fresh or chilled fish,"Euro area (EA11-1999, EA12-2001, EA13-2007, EA15-2008, EA16-2009, EA17-2011, EA18-2014, EA19-2015, EA20-2023, EA21-2026)",2019-02-01,2.4,2019,3.84
Fresh or chilled fish,"Euro area (EA11-1999, EA12-2001, EA13-2007, EA15-2008, EA16-2009, EA17-2011, EA18-2014, EA19-2015, EA20-2023, EA21-2026)",2019-03-01,1.8,2019,3.84
Fresh or chilled fish,"Euro area (EA11-1999, EA12-2001, EA13-2007, EA15-2008, EA16-2009, EA17-2011, EA18-2014, EA19-2015, EA20-2023, EA21-2026)",2019-04-01,0.6,2019,3.84
Fresh or chilled fish,"Euro area (EA11-1999, EA12-2001, EA13-2007, EA15-2008, EA16-2009, EA17-2011, EA18-2014, EA19-2015, EA20-2023, EA21-2026)",2019-05-01,2.6,2019,3.84
Fresh or chilled fish,"Euro area (EA11-1999, EA12-2001, EA13-2007, EA15-2008, EA16-2009, EA17-2011, EA18-2014, EA19-2015, EA20-2023, EA21-2026)",2019-06-01,1.9,2019,3.84
Fresh or chilled fish,"Euro area (EA11-1999, EA12-2001, EA13-2007, EA15-2008, EA16-2009, EA17-2011, EA18-2014, EA19-2015, EA20-2023, EA21-2026)",2019-07-01,2.5,2019,3.84
Fresh or chilled fish,"Euro area (EA11-1999, EA12-2001, EA13-2007, EA15-2008, EA16-2009, EA17-2011, EA18-2014, EA19-2015, EA20-2023, EA21-2026)",2019-08-01,3.0,2019,3.84
Fresh or chilled fish,"Euro area (EA11-1999, EA12-2001, EA13-2007, EA15-2008, EA16-2009, EA17-2011, EA18-2014, EA19-2015, EA20-2023, EA21-2026)",2019-09-01,1.6,2019,3.84
Fresh or chilled fish,"Euro area (EA11-1999, EA12-2001, EA13-2007, EA15-2008, EA16-2009, EA17-2011, EA18-2014, EA19-2015, EA20-2023, EA21-2026)",2019-10-01,0.8,2019,3.84
Fresh or chilled fish,"Euro area (EA11-1999, EA12-2001, EA13-2007, EA15-2008, EA16-2009, EA17-2011, EA18-2014, EA19-2015, EA20-2023, EA21-2026)",2019-11-01,1.6,2019,3.84
Fresh or chilled fish,"Euro area (EA11-1999, EA12-2001, EA13-2007, EA15-2008, EA16-2009, EA17-2011, EA18-2014, EA19-2015, EA20-2023, EA21-2026)",2019-12-01,1.8,2019,3.84
Fresh or chilled fish,"Euro area (EA11-1999, EA12-2001, EA13-2007, EA15-2008, EA16-2009, EA17-2011, EA18-2014, EA19-2015, EA20-2023, EA21-2026)",2020-01-01,4.6,2020,3.82
Fresh or chilled fish,"Euro area (EA11-1999, EA12-2001, EA13-2007, EA15-2008, EA16-2009, EA17-2011, EA18-2014, EA19-2015, EA20-2023, EA21-2026)",2020-02-01,3.1,2020,3.82
Fresh or chilled fish,"Euro area (EA11-1999, EA12-2001, EA13-2007, EA15-2008, EA16-2009, EA17-2011, EA18-2014, EA19-2015, EA20-2023, EA21-2026)",2020-03-01,4.5,2020,3.82
Fresh or chilled fish,"Euro area (EA11-1999, EA12-2001, EA13-2007, EA15-2008, EA16-2009, EA17-2011, EA18-2014, EA19-2015, EA20-2023, EA21-2026)",2020-04-01,7.9,2020,3.82
Fresh or chilled fish,"Euro area (EA11-1999, EA12-2001, EA13-2007, EA15-2008, EA16-2009, EA17-2011, EA18-2014, EA19-2015, EA20-2023, EA21-2026)",2020-05-01,3.2,2020,3.82
Fresh or chilled fish,"Euro area (EA11-1999, EA12-2001, EA13-2007, EA15-2008, EA16-2009, EA17-2011, EA18-2014, EA19-2015, EA20-2023, EA21-2026)",2020-06-01,3.5,2020,3.82
Fresh or chilled fish,"Euro area (EA11-1999, EA12-2001, EA13-2007, EA15-2008, EA16-2009, EA17-2011, EA18-2014, EA19-2015, EA20-2023, EA21-2026)",2020-07-01,1.3,2020,3.82
Fresh or chilled fish,"Euro area (EA11-1999, EA12-2001, EA13-2007, EA15-2008, EA16-2009, EA17-2011, EA18-2014, EA19-2015, EA20-2023, EA21-2026)",2020-08-01,0.7,2020,3.82
Fresh or chilled fish,"Euro area (EA11-1999, EA12-2001, EA13-2007, EA15-2008, EA16-2009, EA17-2011, EA18-2014, EA19-2015, EA20-2023, EA21-2026)",2020-09-01,1.3,2020,3.82
Fresh or chilled fish,"Euro area (EA11-1999, EA12-2001, EA13-2007, EA15-2008, EA16-2009, EA17-2011, EA18-2014, EA19-2015, EA20-2023, EA21-2026)",2020-10-01,1.3,2020,3.82
Fresh or chilled fish,"Euro area (EA11-1999, EA12-2001, EA13-2007, EA15-2008, EA16-2009, EA17-2011, EA18-2014, EA19-2015, EA20-2023, EA21-2026)",2020-11-01,1.0,2020,3.82
Fresh or chilled fish,"Euro area (EA11-1999, EA12-2001, EA13-2007, EA15-2008, EA16-2009, EA17-2011, EA18-2014, EA19-2015, EA20-2023, EA21-2026)",2020-12-01,1.9,2020,3.82
Fresh or chilled fish,"Euro area (EA11-1999, EA12-2001, EA13-2007, EA15-2008, EA16-2009, EA17-2011, EA18-2014, EA19-2015, EA20-2023, EA21-2026)",2021-01-01,-1.0,2021,4.18
Fresh or chilled fish,"Euro area (EA11-1999, EA12-2001, EA13-2007, EA15-2008, EA16-2009, EA17-2011, EA18-2014, EA19-2015, EA20-2023, EA21-2026)",2021-02-01,0.7,2021,4.18
Fresh or chilled fish,"Euro area (EA11-1999, EA12-2001, EA13-2007, EA15-2008, EA16-2009, EA17-2011, EA18-2014, EA19-2015, EA20-2023, EA21-2026)",2021-03-01,-1.2,2021,4.18
Fresh or chilled fish,"Euro area (EA11-1999, EA12-2001, EA13-2007, EA15-2008, EA16-2009, EA17-2011, EA18-2014, EA19-2015, EA20-2023, EA21-2026)",2021-04-01,-3.0,2021,4.18
Fresh or chilled fish,"Euro area (EA11-1999, EA12-2001, EA13-2007, EA15-2008, EA16-2009, EA17-2011, EA18-2014, EA19-2015, EA20-2023, EA21-2026)",2021-05-01,0.7,2021,4.18
Fresh or chilled fish,"Euro area (EA11-1999, EA12-2001, EA13-2007, EA15-2008, EA16-2009, EA17-2011, EA18-2014, EA19-2015, EA20-2023, EA21-2026)",2021-06-01,0.8,2021,4.18
Fresh or chilled fish,"Euro area (EA11-1999, EA12-2001, EA13-2007, EA15-2008, EA16-2009, EA17-2011, EA18-2014, EA19-2015, EA20-2023, EA21-2026)",2021-07-01,3.4,2021,4.18
Fresh or chilled fish,"Euro area (EA11-1999, EA12-2001, EA13-2007, EA15-2008, EA16-2009, EA17-2011, EA18-2014, EA19-2015, EA20-2023, EA21-2026)",2021-08-01,3.6,2021,4.18
Fresh or chilled fish,"Euro area (EA11-1999, EA12-2001, EA13-2007, EA15-2008, EA16-2009, EA17-2011, EA18-2014, EA19-2015, EA20-2023, EA21-2026)",2021-09-01,3.1,2021,4.18
Fresh or chilled fish,"Euro area (EA11-1999, EA12-2001, EA13-2007, EA15-2008, EA16-2009, EA17-2011, EA18-2014, EA19-2015, EA20-2023, EA21-2026)",2021-10-01,4.3,2021,4.18
Fresh or chilled fish,"Euro area (EA11-1999, EA12-2001, EA13-2007, EA15-2008, EA16-2009, EA17-2011, EA18-2014, EA19-2015, EA20-2023, EA21-2026)",2021-11-01,4.5,2021,4.18
Fresh or chilled fish,"Euro area (EA11-1999, EA12-2001, EA13-2007, EA15-2008, EA16-2009, EA17-2011, EA18-2014, EA19-2015, EA20-2023, EA21-2026)",2021-12-01,4.9,2021,4.18
Fresh or chilled fish,"Euro area (EA11-1999, EA12-2001, EA13-2007, EA15-2008, EA16-2009, EA17-2011, EA18-2014, EA19-2015, EA20-2023, EA21-2026)",2022-01-01,6.4,2022,4.13
Fresh or chilled fish,"Euro area (EA11-1999, EA12-2001, EA13-2007, EA15-2008, EA16-2009, EA17-2011, EA18-2014, EA19-2015, EA20-2023, EA21-2026)",2022-02-01,6.3,2022,4.13
Fresh or chilled fish,"Euro area (EA11-1999, EA12-2001, EA13-2007, EA15-2008, EA16-2009, EA17-2011, EA18-2014, EA19-2015, EA20-2023, EA21-2026)",2022-03-01,10.2,2022,4.13
Fresh or chilled fish,"Euro area (EA11-1999, EA12-2001, EA13-2007, EA15-2008, EA16-2009, EA17-2011, EA18-2014, EA19-2015, EA20-2023, EA21-2026)",2022-04-01,9.8,2022,4.13
Fresh or chilled fish,"Euro area (EA11-1999, EA12-2001, EA13-2007, EA15-2008, EA16-2009, EA17-2011, EA18-2014, EA19-2015, EA20-2023, EA21-2026)",2022-05-01,12.0,2022,4.13
Fresh or chilled fish,"Euro area (EA11-1999, EA12-2001, EA13-2007, EA15-2008, EA16-2009, EA17-2011, EA18-2014, EA19-2015, EA20-2023, EA21-2026)",2022-06-01,12.8,2022,4.13
Fresh or chilled fish,"Euro area (EA11-1999, EA12-2001, EA13-2007, EA15-2008, EA16-2009, EA17-2011, EA18-2014, EA19-2015, EA20-2023, EA21-2026)",2022-07-01,12.9,2022,4.13
Fresh or chilled fish,"Euro area (EA11-1999, EA12-2001, EA13-2007, EA15-2008, EA16-2009, EA17-2011, EA18-2014, EA19-2015, EA20-2023, EA21-2026)",2022-08-01,11.6,2022,4.13
Fresh or chilled fish,"Euro area (EA11-1999, EA12-2001, EA13-2007, EA15-2008, EA16-2009, EA17-2011, EA18-2014, EA19-2015, EA20-2023, EA21-2026)",2022-09-01,11.6,2022,4.13
Fresh or chilled fish,"Euro area (EA11-1999, EA12-2001, EA13-2007, EA15-2008, EA16-2009, EA17-2011, EA18-2014, EA19-2015, EA20-2023, EA21-2026)",2022-10-01,10.7,2022,4.13
Fresh or chilled fish,"Euro area (EA11-1999, EA12-2001, EA13-2007, EA15-2008, EA16-2009, EA17-2011, EA18-2014, EA19-2015, EA20-2023, EA21-2026)",2022-11-01,10.4,2022,4.13
Fresh or chilled fish,"Euro area (EA11-1999, EA12-2001, EA13-2007, EA15-2008, EA16-2009, EA17-2011, EA18-2014, EA19-2015, EA20-2023, EA21-2026)",2022-12-01,9.6,2022,4.13
Fresh or chilled fish,"Euro area (EA11-1999, EA12-2001, EA13-2007, EA15-2008, EA16-2009, EA17-2011, EA18-2014, EA19-2015, EA20-2023, EA21-2026)",2023-01-01,10.4,2023,3.48
Fresh or chilled fish,"Euro area (EA11-1999, EA12-2001, EA13-2007, EA15-2008, EA16-2009, EA17-2011, EA18-2014, EA19-2015, EA20-2023, EA21-2026)",2023-02-01,10.5,2023,3.48
Fresh or chilled fish,"Euro area (EA11-1999, EA12-2001, EA13-2007, EA15-2008, EA16-2009, EA17-2011, EA18-2014, EA19-2015, EA20-2023, EA21-2026)",2023-03-01,8.8,2023,3.48
Fresh or chilled fish,"Euro area (EA11-1999, EA12-2001, EA13-2007, EA15-2008, EA16-2009, EA17-2011, EA18-2014, EA19-2015, EA20-2023, EA21-2026)",2023-04-01,8.6,2023,3.48
Fresh or chilled fish,"Euro area (EA11-1999, EA12-2001, EA13-2007, EA15-2008, EA16-2009, EA17-2011, EA18-2014, EA19-2015, EA20-2023, EA21-2026)",2023-05-01,4.4,2023,3.48
Fresh or chilled fish,"Euro area (EA11-1999, EA12-2001, EA13-2007, EA15-2008, EA16-2009, EA17-2011, EA18-2014, EA19-2015, EA20-2023, EA21-2026)",2023-06-01,4.2,2023,3.48
Fresh or chilled fish,"Euro area (EA11-1999, EA12-2001, EA13-2007, EA15-2008, EA16-2009, EA17-2011, EA18-2014, EA19-2015, EA20-2023, EA21-2026)",2023-07-01,3.0,2023,3.48
Fresh or chilled fish,"Euro area (EA11-1999, EA12-2001, EA13-2007, EA15-2008, EA16-2009, EA17-2011, EA18-2014, EA19-2015, EA20-2023, EA21-2026)",2023-08-01,3.7,2023,3.48
Fresh or chilled fish,"Euro area (EA11-1999, EA12-2001, EA13-2007, EA15-2008, EA16-2009, EA17-2011, EA18-2014, EA19-2015, EA20-2023, EA21-2026)",2023-09-01,3.5,2023,3.48
Fresh or chilled fish,"Euro area (EA11-1999, EA12-2001, EA13-2007, EA15-2008, EA16-2009, EA17-2011, EA18-2014, EA19-2015, EA20-2023, EA21-2026)",2023-10-01,4.1,2023,3.48
Fresh or chilled fish,"Euro area (EA11-1999, EA12-2001, EA13-2007, EA15-2008, EA16-2009, EA17-2011, EA18-2014, EA19-2015, EA20-2023, EA21-2026)",2023-11-01,4.6,2023,3.48
Fresh or chilled fish,"Euro area (EA11-1999, EA12-2001, EA13-2007, EA15-2008, EA16-2009, EA17-2011, EA18-2014, EA19-2015, EA20-2023, EA21-2026)",2023-12-01,2.7,2023,3.48
Fresh or chilled fish,"Euro area (EA11-1999, EA12-2001, EA13-2007, EA15-2008, EA16-2009, EA17-2011, EA18-2014, EA19-2015, EA20-2023, EA21-2026)",2024-01-01,2.7,2024,3.2
Fresh or chilled fish,"Euro area (EA11-1999, EA12-2001, EA13-2007, EA15-2008, EA16-2009, EA17-2011, EA18-2014, EA19-2015, EA20-2023, EA21-2026)",2024-02-01,3.8,2024,3.2
Fresh or chilled fish,"Euro area (EA11-1999, EA12-2001, EA13-2007, EA15-2008, EA16-2009, EA17-2011, EA18-2014, EA19-2015, EA20-2023, EA21-2026)",2024-03-01,2.8,2024,3.2
Fresh or chilled fish,"Euro area (EA11-1999, EA12-2001, EA13-2007, EA15-2008, EA16-2009, EA17-2011, EA18-2014, EA19-2015, EA20-2023, EA21-2026)",2024-04-01,2.2,2024,3.2
Fresh or chilled fish,"Euro area (EA11-1999, EA12-2001, EA13-2007, EA15-2008, EA16-2009, EA17-2011, EA18-2014, EA19-2015, EA20-2023, EA21-2026)",2024-05-01,3.5,2024,3.2
Fresh or chilled fish,"Euro area (EA11-1999, EA12-2001, EA13-2007, EA15-2008, EA16-2009, EA17-2011, EA18-2014, EA19-2015, EA20-2023, EA21-2026)",2024-06-01,2.4,2024,3.2
Fresh or chilled fish,"Euro area (EA11-1999, EA12-2001, EA13-2007, EA15-2008, EA16-2009, EA17-2011, EA18-2014, EA19-2015, EA20-2023, EA21-2026)",2024-07-01,1.9,2024,3.2
Fresh or chilled fish,"Euro area (EA11-1999, EA12-2001, EA13-2007, EA15-2008, EA16-2009, EA17-2011, EA18-2014, EA19-2015, EA20-2023, EA21-2026)",2024-08-01,1.8,2024,3.2
Fresh or chilled fish,"Euro area (EA11-1999, EA12-2001, EA13-2007, EA15-2008, EA16-2009, EA17-2011, EA18-2014, EA19-2015, EA20-2023, EA21-2026)",2024-09-01,3.1,2024,3.2
Fresh or chilled fish,"Euro area (EA11-1999, EA12-2001, EA13-2007, EA15-2008, EA16-2009, EA17-2011, EA18-2014, EA19-2015, EA20-2023, EA21-2026)",2024-10-01,3.0,2024,3.2
Fresh or chilled fish,"Euro area (EA11-1999, EA12-2001, EA13-2007, EA15-2008, EA16-2009, EA17-2011, EA18-2014, EA19-2015, EA20-2023, EA21-2026)",2024-11-01,1.4,2024,3.2
Fresh or chilled fish,"Euro area (EA11-1999, EA12-2001, EA13-2007, EA15-2008, EA16-2009, EA17-2011, EA18-2014, EA19-2015, EA20-2023, EA21-2026)",2024-12-01,5.0,2024,3.2
Fresh or chilled fish,"Euro area (EA11-1999, EA12-2001, EA13-2007, EA15-2008, EA16-2009, EA17-2011, EA18-2014, EA19-2015, EA20-2023, EA21-2026)",2025-01-01,4.6,2025,3.1
Fresh or chilled fish,"Euro area (EA11-1999, EA12-2001, EA13-2007, EA15-2008, EA16-2009, EA17-2011, EA18-2014, EA19-2015, EA20-2023, EA21-2026)",2025-02-01,3.7,2025,3.1
Fresh or chilled fish,"Euro area (EA11-1999, EA12-2001, EA13-2007, EA15-2008, EA16-2009, EA17-2011, EA18-2014, EA19-2015, EA20-2023, EA21-2026)",2025-03-01,2.3,2025,3.1
Fresh or chilled fish,"Euro area (EA11-1999, EA12-2001, EA13-2007, EA15-2008, EA16-2009, EA17-2011, EA18-2014, EA19-2015, EA20-2023, EA21-2026)",2025-04-01,1.6,2025,3.1
Fresh or chilled fish,"Euro area (EA11-1999, EA12-2001, EA13-2007, EA15-2008, EA16-2009, EA17-2011, EA18-2014, EA19-2015, EA20-2023, EA21-2026)",2025-05-01,2.1,2025,3.1
Fresh or chilled fish,"Euro area (EA11-1999, EA12-2001, EA13-2007, EA15-2008, EA16-2009, EA17-2011, EA18-2014, EA19-2015, EA20-2023, EA21-2026)",2025-06-01,2.8,2025,3.1
Fresh or chilled fish,"Euro area (EA11-1999, EA12-2001, EA13-2007, EA15-2008, EA16-2009, EA17-2011, EA18-2014, EA19-2015, EA20-2023, EA21-2026)",2025-07-01,4.1,2025,3.1
Fresh or chilled fish,"Euro area (EA11-1999, EA12-2001, EA13-2007, EA15-2008, EA16-2009, EA17-2011, EA18-2014, EA19-2015, EA20-2023, EA21-2026)",2025-08-01,3.9,2025,3.1
Fresh or chilled fish,"Euro area (EA11-1999, EA12-2001, EA13-2007, EA15-2008, EA16-2009, EA17-2011, EA18-2014, EA19-2015, EA20-2023, EA21-2026)",2025-09-01,4.8,2025,3.1
Fresh or chilled fish,"Euro area (EA11-1999, EA12-2001, EA13-2007, EA15-2008, EA16-2009, EA17-2011, EA18-2014, EA19-2015, EA20-2023, EA21-2026)",2025-10-01,4.6,2025,3.1
Fresh or chilled fish,"Euro area (EA11-1999, EA12-2001, EA13-2007, EA15-2008, EA16-2009, EA17-2011, EA18-2014, EA19-2015, EA20-2023, EA21-2026)",2025-11-01,5.3,2025,3.1
Fresh or chilled fish,"Euro area (EA11-1999, EA12-2001, EA13-2007, EA15-2008, EA16-2009, EA17-2011, EA18-2014, EA19-2015, EA20-2023, EA21-2026)",2025-12-01,3.3,2025,3.1
Fresh or chilled fish,Spain,2019-01-01,-3.0,2019,8.56
Fresh or chilled fish,Spain,2019-02-01,1.0,2019,8.56
Fresh or chilled fish,Spain,2019-03-01,-0.1,2019,8.56
Fresh or chilled fish,Spain,2019-04-01,-2.0,2019,8.56
Fresh or chilled fish,Spain,2019-05-01,3.5,2019,8.56
Fresh or chilled fish,Spain,2019-06-01,2.3,2019,8.56
Fresh or chilled fish,Spain,2019-07-01,3.5,2019,8.56
Fresh or chilled fish,Spain,2019-08-01,6.0,2019,8.56
Fresh or chilled fish,Spain,2019-09-01,3.2,2019,8.56
Fresh or chilled fish,Spain,2019-10-01,1.4,2019,8.56
Fresh or chilled fish,Spain,2019-11-01,3.7,2019,8.56
Fresh or chilled fish,Spain,2019-12-01,2.2,2019,8.56
Fresh or chilled fish,Spain,2020-01-01,9.4,2020,8.92
Fresh or chilled fish,Spain,2020-02-01,5.0,2020,8.92
Fresh or chilled fish,Spain,2020-03-01,8.9,2020,8.92
Fresh or chilled fish,Spain,2020-04-01,10.5,2020,8.92
Fresh or chilled fish,Spain,2020-05-01,1.1,2020,8.92
Fresh or chilled fish,Spain,2020-06-01,3.3,2020,8.92
Fresh or chilled fish,Spain,2020-07-01,1.6,2020,8.92
Fresh or chilled fish,Spain,2020-08-01,1.0,2020,8.92
Fresh or chilled fish,Spain,2020-09-01,1.3,2020,8.92
Fresh or chilled fish,Spain,2020-10-01,1.2,2020,8.92
Fresh or chilled fish,Spain,2020-11-01,-1.9,2020,8.92
Fresh or chilled fish,Spain,2020-12-01,1.3,2020,8.92
Fresh or chilled fish,Spain,2021-01-01,0.2,2021,10.36
Fresh or chilled fish,Spain,2021-02-01,2.3,2021,10.36
Fresh or chilled fish,Spain,2021-03-01,-3.0,2021,10.36
Fresh or chilled fish,Spain,2021-04-01,-3.5,2021,10.36
Fresh or chilled fish,Spain,2021-05-01,2.8,2021,10.36
Fresh or chilled fish,Spain,2021-06-01,3.0,2021,10.36
Fresh or chilled fish,Spain,2021-07-01,5.0,2021,10.36
Fresh or chilled fish,Spain,2021-08-01,3.2,2021,10.36
Fresh or chilled fish,Spain,2021-09-01,1.6,2021,10.36
Fresh or chilled fish,Spain,2021-10-01,2.6,2021,10.36
Fresh or chilled fish,Spain,2021-11-01,4.7,2021,10.36
Fresh or chilled fish,Spain,2021-12-01,6.6,2021,10.36
Fresh or chilled fish,Spain,2022-01-01,5.9,2022,10.76
Fresh or chilled fish,Spain,2022-02-01,3.9,2022,10.76
Fresh or chilled fish,Spain,2022-03-01,11.0,2022,10.76
Fresh or chilled fish,Spain,2022-04-01,9.7,2022,10.76
Fresh or chilled fish,Spain,2022-05-01,11.7,2022,10.76
Fresh or chilled fish,Spain,2022-06-01,11.0,2022,10.76
Fresh or chilled fish,Spain,2022-07-01,11.7,2022,10.76
Fresh or chilled fish,Spain,2022-08-01,9.7,2022,10.76
Fresh or chilled fish,Spain,2022-09-01,10.5,2022,10.76
Fresh or chilled fish,Spain,2022-10-01,11.0,2022,10.76
Fresh or chilled fish,Spain,2022-11-01,10.4,2022,10.76
Fresh or chilled fish,Spain,2022-12-01,7.1,2022,10.76
Fresh or chilled fish,Spain,2023-01-01,7.7,2023,8.16
Fresh or chilled fish,Spain,2023-02-01,9.4,2023,8.16
Fresh or chilled fish,Spain,2023-03-01,6.2,2023,8.16
Fresh or chilled fish,Spain,2023-04-01,7.4,2023,8.16
Fresh or chilled fish,Spain,2023-05-01,2.1,2023,8.16
Fresh or chilled fish,Spain,2023-06-01,3.0,2023,8.16
Fresh or chilled fish,Spain,2023-07-01,2.8,2023,8.16
Fresh or chilled fish,Spain,2023-08-01,5.8,2023,8.16
Fresh or chilled fish,Spain,2023-09-01,6.7,2023,8.16
Fresh or chilled fish,Spain,2023-10-01,7.1,2023,8.16
Fresh or chilled fish,Spain,2023-11-01,6.7,2023,8.16
Fresh or chilled fish,Spain,2023-12-01,4.3,2023,8.16
Fresh or chilled fish,Spain,2024-01-01,4.9,2024,7.0
Fresh or chilled fish,Spain,2024-02-01,7.5,2024,7.0
Fresh or chilled fish,Spain,2024-03-01,7.4,2024,7.0
Fresh or chilled fish,Spain,2024-04-01,6.0,2024,7.0
Fresh or chilled fish,Spain,2024-05-01,6.7,2024,7.0
Fresh or chilled fish,Spain,2024-06-01,4.5,2024,7.0
Fresh or chilled fish,Spain,2024-07-01,2.4,2024,7.0
Fresh or chilled fish,Spain,2024-08-01,1.4,2024,7.0
Fresh or chilled fish,Spain,2024-09-01,4.1,2024,7.0
Fresh or chilled fish,Spain,2024-10-01,4.6,2024,7.0
Fresh or chilled fish,Spain,2024-11-01,1.8,2024,7.0
Fresh or chilled fish,Spain,2024-12-01,10.0,2024,7.0
Fresh or chilled fish,Spain,2025-01-01,6.3,2025,6.69
Fresh or chilled fish,Spain,2025-02-01,6.5,2025,6.69
Fresh or chilled fish,Spain,2025-03-01,2.4,2025,6.69
Fresh or chilled fish,Spain,2025-04-01,1.0,2025,6.69
Fresh or chilled fish,Spain,2025-05-01,2.2,2025,6.69
Fresh or chilled fish,Spain,2025-06-01,4.4,2025,6.69
Fresh or chilled fish,Spain,2025-07-01,6.2,2025,6.69
Fresh or chilled fish,Spain,2025-08-01,6.1,2025,6.69
Fresh or chilled fish,Spain,2025-09-01,7.9,2025,6.69
Fresh or chilled fish,Spain,2025-10-01,7.2,2025,6.69
Fresh or chilled fish,Spain,2025-11-01,7.8,2025,6.69
Fresh or chilled fish,Spain,2025-12-01,1.4,2025,6.69
Fresh or chilled fish,France,2019-01-01,5.5,2019,3.56
Fresh or chilled fish,France,2019-02-01,4.1,2019,3.56
Fresh or chilled fish,France,2019-03-01,6.0,2019,3.56
Fresh or chilled fish,France,2019-04-01,4.5,2019,3.56
Fresh or chilled fish,France,2019-05-01,5.8,2019,3.56
Fresh or chilled fish,France,2019-06-01,3.1,2019,3.56
Fresh or chilled fish,France,2019-07-01,3.5,2019,3.56
Fresh or chilled fish,France,2019-08-01,3.6,2019,3.56
Fresh or chilled fish,France,2019-09-01,3.5,2019,3.56
Fresh or chilled fish,France,2019-10-01,1.8,2019,3.56
Fresh or chilled fish,France,2019-11-01,3.4,2019,3.56
Fresh or chilled fish,France,2019-12-01,3.2,2019,3.56
Fresh or chilled fish,France,2020-01-01,7.6,2020,3.29
Fresh or chilled fish,France,2020-02-01,5.9,2020,3.29
Fresh or chilled fish,France,2020-03-01,6.4,2020,3.29
Fresh or chilled fish,France,2020-04-01,19.0,2020,3.29
Fresh or chilled fish,France,2020-05-01,10.3,2020,3.29
Fresh or chilled fish,France,2020-06-01,8.9,2020,3.29
Fresh or chilled fish,France,2020-07-01,0.2,2020,3.29
Fresh or chilled fish,France,2020-08-01,-0.4,2020,3.29
Fresh or chilled fish,France,2020-09-01,0.0,2020,3.29
Fresh or chilled fish,France,2020-10-01,-0.2,2020,3.29
Fresh or chilled fish,France,2020-11-01,4.2,2020,3.29
Fresh or chilled fish,France,2020-12-01,5.4,2020,3.29
Fresh or chilled fish,France,2021-01-01,-5.7,2021,3.74
Fresh or chilled fish,France,2021-02-01,-0.9,2021,3.74
Fresh or chilled fish,France,2021-03-01,-3.8,2021,3.74
Fresh or chilled fish,France,2021-04-01,-10.4,2021,3.74
Fresh or chilled fish,France,2021-05-01,-3.9,2021,3.74
Fresh or chilled fish,France,2021-06-01,-4.8,2021,3.74
Fresh or chilled fish,France,2021-07-01,4.3,2021,3.74
Fresh or chilled fish,France,2021-08-01,5.6,2021,3.74
Fresh or chilled fish,France,2021-09-01,4.7,2021,3.74
Fresh or chilled fish,France,2021-10-01,8.1,2021,3.74
Fresh or chilled fish,France,2021-11-01,3.9,2021,3.74
Fresh or chilled fish,France,2021-12-01,3.4,2021,3.74
Fresh or chilled fish,France,2022-01-01,9.5,2022,3.41
Fresh or chilled fish,France,2022-02-01,10.3,2022,3.41
Fresh or chilled fish,France,2022-03-01,15.6,2022,3.41
Fresh or chilled fish,France,2022-04-01,12.1,2022,3.41
Fresh or chilled fish,France,2022-05-01,13.7,2022,3.41
Fresh or chilled fish,France,2022-06-01,18.3,2022,3.41
Fresh or chilled fish,France,2022-07-01,17.2,2022,3.41
Fresh or chilled fish,France,2022-08-01,15.7,2022,3.41
Fresh or chilled fish,France,2022-09-01,16.5,2022,3.41
Fresh or chilled fish,France,2022-10-01,13.6,2022,3.41
Fresh or chilled fish,France,2022-11-01,12.4,2022,3.41
Fresh or chilled fish,France,2022-12-01,12.6,2022,3.41
Fresh or chilled fish,France,2023-01-01,14.6,2023,3.56
Fresh or chilled fish,France,2023-02-01,12.0,2023,3.56
Fresh or chilled fish,France,2023-03-01,10.0,2023,3.56
Fresh or chilled fish,France,2023-04-01,10.1,2023,3.56
Fresh or chilled fish,France,2023-05-01,4.9,2023,3.56
Fresh or chilled fish,France,2023-06-01,3.4,2023,3.56
Fresh or chilled fish,France,2023-07-01,2.0,2023,3.56
Fresh or chilled fish,France,2023-08-01,1.7,2023,3.56
Fresh or chilled fish,France,2023-09-01,0.2,2023,3.56
Fresh or chilled fish,France,2023-10-01,1.5,2023,3.56
Fresh or chilled fish,France,2023-11-01,3.1,2023,3.56
Fresh or chilled fish,France,2023-12-01,-0.6,2023,3.56
Fresh or chilled fish,France,2024-01-01,-0.9,2024,2.4
Fresh or chilled fish,France,2024-02-01,2.9,2024,2.4
Fresh or chilled fish,France,2024-03-01,-0.8,2024,2.4
Fresh or chilled fish,France,2024-04-01,0.4,2024,2.4
Fresh or chilled fish,France,2024-05-01,3.0,2024,2.4
Fresh or chilled fish,France,2024-06-01,2.3,2024,2.4
Fresh or chilled fish,France,2024-07-01,1.8,2024,2.4
Fresh or chilled fish,France,2024-08-01,1.9,2024,2.4
Fresh or chilled fish,France,2024-09-01,3.4,2024,2.4
Fresh or chilled fish,France,2024-10-01,2.3,2024,2.4
Fresh or chilled fish,France,2024-11-01,1.6,2024,2.4
Fresh or chilled fish,France,2024-12-01,4.9,2024,2.4
Fresh or chilled fish,France,2025-01-01,6.4,2025,2.38
Fresh or chilled fish,France,2025-02-01,3.2,2025,2.38
Fresh or chilled fish,France,2025-03-01,3.7,2025,2.38
Fresh or chilled fish,France,2025-04-01,2.2,2025,2.38
Fresh or chilled fish,France,2025-05-01,2.0,2025,2.38
Fresh or chilled fish,France,2025-06-01,2.1,2025,2.38
Fresh or chilled fish,France,2025-07-01,3.4,2025,2.38
Fresh or chilled fish,France,2025-08-01,2.3,2025,2.38
Fresh or chilled fish,France,2025-09-01,4.1,2025,2.38
Fresh or chilled fish,France,2025-10-01,4.1,2025,2.38
Fresh or chilled fish,France,2025-11-01,5.9,2025,2.38
Fresh or chilled fish,France,2025-12-01,5.8,2025,2.38
Fresh or chilled fish,Italy,2019-01-01,1.1,2019,6.16
Fresh or chilled fish,Italy,2019-02-01,1.0,2019,6.16
Fresh or chilled fish,Italy,2019-03-01,-0.3,2019,6.16
Fresh or chilled fish,Italy,2019-04-01,0.0,2019,6.16
Fresh or chilled fish,Italy,2019-05-01,0.5,2019,6.16
Fresh or chilled fish,Italy,2019-06-01,0.5,2019,6.16
Fresh or chilled fish,Italy,2019-07-01,0.5,2019,6.16
Fresh or chilled fish,Italy,2019-08-01,0.8,2019,6.16
Fresh or chilled fish,Italy,2019-09-01,-0.4,2019,6.16
Fresh or chilled fish,Italy,2019-10-01,-0.6,2019,6.16
Fresh or chilled fish,Italy,2019-11-01,-0.1,2019,6.16
Fresh or chilled fish,Italy,2019-12-01,0.7,2019,6.16
Fresh or chilled fish,Italy,2020-01-01,1.3,2020,6.03
Fresh or chilled fish,Italy,2020-02-01,1.3,2020,6.03
Fresh or chilled fish,Italy,2020-03-01,2.3,2020,6.03
Fresh or chilled fish,Italy,2020-04-01,2.4,2020,6.03
Fresh or chilled fish,Italy,2020-05-01,2.1,2020,6.03
Fresh or chilled fish,Italy,2020-06-01,2.2,2020,6.03
Fresh or chilled fish,Italy,2020-07-01,2.2,2020,6.03
Fresh or chilled fish,Italy,2020-08-01,2.1,2020,6.03
Fresh or chilled fish,Italy,2020-09-01,2.3,2020,6.03
Fresh or chilled fish,Italy,2020-10-01,2.4,2020,6.03
Fresh or chilled fish,Italy,2020-11-01,1.5,2020,6.03
Fresh or chilled fish,Italy,2020-12-01,1.3,2020,6.03
Fresh or chilled fish,Italy,2021-01-01,0.4,2021,7.05
Fresh or chilled fish,Italy,2021-02-01,0.4,2021,7.05
Fresh or chilled fish,Italy,2021-03-01,0.6,2021,7.05
Fresh or chilled fish,Italy,2021-04-01,1.2,2021,7.05
Fresh or chilled fish,Italy,2021-05-01,1.9,2021,7.05
Fresh or chilled fish,Italy,2021-06-01,1.3,2021,7.05
Fresh or chilled fish,Italy,2021-07-01,1.9,2021,7.05
Fresh or chilled fish,Italy,2021-08-01,2.6,2021,7.05
Fresh or chilled fish,Italy,2021-09-01,2.8,2021,7.05
Fresh or chilled fish,Italy,2021-10-01,3.3,2021,7.05
Fresh or chilled fish,Italy,2021-11-01,3.9,2021,7.05
Fresh or chilled fish,Italy,2021-12-01,4.1,2021,7.05
Fresh or chilled fish,Italy,2022-01-01,5.1,2022,6.59
Fresh or chilled fish,Italy,2022-02-01,6.1,2022,6.59
Fresh or chilled fish,Italy,2022-03-01,7.6,2022,6.59
Fresh or chilled fish,Italy,2022-04-01,7.6,2022,6.59
Fresh or chilled fish,Italy,2022-05-01,8.6,2022,6.59
Fresh or chilled fish,Italy,2022-06-01,10.2,2022,6.59
Fresh or chilled fish,Italy,2022-07-01,10.6,2022,6.59
Fresh or chilled fish,Italy,2022-08-01,9.5,2022,6.59
Fresh or chilled fish,Italy,2022-09-01,9.5,2022,6.59
Fresh or chilled fish,Italy,2022-10-01,8.5,2022,6.59
Fresh or chilled fish,Italy,2022-11-01,8.3,2022,6.59
Fresh or chilled fish,Italy,2022-12-01,8.2,2022,6.59
Fresh or chilled fish,Italy,2023-01-01,7.6,2023,5.54
Fresh or chilled fish,Italy,2023-02-01,7.6,2023,5.54
Fresh or chilled fish,Italy,2023-03-01,6.0,2023,5.54
Fresh or chilled fish,Italy,2023-04-01,6.1,2023,5.54
Fresh or chilled fish,Italy,2023-05-01,4.6,2023,5.54
Fresh or chilled fish,Italy,2023-06-01,3.0,2023,5.54
Fresh or chilled fish,Italy,2023-07-01,1.3,2023,5.54
Fresh or chilled fish,Italy,2023-08-01,1.6,2023,5.54
Fresh or chilled fish,Italy,2023-09-01,1.1,2023,5.54
Fresh or chilled fish,Italy,2023-10-01,1.5,2023,5.54
Fresh or chilled fish,Italy,2023-11-01,2.1,2023,5.54
Fresh or chilled fish,Italy,2023-12-01,1.9,2023,5.54
Fresh or chilled fish,Italy,2024-01-01,1.7,2024,5.63
Fresh or chilled fish,Italy,2024-02-01,1.2,2024,5.63
Fresh or chilled fish,Italy,2024-03-01,1.7,2024,5.63
Fresh or chilled fish,Italy,2024-04-01,0.8,2024,5.63
Fresh or chilled fish,Italy,2024-05-01,0.8,2024,5.63
Fresh or chilled fish,Italy,2024-06-01,1.2,2024,5.63
Fresh or chilled fish,Italy,2024-07-01,1.5,2024,5.63
Fresh or chilled fish,Italy,2024-08-01,1.3,2024,5.63
Fresh or chilled fish,Italy,2024-09-01,2.2,2024,5.63
Fresh or chilled fish,Italy,2024-10-01,1.9,2024,5.63
Fresh or chilled fish,Italy,2024-11-01,1.0,2024,5.63
Fresh or chilled fish,Italy,2024-12-01,1.9,2024,5.63
Fresh or chilled fish,Italy,2025-01-01,3.0,2025,5.45
Fresh or chilled fish,Italy,2025-02-01,2.6,2025,5.45
Fresh or chilled fish,Italy,2025-03-01,2.3,2025,5.45
Fresh or chilled fish,Italy,2025-04-01,2.1,2025,5.45
Fresh or chilled fish,Italy,2025-05-01,2.2,2025,5.45
Fresh or chilled fish,Italy,2025-06-01,2.6,2025,5.45
Fresh or chilled fish,Italy,2025-07-01,3.5,2025,5.45
Fresh or chilled fish,Italy,2025-08-01,3.7,2025,5.45
Fresh or chilled fish,Italy,2025-09-01,3.8,2025,5.45
Fresh or chilled fish,Italy,2025-10-01,4.1,2025,5.45
Fresh or chilled fish,Italy,2025-11-01,4.3,2025,5.45
Fresh or chilled fish,Italy,2025-12-01,3.9,2025,5.45
Fresh or chilled fish,Portugal,2019-01-01,0.4,2019,12.37
Fresh or chilled fish,Portugal,2019-02-01,4.3,2019,12.37
Fresh or chilled fish,Portugal,2019-03-01,1.5,2019,12.37
Fresh or chilled fish,Portugal,2019-04-01,-2.6,2019,12.37
Fresh or chilled fish,Portugal,2019-05-01,-0.8,2019,12.37
Fresh or chilled fish,Portugal,2019-06-01,0.7,2019,12.37
Fresh or chilled fish,Portugal,2019-07-01,0.5,2019,12.37
Fresh or chilled fish,Portugal,2019-08-01,-0.4,2019,12.37
Fresh or chilled fish,Portugal,2019-09-01,-0.6,2019,12.37
Fresh or chilled fish,Portugal,2019-10-01,0.5,2019,12.37
Fresh or chilled fish,Portugal,2019-11-01,-1.0,2019,12.37
Fresh or chilled fish,Portugal,2019-12-01,-0.2,2019,12.37
Fresh or chilled fish,Portugal,2020-01-01,-0.8,2020,12.37
Fresh or chilled fish,Portugal,2020-02-01,-1.2,2020,12.37
Fresh or chilled fish,Portugal,2020-03-01,1.6,2020,12.37
Fresh or chilled fish,Portugal,2020-04-01,9.5,2020,12.37
Fresh or chilled fish,Portugal,2020-05-01,5.6,2020,12.37
Fresh or chilled fish,Portugal,2020-06-01,2.1,2020,12.37
Fresh or chilled fish,Portugal,2020-07-01,2.9,2020,12.37
Fresh or chilled fish,Portugal,2020-08-01,1.8,2020,12.37
Fresh or chilled fish,Portugal,2020-09-01,0.8,2020,12.37
Fresh or chilled fish,Portugal,2020-10-01,2.2,2020,12.37
Fresh or chilled fish,Portugal,2020-11-01,1.9,2020,12.37
Fresh or chilled fish,Portugal,2020-12-01,1.6,2020,12.37
Fresh or chilled fish,Portugal,2021-01-01,0.3,2021,13.14
Fresh or chilled fish,Portugal,2021-02-01,1.0,2021,13.14
Fresh or chilled fish,Portugal,2021-03-01,-0.1,2021,13.14
Fresh or chilled fish,Portugal,2021-04-01,-6.8,2021,13.14
Fresh or chilled fish,Portugal,2021-05-01,-3.8,2021,13.14
Fresh or chilled fish,Portugal,2021-06-01,1.0,2021,13.14
Fresh or chilled fish,Portugal,2021-07-01,1.1,2021,13.14
Fresh or chilled fish,Portugal,2021-08-01,2.3,2021,13.14
Fresh or chilled fish,Portugal,2021-09-01,3.5,2021,13.14
Fresh or chilled fish,Portugal,2021-10-01,2.5,2021,13.14
Fresh or chilled fish,Portugal,2021-11-01,2.7,2021,13.14
Fresh or chilled fish,Portugal,2021-12-01,3.7,2021,13.14
Fresh or chilled fish,Portugal,2022-01-01,4.0,2022,12.97
Fresh or chilled fish,Portugal,2022-02-01,5.4,2022,12.97
Fresh or chilled fish,Portugal,2022-03-01,10.1,2022,12.97
Fresh or chilled fish,Portugal,2022-04-01,12.9,2022,12.97
Fresh or chilled fish,Portugal,2022-05-01,19.1,2022,12.97
Fresh or chilled fish,Portugal,2022-06-01,15.7,2022,12.97
Fresh or chilled fish,Portugal,2022-07-01,16.7,2022,12.97
Fresh or chilled fish,Portugal,2022-08-01,13.1,2022,12.97
Fresh or chilled fish,Portugal,2022-09-01,11.7,2022,12.97
Fresh or chilled fish,Portugal,2022-10-01,11.2,2022,12.97
Fresh or chilled fish,Portugal,2022-11-01,9.7,2022,12.97
Fresh or chilled fish,Portugal,2022-12-01,9.8,2022,12.97
Fresh or chilled fish,Portugal,2023-01-01,11.7,2023,11.6
Fresh or chilled fish,Portugal,2023-02-01,13.1,2023,11.6
Fresh or chilled fish,Portugal,2023-03-01,11.5,2023,11.6
Fresh or chilled fish,Portugal,2023-04-01,8.4,2023,11.6
Fresh or chilled fish,Portugal,2023-05-01,-1.6,2023,11.6
Fresh or chilled fish,Portugal,2023-06-01,1.4,2023,11.6
Fresh or chilled fish,Portugal,2023-07-01,-2.9,2023,11.6
Fresh or chilled fish,Portugal,2023-08-01,-1.5,2023,11.6
Fresh or chilled fish,Portugal,2023-09-01,1.5,2023,11.6
Fresh or chilled fish,Portugal,2023-10-01,1.0,2023,11.6
Fresh or chilled fish,Portugal,2023-11-01,3.5,2023,11.6
Fresh or chilled fish,Portugal,2023-12-01,1.0,2023,11.6
Fresh or chilled fish,Portugal,2024-01-01,4.4,2024,12.04
Fresh or chilled fish,Portugal,2024-02-01,1.7,2024,12.04
Fresh or chilled fish,Portugal,2024-03-01,1.6,2024,12.04
Fresh or chilled fish,Portugal,2024-04-01,1.4,2024,12.04
Fresh or chilled fish,Portugal,2024-05-01,4.8,2024,12.04
Fresh or chilled fish,Portugal,2024-06-01,4.0,2024,12.04
Fresh or chilled fish,Portugal,2024-07-01,4.9,2024,12.04
Fresh or chilled fish,Portugal,2024-08-01,5.0,2024,12.04
Fresh or chilled fish,Portugal,2024-09-01,4.1,2024,12.04
Fresh or chilled fish,Portugal,2024-10-01,8.1,2024,12.04
Fresh or chilled fish,Portugal,2024-11-01,4.3,2024,12.04
Fresh or chilled fish,Portugal,2024-12-01,9.4,2024,12.04
Fresh or chilled fish,Portugal,2025-01-01,5.4,2025,12.69
Fresh or chilled fish,Portugal,2025-02-01,4.4,2025,12.69
Fresh or chilled fish,Portugal,2025-03-01,0.4,2025,12.69
Fresh or chilled fish,Portugal,2025-04-01,0.1,2025,12.69
Fresh or chilled fish,Portugal,2025-05-01,3.2,2025,12.69
Fresh or chilled fish,Portugal,2025-06-01,2.2,2025,12.69
Fresh or chilled fish,Portugal,2025-07-01,4.2,2025,12.69
Fresh or chilled fish,Portugal,2025-08-01,6.2,2025,12.69
Fresh or chilled fish,Portugal,2025-09-01,5.3,2025,12.69
Fresh or chilled fish,Portugal,2025-10-01,3.1,2025,12.69
Fresh or chilled fish,Portugal,2025-11-01,6.1,2025,12.69
Fresh or chilled fish,Portugal,2025-12-01,4.0,2025,12.69
"Milk, cheese and eggs",Germany,2019-01-01,-1.1,2019,16.74
"Milk, cheese and eggs",Germany,2019-02-01,-1.7,2019,16.74
"Milk, cheese and eggs",Germany,2019-03-01,-1.8,2019,16.74
"Milk, cheese and eggs",Germany,2019-04-01,-1.6,2019,16.74
"Milk, cheese and eggs",Germany,2019-05-01,0.1,2019,16.74
"Milk, cheese and eggs",Germany,2019-06-01,0.0,2019,16.74
"Milk, cheese and eggs",Germany,2019-07-01,0.7,2019,16.74
"Milk, cheese and eggs",Germany,2019-08-01,0.5,2019,16.74
"Milk, cheese and eggs",Germany,2019-09-01,0.5,2019,16.74
"Milk, cheese and eggs",Germany,2019-10-01,0.0,2019,16.74
"Milk, cheese and eggs",Germany,2019-11-01,0.3,2019,16.74
"Milk, cheese and eggs",Germany,2019-12-01,0.1,2019,16.74
"Milk, cheese and eggs",Germany,2020-01-01,0.8,2020,16.19
"Milk, cheese and eggs",Germany,2020-02-01,0.6,2020,16.19
"Milk, cheese and eggs",Germany,2020-03-01,0.5,2020,16.19
"Milk, cheese and eggs",Germany,2020-04-01,1.2,2020,16.19
"Milk, cheese and eggs",Germany,2020-05-01,3.0,2020,16.19
"Milk, cheese and eggs",Germany,2020-06-01,2.9,2020,16.19
"Milk, cheese and eggs",Germany,2020-07-01,0.4,2020,16.19
"Milk, cheese and eggs",Germany,2020-08-01,0.7,2020,16.19
"Milk, cheese and eggs",Germany,2020-09-01,0.5,2020,16.19
"Milk, cheese and eggs",Germany,2020-10-01,0.3,2020,16.19
"Milk, cheese and eggs",Germany,2020-11-01,-0.3,2020,16.19
"Milk, cheese and eggs",Germany,2020-12-01,0.0,2020,16.19
"Milk, cheese and eggs",Germany,2021-01-01,1.8,2021,18.92
"Milk, cheese and eggs",Germany,2021-02-01,2.5,2021,18.92
"Milk, cheese and eggs",Germany,2021-03-01,2.3,2021,18.92
"Milk, cheese and eggs",Germany,2021-04-01,2.3,2021,18.92
"Milk, cheese and eggs",Germany,2021-05-01,1.5,2021,18.92
"Milk, cheese and eggs",Germany,2021-06-01,2.5,2021,18.92
"Milk, cheese and eggs",Germany,2021-07-01,5.1,2021,18.92
"Milk, cheese and eggs",Germany,2021-08-01,5.0,2021,18.92
"Milk, cheese and eggs",Germany,2021-09-01,5.6,2021,18.92
"Milk, cheese and eggs",Germany,2021-10-01,6.0,2021,18.92
"Milk, cheese and eggs",Germany,2021-11-01,6.4,2021,18.92
"Milk, cheese and eggs",Germany,2021-12-01,6.8,2021,18.92
"Milk, cheese and eggs",Germany,2022-01-01,5.8,2022,18.57
"Milk, cheese and eggs",Germany,2022-02-01,6.2,2022,18.57
"Milk, cheese and eggs",Germany,2022-03-01,7.1,2022,18.57
"Milk, cheese and eggs",Germany,2022-04-01,9.3,2022,18.57
"Milk, cheese and eggs",Germany,2022-05-01,13.0,2022,18.57
"Milk, cheese and eggs",Germany,2022-06-01,15.1,2022,18.57
"Milk, cheese and eggs",Germany,2022-07-01,23.8,2022,18.57
"Milk, cheese and eggs",Germany,2022-08-01,26.5,2022,18.57
"Milk, cheese and eggs",Germany,2022-09-01,28.8,2022,18.57
"Milk, cheese and eggs",Germany,2022-10-01,28.6,2022,18.57
"Milk, cheese and eggs",Germany,2022-11-01,33.9,2022,18.57
"Milk, cheese and eggs",Germany,2022-12-01,34.7,2022,18.57
"Milk, cheese and eggs",Germany,2023-01-01,36.0,2023,20.95
"Milk, cheese and eggs",Germany,2023-02-01,35.4,2023,20.95
"Milk, cheese and eggs",Germany,2023-03-01,34.8,2023,20.95
"Milk, cheese and eggs",Germany,2023-04-01,31.7,2023,20.95
"Milk, cheese and eggs",Germany,2023-05-01,25.6,2023,20.95
"Milk, cheese and eggs",Germany,2023-06-01,20.4,2023,20.95
"Milk, cheese and eggs",Germany,2023-07-01,10.0,2023,20.95
"Milk, cheese and eggs",Germany,2023-08-01,7.4,2023,20.95
"Milk, cheese and eggs",Germany,2023-09-01,4.9,2023,20.95
"Milk, cheese and eggs",Germany,2023-10-01,4.7,2023,20.95
"Milk, cheese and eggs",Germany,2023-11-01,-0.6,2023,20.95
"Milk, cheese and eggs",Germany,2023-12-01,-1.7,2023,20.95
"Milk, cheese and eggs",Germany,2024-01-01,-3.8,2024,19.76
"Milk, cheese and eggs",Germany,2024-02-01,-4.2,2024,19.76
"Milk, cheese and eggs",Germany,2024-03-01,-4.6,2024,19.76
"Milk, cheese and eggs",Germany,2024-04-01,-4.6,2024,19.76
"Milk, cheese and eggs",Germany,2024-05-01,-4.2,2024,19.76
"Milk, cheese and eggs",Germany,2024-06-01,-2.5,2024,19.76
"Milk, cheese and eggs",Germany,2024-07-01,-0.9,2024,19.76
"Milk, cheese and eggs",Germany,2024-08-01,-0.2,2024,19.76
"Milk, cheese and eggs",Germany,2024-09-01,-0.1,2024,19.76
"Milk, cheese and eggs",Germany,2024-10-01,1.1,2024,19.76
"Milk, cheese and eggs",Germany,2024-11-01,1.9,2024,19.76
"Milk, cheese and eggs",Germany,2024-12-01,2.2,2024,19.76
"Milk, cheese and eggs",Germany,2025-01-01,2.6,2025,19.63
"Milk, cheese and eggs",Germany,2025-02-01,3.3,2025,19.63
"Milk, cheese and eggs",Germany,2025-03-01,3.9,2025,19.63
"Milk, cheese and eggs",Germany,2025-04-01,3.8,2025,19.63
"Milk, cheese and eggs",Germany,2025-05-01,4.5,2025,19.63
"Milk, cheese and eggs",Germany,2025-06-01,3.7,2025,19.63
"Milk, cheese and eggs",Germany,2025-07-01,4.1,2025,19.63
"Milk, cheese and eggs",Germany,2025-08-01,3.4,2025,19.63
"Milk, cheese and eggs",Germany,2025-09-01,3.7,2025,19.63
"Milk, cheese and eggs",Germany,2025-10-01,2.3,2025,19.63
"Milk, cheese and eggs",Germany,2025-11-01,1.3,2025,19.63
"Milk, cheese and eggs",Germany,2025-12-01,-1.4,2025,19.63
"Milk, cheese and eggs","Euro area (EA11-1999, EA12-2001, EA13-2007, EA15-2008, EA16-2009, EA17-2011, EA18-2014, EA19-2015, EA20-2023, EA21-2026)",2019-01-01,0.4,2019,20.36
"Milk, cheese and eggs","Euro area (EA11-1999, EA12-2001, EA13-2007, EA15-2008, EA16-2009, EA17-2011, EA18-2014, EA19-2015, EA20-2023, EA21-2026)",2019-02-01,0.4,2019,20.36
"Milk, cheese and eggs","Euro area (EA11-1999, EA12-2001, EA13-2007, EA15-2008, EA16-2009, EA17-2011, EA18-2014, EA19-2015, EA20-2023, EA21-2026)",2019-03-01,0.3,2019,20.36
"Milk, cheese and eggs","Euro area (EA11-1999, EA12-2001, EA13-2007, EA15-2008, EA16-2009, EA17-2011, EA18-2014, EA19-2015, EA20-2023, EA21-2026)",2019-04-01,0.4,2019,20.36
"Milk, cheese and eggs","Euro area (EA11-1999, EA12-2001, EA13-2007, EA15-2008, EA16-2009, EA17-2011, EA18-2014, EA19-2015, EA20-2023, EA21-2026)",2019-05-01,1.0,2019,20.36
"Milk, cheese and eggs","Euro area (EA11-1999, EA12-2001, EA13-2007, EA15-2008, EA16-2009, EA17-2011, EA18-2014, EA19-2015, EA20-2023, EA21-2026)",2019-06-01,1.0,2019,20.36
"Milk, cheese and eggs","Euro area (EA11-1999, EA12-2001, EA13-2007, EA15-2008, EA16-2009, EA17-2011, EA18-2014, EA19-2015, EA20-2023, EA21-2026)",2019-07-01,1.3,2019,20.36
"Milk, cheese and eggs","Euro area (EA11-1999, EA12-2001, EA13-2007, EA15-2008, EA16-2009, EA17-2011, EA18-2014, EA19-2015, EA20-2023, EA21-2026)",2019-08-01,1.2,2019,20.36
"Milk, cheese and eggs","Euro area (EA11-1999, EA12-2001, EA13-2007, EA15-2008, EA16-2009, EA17-2011, EA18-2014, EA19-2015, EA20-2023, EA21-2026)",2019-09-01,1.2,2019,20.36
"Milk, cheese and eggs","Euro area (EA11-1999, EA12-2001, EA13-2007, EA15-2008, EA16-2009, EA17-2011, EA18-2014, EA19-2015, EA20-2023, EA21-2026)",2019-10-01,1.1,2019,20.36
"Milk, cheese and eggs","Euro area (EA11-1999, EA12-2001, EA13-2007, EA15-2008, EA16-2009, EA17-2011, EA18-2014, EA19-2015, EA20-2023, EA21-2026)",2019-11-01,1.2,2019,20.36
"Milk, cheese and eggs","Euro area (EA11-1999, EA12-2001, EA13-2007, EA15-2008, EA16-2009, EA17-2011, EA18-2014, EA19-2015, EA20-2023, EA21-2026)",2019-12-01,1.0,2019,20.36
"Milk, cheese and eggs","Euro area (EA11-1999, EA12-2001, EA13-2007, EA15-2008, EA16-2009, EA17-2011, EA18-2014, EA19-2015, EA20-2023, EA21-2026)",2020-01-01,1.0,2020,19.97
"Milk, cheese and eggs","Euro area (EA11-1999, EA12-2001, EA13-2007, EA15-2008, EA16-2009, EA17-2011, EA18-2014, EA19-2015, EA20-2023, EA21-2026)",2020-02-01,1.0,2020,19.97
"Milk, cheese and eggs","Euro area (EA11-1999, EA12-2001, EA13-2007, EA15-2008, EA16-2009, EA17-2011, EA18-2014, EA19-2015, EA20-2023, EA21-2026)",2020-03-01,1.1,2020,19.97
"Milk, cheese and eggs","Euro area (EA11-1999, EA12-2001, EA13-2007, EA15-2008, EA16-2009, EA17-2011, EA18-2014, EA19-2015, EA20-2023, EA21-2026)",2020-04-01,1.3,2020,19.97
"Milk, cheese and eggs","Euro area (EA11-1999, EA12-2001, EA13-2007, EA15-2008, EA16-2009, EA17-2011, EA18-2014, EA19-2015, EA20-2023, EA21-2026)",2020-05-01,1.6,2020,19.97
"Milk, cheese and eggs","Euro area (EA11-1999, EA12-2001, EA13-2007, EA15-2008, EA16-2009, EA17-2011, EA18-2014, EA19-2015, EA20-2023, EA21-2026)",2020-06-01,1.3,2020,19.97
"Milk, cheese and eggs","Euro area (EA11-1999, EA12-2001, EA13-2007, EA15-2008, EA16-2009, EA17-2011, EA18-2014, EA19-2015, EA20-2023, EA21-2026)",2020-07-01,0.7,2020,19.97
"Milk, cheese and eggs","Euro area (EA11-1999, EA12-2001, EA13-2007, EA15-2008, EA16-2009, EA17-2011, EA18-2014, EA19-2015, EA20-2023, EA21-2026)",2020-08-01,0.6,2020,19.97
"Milk, cheese and eggs","Euro area (EA11-1999, EA12-2001, EA13-2007, EA15-2008, EA16-2009, EA17-2011, EA18-2014, EA19-2015, EA20-2023, EA21-2026)",2020-09-01,0.5,2020,19.97
"Milk, cheese and eggs","Euro area (EA11-1999, EA12-2001, EA13-2007, EA15-2008, EA16-2009, EA17-2011, EA18-2014, EA19-2015, EA20-2023, EA21-2026)",2020-10-01,0.3,2020,19.97
"Milk, cheese and eggs","Euro area (EA11-1999, EA12-2001, EA13-2007, EA15-2008, EA16-2009, EA17-2011, EA18-2014, EA19-2015, EA20-2023, EA21-2026)",2020-11-01,0.2,2020,19.97
"Milk, cheese and eggs","Euro area (EA11-1999, EA12-2001, EA13-2007, EA15-2008, EA16-2009, EA17-2011, EA18-2014, EA19-2015, EA20-2023, EA21-2026)",2020-12-01,0.3,2020,19.97
"Milk, cheese and eggs","Euro area (EA11-1999, EA12-2001, EA13-2007, EA15-2008, EA16-2009, EA17-2011, EA18-2014, EA19-2015, EA20-2023, EA21-2026)",2021-01-01,0.6,2021,23.1
"Milk, cheese and eggs","Euro area (EA11-1999, EA12-2001, EA13-2007, EA15-2008, EA16-2009, EA17-2011, EA18-2014, EA19-2015, EA20-2023, EA21-2026)",2021-02-01,0.7,2021,23.1
"Milk, cheese and eggs","Euro area (EA11-1999, EA12-2001, EA13-2007, EA15-2008, EA16-2009, EA17-2011, EA18-2014, EA19-2015, EA20-2023, EA21-2026)",2021-03-01,0.4,2021,23.1
"Milk, cheese and eggs","Euro area (EA11-1999, EA12-2001, EA13-2007, EA15-2008, EA16-2009, EA17-2011, EA18-2014, EA19-2015, EA20-2023, EA21-2026)",2021-04-01,0.3,2021,23.1
"Milk, cheese and eggs","Euro area (EA11-1999, EA12-2001, EA13-2007, EA15-2008, EA16-2009, EA17-2011, EA18-2014, EA19-2015, EA20-2023, EA21-2026)",2021-05-01,0.1,2021,23.1
"Milk, cheese and eggs","Euro area (EA11-1999, EA12-2001, EA13-2007, EA15-2008, EA16-2009, EA17-2011, EA18-2014, EA19-2015, EA20-2023, EA21-2026)",2021-06-01,0.7,2021,23.1
"Milk, cheese and eggs","Euro area (EA11-1999, EA12-2001, EA13-2007, EA15-2008, EA16-2009, EA17-2011, EA18-2014, EA19-2015, EA20-2023, EA21-2026)",2021-07-01,1.2,2021,23.1
"Milk, cheese and eggs","Euro area (EA11-1999, EA12-2001, EA13-2007, EA15-2008, EA16-2009, EA17-2011, EA18-2014, EA19-2015, EA20-2023, EA21-2026)",2021-08-01,1.3,2021,23.1
"Milk, cheese and eggs","Euro area (EA11-1999, EA12-2001, EA13-2007, EA15-2008, EA16-2009, EA17-2011, EA18-2014, EA19-2015, EA20-2023, EA21-2026)",2021-09-01,1.6,2021,23.1
"Milk, cheese and eggs","Euro area (EA11-1999, EA12-2001, EA13-2007, EA15-2008, EA16-2009, EA17-2011, EA18-2014, EA19-2015, EA20-2023, EA21-2026)",2021-10-01,2.0,2021,23.1
"Milk, cheese and eggs","Euro area (EA11-1999, EA12-2001, EA13-2007, EA15-2008, EA16-2009, EA17-2011, EA18-2014, EA19-2015, EA20-2023, EA21-2026)",2021-11-01,2.3,2021,23.1
"Milk, cheese and eggs","Euro area (EA11-1999, EA12-2001, EA13-2007, EA15-2008, EA16-2009, EA17-2011, EA18-2014, EA19-2015, EA20-2023, EA21-2026)",2021-12-01,3.0,2021,23.1
"Milk, cheese and eggs","Euro area (EA11-1999, EA12-2001, EA13-2007, EA15-2008, EA16-2009, EA17-2011, EA18-2014, EA19-2015, EA20-2023, EA21-2026)",2022-01-01,3.5,2022,22.15
"Milk, cheese and eggs","Euro area (EA11-1999, EA12-2001, EA13-2007, EA15-2008, EA16-2009, EA17-2011, EA18-2014, EA19-2015, EA20-2023, EA21-2026)",2022-02-01,4.3,2022,22.15
"Milk, cheese and eggs","Euro area (EA11-1999, EA12-2001, EA13-2007, EA15-2008, EA16-2009, EA17-2011, EA18-2014, EA19-2015, EA20-2023, EA21-2026)",2022-03-01,5.3,2022,22.15
"Milk, cheese and eggs","Euro area (EA11-1999, EA12-2001, EA13-2007, EA15-2008, EA16-2009, EA17-2011, EA18-2014, EA19-2015, EA20-2023, EA21-2026)",2022-04-01,7.3,2022,22.15
"Milk, cheese and eggs","Euro area (EA11-1999, EA12-2001, EA13-2007, EA15-2008, EA16-2009, EA17-2011, EA18-2014, EA19-2015, EA20-2023, EA21-2026)",2022-05-01,9.9,2022,22.15
"Milk, cheese and eggs","Euro area (EA11-1999, EA12-2001, EA13-2007, EA15-2008, EA16-2009, EA17-2011, EA18-2014, EA19-2015, EA20-2023, EA21-2026)",2022-06-01,12.0,2022,22.15
"Milk, cheese and eggs","Euro area (EA11-1999, EA12-2001, EA13-2007, EA15-2008, EA16-2009, EA17-2011, EA18-2014, EA19-2015, EA20-2023, EA21-2026)",2022-07-01,15.6,2022,22.15
"Milk, cheese and eggs","Euro area (EA11-1999, EA12-2001, EA13-2007, EA15-2008, EA16-2009, EA17-2011, EA18-2014, EA19-2015, EA20-2023, EA21-2026)",2022-08-01,17.7,2022,22.15
"Milk, cheese and eggs","Euro area (EA11-1999, EA12-2001, EA13-2007, EA15-2008, EA16-2009, EA17-2011, EA18-2014, EA19-2015, EA20-2023, EA21-2026)",2022-09-01,19.6,2022,22.15
"Milk, cheese and eggs","Euro area (EA11-1999, EA12-2001, EA13-2007, EA15-2008, EA16-2009, EA17-2011, EA18-2014, EA19-2015, EA20-2023, EA21-2026)",2022-10-01,21.2,2022,22.15
"Milk, cheese and eggs","Euro area (EA11-1999, EA12-2001, EA13-2007, EA15-2008, EA16-2009, EA17-2011, EA18-2014, EA19-2015, EA20-2023, EA21-2026)",2022-11-01,24.1,2022,22.15
"Milk, cheese and eggs","Euro area (EA11-1999, EA12-2001, EA13-2007, EA15-2008, EA16-2009, EA17-2011, EA18-2014, EA19-2015, EA20-2023, EA21-2026)",2022-12-01,25.5,2022,22.15
"Milk, cheese and eggs","Euro area (EA11-1999, EA12-2001, EA13-2007, EA15-2008, EA16-2009, EA17-2011, EA18-2014, EA19-2015, EA20-2023, EA21-2026)",2023-01-01,26.3,2023,22.26
"Milk, cheese and eggs","Euro area (EA11-1999, EA12-2001, EA13-2007, EA15-2008, EA16-2009, EA17-2011, EA18-2014, EA19-2015, EA20-2023, EA21-2026)",2023-02-01,26.2,2023,22.26
"Milk, cheese and eggs","Euro area (EA11-1999, EA12-2001, EA13-2007, EA15-2008, EA16-2009, EA17-2011, EA18-2014, EA19-2015, EA20-2023, EA21-2026)",2023-03-01,25.8,2023,22.26
"Milk, cheese and eggs","Euro area (EA11-1999, EA12-2001, EA13-2007, EA15-2008, EA16-2009, EA17-2011, EA18-2014, EA19-2015, EA20-2023, EA21-2026)",2023-04-01,23.5,2023,22.26
"Milk, cheese and eggs","Euro area (EA11-1999, EA12-2001, EA13-2007, EA15-2008, EA16-2009, EA17-2011, EA18-2014, EA19-2015, EA20-2023, EA21-2026)",2023-05-01,20.2,2023,22.26
"Milk, cheese and eggs","Euro area (EA11-1999, EA12-2001, EA13-2007, EA15-2008, EA16-2009, EA17-2011, EA18-2014, EA19-2015, EA20-2023, EA21-2026)",2023-06-01,17.0,2023,22.26
"Milk, cheese and eggs","Euro area (EA11-1999, EA12-2001, EA13-2007, EA15-2008, EA16-2009, EA17-2011, EA18-2014, EA19-2015, EA20-2023, EA21-2026)",2023-07-01,12.8,2023,22.26
"Milk, cheese and eggs","Euro area (EA11-1999, EA12-2001, EA13-2007, EA15-2008, EA16-2009, EA17-2011, EA18-2014, EA19-2015, EA20-2023, EA21-2026)",2023-08-01,10.5,2023,22.26
"Milk, cheese and eggs","Euro area (EA11-1999, EA12-2001, EA13-2007, EA15-2008, EA16-2009, EA17-2011, EA18-2014, EA19-2015, EA20-2023, EA21-2026)",2023-09-01,8.2,2023,22.26
"Milk, cheese and eggs","Euro area (EA11-1999, EA12-2001, EA13-2007, EA15-2008, EA16-2009, EA17-2011, EA18-2014, EA19-2015, EA20-2023, EA21-2026)",2023-10-01,6.4,2023,22.26
"Milk, cheese and eggs","Euro area (EA11-1999, EA12-2001, EA13-2007, EA15-2008, EA16-2009, EA17-2011, EA18-2014, EA19-2015, EA20-2023, EA21-2026)",2023-11-01,3.1,2023,22.26
"Milk, cheese and eggs","Euro area (EA11-1999, EA12-2001, EA13-2007, EA15-2008, EA16-2009, EA17-2011, EA18-2014, EA19-2015, EA20-2023, EA21-2026)",2023-12-01,1.4,2023,22.26
"Milk, cheese and eggs","Euro area (EA11-1999, EA12-2001, EA13-2007, EA15-2008, EA16-2009, EA17-2011, EA18-2014, EA19-2015, EA20-2023, EA21-2026)",2024-01-01,0.1,2024,20.86
"Milk, cheese and eggs","Euro area (EA11-1999, EA12-2001, EA13-2007, EA15-2008, EA16-2009, EA17-2011, EA18-2014, EA19-2015, EA20-2023, EA21-2026)",2024-02-01,-0.9,2024,20.86
"Milk, cheese and eggs","Euro area (EA11-1999, EA12-2001, EA13-2007, EA15-2008, EA16-2009, EA17-2011, EA18-2014, EA19-2015, EA20-2023, EA21-2026)",2024-03-01,-1.5,2024,20.86
"Milk, cheese and eggs","Euro area (EA11-1999, EA12-2001, EA13-2007, EA15-2008, EA16-2009, EA17-2011, EA18-2014, EA19-2015, EA20-2023, EA21-2026)",2024-04-01,-1.8,2024,20.86
"Milk, cheese and eggs","Euro area (EA11-1999, EA12-2001, EA13-2007, EA15-2008, EA16-2009, EA17-2011, EA18-2014, EA19-2015, EA20-2023, EA21-2026)",2024-05-01,-1.7,2024,20.86
"Milk, cheese and eggs","Euro area (EA11-1999, EA12-2001, EA13-2007, EA15-2008, EA16-2009, EA17-2011, EA18-2014, EA19-2015, EA20-2023, EA21-2026)",2024-06-01,-1.1,2024,20.86
"Milk, cheese and eggs","Euro area (EA11-1999, EA12-2001, EA13-2007, EA15-2008, EA16-2009, EA17-2011, EA18-2014, EA19-2015, EA20-2023, EA21-2026)",2024-07-01,-0.7,2024,20.86
"Milk, cheese and eggs","Euro area (EA11-1999, EA12-2001, EA13-2007, EA15-2008, EA16-2009, EA17-2011, EA18-2014, EA19-2015, EA20-2023, EA21-2026)",2024-08-01,-0.4,2024,20.86
"Milk, cheese and eggs","Euro area (EA11-1999, EA12-2001, EA13-2007, EA15-2008, EA16-2009, EA17-2011, EA18-2014, EA19-2015, EA20-2023, EA21-2026)",2024-09-01,-0.1,2024,20.86
"Milk, cheese and eggs","Euro area (EA11-1999, EA12-2001, EA13-2007, EA15-2008, EA16-2009, EA17-2011, EA18-2014, EA19-2015, EA20-2023, EA21-2026)",2024-10-01,0.5,2024,20.86
"Milk, cheese and eggs","Euro area (EA11-1999, EA12-2001, EA13-2007, EA15-2008, EA16-2009, EA17-2011, EA18-2014, EA19-2015, EA20-2023, EA21-2026)",2024-11-01,1.1,2024,20.86
"Milk, cheese and eggs","Euro area (EA11-1999, EA12-2001, EA13-2007, EA15-2008, EA16-2009, EA17-2011, EA18-2014, EA19-2015, EA20-2023, EA21-2026)",2024-12-01,1.3,2024,20.86
"Milk, cheese and eggs","Euro area (EA11-1999, EA12-2001, EA13-2007, EA15-2008, EA16-2009, EA17-2011, EA18-2014, EA19-2015, EA20-2023, EA21-2026)",2025-01-01,1.5,2025,20.73
"Milk, cheese and eggs","Euro area (EA11-1999, EA12-2001, EA13-2007, EA15-2008, EA16-2009, EA17-2011, EA18-2014, EA19-2015, EA20-2023, EA21-2026)",2025-02-01,2.1,2025,20.73
"Milk, cheese and eggs","Euro area (EA11-1999, EA12-2001, EA13-2007, EA15-2008, EA16-2009, EA17-2011, EA18-2014, EA19-2015, EA20-2023, EA21-2026)",2025-03-01,2.5,2025,20.73
"Milk, cheese and eggs","Euro area (EA11-1999, EA12-2001, EA13-2007, EA15-2008, EA16-2009, EA17-2011, EA18-2014, EA19-2015, EA20-2023, EA21-2026)",2025-04-01,2.8,2025,20.73
"Milk, cheese and eggs","Euro area (EA11-1999, EA12-2001, EA13-2007, EA15-2008, EA16-2009, EA17-2011, EA18-2014, EA19-2015, EA20-2023, EA21-2026)",2025-05-01,3.3,2025,20.73
"Milk, cheese and eggs","Euro area (EA11-1999, EA12-2001, EA13-2007, EA15-2008, EA16-2009, EA17-2011, EA18-2014, EA19-2015, EA20-2023, EA21-2026)",2025-06-01,3.4,2025,20.73
"Milk, cheese and eggs","Euro area (EA11-1999, EA12-2001, EA13-2007, EA15-2008, EA16-2009, EA17-2011, EA18-2014, EA19-2015, EA20-2023, EA21-2026)",2025-07-01,3.7,2025,20.73
"Milk, cheese and eggs","Euro area (EA11-1999, EA12-2001, EA13-2007, EA15-2008, EA16-2009, EA17-2011, EA18-2014, EA19-2015, EA20-2023, EA21-2026)",2025-08-01,3.6,2025,20.73
"Milk, cheese and eggs","Euro area (EA11-1999, EA12-2001, EA13-2007, EA15-2008, EA16-2009, EA17-2011, EA18-2014, EA19-2015, EA20-2023, EA21-2026)",2025-09-01,3.8,2025,20.73
"Milk, cheese and eggs","Euro area (EA11-1999, EA12-2001, EA13-2007, EA15-2008, EA16-2009, EA17-2011, EA18-2014, EA19-2015, EA20-2023, EA21-2026)",2025-10-01,3.4,2025,20.73
"Milk, cheese and eggs","Euro area (EA11-1999, EA12-2001, EA13-2007, EA15-2008, EA16-2009, EA17-2011, EA18-2014, EA19-2015, EA20-2023, EA21-2026)",2025-11-01,2.9,2025,20.73
"Milk, cheese and eggs","Euro area (EA11-1999, EA12-2001, EA13-2007, EA15-2008, EA16-2009, EA17-2011, EA18-2014, EA19-2015, EA20-2023, EA21-2026)",2025-12-01,2.1,2025,20.73
"Milk, cheese and eggs",Spain,2019-01-01,0.3,2019,23.13
"Milk, cheese and eggs",Spain,2019-02-01,0.5,2019,23.13
"Milk, cheese and eggs",Spain,2019-03-01,0.6,2019,23.13
"Milk, cheese and eggs",Spain,2019-04-01,0.4,2019,23.13
"Milk, cheese and eggs",Spain,2019-05-01,0.7,2019,23.13
"Milk, cheese and eggs",Spain,2019-06-01,0.5,2019,23.13
"Milk, cheese and eggs",Spain,2019-07-01,0.4,2019,23.13
"Milk, cheese and eggs",Spain,2019-08-01,0.9,2019,23.13
"Milk, cheese and eggs",Spain,2019-09-01,0.9,2019,23.13
"Milk, cheese and eggs",Spain,2019-10-01,1.1,2019,23.13
"Milk, cheese and eggs",Spain,2019-11-01,1.2,2019,23.13
"Milk, cheese and eggs",Spain,2019-12-01,1.0,2019,23.13
"Milk, cheese and eggs",Spain,2020-01-01,1.1,2020,22.75
"Milk, cheese and eggs",Spain,2020-02-01,1.3,2020,22.75
"Milk, cheese and eggs",Spain,2020-03-01,1.3,2020,22.75
"Milk, cheese and eggs",Spain,2020-04-01,1.6,2020,22.75
"Milk, cheese and eggs",Spain,2020-05-01,2.0,2020,22.75
"Milk, cheese and eggs",Spain,2020-06-01,1.5,2020,22.75
"Milk, cheese and eggs",Spain,2020-07-01,1.4,2020,22.75
"Milk, cheese and eggs",Spain,2020-08-01,0.7,2020,22.75
"Milk, cheese and eggs",Spain,2020-09-01,0.6,2020,22.75
"Milk, cheese and eggs",Spain,2020-10-01,0.3,2020,22.75
"Milk, cheese and eggs",Spain,2020-11-01,0.5,2020,22.75
"Milk, cheese and eggs",Spain,2020-12-01,0.5,2020,22.75
"Milk, cheese and eggs",Spain,2021-01-01,0.5,2021,28.62
"Milk, cheese and eggs",Spain,2021-02-01,0.3,2021,28.62
"Milk, cheese and eggs",Spain,2021-03-01,0.0,2021,28.62
"Milk, cheese and eggs",Spain,2021-04-01,-0.4,2021,28.62
"Milk, cheese and eggs",Spain,2021-05-01,-0.7,2021,28.62
"Milk, cheese and eggs",Spain,2021-06-01,-0.1,2021,28.62
"Milk, cheese and eggs",Spain,2021-07-01,-0.1,2021,28.62
"Milk, cheese and eggs",Spain,2021-08-01,0.1,2021,28.62
"Milk, cheese and eggs",Spain,2021-09-01,0.9,2021,28.62
"Milk, cheese and eggs",Spain,2021-10-01,1.3,2021,28.62
"Milk, cheese and eggs",Spain,2021-11-01,2.1,2021,28.62
"Milk, cheese and eggs",Spain,2021-12-01,3.6,2021,28.62
"Milk, cheese and eggs",Spain,2022-01-01,4.6,2022,26.68
"Milk, cheese and eggs",Spain,2022-02-01,6.0,2022,26.68
"Milk, cheese and eggs",Spain,2022-03-01,7.5,2022,26.68
"Milk, cheese and eggs",Spain,2022-04-01,11.0,2022,26.68
"Milk, cheese and eggs",Spain,2022-05-01,13.8,2022,26.68
"Milk, cheese and eggs",Spain,2022-06-01,15.5,2022,26.68
"Milk, cheese and eggs",Spain,2022-07-01,17.3,2022,26.68
"Milk, cheese and eggs",Spain,2022-08-01,19.2,2022,26.68
"Milk, cheese and eggs",Spain,2022-09-01,20.1,2022,26.68
"Milk, cheese and eggs",Spain,2022-10-01,21.9,2022,26.68
"Milk, cheese and eggs",Spain,2022-11-01,24.8,2022,26.68
"Milk, cheese and eggs",Spain,2022-12-01,27.8,2022,26.68
"Milk, cheese and eggs",Spain,2023-01-01,26.5,2023,20.45
"Milk, cheese and eggs",Spain,2023-02-01,25.3,2023,20.45
"Milk, cheese and eggs",Spain,2023-03-01,23.8,2023,20.45
"Milk, cheese and eggs",Spain,2023-04-01,20.2,2023,20.45
"Milk, cheese and eggs",Spain,2023-05-01,16.9,2023,20.45
"Milk, cheese and eggs",Spain,2023-06-01,14.9,2023,20.45
"Milk, cheese and eggs",Spain,2023-07-01,13.6,2023,20.45
"Milk, cheese and eggs",Spain,2023-08-01,11.7,2023,20.45
"Milk, cheese and eggs",Spain,2023-09-01,10.1,2023,20.45
"Milk, cheese and eggs",Spain,2023-10-01,8.1,2023,20.45
"Milk, cheese and eggs",Spain,2023-11-01,4.5,2023,20.45
"Milk, cheese and eggs",Spain,2023-12-01,0.9,2023,20.45
"Milk, cheese and eggs",Spain,2024-01-01,1.0,2024,19.73
"Milk, cheese and eggs",Spain,2024-02-01,0.8,2024,19.73
"Milk, cheese and eggs",Spain,2024-03-01,0.5,2024,19.73
"Milk, cheese and eggs",Spain,2024-04-01,0.1,2024,19.73
"Milk, cheese and eggs",Spain,2024-05-01,0.1,2024,19.73
"Milk, cheese and eggs",Spain,2024-06-01,0.1,2024,19.73
"Milk, cheese and eggs",Spain,2024-07-01,-0.4,2024,19.73
"Milk, cheese and eggs",Spain,2024-08-01,-0.2,2024,19.73
"Milk, cheese and eggs",Spain,2024-09-01,-0.3,2024,19.73
"Milk, cheese and eggs",Spain,2024-10-01,0.6,2024,19.73
"Milk, cheese and eggs",Spain,2024-11-01,0.9,2024,19.73
"Milk, cheese and eggs",Spain,2024-12-01,0.8,2024,19.73
"Milk, cheese and eggs",Spain,2025-01-01,1.2,2025,18.75
"Milk, cheese and eggs",Spain,2025-02-01,1.3,2025,18.75
"Milk, cheese and eggs",Spain,2025-03-01,2.5,2025,18.75
"Milk, cheese and eggs",Spain,2025-04-01,3.6,2025,18.75
"Milk, cheese and eggs",Spain,2025-05-01,4.3,2025,18.75
"Milk, cheese and eggs",Spain,2025-06-01,4.4,2025,18.75
"Milk, cheese and eggs",Spain,2025-07-01,4.6,2025,18.75
"Milk, cheese and eggs",Spain,2025-08-01,4.6,2025,18.75
"Milk, cheese and eggs",Spain,2025-09-01,5.0,2025,18.75
"Milk, cheese and eggs",Spain,2025-10-01,5.0,2025,18.75
"Milk, cheese and eggs",Spain,2025-11-01,6.2,2025,18.75
"Milk, cheese and eggs",Spain,2025-12-01,6.5,2025,18.75
"Milk, cheese and eggs",France,2019-01-01,2.0,2019,20.84
"Milk, cheese and eggs",France,2019-02-01,2.3,2019,20.84
"Milk, cheese and eggs",France,2019-03-01,2.4,2019,20.84
"Milk, cheese and eggs",France,2019-04-01,2.7,2019,20.84
"Milk, cheese and eggs",France,2019-05-01,2.9,2019,20.84
"Milk, cheese and eggs",France,2019-06-01,2.8,2019,20.84
"Milk, cheese and eggs",France,2019-07-01,3.0,2019,20.84
"Milk, cheese and eggs",France,2019-08-01,2.6,2019,20.84
"Milk, cheese and eggs",France,2019-09-01,2.5,2019,20.84
"Milk, cheese and eggs",France,2019-10-01,2.3,2019,20.84
"Milk, cheese and eggs",France,2019-11-01,2.2,2019,20.84
"Milk, cheese and eggs",France,2019-12-01,1.8,2019,20.84
"Milk, cheese and eggs",France,2020-01-01,1.7,2020,20.8
"Milk, cheese and eggs",France,2020-02-01,1.3,2020,20.8
"Milk, cheese and eggs",France,2020-03-01,1.0,2020,20.8
"Milk, cheese and eggs",France,2020-04-01,0.1,2020,20.8
"Milk, cheese and eggs",France,2020-05-01,-0.2,2020,20.8
"Milk, cheese and eggs",France,2020-06-01,-0.7,2020,20.8
"Milk, cheese and eggs",France,2020-07-01,-0.1,2020,20.8
"Milk, cheese and eggs",France,2020-08-01,-0.1,2020,20.8
"Milk, cheese and eggs",France,2020-09-01,-0.1,2020,20.8
"Milk, cheese and eggs",France,2020-10-01,-0.2,2020,20.8
"Milk, cheese and eggs",France,2020-11-01,0.2,2020,20.8
"Milk, cheese and eggs",France,2020-12-01,-0.2,2020,20.8
"Milk, cheese and eggs",France,2021-01-01,0.0,2021,23.32
"Milk, cheese and eggs",France,2021-02-01,0.0,2021,23.32
"Milk, cheese and eggs",France,2021-03-01,0.2,2021,23.32
"Milk, cheese and eggs",France,2021-04-01,0.5,2021,23.32
"Milk, cheese and eggs",France,2021-05-01,0.3,2021,23.32
"Milk, cheese and eggs",France,2021-06-01,0.6,2021,23.32
"Milk, cheese and eggs",France,2021-07-01,0.0,2021,23.32
"Milk, cheese and eggs",France,2021-08-01,0.0,2021,23.32
"Milk, cheese and eggs",France,2021-09-01,-0.1,2021,23.32
"Milk, cheese and eggs",France,2021-10-01,0.1,2021,23.32
"Milk, cheese and eggs",France,2021-11-01,-0.2,2021,23.32
"Milk, cheese and eggs",France,2021-12-01,0.6,2021,23.32
"Milk, cheese and eggs",France,2022-01-01,0.5,2022,21.72
"Milk, cheese and eggs",France,2022-02-01,0.8,2022,21.72
"Milk, cheese and eggs",France,2022-03-01,1.7,2022,21.72
"Milk, cheese and eggs",France,2022-04-01,3.3,2022,21.72
"Milk, cheese and eggs",France,2022-05-01,4.7,2022,21.72
"Milk, cheese and eggs",France,2022-06-01,5.9,2022,21.72
"Milk, cheese and eggs",France,2022-07-01,7.9,2022,21.72
"Milk, cheese and eggs",France,2022-08-01,10.9,2022,21.72
"Milk, cheese and eggs",France,2022-09-01,12.5,2022,21.72
"Milk, cheese and eggs",France,2022-10-01,14.7,2022,21.72
"Milk, cheese and eggs",France,2022-11-01,15.9,2022,21.72
"Milk, cheese and eggs",France,2022-12-01,16.8,2022,21.72
"Milk, cheese and eggs",France,2023-01-01,19.0,2023,21.54
"Milk, cheese and eggs",France,2023-02-01,20.4,2023,21.54
"Milk, cheese and eggs",France,2023-03-01,21.7,2023,21.54
"Milk, cheese and eggs",France,2023-04-01,21.5,2023,21.54
"Milk, cheese and eggs",France,2023-05-01,20.7,2023,21.54
"Milk, cheese and eggs",France,2023-06-01,19.8,2023,21.54
"Milk, cheese and eggs",France,2023-07-01,17.9,2023,21.54
"Milk, cheese and eggs",France,2023-08-01,15.1,2023,21.54
"Milk, cheese and eggs",France,2023-09-01,13.5,2023,21.54
"Milk, cheese and eggs",France,2023-10-01,11.2,2023,21.54
"Milk, cheese and eggs",France,2023-11-01,9.8,2023,21.54
"Milk, cheese and eggs",France,2023-12-01,8.4,2023,21.54
"Milk, cheese and eggs",France,2024-01-01,6.3,2024,19.88
"Milk, cheese and eggs",France,2024-02-01,4.8,2024,19.88
"Milk, cheese and eggs",France,2024-03-01,2.7,2024,19.88
"Milk, cheese and eggs",France,2024-04-01,1.4,2024,19.88
"Milk, cheese and eggs",France,2024-05-01,0.8,2024,19.88
"Milk, cheese and eggs",France,2024-06-01,0.5,2024,19.88
"Milk, cheese and eggs",France,2024-07-01,-0.1,2024,19.88
"Milk, cheese and eggs",France,2024-08-01,-0.5,2024,19.88
"Milk, cheese and eggs",France,2024-09-01,-0.6,2024,19.88
"Milk, cheese and eggs",France,2024-10-01,-0.7,2024,19.88
"Milk, cheese and eggs",France,2024-11-01,-0.8,2024,19.88
"Milk, cheese and eggs",France,2024-12-01,-0.7,2024,19.88
"Milk, cheese and eggs",France,2025-01-01,-0.8,2025,19.3
"Milk, cheese and eggs",France,2025-02-01,-0.9,2025,19.3
"Milk, cheese and eggs",France,2025-03-01,-0.8,2025,19.3
"Milk, cheese and eggs",France,2025-04-01,-0.4,2025,19.3
"Milk, cheese and eggs",France,2025-05-01,-0.2,2025,19.3
"Milk, cheese and eggs",France,2025-06-01,-0.1,2025,19.3
"Milk, cheese and eggs",France,2025-07-01,0.2,2025,19.3
"Milk, cheese and eggs",France,2025-08-01,0.3,2025,19.3
"Milk, cheese and eggs",France,2025-09-01,0.4,2025,19.3
"Milk, cheese and eggs",France,2025-10-01,0.7,2025,19.3
"Milk, cheese and eggs",France,2025-11-01,0.8,2025,19.3
"Milk, cheese and eggs",France,2025-12-01,0.8,2025,19.3
"Milk, cheese and eggs",Italy,2019-01-01,0.0,2019,22.59
"Milk, cheese and eggs",Italy,2019-02-01,0.5,2019,22.59
"Milk, cheese and eggs",Italy,2019-03-01,0.5,2019,22.59
"Milk, cheese and eggs",Italy,2019-04-01,-0.2,2019,22.59
"Milk, cheese and eggs",Italy,2019-05-01,0.3,2019,22.59
"Milk, cheese and eggs",Italy,2019-06-01,0.4,2019,22.59
"Milk, cheese and eggs",Italy,2019-07-01,0.7,2019,22.59
"Milk, cheese and eggs",Italy,2019-08-01,0.6,2019,22.59
"Milk, cheese and eggs",Italy,2019-09-01,0.9,2019,22.59
"Milk, cheese and eggs",Italy,2019-10-01,1.1,2019,22.59
"Milk, cheese and eggs",Italy,2019-11-01,1.2,2019,22.59
"Milk, cheese and eggs",Italy,2019-12-01,0.9,2019,22.59
"Milk, cheese and eggs",Italy,2020-01-01,1.1,2020,22.48
"Milk, cheese and eggs",Italy,2020-02-01,0.9,2020,22.48
"Milk, cheese and eggs",Italy,2020-03-01,1.8,2020,22.48
"Milk, cheese and eggs",Italy,2020-04-01,2.3,2020,22.48
"Milk, cheese and eggs",Italy,2020-05-01,1.9,2020,22.48
"Milk, cheese and eggs",Italy,2020-06-01,1.3,2020,22.48
"Milk, cheese and eggs",Italy,2020-07-01,0.9,2020,22.48
"Milk, cheese and eggs",Italy,2020-08-01,0.5,2020,22.48
"Milk, cheese and eggs",Italy,2020-09-01,0.3,2020,22.48
"Milk, cheese and eggs",Italy,2020-10-01,-0.1,2020,22.48
"Milk, cheese and eggs",Italy,2020-11-01,0.0,2020,22.48
"Milk, cheese and eggs",Italy,2020-12-01,0.3,2020,22.48
"Milk, cheese and eggs",Italy,2021-01-01,-0.1,2021,26.7
"Milk, cheese and eggs",Italy,2021-02-01,-0.2,2021,26.7
"Milk, cheese and eggs",Italy,2021-03-01,-0.9,2021,26.7
"Milk, cheese and eggs",Italy,2021-04-01,-1.1,2021,26.7
"Milk, cheese and eggs",Italy,2021-05-01,-1.2,2021,26.7
"Milk, cheese and eggs",Italy,2021-06-01,-0.3,2021,26.7
"Milk, cheese and eggs",Italy,2021-07-01,0.0,2021,26.7
"Milk, cheese and eggs",Italy,2021-08-01,0.3,2021,26.7
"Milk, cheese and eggs",Italy,2021-09-01,0.6,2021,26.7
"Milk, cheese and eggs",Italy,2021-10-01,0.8,2021,26.7
"Milk, cheese and eggs",Italy,2021-11-01,0.8,2021,26.7
"Milk, cheese and eggs",Italy,2021-12-01,1.2,2021,26.7
"Milk, cheese and eggs",Italy,2022-01-01,1.7,2022,25.56
"Milk, cheese and eggs",Italy,2022-02-01,2.4,2022,25.56
"Milk, cheese and eggs",Italy,2022-03-01,2.9,2022,25.56
"Milk, cheese and eggs",Italy,2022-04-01,4.1,2022,25.56
"Milk, cheese and eggs",Italy,2022-05-01,6.2,2022,25.56
"Milk, cheese and eggs",Italy,2022-06-01,7.9,2022,25.56
"Milk, cheese and eggs",Italy,2022-07-01,10.0,2022,25.56
"Milk, cheese and eggs",Italy,2022-08-01,11.8,2022,25.56
"Milk, cheese and eggs",Italy,2022-09-01,13.7,2022,25.56
"Milk, cheese and eggs",Italy,2022-10-01,16.2,2022,25.56
"Milk, cheese and eggs",Italy,2022-11-01,18.4,2022,25.56
"Milk, cheese and eggs",Italy,2022-12-01,19.3,2022,25.56
"Milk, cheese and eggs",Italy,2023-01-01,19.4,2023,24.9
"Milk, cheese and eggs",Italy,2023-02-01,19.9,2023,24.9
"Milk, cheese and eggs",Italy,2023-03-01,19.5,2023,24.9
"Milk, cheese and eggs",Italy,2023-04-01,18.2,2023,24.9
"Milk, cheese and eggs",Italy,2023-05-01,16.1,2023,24.9
"Milk, cheese and eggs",Italy,2023-06-01,13.5,2023,24.9
"Milk, cheese and eggs",Italy,2023-07-01,11.6,2023,24.9
"Milk, cheese and eggs",Italy,2023-08-01,9.7,2023,24.9
"Milk, cheese and eggs",Italy,2023-09-01,7.4,2023,24.9
"Milk, cheese and eggs",Italy,2023-10-01,4.5,2023,24.9
"Milk, cheese and eggs",Italy,2023-11-01,2.0,2023,24.9
"Milk, cheese and eggs",Italy,2023-12-01,0.8,2023,24.9
"Milk, cheese and eggs",Italy,2024-01-01,0.4,2024,23.62
"Milk, cheese and eggs",Italy,2024-02-01,-0.8,2024,23.62
"Milk, cheese and eggs",Italy,2024-03-01,-1.0,2024,23.62
"Milk, cheese and eggs",Italy,2024-04-01,-1.3,2024,23.62
"Milk, cheese and eggs",Italy,2024-05-01,-1.7,2024,23.62
"Milk, cheese and eggs",Italy,2024-06-01,-1.1,2024,23.62
"Milk, cheese and eggs",Italy,2024-07-01,-1.3,2024,23.62
"Milk, cheese and eggs",Italy,2024-08-01,-0.9,2024,23.62
"Milk, cheese and eggs",Italy,2024-09-01,-0.4,2024,23.62
"Milk, cheese and eggs",Italy,2024-10-01,0.3,2024,23.62
"Milk, cheese and eggs",Italy,2024-11-01,1.4,2024,23.62
"Milk, cheese and eggs",Italy,2024-12-01,1.7,2024,23.62
"Milk, cheese and eggs",Italy,2025-01-01,1.9,2025,25.14
"Milk, cheese and eggs",Italy,2025-02-01,2.8,2025,25.14
"Milk, cheese and eggs",Italy,2025-03-01,3.1,2025,25.14
"Milk, cheese and eggs",Italy,2025-04-01,3.9,2025,25.14
"Milk, cheese and eggs",Italy,2025-05-01,4.8,2025,25.14
"Milk, cheese and eggs",Italy,2025-06-01,5.0,2025,25.14
"Milk, cheese and eggs",Italy,2025-07-01,5.5,2025,25.14
"Milk, cheese and eggs",Italy,2025-08-01,5.3,2025,25.14
"Milk, cheese and eggs",Italy,2025-09-01,5.3,2025,25.14
"Milk, cheese and eggs",Italy,2025-10-01,5.2,2025,25.14
"Milk, cheese and eggs",Italy,2025-11-01,4.5,2025,25.14
"Milk, cheese and eggs",Italy,2025-12-01,4.5,2025,25.14
"Milk, cheese and eggs",Portugal,2019-01-01,-1.0,2019,21.4
"Milk, cheese and eggs",Portugal,2019-02-01,-1.5,2019,21.4
"Milk, cheese and eggs",Portugal,2019-03-01,-0.8,2019,21.4
"Milk, cheese and eggs",Portugal,2019-04-01,-2.6,2019,21.4
"Milk, cheese and eggs",Portugal,2019-05-01,-1.8,2019,21.4
"Milk, cheese and eggs",Portugal,2019-06-01,-1.3,2019,21.4
"Milk, cheese and eggs",Portugal,2019-07-01,-1.1,2019,21.4
"Milk, cheese and eggs",Portugal,2019-08-01,-1.5,2019,21.4
"Milk, cheese and eggs",Portugal,2019-09-01,-1.7,2019,21.4
"Milk, cheese and eggs",Portugal,2019-10-01,-1.0,2019,21.4
"Milk, cheese and eggs",Portugal,2019-11-01,-1.8,2019,21.4
"Milk, cheese and eggs",Portugal,2019-12-01,-2.6,2019,21.4
"Milk, cheese and eggs",Portugal,2020-01-01,-1.3,2020,20.8
"Milk, cheese and eggs",Portugal,2020-02-01,-1.3,2020,20.8
"Milk, cheese and eggs",Portugal,2020-03-01,-1.0,2020,20.8
"Milk, cheese and eggs",Portugal,2020-04-01,1.4,2020,20.8
"Milk, cheese and eggs",Portugal,2020-05-01,-1.0,2020,20.8
"Milk, cheese and eggs",Portugal,2020-06-01,-0.1,2020,20.8
"Milk, cheese and eggs",Portugal,2020-07-01,-0.8,2020,20.8
"Milk, cheese and eggs",Portugal,2020-08-01,-0.6,2020,20.8
"Milk, cheese and eggs",Portugal,2020-09-01,-1.3,2020,20.8
"Milk, cheese and eggs",Portugal,2020-10-01,-0.8,2020,20.8
"Milk, cheese and eggs",Portugal,2020-11-01,0.0,2020,20.8
"Milk, cheese and eggs",Portugal,2020-12-01,0.7,2020,20.8
"Milk, cheese and eggs",Portugal,2021-01-01,0.7,2021,24.26
"Milk, cheese and eggs",Portugal,2021-02-01,0.1,2021,24.26
"Milk, cheese and eggs",Portugal,2021-03-01,-0.3,2021,24.26
"Milk, cheese and eggs",Portugal,2021-04-01,-2.0,2021,24.26
"Milk, cheese and eggs",Portugal,2021-05-01,0.7,2021,24.26
"Milk, cheese and eggs",Portugal,2021-06-01,-0.3,2021,24.26
"Milk, cheese and eggs",Portugal,2021-07-01,-0.4,2021,24.26
"Milk, cheese and eggs",Portugal,2021-08-01,-0.2,2021,24.26
"Milk, cheese and eggs",Portugal,2021-09-01,0.3,2021,24.26
"Milk, cheese and eggs",Portugal,2021-10-01,-0.2,2021,24.26
"Milk, cheese and eggs",Portugal,2021-11-01,0.2,2021,24.26
"Milk, cheese and eggs",Portugal,2021-12-01,0.4,2021,24.26
"Milk, cheese and eggs",Portugal,2022-01-01,1.9,2022,23.36
"Milk, cheese and eggs",Portugal,2022-02-01,4.1,2022,23.36
"Milk, cheese and eggs",Portugal,2022-03-01,5.7,2022,23.36
"Milk, cheese and eggs",Portugal,2022-04-01,7.1,2022,23.36
"Milk, cheese and eggs",Portugal,2022-05-01,10.7,2022,23.36
"Milk, cheese and eggs",Portugal,2022-06-01,11.8,2022,23.36
"Milk, cheese and eggs",Portugal,2022-07-01,13.5,2022,23.36
"Milk, cheese and eggs",Portugal,2022-08-01,14.4,2022,23.36
"Milk, cheese and eggs",Portugal,2022-09-01,16.5,2022,23.36
"Milk, cheese and eggs",Portugal,2022-10-01,22.1,2022,23.36
"Milk, cheese and eggs",Portugal,2022-11-01,29.8,2022,23.36
"Milk, cheese and eggs",Portugal,2022-12-01,31.8,2022,23.36
"Milk, cheese and eggs",Portugal,2023-01-01,31.0,2023,24.37
"Milk, cheese and eggs",Portugal,2023-02-01,29.0,2023,24.37
"Milk, cheese and eggs",Portugal,2023-03-01,28.0,2023,24.37
"Milk, cheese and eggs",Portugal,2023-04-01,26.1,2023,24.37
"Milk, cheese and eggs",Portugal,2023-05-01,15.8,2023,24.37
"Milk, cheese and eggs",Portugal,2023-06-01,13.6,2023,24.37
"Milk, cheese and eggs",Portugal,2023-07-01,10.8,2023,24.37
"Milk, cheese and eggs",Portugal,2023-08-01,9.8,2023,24.37
"Milk, cheese and eggs",Portugal,2023-09-01,8.1,2023,24.37
"Milk, cheese and eggs",Portugal,2023-10-01,2.8,2023,24.37
"Milk, cheese and eggs",Portugal,2023-11-01,-3.0,2023,24.37
"Milk, cheese and eggs",Portugal,2023-12-01,-4.8,2023,24.37
"Milk, cheese and eggs",Portugal,2024-01-01,-2.2,2024,22.17
"Milk, cheese and eggs",Portugal,2024-02-01,-1.6,2024,22.17
"Milk, cheese and eggs",Portugal,2024-03-01,-2.3,2024,22.17
"Milk, cheese and eggs",Portugal,2024-04-01,-2.5,2024,22.17
"Milk, cheese and eggs",Portugal,2024-05-01,2.7,2024,22.17
"Milk, cheese and eggs",Portugal,2024-06-01,3.0,2024,22.17
"Milk, cheese and eggs",Portugal,2024-07-01,4.1,2024,22.17
"Milk, cheese and eggs",Portugal,2024-08-01,4.1,2024,22.17
"Milk, cheese and eggs",Portugal,2024-09-01,4.2,2024,22.17
"Milk, cheese and eggs",Portugal,2024-10-01,4.3,2024,22.17
"Milk, cheese and eggs",Portugal,2024-11-01,4.1,2024,22.17
"Milk, cheese and eggs",Portugal,2024-12-01,5.0,2024,22.17
"Milk, cheese and eggs",Portugal,2025-01-01,0.9,2025,24.05
"Milk, cheese and eggs",Portugal,2025-02-01,0.3,2025,24.05
"Milk, cheese and eggs",Portugal,2025-03-01,0.3,2025,24.05
"Milk, cheese and eggs",Portugal,2025-04-01,1.7,2025,24.05
"Milk, cheese and eggs",Portugal,2025-05-01,2.2,2025,24.05
"Milk, cheese and eggs",Portugal,2025-06-01,3.0,2025,24.05
"Milk, cheese and eggs",Portugal,2025-07-01,3.5,2025,24.05
"Milk, cheese and eggs",Portugal,2025-08-01,2.9,2025,24.05
"Milk, cheese and eggs",Portugal,2025-09-01,3.2,2025,24.05
"Milk, cheese and eggs",Portugal,2025-10-01,3.2,2025,24.05
"Milk, cheese and eggs",Portugal,2025-11-01,2.7,2025,24.05
"Milk, cheese and eggs",Portugal,2025-12-01,2.0,2025,24.05
Eggs,Germany,2019-01-01,0.1,2019,1.74
Eggs,Germany,2019-02-01,-2.6,2019,1.74
Eggs,Germany,2019-03-01,-2.6,2019,1.74
Eggs,Germany,2019-04-01,-2.7,2019,1.74
Eggs,Germany,2019-05-01,-2.5,2019,1.74
Eggs,Germany,2019-06-01,-2.5,2019,1.74
Eggs,Germany,2019-07-01,-2.5,2019,1.74
Eggs,Germany,2019-08-01,-2.4,2019,1.74
Eggs,Germany,2019-09-01,-2.8,2019,1.74
Eggs,Germany,2019-10-01,-3.0,2019,1.74
Eggs,Germany,2019-11-01,-3.3,2019,1.74
Eggs,Germany,2019-12-01,-2.9,2019,1.74
Eggs,Germany,2020-01-01,0.5,2020,1.59
Eggs,Germany,2020-02-01,2.9,2020,1.59
Eggs,Germany,2020-03-01,2.7,2020,1.59
Eggs,Germany,2020-04-01,2.6,2020,1.59
Eggs,Germany,2020-05-01,2.8,2020,1.59
Eggs,Germany,2020-06-01,3.2,2020,1.59
Eggs,Germany,2020-07-01,1.1,2020,1.59
Eggs,Germany,2020-08-01,1.2,2020,1.59
Eggs,Germany,2020-09-01,1.5,2020,1.59
Eggs,Germany,2020-10-01,1.6,2020,1.59
Eggs,Germany,2020-11-01,1.9,2020,1.59
Eggs,Germany,2020-12-01,1.5,2020,1.59
Eggs,Germany,2021-01-01,2.4,2021,1.91
Eggs,Germany,2021-02-01,0.5,2021,1.91
Eggs,Germany,2021-03-01,0.8,2021,1.91
Eggs,Germany,2021-04-01,2.3,2021,1.91
Eggs,Germany,2021-05-01,5.1,2021,1.91
Eggs,Germany,2021-06-01,5.1,2021,1.91
Eggs,Germany,2021-07-01,9.7,2021,1.91
Eggs,Germany,2021-08-01,12.2,2021,1.91
Eggs,Germany,2021-09-01,13.4,2021,1.91
Eggs,Germany,2021-10-01,14.6,2021,1.91
Eggs,Germany,2021-11-01,14.7,2021,1.91
Eggs,Germany,2021-12-01,15.3,2021,1.91
Eggs,Germany,2022-01-01,14.3,2022,1.95
Eggs,Germany,2022-02-01,16.3,2022,1.95
Eggs,Germany,2022-03-01,17.0,2022,1.95
Eggs,Germany,2022-04-01,24.3,2022,1.95
Eggs,Germany,2022-05-01,24.7,2022,1.95
Eggs,Germany,2022-06-01,26.3,2022,1.95
Eggs,Germany,2022-07-01,23.9,2022,1.95
Eggs,Germany,2022-08-01,21.4,2022,1.95
Eggs,Germany,2022-09-01,20.3,2022,1.95
Eggs,Germany,2022-10-01,19.8,2022,1.95
Eggs,Germany,2022-11-01,19.6,2022,1.95
Eggs,Germany,2022-12-01,19.6,2022,1.95
Eggs,Germany,2023-01-01,17.9,2023,2.23
Eggs,Germany,2023-02-01,16.6,2023,2.23
Eggs,Germany,2023-03-01,16.2,2023,2.23
Eggs,Germany,2023-04-01,8.5,2023,2.23
Eggs,Germany,2023-05-01,5.2,2023,2.23
Eggs,Germany,2023-06-01,3.2,2023,2.23
Eggs,Germany,2023-07-01,3.3,2023,2.23
Eggs,Germany,2023-08-01,3.1,2023,2.23
Eggs,Germany,2023-09-01,3.1,2023,2.23
Eggs,Germany,2023-10-01,2.4,2023,2.23
Eggs,Germany,2023-11-01,1.9,2023,2.23
Eggs,Germany,2023-12-01,2.1,2023,2.23
Eggs,Germany,2024-01-01,2.8,2024,2.21
Eggs,Germany,2024-02-01,2.4,2024,2.21
Eggs,Germany,2024-03-01,1.9,2024,2.21
Eggs,Germany,2024-04-01,1.3,2024,2.21
Eggs,Germany,2024-05-01,1.2,2024,2.21
Eggs,Germany,2024-06-01,1.7,2024,2.21
Eggs,Germany,2024-07-01,1.2,2024,2.21
Eggs,Germany,2024-08-01,1.4,2024,2.21
Eggs,Germany,2024-09-01,0.9,2024,2.21
Eggs,Germany,2024-10-01,1.4,2024,2.21
Eggs,Germany,2024-11-01,1.4,2024,2.21
Eggs,Germany,2024-12-01,0.9,2024,2.21
Eggs,Germany,2025-01-01,1.2,2025,2.25
Eggs,Germany,2025-02-01,1.7,2025,2.25
Eggs,Germany,2025-03-01,2.2,2025,2.25
Eggs,Germany,2025-04-01,2.6,2025,2.25
Eggs,Germany,2025-05-01,3.2,2025,2.25
Eggs,Germany,2025-06-01,3.1,2025,2.25
Eggs,Germany,2025-07-01,3.2,2025,2.25
Eggs,Germany,2025-08-01,2.8,2025,2.25
Eggs,Germany,2025-09-01,3.1,2025,2.25
Eggs,Germany,2025-10-01,3.1,2025,2.25
Eggs,Germany,2025-11-01,3.2,2025,2.25
Eggs,Germany,2025-12-01,3.3,2025,2.25
Eggs,"Euro area (EA11-1999, EA12-2001, EA13-2007, EA15-2008, EA16-2009, EA17-2011, EA18-2014, EA19-2015, EA20-2023, EA21-2026)",2019-01-01,0.0,2019,1.82
Eggs,"Euro area (EA11-1999, EA12-2001, EA13-2007, EA15-2008, EA16-2009, EA17-2011, EA18-2014, EA19-2015, EA20-2023, EA21-2026)",2019-02-01,-0.9,2019,1.82
Eggs,"Euro area (EA11-1999, EA12-2001, EA13-2007, EA15-2008, EA16-2009, EA17-2011, EA18-2014, EA19-2015, EA20-2023, EA21-2026)",2019-03-01,-0.8,2019,1.82
Eggs,"Euro area (EA11-1999, EA12-2001, EA13-2007, EA15-2008, EA16-2009, EA17-2011, EA18-2014, EA19-2015, EA20-2023, EA21-2026)",2019-04-01,-0.8,2019,1.82
Eggs,"Euro area (EA11-1999, EA12-2001, EA13-2007, EA15-2008, EA16-2009, EA17-2011, EA18-2014, EA19-2015, EA20-2023, EA21-2026)",2019-05-01,-0.5,2019,1.82
Eggs,"Euro area (EA11-1999, EA12-2001, EA13-2007, EA15-2008, EA16-2009, EA17-2011, EA18-2014, EA19-2015, EA20-2023, EA21-2026)",2019-06-01,-0.5,2019,1.82
Eggs,"Euro area (EA11-1999, EA12-2001, EA13-2007, EA15-2008, EA16-2009, EA17-2011, EA18-2014, EA19-2015, EA20-2023, EA21-2026)",2019-07-01,-0.3,2019,1.82
Eggs,"Euro area (EA11-1999, EA12-2001, EA13-2007, EA15-2008, EA16-2009, EA17-2011, EA18-2014, EA19-2015, EA20-2023, EA21-2026)",2019-08-01,-0.1,2019,1.82
Eggs,"Euro area (EA11-1999, EA12-2001, EA13-2007, EA15-2008, EA16-2009, EA17-2011, EA18-2014, EA19-2015, EA20-2023, EA21-2026)",2019-09-01,-0.4,2019,1.82
Eggs,"Euro area (EA11-1999, EA12-2001, EA13-2007, EA15-2008, EA16-2009, EA17-2011, EA18-2014, EA19-2015, EA20-2023, EA21-2026)",2019-10-01,-0.5,2019,1.82
Eggs,"Euro area (EA11-1999, EA12-2001, EA13-2007, EA15-2008, EA16-2009, EA17-2011, EA18-2014, EA19-2015, EA20-2023, EA21-2026)",2019-11-01,-0.4,2019,1.82
Eggs,"Euro area (EA11-1999, EA12-2001, EA13-2007, EA15-2008, EA16-2009, EA17-2011, EA18-2014, EA19-2015, EA20-2023, EA21-2026)",2019-12-01,-0.4,2019,1.82
Eggs,"Euro area (EA11-1999, EA12-2001, EA13-2007, EA15-2008, EA16-2009, EA17-2011, EA18-2014, EA19-2015, EA20-2023, EA21-2026)",2020-01-01,0.8,2020,1.75
Eggs,"Euro area (EA11-1999, EA12-2001, EA13-2007, EA15-2008, EA16-2009, EA17-2011, EA18-2014, EA19-2015, EA20-2023, EA21-2026)",2020-02-01,1.3,2020,1.75
Eggs,"Euro area (EA11-1999, EA12-2001, EA13-2007, EA15-2008, EA16-2009, EA17-2011, EA18-2014, EA19-2015, EA20-2023, EA21-2026)",2020-03-01,1.4,2020,1.75
Eggs,"Euro area (EA11-1999, EA12-2001, EA13-2007, EA15-2008, EA16-2009, EA17-2011, EA18-2014, EA19-2015, EA20-2023, EA21-2026)",2020-04-01,1.6,2020,1.75
Eggs,"Euro area (EA11-1999, EA12-2001, EA13-2007, EA15-2008, EA16-2009, EA17-2011, EA18-2014, EA19-2015, EA20-2023, EA21-2026)",2020-05-01,1.4,2020,1.75
Eggs,"Euro area (EA11-1999, EA12-2001, EA13-2007, EA15-2008, EA16-2009, EA17-2011, EA18-2014, EA19-2015, EA20-2023, EA21-2026)",2020-06-01,1.5,2020,1.75
Eggs,"Euro area (EA11-1999, EA12-2001, EA13-2007, EA15-2008, EA16-2009, EA17-2011, EA18-2014, EA19-2015, EA20-2023, EA21-2026)",2020-07-01,0.9,2020,1.75
Eggs,"Euro area (EA11-1999, EA12-2001, EA13-2007, EA15-2008, EA16-2009, EA17-2011, EA18-2014, EA19-2015, EA20-2023, EA21-2026)",2020-08-01,0.6,2020,1.75
Eggs,"Euro area (EA11-1999, EA12-2001, EA13-2007, EA15-2008, EA16-2009, EA17-2011, EA18-2014, EA19-2015, EA20-2023, EA21-2026)",2020-09-01,0.8,2020,1.75
Eggs,"Euro area (EA11-1999, EA12-2001, EA13-2007, EA15-2008, EA16-2009, EA17-2011, EA18-2014, EA19-2015, EA20-2023, EA21-2026)",2020-10-01,0.7,2020,1.75
Eggs,"Euro area (EA11-1999, EA12-2001, EA13-2007, EA15-2008, EA16-2009, EA17-2011, EA18-2014, EA19-2015, EA20-2023, EA21-2026)",2020-11-01,0.7,2020,1.75
Eggs,"Euro area (EA11-1999, EA12-2001, EA13-2007, EA15-2008, EA16-2009, EA17-2011, EA18-2014, EA19-2015, EA20-2023, EA21-2026)",2020-12-01,0.5,2020,1.75
Eggs,"Euro area (EA11-1999, EA12-2001, EA13-2007, EA15-2008, EA16-2009, EA17-2011, EA18-2014, EA19-2015, EA20-2023, EA21-2026)",2021-01-01,0.5,2021,2.06
Eggs,"Euro area (EA11-1999, EA12-2001, EA13-2007, EA15-2008, EA16-2009, EA17-2011, EA18-2014, EA19-2015, EA20-2023, EA21-2026)",2021-02-01,0.0,2021,2.06
Eggs,"Euro area (EA11-1999, EA12-2001, EA13-2007, EA15-2008, EA16-2009, EA17-2011, EA18-2014, EA19-2015, EA20-2023, EA21-2026)",2021-03-01,-0.3,2021,2.06
Eggs,"Euro area (EA11-1999, EA12-2001, EA13-2007, EA15-2008, EA16-2009, EA17-2011, EA18-2014, EA19-2015, EA20-2023, EA21-2026)",2021-04-01,0.0,2021,2.06
Eggs,"Euro area (EA11-1999, EA12-2001, EA13-2007, EA15-2008, EA16-2009, EA17-2011, EA18-2014, EA19-2015, EA20-2023, EA21-2026)",2021-05-01,1.1,2021,2.06
Eggs,"Euro area (EA11-1999, EA12-2001, EA13-2007, EA15-2008, EA16-2009, EA17-2011, EA18-2014, EA19-2015, EA20-2023, EA21-2026)",2021-06-01,1.4,2021,2.06
Eggs,"Euro area (EA11-1999, EA12-2001, EA13-2007, EA15-2008, EA16-2009, EA17-2011, EA18-2014, EA19-2015, EA20-2023, EA21-2026)",2021-07-01,2.7,2021,2.06
Eggs,"Euro area (EA11-1999, EA12-2001, EA13-2007, EA15-2008, EA16-2009, EA17-2011, EA18-2014, EA19-2015, EA20-2023, EA21-2026)",2021-08-01,3.6,2021,2.06
Eggs,"Euro area (EA11-1999, EA12-2001, EA13-2007, EA15-2008, EA16-2009, EA17-2011, EA18-2014, EA19-2015, EA20-2023, EA21-2026)",2021-09-01,4.1,2021,2.06
Eggs,"Euro area (EA11-1999, EA12-2001, EA13-2007, EA15-2008, EA16-2009, EA17-2011, EA18-2014, EA19-2015, EA20-2023, EA21-2026)",2021-10-01,4.7,2021,2.06
Eggs,"Euro area (EA11-1999, EA12-2001, EA13-2007, EA15-2008, EA16-2009, EA17-2011, EA18-2014, EA19-2015, EA20-2023, EA21-2026)",2021-11-01,5.0,2021,2.06
Eggs,"Euro area (EA11-1999, EA12-2001, EA13-2007, EA15-2008, EA16-2009, EA17-2011, EA18-2014, EA19-2015, EA20-2023, EA21-2026)",2021-12-01,5.7,2021,2.06
Eggs,"Euro area (EA11-1999, EA12-2001, EA13-2007, EA15-2008, EA16-2009, EA17-2011, EA18-2014, EA19-2015, EA20-2023, EA21-2026)",2022-01-01,6.1,2022,2.03
Eggs,"Euro area (EA11-1999, EA12-2001, EA13-2007, EA15-2008, EA16-2009, EA17-2011, EA18-2014, EA19-2015, EA20-2023, EA21-2026)",2022-02-01,7.6,2022,2.03
Eggs,"Euro area (EA11-1999, EA12-2001, EA13-2007, EA15-2008, EA16-2009, EA17-2011, EA18-2014, EA19-2015, EA20-2023, EA21-2026)",2022-03-01,9.1,2022,2.03
Eggs,"Euro area (EA11-1999, EA12-2001, EA13-2007, EA15-2008, EA16-2009, EA17-2011, EA18-2014, EA19-2015, EA20-2023, EA21-2026)",2022-04-01,14.8,2022,2.03
Eggs,"Euro area (EA11-1999, EA12-2001, EA13-2007, EA15-2008, EA16-2009, EA17-2011, EA18-2014, EA19-2015, EA20-2023, EA21-2026)",2022-05-01,17.9,2022,2.03
Eggs,"Euro area (EA11-1999, EA12-2001, EA13-2007, EA15-2008, EA16-2009, EA17-2011, EA18-2014, EA19-2015, EA20-2023, EA21-2026)",2022-06-01,19.1,2022,2.03
Eggs,"Euro area (EA11-1999, EA12-2001, EA13-2007, EA15-2008, EA16-2009, EA17-2011, EA18-2014, EA19-2015, EA20-2023, EA21-2026)",2022-07-01,18.9,2022,2.03
Eggs,"Euro area (EA11-1999, EA12-2001, EA13-2007, EA15-2008, EA16-2009, EA17-2011, EA18-2014, EA19-2015, EA20-2023, EA21-2026)",2022-08-01,18.7,2022,2.03
Eggs,"Euro area (EA11-1999, EA12-2001, EA13-2007, EA15-2008, EA16-2009, EA17-2011, EA18-2014, EA19-2015, EA20-2023, EA21-2026)",2022-09-01,19.4,2022,2.03
Eggs,"Euro area (EA11-1999, EA12-2001, EA13-2007, EA15-2008, EA16-2009, EA17-2011, EA18-2014, EA19-2015, EA20-2023, EA21-2026)",2022-10-01,20.7,2022,2.03
Eggs,"Euro area (EA11-1999, EA12-2001, EA13-2007, EA15-2008, EA16-2009, EA17-2011, EA18-2014, EA19-2015, EA20-2023, EA21-2026)",2022-11-01,22.6,2022,2.03
Eggs,"Euro area (EA11-1999, EA12-2001, EA13-2007, EA15-2008, EA16-2009, EA17-2011, EA18-2014, EA19-2015, EA20-2023, EA21-2026)",2022-12-01,23.9,2022,2.03
Eggs,"Euro area (EA11-1999, EA12-2001, EA13-2007, EA15-2008, EA16-2009, EA17-2011, EA18-2014, EA19-2015, EA20-2023, EA21-2026)",2023-01-01,23.8,2023,2.09
Eggs,"Euro area (EA11-1999, EA12-2001, EA13-2007, EA15-2008, EA16-2009, EA17-2011, EA18-2014, EA19-2015, EA20-2023, EA21-2026)",2023-02-01,23.6,2023,2.09
Eggs,"Euro area (EA11-1999, EA12-2001, EA13-2007, EA15-2008, EA16-2009, EA17-2011, EA18-2014, EA19-2015, EA20-2023, EA21-2026)",2023-03-01,22.9,2023,2.09
Eggs,"Euro area (EA11-1999, EA12-2001, EA13-2007, EA15-2008, EA16-2009, EA17-2011, EA18-2014, EA19-2015, EA20-2023, EA21-2026)",2023-04-01,16.7,2023,2.09
Eggs,"Euro area (EA11-1999, EA12-2001, EA13-2007, EA15-2008, EA16-2009, EA17-2011, EA18-2014, EA19-2015, EA20-2023, EA21-2026)",2023-05-01,12.9,2023,2.09
Eggs,"Euro area (EA11-1999, EA12-2001, EA13-2007, EA15-2008, EA16-2009, EA17-2011, EA18-2014, EA19-2015, EA20-2023, EA21-2026)",2023-06-01,11.1,2023,2.09
Eggs,"Euro area (EA11-1999, EA12-2001, EA13-2007, EA15-2008, EA16-2009, EA17-2011, EA18-2014, EA19-2015, EA20-2023, EA21-2026)",2023-07-01,10.6,2023,2.09
Eggs,"Euro area (EA11-1999, EA12-2001, EA13-2007, EA15-2008, EA16-2009, EA17-2011, EA18-2014, EA19-2015, EA20-2023, EA21-2026)",2023-08-01,9.6,2023,2.09
Eggs,"Euro area (EA11-1999, EA12-2001, EA13-2007, EA15-2008, EA16-2009, EA17-2011, EA18-2014, EA19-2015, EA20-2023, EA21-2026)",2023-09-01,8.5,2023,2.09
Eggs,"Euro area (EA11-1999, EA12-2001, EA13-2007, EA15-2008, EA16-2009, EA17-2011, EA18-2014, EA19-2015, EA20-2023, EA21-2026)",2023-10-01,6.5,2023,2.09
Eggs,"Euro area (EA11-1999, EA12-2001, EA13-2007, EA15-2008, EA16-2009, EA17-2011, EA18-2014, EA19-2015, EA20-2023, EA21-2026)",2023-11-01,4.1,2023,2.09
Eggs,"Euro area (EA11-1999, EA12-2001, EA13-2007, EA15-2008, EA16-2009, EA17-2011, EA18-2014, EA19-2015, EA20-2023, EA21-2026)",2023-12-01,2.5,2023,2.09
Eggs,"Euro area (EA11-1999, EA12-2001, EA13-2007, EA15-2008, EA16-2009, EA17-2011, EA18-2014, EA19-2015, EA20-2023, EA21-2026)",2024-01-01,1.9,2024,2.1
Eggs,"Euro area (EA11-1999, EA12-2001, EA13-2007, EA15-2008, EA16-2009, EA17-2011, EA18-2014, EA19-2015, EA20-2023, EA21-2026)",2024-02-01,1.0,2024,2.1
Eggs,"Euro area (EA11-1999, EA12-2001, EA13-2007, EA15-2008, EA16-2009, EA17-2011, EA18-2014, EA19-2015, EA20-2023, EA21-2026)",2024-03-01,0.0,2024,2.1
Eggs,"Euro area (EA11-1999, EA12-2001, EA13-2007, EA15-2008, EA16-2009, EA17-2011, EA18-2014, EA19-2015, EA20-2023, EA21-2026)",2024-04-01,-0.7,2024,2.1
Eggs,"Euro area (EA11-1999, EA12-2001, EA13-2007, EA15-2008, EA16-2009, EA17-2011, EA18-2014, EA19-2015, EA20-2023, EA21-2026)",2024-05-01,-0.8,2024,2.1
Eggs,"Euro area (EA11-1999, EA12-2001, EA13-2007, EA15-2008, EA16-2009, EA17-2011, EA18-2014, EA19-2015, EA20-2023, EA21-2026)",2024-06-01,-0.8,2024,2.1
Eggs,"Euro area (EA11-1999, EA12-2001, EA13-2007, EA15-2008, EA16-2009, EA17-2011, EA18-2014, EA19-2015, EA20-2023, EA21-2026)",2024-07-01,-1.1,2024,2.1
Eggs,"Euro area (EA11-1999, EA12-2001, EA13-2007, EA15-2008, EA16-2009, EA17-2011, EA18-2014, EA19-2015, EA20-2023, EA21-2026)",2024-08-01,-0.6,2024,2.1
Eggs,"Euro area (EA11-1999, EA12-2001, EA13-2007, EA15-2008, EA16-2009, EA17-2011, EA18-2014, EA19-2015, EA20-2023, EA21-2026)",2024-09-01,-0.6,2024,2.1
Eggs,"Euro area (EA11-1999, EA12-2001, EA13-2007, EA15-2008, EA16-2009, EA17-2011, EA18-2014, EA19-2015, EA20-2023, EA21-2026)",2024-10-01,-0.1,2024,2.1
Eggs,"Euro area (EA11-1999, EA12-2001, EA13-2007, EA15-2008, EA16-2009, EA17-2011, EA18-2014, EA19-2015, EA20-2023, EA21-2026)",2024-11-01,1.0,2024,2.1
Eggs,"Euro area (EA11-1999, EA12-2001, EA13-2007, EA15-2008, EA16-2009, EA17-2011, EA18-2014, EA19-2015, EA20-2023, EA21-2026)",2024-12-01,1.2,2024,2.1
Eggs,"Euro area (EA11-1999, EA12-2001, EA13-2007, EA15-2008, EA16-2009, EA17-2011, EA18-2014, EA19-2015, EA20-2023, EA21-2026)",2025-01-01,1.4,2025,2.15
Eggs,"Euro area (EA11-1999, EA12-2001, EA13-2007, EA15-2008, EA16-2009, EA17-2011, EA18-2014, EA19-2015, EA20-2023, EA21-2026)",2025-02-01,1.7,2025,2.15
Eggs,"Euro area (EA11-1999, EA12-2001, EA13-2007, EA15-2008, EA16-2009, EA17-2011, EA18-2014, EA19-2015, EA20-2023, EA21-2026)",2025-03-01,3.4,2025,2.15
Eggs,"Euro area (EA11-1999, EA12-2001, EA13-2007, EA15-2008, EA16-2009, EA17-2011, EA18-2014, EA19-2015, EA20-2023, EA21-2026)",2025-04-01,5.4,2025,2.15
Eggs,"Euro area (EA11-1999, EA12-2001, EA13-2007, EA15-2008, EA16-2009, EA17-2011, EA18-2014, EA19-2015, EA20-2023, EA21-2026)",2025-05-01,5.7,2025,2.15
Eggs,"Euro area (EA11-1999, EA12-2001, EA13-2007, EA15-2008, EA16-2009, EA17-2011, EA18-2014, EA19-2015, EA20-2023, EA21-2026)",2025-06-01,6.2,2025,2.15
Eggs,"Euro area (EA11-1999, EA12-2001, EA13-2007, EA15-2008, EA16-2009, EA17-2011, EA18-2014, EA19-2015, EA20-2023, EA21-2026)",2025-07-01,6.7,2025,2.15
Eggs,"Euro area (EA11-1999, EA12-2001, EA13-2007, EA15-2008, EA16-2009, EA17-2011, EA18-2014, EA19-2015, EA20-2023, EA21-2026)",2025-08-01,6.6,2025,2.15
Eggs,"Euro area (EA11-1999, EA12-2001, EA13-2007, EA15-2008, EA16-2009, EA17-2011, EA18-2014, EA19-2015, EA20-2023, EA21-2026)",2025-09-01,6.8,2025,2.15
Eggs,"Euro area (EA11-1999, EA12-2001, EA13-2007, EA15-2008, EA16-2009, EA17-2011, EA18-2014, EA19-2015, EA20-2023, EA21-2026)",2025-10-01,7.7,2025,2.15
Eggs,"Euro area (EA11-1999, EA12-2001, EA13-2007, EA15-2008, EA16-2009, EA17-2011, EA18-2014, EA19-2015, EA20-2023, EA21-2026)",2025-11-01,8.3,2025,2.15
Eggs,"Euro area (EA11-1999, EA12-2001, EA13-2007, EA15-2008, EA16-2009, EA17-2011, EA18-2014, EA19-2015, EA20-2023, EA21-2026)",2025-12-01,8.7,2025,2.15
Eggs,Spain,2019-01-01,-0.2,2019,2.37
Eggs,Spain,2019-02-01,0.1,2019,2.37
Eggs,Spain,2019-03-01,0.0,2019,2.37
Eggs,Spain,2019-04-01,0.1,2019,2.37
Eggs,Spain,2019-05-01,0.0,2019,2.37
Eggs,Spain,2019-06-01,0.3,2019,2.37
Eggs,Spain,2019-07-01,0.3,2019,2.37
Eggs,Spain,2019-08-01,-0.1,2019,2.37
Eggs,Spain,2019-09-01,-0.2,2019,2.37
Eggs,Spain,2019-10-01,0.2,2019,2.37
Eggs,Spain,2019-11-01,0.0,2019,2.37
Eggs,Spain,2019-12-01,0.1,2019,2.37
Eggs,Spain,2020-01-01,0.3,2020,2.3
Eggs,Spain,2020-02-01,0.1,2020,2.3
Eggs,Spain,2020-03-01,0.5,2020,2.3
Eggs,Spain,2020-04-01,1.0,2020,2.3
Eggs,Spain,2020-05-01,0.9,2020,2.3
Eggs,Spain,2020-06-01,-0.1,2020,2.3
Eggs,Spain,2020-07-01,-0.2,2020,2.3
Eggs,Spain,2020-08-01,0.0,2020,2.3
Eggs,Spain,2020-09-01,-0.3,2020,2.3
Eggs,Spain,2020-10-01,-0.5,2020,2.3
Eggs,Spain,2020-11-01,-0.3,2020,2.3
Eggs,Spain,2020-12-01,-1.0,2020,2.3
Eggs,Spain,2021-01-01,-0.9,2021,2.97
Eggs,Spain,2021-02-01,-0.6,2021,2.97
Eggs,Spain,2021-03-01,-0.7,2021,2.97
Eggs,Spain,2021-04-01,-0.6,2021,2.97
Eggs,Spain,2021-05-01,-0.9,2021,2.97
Eggs,Spain,2021-06-01,1.5,2021,2.97
Eggs,Spain,2021-07-01,3.0,2021,2.97
Eggs,Spain,2021-08-01,3.6,2021,2.97
Eggs,Spain,2021-09-01,4.1,2021,2.97
Eggs,Spain,2021-10-01,4.3,2021,2.97
Eggs,Spain,2021-11-01,4.9,2021,2.97
Eggs,Spain,2021-12-01,6.2,2021,2.97
Eggs,Spain,2022-01-01,6.6,2022,2.78
Eggs,Spain,2022-02-01,6.6,2022,2.78
Eggs,Spain,2022-03-01,11.0,2022,2.78
Eggs,Spain,2022-04-01,21.6,2022,2.78
Eggs,Spain,2022-05-01,25.3,2022,2.78
Eggs,Spain,2022-06-01,23.9,2022,2.78
Eggs,Spain,2022-07-01,22.5,2022,2.78
Eggs,Spain,2022-08-01,22.5,2022,2.78
Eggs,Spain,2022-09-01,23.6,2022,2.78
Eggs,Spain,2022-10-01,25.5,2022,2.78
Eggs,Spain,2022-11-01,27.1,2022,2.78
Eggs,Spain,2022-12-01,29.8,2022,2.78
Eggs,Spain,2023-01-01,27.2,2023,2.09
Eggs,Spain,2023-02-01,28.0,2023,2.09
Eggs,Spain,2023-03-01,24.5,2023,2.09
Eggs,Spain,2023-04-01,15.8,2023,2.09
Eggs,Spain,2023-05-01,13.2,2023,2.09
Eggs,Spain,2023-06-01,13.1,2023,2.09
Eggs,Spain,2023-07-01,12.8,2023,2.09
Eggs,Spain,2023-08-01,12.3,2023,2.09
Eggs,Spain,2023-09-01,11.5,2023,2.09
Eggs,Spain,2023-10-01,9.3,2023,2.09
Eggs,Spain,2023-11-01,7.1,2023,2.09
Eggs,Spain,2023-12-01,4.4,2023,2.09
Eggs,Spain,2024-01-01,6.0,2024,2.12
Eggs,Spain,2024-02-01,4.9,2024,2.12
Eggs,Spain,2024-03-01,3.2,2024,2.12
Eggs,Spain,2024-04-01,1.3,2024,2.12
Eggs,Spain,2024-05-01,1.1,2024,2.12
Eggs,Spain,2024-06-01,0.8,2024,2.12
Eggs,Spain,2024-07-01,0.7,2024,2.12
Eggs,Spain,2024-08-01,1.0,2024,2.12
Eggs,Spain,2024-09-01,0.7,2024,2.12
Eggs,Spain,2024-10-01,2.0,2024,2.12
Eggs,Spain,2024-11-01,2.4,2024,2.12
Eggs,Spain,2024-12-01,2.2,2024,2.12
Eggs,Spain,2025-01-01,3.1,2025,2.11
Eggs,Spain,2025-02-01,3.8,2025,2.11
Eggs,Spain,2025-03-01,11.4,2025,2.11
Eggs,Spain,2025-04-01,17.4,2025,2.11
Eggs,Spain,2025-05-01,18.0,2025,2.11
Eggs,Spain,2025-06-01,18.0,2025,2.11
Eggs,Spain,2025-07-01,18.3,2025,2.11
Eggs,Spain,2025-08-01,17.8,2025,2.11
Eggs,Spain,2025-09-01,17.9,2025,2.11
Eggs,Spain,2025-10-01,22.5,2025,2.11
Eggs,Spain,2025-11-01,30.2,2025,2.11
Eggs,Spain,2025-12-01,31.3,2025,2.11
Eggs,France,2019-01-01,2.3,2019,1.35
Eggs,France,2019-02-01,2.2,2019,1.35
Eggs,France,2019-03-01,2.5,2019,1.35
Eggs,France,2019-04-01,2.6,2019,1.35
Eggs,France,2019-05-01,2.5,2019,1.35
Eggs,France,2019-06-01,3.0,2019,1.35
Eggs,France,2019-07-01,3.1,2019,1.35
Eggs,France,2019-08-01,2.8,2019,1.35
Eggs,France,2019-09-01,2.6,2019,1.35
Eggs,France,2019-10-01,2.2,2019,1.35
Eggs,France,2019-11-01,2.2,2019,1.35
Eggs,France,2019-12-01,1.6,2019,1.35
Eggs,France,2020-01-01,1.4,2020,1.4
Eggs,France,2020-02-01,1.2,2020,1.4
Eggs,France,2020-03-01,0.9,2020,1.4
Eggs,France,2020-04-01,0.5,2020,1.4
Eggs,France,2020-05-01,0.3,2020,1.4
Eggs,France,2020-06-01,-0.5,2020,1.4
Eggs,France,2020-07-01,-0.4,2020,1.4
Eggs,France,2020-08-01,-0.7,2020,1.4
Eggs,France,2020-09-01,-0.5,2020,1.4
Eggs,France,2020-10-01,-0.6,2020,1.4
Eggs,France,2020-11-01,-0.3,2020,1.4
Eggs,France,2020-12-01,-0.3,2020,1.4
Eggs,France,2021-01-01,-0.4,2021,1.51
Eggs,France,2021-02-01,-0.3,2021,1.51
Eggs,France,2021-03-01,-0.7,2021,1.51
Eggs,France,2021-04-01,-0.1,2021,1.51
Eggs,France,2021-05-01,-0.2,2021,1.51
Eggs,France,2021-06-01,-0.3,2021,1.51
Eggs,France,2021-07-01,-0.5,2021,1.51
Eggs,France,2021-08-01,-0.3,2021,1.51
Eggs,France,2021-09-01,-0.3,2021,1.51
Eggs,France,2021-10-01,-0.1,2021,1.51
Eggs,France,2021-11-01,0.0,2021,1.51
Eggs,France,2021-12-01,0.4,2021,1.51
Eggs,France,2022-01-01,0.3,2022,1.5
Eggs,France,2022-02-01,0.8,2022,1.5
Eggs,France,2022-03-01,2.0,2022,1.5
Eggs,France,2022-04-01,2.8,2022,1.5
Eggs,France,2022-05-01,5.7,2022,1.5
Eggs,France,2022-06-01,8.2,2022,1.5
Eggs,France,2022-07-01,9.8,2022,1.5
Eggs,France,2022-08-01,11.4,2022,1.5
Eggs,France,2022-09-01,13.0,2022,1.5
Eggs,France,2022-10-01,14.8,2022,1.5
Eggs,France,2022-11-01,16.2,2022,1.5
Eggs,France,2022-12-01,17.2,2022,1.5
Eggs,France,2023-01-01,20.7,2023,1.49
Eggs,France,2023-02-01,21.5,2023,1.49
Eggs,France,2023-03-01,21.9,2023,1.49
Eggs,France,2023-04-01,21.1,2023,1.49
Eggs,France,2023-05-01,18.3,2023,1.49
Eggs,France,2023-06-01,15.8,2023,1.49
Eggs,France,2023-07-01,14.1,2023,1.49
Eggs,France,2023-08-01,13.2,2023,1.49
Eggs,France,2023-09-01,11.1,2023,1.49
Eggs,France,2023-10-01,9.0,2023,1.49
Eggs,France,2023-11-01,7.3,2023,1.49
Eggs,France,2023-12-01,5.8,2023,1.49
Eggs,France,2024-01-01,2.8,2024,1.82
Eggs,France,2024-02-01,1.6,2024,1.82
Eggs,France,2024-03-01,0.1,2024,1.82
Eggs,France,2024-04-01,-0.3,2024,1.82
Eggs,France,2024-05-01,-0.7,2024,1.82
Eggs,France,2024-06-01,-1.0,2024,1.82
Eggs,France,2024-07-01,-1.2,2024,1.82
Eggs,France,2024-08-01,-2.1,2024,1.82
Eggs,France,2024-09-01,-1.6,2024,1.82
Eggs,France,2024-10-01,-1.6,2024,1.82
Eggs,France,2024-11-01,-1.7,2024,1.82
Eggs,France,2024-12-01,-1.5,2024,1.82
Eggs,France,2025-01-01,-1.1,2025,1.85
Eggs,France,2025-02-01,-1.0,2025,1.85
Eggs,France,2025-03-01,-0.6,2025,1.85
Eggs,France,2025-04-01,0.0,2025,1.85
Eggs,France,2025-05-01,0.3,2025,1.85
Eggs,France,2025-06-01,0.8,2025,1.85
Eggs,France,2025-07-01,1.1,2025,1.85
Eggs,France,2025-08-01,1.5,2025,1.85
Eggs,France,2025-09-01,1.6,2025,1.85
Eggs,France,2025-10-01,2.0,2025,1.85
Eggs,France,2025-11-01,2.3,2025,1.85
Eggs,France,2025-12-01,2.6,2025,1.85
Eggs,Italy,2019-01-01,0.2,2019,2.23
Eggs,Italy,2019-02-01,-0.8,2019,2.23
Eggs,Italy,2019-03-01,-0.9,2019,2.23
Eggs,Italy,2019-04-01,-1.3,2019,2.23
Eggs,Italy,2019-05-01,-0.3,2019,2.23
Eggs,Italy,2019-06-01,-1.0,2019,2.23
Eggs,Italy,2019-07-01,-1.1,2019,2.23
Eggs,Italy,2019-08-01,-0.5,2019,2.23
Eggs,Italy,2019-09-01,-0.6,2019,2.23
Eggs,Italy,2019-10-01,-0.1,2019,2.23
Eggs,Italy,2019-11-01,0.4,2019,2.23
Eggs,Italy,2019-12-01,-0.2,2019,2.23
Eggs,Italy,2020-01-01,1.1,2020,2.18
Eggs,Italy,2020-02-01,1.2,2020,2.18
Eggs,Italy,2020-03-01,1.7,2020,2.18
Eggs,Italy,2020-04-01,3.4,2020,2.18
Eggs,Italy,2020-05-01,2.0,2020,2.18
Eggs,Italy,2020-06-01,2.4,2020,2.18
Eggs,Italy,2020-07-01,2.4,2020,2.18
Eggs,Italy,2020-08-01,1.3,2020,2.18
Eggs,Italy,2020-09-01,1.5,2020,2.18
Eggs,Italy,2020-10-01,0.6,2020,2.18
Eggs,Italy,2020-11-01,0.9,2020,2.18
Eggs,Italy,2020-12-01,0.8,2020,2.18
Eggs,Italy,2021-01-01,0.5,2021,2.76
Eggs,Italy,2021-02-01,-0.2,2021,2.76
Eggs,Italy,2021-03-01,-1.4,2021,2.76
Eggs,Italy,2021-04-01,-2.4,2021,2.76
Eggs,Italy,2021-05-01,-1.5,2021,2.76
Eggs,Italy,2021-06-01,-1.5,2021,2.76
Eggs,Italy,2021-07-01,-1.4,2021,2.76
Eggs,Italy,2021-08-01,-1.2,2021,2.76
Eggs,Italy,2021-09-01,-0.9,2021,2.76
Eggs,Italy,2021-10-01,-0.6,2021,2.76
Eggs,Italy,2021-11-01,-0.9,2021,2.76
Eggs,Italy,2021-12-01,0.0,2021,2.76
Eggs,Italy,2022-01-01,1.3,2022,2.63
Eggs,Italy,2022-02-01,3.6,2022,2.63
Eggs,Italy,2022-03-01,5.0,2022,2.63
Eggs,Italy,2022-04-01,9.3,2022,2.63
Eggs,Italy,2022-05-01,12.4,2022,2.63
Eggs,Italy,2022-06-01,13.3,2022,2.63
Eggs,Italy,2022-07-01,13.9,2022,2.63
Eggs,Italy,2022-08-01,15.3,2022,2.63
Eggs,Italy,2022-09-01,16.4,2022,2.63
Eggs,Italy,2022-10-01,19.0,2022,2.63
Eggs,Italy,2022-11-01,21.8,2022,2.63
Eggs,Italy,2022-12-01,22.0,2022,2.63
Eggs,Italy,2023-01-01,20.8,2023,2.54
Eggs,Italy,2023-02-01,21.4,2023,2.54
Eggs,Italy,2023-03-01,22.3,2023,2.54
Eggs,Italy,2023-04-01,17.0,2023,2.54
Eggs,Italy,2023-05-01,14.0,2023,2.54
Eggs,Italy,2023-06-01,13.1,2023,2.54
Eggs,Italy,2023-07-01,12.3,2023,2.54
Eggs,Italy,2023-08-01,10.3,2023,2.54
Eggs,Italy,2023-09-01,8.4,2023,2.54
Eggs,Italy,2023-10-01,5.9,2023,2.54
Eggs,Italy,2023-11-01,2.6,2023,2.54
Eggs,Italy,2023-12-01,1.3,2023,2.54
Eggs,Italy,2024-01-01,1.5,2024,2.41
Eggs,Italy,2024-02-01,-0.8,2024,2.41
Eggs,Italy,2024-03-01,-2.5,2024,2.41
Eggs,Italy,2024-04-01,-2.2,2024,2.41
Eggs,Italy,2024-05-01,-3.0,2024,2.41
Eggs,Italy,2024-06-01,-3.3,2024,2.41
Eggs,Italy,2024-07-01,-2.8,2024,2.41
Eggs,Italy,2024-08-01,-1.5,2024,2.41
Eggs,Italy,2024-09-01,-1.1,2024,2.41
Eggs,Italy,2024-10-01,-0.8,2024,2.41
Eggs,Italy,2024-11-01,0.8,2024,2.41
Eggs,Italy,2024-12-01,1.1,2024,2.41
Eggs,Italy,2025-01-01,0.8,2025,2.58
Eggs,Italy,2025-02-01,2.7,2025,2.58
Eggs,Italy,2025-03-01,4.6,2025,2.58
Eggs,Italy,2025-04-01,5.7,2025,2.58
Eggs,Italy,2025-05-01,7.1,2025,2.58
Eggs,Italy,2025-06-01,7.2,2025,2.58
Eggs,Italy,2025-07-01,7.2,2025,2.58
Eggs,Italy,2025-08-01,6.9,2025,2.58
Eggs,Italy,2025-09-01,7.1,2025,2.58
Eggs,Italy,2025-10-01,7.4,2025,2.58
Eggs,Italy,2025-11-01,7.7,2025,2.58
Eggs,Italy,2025-12-01,8.4,2025,2.58
Eggs,Portugal,2019-01-01,-1.6,2019,1.19
Eggs,Portugal,2019-02-01,-1.8,2019,1.19
Eggs,Portugal,2019-03-01,1.7,2019,1.19
Eggs,Portugal,2019-04-01,-3.5,2019,1.19
Eggs,Portugal,2019-05-01,-2.8,2019,1.19
Eggs,Portugal,2019-06-01,-0.4,2019,1.19
Eggs,Portugal,2019-07-01,-1.8,2019,1.19
Eggs,Portugal,2019-08-01,-1.3,2019,1.19
Eggs,Portugal,2019-09-01,-2.4,2019,1.19
Eggs,Portugal,2019-10-01,-2.5,2019,1.19
Eggs,Portugal,2019-11-01,-3.2,2019,1.19
Eggs,Portugal,2019-12-01,-4.4,2019,1.19
Eggs,Portugal,2020-01-01,-3.0,2020,1.26
Eggs,Portugal,2020-02-01,-2.6,2020,1.26
Eggs,Portugal,2020-03-01,-3.4,2020,1.26
Eggs,Portugal,2020-04-01,-2.8,2020,1.26
Eggs,Portugal,2020-05-01,0.3,2020,1.26
Eggs,Portugal,2020-06-01,-2.6,2020,1.26
Eggs,Portugal,2020-07-01,-2.1,2020,1.26
Eggs,Portugal,2020-08-01,-2.0,2020,1.26
Eggs,Portugal,2020-09-01,-1.3,2020,1.26
Eggs,Portugal,2020-10-01,-0.9,2020,1.26
Eggs,Portugal,2020-11-01,-1.5,2020,1.26
Eggs,Portugal,2020-12-01,0.5,2020,1.26
Eggs,Portugal,2021-01-01,-0.7,2021,1.43
Eggs,Portugal,2021-02-01,0.1,2021,1.43
Eggs,Portugal,2021-03-01,0.1,2021,1.43
Eggs,Portugal,2021-04-01,0.7,2021,1.43
Eggs,Portugal,2021-05-01,0.0,2021,1.43
Eggs,Portugal,2021-06-01,3.0,2021,1.43
Eggs,Portugal,2021-07-01,2.4,2021,1.43
Eggs,Portugal,2021-08-01,4.1,2021,1.43
Eggs,Portugal,2021-09-01,3.7,2021,1.43
Eggs,Portugal,2021-10-01,1.9,2021,1.43
Eggs,Portugal,2021-11-01,2.9,2021,1.43
Eggs,Portugal,2021-12-01,3.8,2021,1.43
Eggs,Portugal,2022-01-01,11.3,2022,1.4
Eggs,Portugal,2022-02-01,14.0,2022,1.4
Eggs,Portugal,2022-03-01,16.4,2022,1.4
Eggs,Portugal,2022-04-01,24.3,2022,1.4
Eggs,Portugal,2022-05-01,31.4,2022,1.4
Eggs,Portugal,2022-06-01,31.9,2022,1.4
Eggs,Portugal,2022-07-01,33.7,2022,1.4
Eggs,Portugal,2022-08-01,32.6,2022,1.4
Eggs,Portugal,2022-09-01,33.9,2022,1.4
Eggs,Portugal,2022-10-01,39.4,2022,1.4
Eggs,Portugal,2022-11-01,53.5,2022,1.4
Eggs,Portugal,2022-12-01,53.1,2022,1.4
Eggs,Portugal,2023-01-01,46.2,2023,1.74
Eggs,Portugal,2023-02-01,41.0,2023,1.74
Eggs,Portugal,2023-03-01,38.1,2023,1.74
Eggs,Portugal,2023-04-01,29.7,2023,1.74
Eggs,Portugal,2023-05-01,12.6,2023,1.74
Eggs,Portugal,2023-06-01,10.3,2023,1.74
Eggs,Portugal,2023-07-01,9.9,2023,1.74
Eggs,Portugal,2023-08-01,8.4,2023,1.74
Eggs,Portugal,2023-09-01,7.0,2023,1.74
Eggs,Portugal,2023-10-01,3.8,2023,1.74
Eggs,Portugal,2023-11-01,-5.6,2023,1.74
Eggs,Portugal,2023-12-01,-7.7,2023,1.74
Eggs,Portugal,2024-01-01,-5.0,2024,1.45
Eggs,Portugal,2024-02-01,-4.9,2024,1.45
Eggs,Portugal,2024-03-01,-4.8,2024,1.45
Eggs,Portugal,2024-04-01,-6.6,2024,1.45
Eggs,Portugal,2024-05-01,-1.5,2024,1.45
Eggs,Portugal,2024-06-01,-1.0,2024,1.45
Eggs,Portugal,2024-07-01,-1.9,2024,1.45
Eggs,Portugal,2024-08-01,-0.9,2024,1.45
Eggs,Portugal,2024-09-01,-1.5,2024,1.45
Eggs,Portugal,2024-10-01,0.0,2024,1.45
Eggs,Portugal,2024-11-01,3.2,2024,1.45
Eggs,Portugal,2024-12-01,8.9,2024,1.45
Eggs,Portugal,2025-01-01,2.7,2025,1.47
Eggs,Portugal,2025-02-01,2.8,2025,1.47
Eggs,Portugal,2025-03-01,2.9,2025,1.47
Eggs,Portugal,2025-04-01,25.0,2025,1.47
Eggs,Portugal,2025-05-01,26.7,2025,1.47
Eggs,Portugal,2025-06-01,27.5,2025,1.47
Eggs,Portugal,2025-07-01,28.4,2025,1.47
Eggs,Portugal,2025-08-01,28.9,2025,1.47
Eggs,Portugal,2025-09-01,30.4,2025,1.47
Eggs,Portugal,2025-10-01,29.5,2025,1.47
Eggs,Portugal,2025-11-01,23.9,2025,1.47
Eggs,Portugal,2025-12-01,20.9,2025,1.47
Butter,Germany,2019-01-01,3.4,2019,1.5
Butter,Germany,2019-02-01,11.4,2019,1.5
Butter,Germany,2019-03-01,-0.1,2019,1.5
Butter,Germany,2019-04-01,-2.7,2019,1.5
Butter,Germany,2019-05-01,-8.7,2019,1.5
Butter,Germany,2019-06-01,-15.2,2019,1.5
Butter,Germany,2019-07-01,-16.7,2019,1.5
Butter,Germany,2019-08-01,-15.4,2019,1.5
Butter,Germany,2019-09-01,-22.4,2019,1.5
Butter,Germany,2019-10-01,-18.5,2019,1.5
Butter,Germany,2019-11-01,-14.0,2019,1.5
Butter,Germany,2019-12-01,-13.7,2019,1.5
Butter,Germany,2020-01-01,-13.3,2020,1.17
Butter,Germany,2020-02-01,-11.9,2020,1.17
Butter,Germany,2020-03-01,-9.5,2020,1.17
Butter,Germany,2020-04-01,-7.8,2020,1.17
Butter,Germany,2020-05-01,-7.5,2020,1.17
Butter,Germany,2020-06-01,-6.2,2020,1.17
Butter,Germany,2020-07-01,-4.5,2020,1.17
Butter,Germany,2020-08-01,-3.0,2020,1.17
Butter,Germany,2020-09-01,-0.9,2020,1.17
Butter,Germany,2020-10-01,-4.6,2020,1.17
Butter,Germany,2020-11-01,-4.4,2020,1.17
Butter,Germany,2020-12-01,-4.0,2020,1.17
Butter,Germany,2021-01-01,-1.9,2021,1.57
Butter,Germany,2021-02-01,-2.5,2021,1.57
Butter,Germany,2021-03-01,1.0,2021,1.57
Butter,Germany,2021-04-01,2.8,2021,1.57
Butter,Germany,2021-05-01,3.6,2021,1.57
Butter,Germany,2021-06-01,6.2,2021,1.57
Butter,Germany,2021-07-01,6.0,2021,1.57
Butter,Germany,2021-08-01,6.0,2021,1.57
Butter,Germany,2021-09-01,4.5,2021,1.57
Butter,Germany,2021-10-01,5.5,2021,1.57
Butter,Germany,2021-11-01,12.3,2021,1.57
Butter,Germany,2021-12-01,17.0,2021,1.57
Butter,Germany,2022-01-01,18.8,2022,1.67
Butter,Germany,2022-02-01,20.4,2022,1.67
Butter,Germany,2022-03-01,17.6,2022,1.67
Butter,Germany,2022-04-01,31.3,2022,1.67
Butter,Germany,2022-05-01,43.0,2022,1.67
Butter,Germany,2022-06-01,46.0,2022,1.67
Butter,Germany,2022-07-01,47.9,2022,1.67
Butter,Germany,2022-08-01,49.0,2022,1.67
Butter,Germany,2022-09-01,55.6,2022,1.67
Butter,Germany,2022-10-01,55.3,2022,1.67
Butter,Germany,2022-11-01,42.3,2022,1.67
Butter,Germany,2022-12-01,39.6,2022,1.67
Butter,Germany,2023-01-01,26.2,2023,2.03
Butter,Germany,2023-02-01,8.5,2023,2.03
Butter,Germany,2023-03-01,0.2,2023,2.03
Butter,Germany,2023-04-01,-14.9,2023,2.03
Butter,Germany,2023-05-01,-23.4,2023,2.03
Butter,Germany,2023-06-01,-26.4,2023,2.03
Butter,Germany,2023-07-01,-26.5,2023,2.03
Butter,Germany,2023-08-01,-29.0,2023,2.03
Butter,Germany,2023-09-01,-29.0,2023,2.03
Butter,Germany,2023-10-01,-27.6,2023,2.03
Butter,Germany,2023-11-01,-24.9,2023,2.03
Butter,Germany,2023-12-01,-26.2,2023,2.03
Butter,Germany,2024-01-01,-17.6,2024,1.98
Butter,Germany,2024-02-01,-3.5,2024,1.98
Butter,Germany,2024-03-01,3.9,2024,1.98
Butter,Germany,2024-04-01,10.3,2024,1.98
Butter,Germany,2024-05-01,12.9,2024,1.98
Butter,Germany,2024-06-01,16.9,2024,1.98
Butter,Germany,2024-07-01,20.6,2024,1.98
Butter,Germany,2024-08-01,25.4,2024,1.98
Butter,Germany,2024-09-01,29.3,2024,1.98
Butter,Germany,2024-10-01,39.7,2024,1.98
Butter,Germany,2024-11-01,39.0,2024,1.98
Butter,Germany,2024-12-01,39.5,2024,1.98
Butter,Germany,2025-01-01,32.6,2025,1.82
Butter,Germany,2025-02-01,27.9,2025,1.82
Butter,Germany,2025-03-01,23.4,2025,1.82
Butter,Germany,2025-04-01,16.6,2025,1.82
Butter,Germany,2025-05-01,17.6,2025,1.82
Butter,Germany,2025-06-01,13.8,2025,1.82
Butter,Germany,2025-07-01,8.1,2025,1.82
Butter,Germany,2025-08-01,6.8,2025,1.82
Butter,Germany,2025-09-01,2.6,2025,1.82
Butter,Germany,2025-10-01,-16.0,2025,1.82
Butter,Germany,2025-11-01,-21.9,2025,1.82
Butter,Germany,2025-12-01,-31.7,2025,1.82
Butter,"Euro area (EA11-1999, EA12-2001, EA13-2007, EA15-2008, EA16-2009, EA17-2011, EA18-2014, EA19-2015, EA20-2023, EA21-2026)",2019-01-01,4.7,2019,1.25
Butter,"Euro area (EA11-1999, EA12-2001, EA13-2007, EA15-2008, EA16-2009, EA17-2011, EA18-2014, EA19-2015, EA20-2023, EA21-2026)",2019-02-01,8.8,2019,1.25
Butter,"Euro area (EA11-1999, EA12-2001, EA13-2007, EA15-2008, EA16-2009, EA17-2011, EA18-2014, EA19-2015, EA20-2023, EA21-2026)",2019-03-01,4.5,2019,1.25
Butter,"Euro area (EA11-1999, EA12-2001, EA13-2007, EA15-2008, EA16-2009, EA17-2011, EA18-2014, EA19-2015, EA20-2023, EA21-2026)",2019-04-01,2.6,2019,1.25
Butter,"Euro area (EA11-1999, EA12-2001, EA13-2007, EA15-2008, EA16-2009, EA17-2011, EA18-2014, EA19-2015, EA20-2023, EA21-2026)",2019-05-01,-0.4,2019,1.25
Butter,"Euro area (EA11-1999, EA12-2001, EA13-2007, EA15-2008, EA16-2009, EA17-2011, EA18-2014, EA19-2015, EA20-2023, EA21-2026)",2019-06-01,-3.5,2019,1.25
Butter,"Euro area (EA11-1999, EA12-2001, EA13-2007, EA15-2008, EA16-2009, EA17-2011, EA18-2014, EA19-2015, EA20-2023, EA21-2026)",2019-07-01,-4.8,2019,1.25
Butter,"Euro area (EA11-1999, EA12-2001, EA13-2007, EA15-2008, EA16-2009, EA17-2011, EA18-2014, EA19-2015, EA20-2023, EA21-2026)",2019-08-01,-4.6,2019,1.25
Butter,"Euro area (EA11-1999, EA12-2001, EA13-2007, EA15-2008, EA16-2009, EA17-2011, EA18-2014, EA19-2015, EA20-2023, EA21-2026)",2019-09-01,-7.9,2019,1.25
Butter,"Euro area (EA11-1999, EA12-2001, EA13-2007, EA15-2008, EA16-2009, EA17-2011, EA18-2014, EA19-2015, EA20-2023, EA21-2026)",2019-10-01,-6.2,2019,1.25
Butter,"Euro area (EA11-1999, EA12-2001, EA13-2007, EA15-2008, EA16-2009, EA17-2011, EA18-2014, EA19-2015, EA20-2023, EA21-2026)",2019-11-01,-4.5,2019,1.25
Butter,"Euro area (EA11-1999, EA12-2001, EA13-2007, EA15-2008, EA16-2009, EA17-2011, EA18-2014, EA19-2015, EA20-2023, EA21-2026)",2019-12-01,-4.7,2019,1.25
Butter,"Euro area (EA11-1999, EA12-2001, EA13-2007, EA15-2008, EA16-2009, EA17-2011, EA18-2014, EA19-2015, EA20-2023, EA21-2026)",2020-01-01,-4.8,2020,1.15
Butter,"Euro area (EA11-1999, EA12-2001, EA13-2007, EA15-2008, EA16-2009, EA17-2011, EA18-2014, EA19-2015, EA20-2023, EA21-2026)",2020-02-01,-4.5,2020,1.15
Butter,"Euro area (EA11-1999, EA12-2001, EA13-2007, EA15-2008, EA16-2009, EA17-2011, EA18-2014, EA19-2015, EA20-2023, EA21-2026)",2020-03-01,-3.5,2020,1.15
Butter,"Euro area (EA11-1999, EA12-2001, EA13-2007, EA15-2008, EA16-2009, EA17-2011, EA18-2014, EA19-2015, EA20-2023, EA21-2026)",2020-04-01,-2.6,2020,1.15
Butter,"Euro area (EA11-1999, EA12-2001, EA13-2007, EA15-2008, EA16-2009, EA17-2011, EA18-2014, EA19-2015, EA20-2023, EA21-2026)",2020-05-01,-2.9,2020,1.15
Butter,"Euro area (EA11-1999, EA12-2001, EA13-2007, EA15-2008, EA16-2009, EA17-2011, EA18-2014, EA19-2015, EA20-2023, EA21-2026)",2020-06-01,-2.7,2020,1.15
Butter,"Euro area (EA11-1999, EA12-2001, EA13-2007, EA15-2008, EA16-2009, EA17-2011, EA18-2014, EA19-2015, EA20-2023, EA21-2026)",2020-07-01,-2.2,2020,1.15
Butter,"Euro area (EA11-1999, EA12-2001, EA13-2007, EA15-2008, EA16-2009, EA17-2011, EA18-2014, EA19-2015, EA20-2023, EA21-2026)",2020-08-01,-1.4,2020,1.15
Butter,"Euro area (EA11-1999, EA12-2001, EA13-2007, EA15-2008, EA16-2009, EA17-2011, EA18-2014, EA19-2015, EA20-2023, EA21-2026)",2020-09-01,-0.6,2020,1.15
Butter,"Euro area (EA11-1999, EA12-2001, EA13-2007, EA15-2008, EA16-2009, EA17-2011, EA18-2014, EA19-2015, EA20-2023, EA21-2026)",2020-10-01,-2.0,2020,1.15
Butter,"Euro area (EA11-1999, EA12-2001, EA13-2007, EA15-2008, EA16-2009, EA17-2011, EA18-2014, EA19-2015, EA20-2023, EA21-2026)",2020-11-01,-1.7,2020,1.15
Butter,"Euro area (EA11-1999, EA12-2001, EA13-2007, EA15-2008, EA16-2009, EA17-2011, EA18-2014, EA19-2015, EA20-2023, EA21-2026)",2020-12-01,-1.6,2020,1.15
Butter,"Euro area (EA11-1999, EA12-2001, EA13-2007, EA15-2008, EA16-2009, EA17-2011, EA18-2014, EA19-2015, EA20-2023, EA21-2026)",2021-01-01,-1.3,2021,1.45
Butter,"Euro area (EA11-1999, EA12-2001, EA13-2007, EA15-2008, EA16-2009, EA17-2011, EA18-2014, EA19-2015, EA20-2023, EA21-2026)",2021-02-01,-1.4,2021,1.45
Butter,"Euro area (EA11-1999, EA12-2001, EA13-2007, EA15-2008, EA16-2009, EA17-2011, EA18-2014, EA19-2015, EA20-2023, EA21-2026)",2021-03-01,-0.7,2021,1.45
Butter,"Euro area (EA11-1999, EA12-2001, EA13-2007, EA15-2008, EA16-2009, EA17-2011, EA18-2014, EA19-2015, EA20-2023, EA21-2026)",2021-04-01,0.3,2021,1.45
Butter,"Euro area (EA11-1999, EA12-2001, EA13-2007, EA15-2008, EA16-2009, EA17-2011, EA18-2014, EA19-2015, EA20-2023, EA21-2026)",2021-05-01,0.8,2021,1.45
Butter,"Euro area (EA11-1999, EA12-2001, EA13-2007, EA15-2008, EA16-2009, EA17-2011, EA18-2014, EA19-2015, EA20-2023, EA21-2026)",2021-06-01,1.9,2021,1.45
Butter,"Euro area (EA11-1999, EA12-2001, EA13-2007, EA15-2008, EA16-2009, EA17-2011, EA18-2014, EA19-2015, EA20-2023, EA21-2026)",2021-07-01,1.8,2021,1.45
Butter,"Euro area (EA11-1999, EA12-2001, EA13-2007, EA15-2008, EA16-2009, EA17-2011, EA18-2014, EA19-2015, EA20-2023, EA21-2026)",2021-08-01,2.0,2021,1.45
Butter,"Euro area (EA11-1999, EA12-2001, EA13-2007, EA15-2008, EA16-2009, EA17-2011, EA18-2014, EA19-2015, EA20-2023, EA21-2026)",2021-09-01,1.3,2021,1.45
Butter,"Euro area (EA11-1999, EA12-2001, EA13-2007, EA15-2008, EA16-2009, EA17-2011, EA18-2014, EA19-2015, EA20-2023, EA21-2026)",2021-10-01,2.0,2021,1.45
Butter,"Euro area (EA11-1999, EA12-2001, EA13-2007, EA15-2008, EA16-2009, EA17-2011, EA18-2014, EA19-2015, EA20-2023, EA21-2026)",2021-11-01,5.3,2021,1.45
Butter,"Euro area (EA11-1999, EA12-2001, EA13-2007, EA15-2008, EA16-2009, EA17-2011, EA18-2014, EA19-2015, EA20-2023, EA21-2026)",2021-12-01,7.4,2021,1.45
Butter,"Euro area (EA11-1999, EA12-2001, EA13-2007, EA15-2008, EA16-2009, EA17-2011, EA18-2014, EA19-2015, EA20-2023, EA21-2026)",2022-01-01,10.0,2022,1.4
Butter,"Euro area (EA11-1999, EA12-2001, EA13-2007, EA15-2008, EA16-2009, EA17-2011, EA18-2014, EA19-2015, EA20-2023, EA21-2026)",2022-02-01,11.7,2022,1.4
Butter,"Euro area (EA11-1999, EA12-2001, EA13-2007, EA15-2008, EA16-2009, EA17-2011, EA18-2014, EA19-2015, EA20-2023, EA21-2026)",2022-03-01,12.4,2022,1.4
Butter,"Euro area (EA11-1999, EA12-2001, EA13-2007, EA15-2008, EA16-2009, EA17-2011, EA18-2014, EA19-2015, EA20-2023, EA21-2026)",2022-04-01,17.8,2022,1.4
Butter,"Euro area (EA11-1999, EA12-2001, EA13-2007, EA15-2008, EA16-2009, EA17-2011, EA18-2014, EA19-2015, EA20-2023, EA21-2026)",2022-05-01,25.1,2022,1.4
Butter,"Euro area (EA11-1999, EA12-2001, EA13-2007, EA15-2008, EA16-2009, EA17-2011, EA18-2014, EA19-2015, EA20-2023, EA21-2026)",2022-06-01,28.3,2022,1.4
Butter,"Euro area (EA11-1999, EA12-2001, EA13-2007, EA15-2008, EA16-2009, EA17-2011, EA18-2014, EA19-2015, EA20-2023, EA21-2026)",2022-07-01,31.2,2022,1.4
Butter,"Euro area (EA11-1999, EA12-2001, EA13-2007, EA15-2008, EA16-2009, EA17-2011, EA18-2014, EA19-2015, EA20-2023, EA21-2026)",2022-08-01,32.8,2022,1.4
Butter,"Euro area (EA11-1999, EA12-2001, EA13-2007, EA15-2008, EA16-2009, EA17-2011, EA18-2014, EA19-2015, EA20-2023, EA21-2026)",2022-09-01,36.8,2022,1.4
Butter,"Euro area (EA11-1999, EA12-2001, EA13-2007, EA15-2008, EA16-2009, EA17-2011, EA18-2014, EA19-2015, EA20-2023, EA21-2026)",2022-10-01,37.7,2022,1.4
Butter,"Euro area (EA11-1999, EA12-2001, EA13-2007, EA15-2008, EA16-2009, EA17-2011, EA18-2014, EA19-2015, EA20-2023, EA21-2026)",2022-11-01,33.6,2022,1.4
Butter,"Euro area (EA11-1999, EA12-2001, EA13-2007, EA15-2008, EA16-2009, EA17-2011, EA18-2014, EA19-2015, EA20-2023, EA21-2026)",2022-12-01,33.5,2022,1.4
Butter,"Euro area (EA11-1999, EA12-2001, EA13-2007, EA15-2008, EA16-2009, EA17-2011, EA18-2014, EA19-2015, EA20-2023, EA21-2026)",2023-01-01,27.1,2023,1.54
Butter,"Euro area (EA11-1999, EA12-2001, EA13-2007, EA15-2008, EA16-2009, EA17-2011, EA18-2014, EA19-2015, EA20-2023, EA21-2026)",2023-02-01,18.7,2023,1.54
Butter,"Euro area (EA11-1999, EA12-2001, EA13-2007, EA15-2008, EA16-2009, EA17-2011, EA18-2014, EA19-2015, EA20-2023, EA21-2026)",2023-03-01,14.3,2023,1.54
Butter,"Euro area (EA11-1999, EA12-2001, EA13-2007, EA15-2008, EA16-2009, EA17-2011, EA18-2014, EA19-2015, EA20-2023, EA21-2026)",2023-04-01,6.1,2023,1.54
Butter,"Euro area (EA11-1999, EA12-2001, EA13-2007, EA15-2008, EA16-2009, EA17-2011, EA18-2014, EA19-2015, EA20-2023, EA21-2026)",2023-05-01,-0.2,2023,1.54
Butter,"Euro area (EA11-1999, EA12-2001, EA13-2007, EA15-2008, EA16-2009, EA17-2011, EA18-2014, EA19-2015, EA20-2023, EA21-2026)",2023-06-01,-4.0,2023,1.54
Butter,"Euro area (EA11-1999, EA12-2001, EA13-2007, EA15-2008, EA16-2009, EA17-2011, EA18-2014, EA19-2015, EA20-2023, EA21-2026)",2023-07-01,-5.5,2023,1.54
Butter,"Euro area (EA11-1999, EA12-2001, EA13-2007, EA15-2008, EA16-2009, EA17-2011, EA18-2014, EA19-2015, EA20-2023, EA21-2026)",2023-08-01,-7.7,2023,1.54
Butter,"Euro area (EA11-1999, EA12-2001, EA13-2007, EA15-2008, EA16-2009, EA17-2011, EA18-2014, EA19-2015, EA20-2023, EA21-2026)",2023-09-01,-9.2,2023,1.54
Butter,"Euro area (EA11-1999, EA12-2001, EA13-2007, EA15-2008, EA16-2009, EA17-2011, EA18-2014, EA19-2015, EA20-2023, EA21-2026)",2023-10-01,-10.3,2023,1.54
Butter,"Euro area (EA11-1999, EA12-2001, EA13-2007, EA15-2008, EA16-2009, EA17-2011, EA18-2014, EA19-2015, EA20-2023, EA21-2026)",2023-11-01,-9.7,2023,1.54
Butter,"Euro area (EA11-1999, EA12-2001, EA13-2007, EA15-2008, EA16-2009, EA17-2011, EA18-2014, EA19-2015, EA20-2023, EA21-2026)",2023-12-01,-11.1,2023,1.54
Butter,"Euro area (EA11-1999, EA12-2001, EA13-2007, EA15-2008, EA16-2009, EA17-2011, EA18-2014, EA19-2015, EA20-2023, EA21-2026)",2024-01-01,-7.2,2024,1.43
Butter,"Euro area (EA11-1999, EA12-2001, EA13-2007, EA15-2008, EA16-2009, EA17-2011, EA18-2014, EA19-2015, EA20-2023, EA21-2026)",2024-02-01,-1.8,2024,1.43
Butter,"Euro area (EA11-1999, EA12-2001, EA13-2007, EA15-2008, EA16-2009, EA17-2011, EA18-2014, EA19-2015, EA20-2023, EA21-2026)",2024-03-01,0.9,2024,1.43
Butter,"Euro area (EA11-1999, EA12-2001, EA13-2007, EA15-2008, EA16-2009, EA17-2011, EA18-2014, EA19-2015, EA20-2023, EA21-2026)",2024-04-01,3.3,2024,1.43
Butter,"Euro area (EA11-1999, EA12-2001, EA13-2007, EA15-2008, EA16-2009, EA17-2011, EA18-2014, EA19-2015, EA20-2023, EA21-2026)",2024-05-01,3.9,2024,1.43
Butter,"Euro area (EA11-1999, EA12-2001, EA13-2007, EA15-2008, EA16-2009, EA17-2011, EA18-2014, EA19-2015, EA20-2023, EA21-2026)",2024-06-01,6.1,2024,1.43
Butter,"Euro area (EA11-1999, EA12-2001, EA13-2007, EA15-2008, EA16-2009, EA17-2011, EA18-2014, EA19-2015, EA20-2023, EA21-2026)",2024-07-01,8.1,2024,1.43
Butter,"Euro area (EA11-1999, EA12-2001, EA13-2007, EA15-2008, EA16-2009, EA17-2011, EA18-2014, EA19-2015, EA20-2023, EA21-2026)",2024-08-01,10.5,2024,1.43
Butter,"Euro area (EA11-1999, EA12-2001, EA13-2007, EA15-2008, EA16-2009, EA17-2011, EA18-2014, EA19-2015, EA20-2023, EA21-2026)",2024-09-01,13.7,2024,1.43
Butter,"Euro area (EA11-1999, EA12-2001, EA13-2007, EA15-2008, EA16-2009, EA17-2011, EA18-2014, EA19-2015, EA20-2023, EA21-2026)",2024-10-01,20.3,2024,1.43
Butter,"Euro area (EA11-1999, EA12-2001, EA13-2007, EA15-2008, EA16-2009, EA17-2011, EA18-2014, EA19-2015, EA20-2023, EA21-2026)",2024-11-01,21.1,2024,1.43
Butter,"Euro area (EA11-1999, EA12-2001, EA13-2007, EA15-2008, EA16-2009, EA17-2011, EA18-2014, EA19-2015, EA20-2023, EA21-2026)",2024-12-01,21.4,2024,1.43
Butter,"Euro area (EA11-1999, EA12-2001, EA13-2007, EA15-2008, EA16-2009, EA17-2011, EA18-2014, EA19-2015, EA20-2023, EA21-2026)",2025-01-01,18.4,2025,1.45
Butter,"Euro area (EA11-1999, EA12-2001, EA13-2007, EA15-2008, EA16-2009, EA17-2011, EA18-2014, EA19-2015, EA20-2023, EA21-2026)",2025-02-01,17.8,2025,1.45
Butter,"Euro area (EA11-1999, EA12-2001, EA13-2007, EA15-2008, EA16-2009, EA17-2011, EA18-2014, EA19-2015, EA20-2023, EA21-2026)",2025-03-01,15.8,2025,1.45
Butter,"Euro area (EA11-1999, EA12-2001, EA13-2007, EA15-2008, EA16-2009, EA17-2011, EA18-2014, EA19-2015, EA20-2023, EA21-2026)",2025-04-01,13.3,2025,1.45
Butter,"Euro area (EA11-1999, EA12-2001, EA13-2007, EA15-2008, EA16-2009, EA17-2011, EA18-2014, EA19-2015, EA20-2023, EA21-2026)",2025-05-01,14.0,2025,1.45
Butter,"Euro area (EA11-1999, EA12-2001, EA13-2007, EA15-2008, EA16-2009, EA17-2011, EA18-2014, EA19-2015, EA20-2023, EA21-2026)",2025-06-01,12.9,2025,1.45
Butter,"Euro area (EA11-1999, EA12-2001, EA13-2007, EA15-2008, EA16-2009, EA17-2011, EA18-2014, EA19-2015, EA20-2023, EA21-2026)",2025-07-01,10.1,2025,1.45
Butter,"Euro area (EA11-1999, EA12-2001, EA13-2007, EA15-2008, EA16-2009, EA17-2011, EA18-2014, EA19-2015, EA20-2023, EA21-2026)",2025-08-01,8.6,2025,1.45
Butter,"Euro area (EA11-1999, EA12-2001, EA13-2007, EA15-2008, EA16-2009, EA17-2011, EA18-2014, EA19-2015, EA20-2023, EA21-2026)",2025-09-01,5.6,2025,1.45
Butter,"Euro area (EA11-1999, EA12-2001, EA13-2007, EA15-2008, EA16-2009, EA17-2011, EA18-2014, EA19-2015, EA20-2023, EA21-2026)",2025-10-01,-3.7,2025,1.45
Butter,"Euro area (EA11-1999, EA12-2001, EA13-2007, EA15-2008, EA16-2009, EA17-2011, EA18-2014, EA19-2015, EA20-2023, EA21-2026)",2025-11-01,-7.5,2025,1.45
Butter,"Euro area (EA11-1999, EA12-2001, EA13-2007, EA15-2008, EA16-2009, EA17-2011, EA18-2014, EA19-2015, EA20-2023, EA21-2026)",2025-12-01,-12.1,2025,1.45
Butter,Spain,2019-01-01,2.1,2019,0.31
Butter,Spain,2019-02-01,1.4,2019,0.31
Butter,Spain,2019-03-01,0.9,2019,0.31
Butter,Spain,2019-04-01,1.7,2019,0.31
Butter,Spain,2019-05-01,2.0,2019,0.31
Butter,Spain,2019-06-01,1.7,2019,0.31
Butter,Spain,2019-07-01,1.2,2019,0.31
Butter,Spain,2019-08-01,0.2,2019,0.31
Butter,Spain,2019-09-01,0.7,2019,0.31
Butter,Spain,2019-10-01,0.2,2019,0.31
Butter,Spain,2019-11-01,1.1,2019,0.31
Butter,Spain,2019-12-01,0.0,2019,0.31
Butter,Spain,2020-01-01,0.1,2020,0.32
Butter,Spain,2020-02-01,0.6,2020,0.32
Butter,Spain,2020-03-01,0.8,2020,0.32
Butter,Spain,2020-04-01,0.2,2020,0.32
Butter,Spain,2020-05-01,-0.1,2020,0.32
Butter,Spain,2020-06-01,0.3,2020,0.32
Butter,Spain,2020-07-01,-1.1,2020,0.32
Butter,Spain,2020-08-01,-0.5,2020,0.32
Butter,Spain,2020-09-01,-0.5,2020,0.32
Butter,Spain,2020-10-01,-0.6,2020,0.32
Butter,Spain,2020-11-01,-0.2,2020,0.32
Butter,Spain,2020-12-01,-0.9,2020,0.32
Butter,Spain,2021-01-01,-0.6,2021,0.38
Butter,Spain,2021-02-01,-1.0,2021,0.38
Butter,Spain,2021-03-01,-0.9,2021,0.38
Butter,Spain,2021-04-01,-1.9,2021,0.38
Butter,Spain,2021-05-01,-1.7,2021,0.38
Butter,Spain,2021-06-01,-2.4,2021,0.38
Butter,Spain,2021-07-01,-1.6,2021,0.38
Butter,Spain,2021-08-01,-1.5,2021,0.38
Butter,Spain,2021-09-01,-1.3,2021,0.38
Butter,Spain,2021-10-01,-1.5,2021,0.38
Butter,Spain,2021-11-01,-0.3,2021,0.38
Butter,Spain,2021-12-01,1.2,2021,0.38
Butter,Spain,2022-01-01,5.4,2022,0.42
Butter,Spain,2022-02-01,6.3,2022,0.42
Butter,Spain,2022-03-01,7.7,2022,0.42
Butter,Spain,2022-04-01,12.8,2022,0.42
Butter,Spain,2022-05-01,17.6,2022,0.42
Butter,Spain,2022-06-01,23.1,2022,0.42
Butter,Spain,2022-07-01,26.1,2022,0.42
Butter,Spain,2022-08-01,31.8,2022,0.42
Butter,Spain,2022-09-01,33.0,2022,0.42
Butter,Spain,2022-10-01,34.0,2022,0.42
Butter,Spain,2022-11-01,37.5,2022,0.42
Butter,Spain,2022-12-01,42.3,2022,0.42
Butter,Spain,2023-01-01,38.2,2023,0.52
Butter,Spain,2023-02-01,39.1,2023,0.52
Butter,Spain,2023-03-01,37.7,2023,0.52
Butter,Spain,2023-04-01,31.2,2023,0.52
Butter,Spain,2023-05-01,25.2,2023,0.52
Butter,Spain,2023-06-01,20.0,2023,0.52
Butter,Spain,2023-07-01,17.9,2023,0.52
Butter,Spain,2023-08-01,12.0,2023,0.52
Butter,Spain,2023-09-01,11.1,2023,0.52
Butter,Spain,2023-10-01,9.8,2023,0.52
Butter,Spain,2023-11-01,5.4,2023,0.52
Butter,Spain,2023-12-01,1.0,2023,0.52
Butter,Spain,2024-01-01,-0.6,2024,0.51
Butter,Spain,2024-02-01,-3.5,2024,0.51
Butter,Spain,2024-03-01,-2.6,2024,0.51
Butter,Spain,2024-04-01,-1.7,2024,0.51
Butter,Spain,2024-05-01,-1.8,2024,0.51
Butter,Spain,2024-06-01,-1.4,2024,0.51
Butter,Spain,2024-07-01,-2.0,2024,0.51
Butter,Spain,2024-08-01,-0.9,2024,0.51
Butter,Spain,2024-09-01,-0.3,2024,0.51
Butter,Spain,2024-10-01,0.5,2024,0.51
Butter,Spain,2024-11-01,2.8,2024,0.51
Butter,Spain,2024-12-01,3.1,2024,0.51
Butter,Spain,2025-01-01,4.4,2025,0.43
Butter,Spain,2025-02-01,5.6,2025,0.43
Butter,Spain,2025-03-01,4.9,2025,0.43
Butter,Spain,2025-04-01,5.1,2025,0.43
Butter,Spain,2025-05-01,5.2,2025,0.43
Butter,Spain,2025-06-01,6.7,2025,0.43
Butter,Spain,2025-07-01,7.2,2025,0.43
Butter,Spain,2025-08-01,6.9,2025,0.43
Butter,Spain,2025-09-01,7.5,2025,0.43
Butter,Spain,2025-10-01,7.1,2025,0.43
Butter,Spain,2025-11-01,5.5,2025,0.43
Butter,Spain,2025-12-01,3.8,2025,0.43
Butter,France,2019-01-01,11.7,2019,1.61
Butter,France,2019-02-01,12.7,2019,1.61
Butter,France,2019-03-01,12.6,2019,1.61
Butter,France,2019-04-01,10.1,2019,1.61
Butter,France,2019-05-01,8.4,2019,1.61
Butter,France,2019-06-01,7.7,2019,1.61
Butter,France,2019-07-01,7.0,2019,1.61
Butter,France,2019-08-01,5.9,2019,1.61
Butter,France,2019-09-01,5.8,2019,1.61
Butter,France,2019-10-01,5.6,2019,1.61
Butter,France,2019-11-01,4.5,2019,1.61
Butter,France,2019-12-01,2.8,2019,1.61
Butter,France,2020-01-01,1.4,2020,1.66
Butter,France,2020-02-01,0.5,2020,1.66
Butter,France,2020-03-01,0.1,2020,1.66
Butter,France,2020-04-01,-0.6,2020,1.66
Butter,France,2020-05-01,-0.7,2020,1.66
Butter,France,2020-06-01,-0.5,2020,1.66
Butter,France,2020-07-01,-0.6,2020,1.66
Butter,France,2020-08-01,-0.1,2020,1.66
Butter,France,2020-09-01,0.1,2020,1.66
Butter,France,2020-10-01,-0.1,2020,1.66
Butter,France,2020-11-01,0.1,2020,1.66
Butter,France,2020-12-01,-0.2,2020,1.66
Butter,France,2021-01-01,-0.3,2021,1.86
Butter,France,2021-02-01,-0.3,2021,1.86
Butter,France,2021-03-01,-0.3,2021,1.86
Butter,France,2021-04-01,0.1,2021,1.86
Butter,France,2021-05-01,-0.5,2021,1.86
Butter,France,2021-06-01,-0.4,2021,1.86
Butter,France,2021-07-01,-0.3,2021,1.86
Butter,France,2021-08-01,-0.7,2021,1.86
Butter,France,2021-09-01,-0.8,2021,1.86
Butter,France,2021-10-01,-0.5,2021,1.86
Butter,France,2021-11-01,-0.4,2021,1.86
Butter,France,2021-12-01,-0.3,2021,1.86
Butter,France,2022-01-01,0.5,2022,1.73
Butter,France,2022-02-01,1.3,2022,1.73
Butter,France,2022-03-01,2.9,2022,1.73
Butter,France,2022-04-01,5.0,2022,1.73
Butter,France,2022-05-01,8.3,2022,1.73
Butter,France,2022-06-01,9.7,2022,1.73
Butter,France,2022-07-01,13.2,2022,1.73
Butter,France,2022-08-01,15.8,2022,1.73
Butter,France,2022-09-01,17.4,2022,1.73
Butter,France,2022-10-01,18.8,2022,1.73
Butter,France,2022-11-01,19.8,2022,1.73
Butter,France,2022-12-01,21.7,2022,1.73
Butter,France,2023-01-01,23.2,2023,1.73
Butter,France,2023-02-01,23.7,2023,1.73
Butter,France,2023-03-01,23.8,2023,1.73
Butter,France,2023-04-01,23.7,2023,1.73
Butter,France,2023-05-01,21.7,2023,1.73
Butter,France,2023-06-01,20.1,2023,1.73
Butter,France,2023-07-01,16.6,2023,1.73
Butter,France,2023-08-01,14.7,2023,1.73
Butter,France,2023-09-01,13.1,2023,1.73
Butter,France,2023-10-01,11.6,2023,1.73
Butter,France,2023-11-01,10.6,2023,1.73
Butter,France,2023-12-01,8.7,2023,1.73
Butter,France,2024-01-01,6.7,2024,1.61
Butter,France,2024-02-01,5.6,2024,1.61
Butter,France,2024-03-01,3.7,2024,1.61
Butter,France,2024-04-01,2.0,2024,1.61
Butter,France,2024-05-01,1.1,2024,1.61
Butter,France,2024-06-01,1.2,2024,1.61
Butter,France,2024-07-01,0.6,2024,1.61
Butter,France,2024-08-01,0.4,2024,1.61
Butter,France,2024-09-01,0.6,2024,1.61
Butter,France,2024-10-01,1.4,2024,1.61
Butter,France,2024-11-01,1.7,2024,1.61
Butter,France,2024-12-01,2.0,2024,1.61
Butter,France,2025-01-01,2.1,2025,1.57
Butter,France,2025-02-01,2.3,2025,1.57
Butter,France,2025-03-01,2.3,2025,1.57
Butter,France,2025-04-01,2.6,2025,1.57
Butter,France,2025-05-01,3.0,2025,1.57
Butter,France,2025-06-01,2.8,2025,1.57
Butter,France,2025-07-01,3.2,2025,1.57
Butter,France,2025-08-01,3.3,2025,1.57
Butter,France,2025-09-01,3.7,2025,1.57
Butter,France,2025-10-01,2.9,2025,1.57
Butter,France,2025-11-01,2.6,2025,1.57
Butter,France,2025-12-01,2.2,2025,1.57
Butter,Italy,2019-01-01,0.6,2019,0.92
Butter,Italy,2019-02-01,1.7,2019,0.92
Butter,Italy,2019-03-01,1.9,2019,0.92
Butter,Italy,2019-04-01,-0.3,2019,0.92
Butter,Italy,2019-05-01,1.1,2019,0.92
Butter,Italy,2019-06-01,0.9,2019,0.92
Butter,Italy,2019-07-01,0.7,2019,0.92
Butter,Italy,2019-08-01,-0.1,2019,0.92
Butter,Italy,2019-09-01,-1.1,2019,0.92
Butter,Italy,2019-10-01,-0.7,2019,0.92
Butter,Italy,2019-11-01,-1.0,2019,0.92
Butter,Italy,2019-12-01,-0.1,2019,0.92
Butter,Italy,2020-01-01,0.5,2020,0.87
Butter,Italy,2020-02-01,-0.5,2020,0.87
Butter,Italy,2020-03-01,-0.3,2020,0.87
Butter,Italy,2020-04-01,2.6,2020,0.87
Butter,Italy,2020-05-01,1.4,2020,0.87
Butter,Italy,2020-06-01,-0.9,2020,0.87
Butter,Italy,2020-07-01,-0.4,2020,0.87
Butter,Italy,2020-08-01,-0.6,2020,0.87
Butter,Italy,2020-09-01,-0.6,2020,0.87
Butter,Italy,2020-10-01,-1.1,2020,0.87
Butter,Italy,2020-11-01,-0.5,2020,0.87
Butter,Italy,2020-12-01,-1.0,2020,0.87
Butter,Italy,2021-01-01,-3.9,2021,1.24
Butter,Italy,2021-02-01,-1.7,2021,1.24
Butter,Italy,2021-03-01,-4.5,2021,1.24
Butter,Italy,2021-04-01,-2.1,2021,1.24
Butter,Italy,2021-05-01,-1.2,2021,1.24
Butter,Italy,2021-06-01,1.0,2021,1.24
Butter,Italy,2021-07-01,-0.2,2021,1.24
Butter,Italy,2021-08-01,1.2,2021,1.24
Butter,Italy,2021-09-01,1.7,2021,1.24
Butter,Italy,2021-10-01,0.7,2021,1.24
Butter,Italy,2021-11-01,3.0,2021,1.24
Butter,Italy,2021-12-01,3.6,2021,1.24
Butter,Italy,2022-01-01,10.7,2022,1.1
Butter,Italy,2022-02-01,11.1,2022,1.1
Butter,Italy,2022-03-01,17.6,2022,1.1
Butter,Italy,2022-04-01,15.6,2022,1.1
Butter,Italy,2022-05-01,23.3,2022,1.1
Butter,Italy,2022-06-01,28.2,2022,1.1
Butter,Italy,2022-07-01,32.4,2022,1.1
Butter,Italy,2022-08-01,33.5,2022,1.1
Butter,Italy,2022-09-01,38.0,2022,1.1
Butter,Italy,2022-10-01,42.8,2022,1.1
Butter,Italy,2022-11-01,41.2,2022,1.1
Butter,Italy,2022-12-01,42.9,2022,1.1
Butter,Italy,2023-01-01,33.9,2023,1.15
Butter,Italy,2023-02-01,28.7,2023,1.15
Butter,Italy,2023-03-01,24.9,2023,1.15
Butter,Italy,2023-04-01,19.8,2023,1.15
Butter,Italy,2023-05-01,12.6,2023,1.15
Butter,Italy,2023-06-01,5.5,2023,1.15
Butter,Italy,2023-07-01,3.2,2023,1.15
Butter,Italy,2023-08-01,1.7,2023,1.15
Butter,Italy,2023-09-01,-2.7,2023,1.15
Butter,Italy,2023-10-01,-8.3,2023,1.15
Butter,Italy,2023-11-01,-9.4,2023,1.15
Butter,Italy,2023-12-01,-10.0,2023,1.15
Butter,Italy,2024-01-01,-7.3,2024,1.02
Butter,Italy,2024-02-01,-6.0,2024,1.02
Butter,Italy,2024-03-01,-6.0,2024,1.02
Butter,Italy,2024-04-01,-3.0,2024,1.02
Butter,Italy,2024-05-01,-3.9,2024,1.02
Butter,Italy,2024-06-01,-1.9,2024,1.02
Butter,Italy,2024-07-01,0.0,2024,1.02
Butter,Italy,2024-08-01,1.4,2024,1.02
Butter,Italy,2024-09-01,6.9,2024,1.02
Butter,Italy,2024-10-01,14.7,2024,1.02
Butter,Italy,2024-11-01,19.9,2024,1.02
Butter,Italy,2024-12-01,19.7,2024,1.02
Butter,Italy,2025-01-01,18.4,2025,1.25
Butter,Italy,2025-02-01,19.2,2025,1.25
Butter,Italy,2025-03-01,19.5,2025,1.25
Butter,Italy,2025-04-01,17.8,2025,1.25
Butter,Italy,2025-05-01,19.6,2025,1.25
Butter,Italy,2025-06-01,19.7,2025,1.25
Butter,Italy,2025-07-01,16.9,2025,1.25
Butter,Italy,2025-08-01,15.0,2025,1.25
Butter,Italy,2025-09-01,10.7,2025,1.25
Butter,Italy,2025-10-01,6.6,2025,1.25
Butter,Italy,2025-11-01,0.8,2025,1.25
Butter,Italy,2025-12-01,-2.6,2025,1.25
Butter,Portugal,2019-01-01,3.2,2019,1.11
Butter,Portugal,2019-02-01,4.1,2019,1.11
Butter,Portugal,2019-03-01,3.9,2019,1.11
Butter,Portugal,2019-04-01,5.5,2019,1.11
Butter,Portugal,2019-05-01,3.4,2019,1.11
Butter,Portugal,2019-06-01,4.4,2019,1.11
Butter,Portugal,2019-07-01,3.9,2019,1.11
Butter,Portugal,2019-08-01,2.1,2019,1.11
Butter,Portugal,2019-09-01,1.9,2019,1.11
Butter,Portugal,2019-10-01,1.5,2019,1.11
Butter,Portugal,2019-11-01,3.2,2019,1.11
Butter,Portugal,2019-12-01,2.4,2019,1.11
Butter,Portugal,2020-01-01,0.3,2020,1.02
Butter,Portugal,2020-02-01,0.6,2020,1.02
Butter,Portugal,2020-03-01,1.8,2020,1.02
Butter,Portugal,2020-04-01,2.8,2020,1.02
Butter,Portugal,2020-05-01,0.2,2020,1.02
Butter,Portugal,2020-06-01,3.7,2020,1.02
Butter,Portugal,2020-07-01,1.2,2020,1.02
Butter,Portugal,2020-08-01,2.7,2020,1.02
Butter,Portugal,2020-09-01,2.7,2020,1.02
Butter,Portugal,2020-10-01,2.4,2020,1.02
Butter,Portugal,2020-11-01,2.0,2020,1.02
Butter,Portugal,2020-12-01,0.7,2020,1.02
Butter,Portugal,2021-01-01,2.1,2021,1.12
Butter,Portugal,2021-02-01,2.9,2021,1.12
Butter,Portugal,2021-03-01,3.8,2021,1.12
Butter,Portugal,2021-04-01,0.7,2021,1.12
Butter,Portugal,2021-05-01,2.3,2021,1.12
Butter,Portugal,2021-06-01,-0.5,2021,1.12
Butter,Portugal,2021-07-01,-1.0,2021,1.12
Butter,Portugal,2021-08-01,-2.0,2021,1.12
Butter,Portugal,2021-09-01,0.2,2021,1.12
Butter,Portugal,2021-10-01,-2.8,2021,1.12
Butter,Portugal,2021-11-01,-0.1,2021,1.12
Butter,Portugal,2021-12-01,0.9,2021,1.12
Butter,Portugal,2022-01-01,3.8,2022,1.03
Butter,Portugal,2022-02-01,6.3,2022,1.03
Butter,Portugal,2022-03-01,8.4,2022,1.03
Butter,Portugal,2022-04-01,10.5,2022,1.03
Butter,Portugal,2022-05-01,19.6,2022,1.03
Butter,Portugal,2022-06-01,20.2,2022,1.03
Butter,Portugal,2022-07-01,22.8,2022,1.03
Butter,Portugal,2022-08-01,23.3,2022,1.03
Butter,Portugal,2022-09-01,20.7,2022,1.03
Butter,Portugal,2022-10-01,30.4,2022,1.03
Butter,Portugal,2022-11-01,31.9,2022,1.03
Butter,Portugal,2022-12-01,34.9,2022,1.03
Butter,Portugal,2023-01-01,31.6,2023,1.07
Butter,Portugal,2023-02-01,29.2,2023,1.07
Butter,Portugal,2023-03-01,25.0,2023,1.07
Butter,Portugal,2023-04-01,23.2,2023,1.07
Butter,Portugal,2023-05-01,9.3,2023,1.07
Butter,Portugal,2023-06-01,4.4,2023,1.07
Butter,Portugal,2023-07-01,5.1,2023,1.07
Butter,Portugal,2023-08-01,-1.0,2023,1.07
Butter,Portugal,2023-09-01,0.0,2023,1.07
Butter,Portugal,2023-10-01,-5.2,2023,1.07
Butter,Portugal,2023-11-01,-7.8,2023,1.07
Butter,Portugal,2023-12-01,-7.8,2023,1.07
Butter,Portugal,2024-01-01,-5.6,2024,0.96
Butter,Portugal,2024-02-01,-5.9,2024,0.96
Butter,Portugal,2024-03-01,-5.0,2024,0.96
Butter,Portugal,2024-04-01,-4.4,2024,0.96
Butter,Portugal,2024-05-01,-0.1,2024,0.96
Butter,Portugal,2024-06-01,1.7,2024,0.96
Butter,Portugal,2024-07-01,2.5,2024,0.96
Butter,Portugal,2024-08-01,7.9,2024,0.96
Butter,Portugal,2024-09-01,7.2,2024,0.96
Butter,Portugal,2024-10-01,8.2,2024,0.96
Butter,Portugal,2024-11-01,6.8,2024,0.96
Butter,Portugal,2024-12-01,4.6,2024,0.96
Butter,Portugal,2025-01-01,3.1,2025,1.24
Butter,Portugal,2025-02-01,4.5,2025,1.24
Butter,Portugal,2025-03-01,5.3,2025,1.24
Butter,Portugal,2025-04-01,4.3,2025,1.24
Butter,Portugal,2025-05-01,6.9,2025,1.24
Butter,Portugal,2025-06-01,8.4,2025,1.24
Butter,Portugal,2025-07-01,6.5,2025,1.24
Butter,Portugal,2025-08-01,5.9,2025,1.24
Butter,Portugal,2025-09-01,9.0,2025,1.24
Butter,Portugal,2025-10-01,7.0,2025,1.24
Butter,Portugal,2025-11-01,7.4,2025,1.24
Butter,Portugal,2025-12-01,7.2,2025,1.24
Olive oil,Germany,2019-01-01,0.3,2019,0.34
Olive oil,Germany,2019-02-01,-2.0,2019,0.34
Olive oil,Germany,2019-03-01,-2.5,2019,0.34
Olive oil,Germany,2019-04-01,-2.5,2019,0.34
Olive oil,Germany,2019-05-01,-2.6,2019,0.34
Olive oil,Germany,2019-06-01,-3.2,2019,0.34
Olive oil,Germany,2019-07-01,-3.9,2019,0.34
Olive oil,Germany,2019-08-01,-2.6,2019,0.34
Olive oil,Germany,2019-09-01,-2.6,2019,0.34
Olive oil,Germany,2019-10-01,-3.1,2019,0.34
Olive oil,Germany,2019-11-01,-3.5,2019,0.34
Olive oil,Germany,2019-12-01,-3.5,2019,0.34
Olive oil,Germany,2020-01-01,-2.9,2020,0.32
Olive oil,Germany,2020-02-01,-2.5,2020,0.32
Olive oil,Germany,2020-03-01,-2.3,2020,0.32
Olive oil,Germany,2020-04-01,-1.4,2020,0.32
Olive oil,Germany,2020-05-01,-1.4,2020,0.32
Olive oil,Germany,2020-06-01,-1.3,2020,0.32
Olive oil,Germany,2020-07-01,-3.9,2020,0.32
Olive oil,Germany,2020-08-01,-4.4,2020,0.32
Olive oil,Germany,2020-09-01,-3.7,2020,0.32
Olive oil,Germany,2020-10-01,-5.0,2020,0.32
Olive oil,Germany,2020-11-01,-4.3,2020,0.32
Olive oil,Germany,2020-12-01,-4.1,2020,0.32
Olive oil,Germany,2021-01-01,-4.5,2021,0.38
Olive oil,Germany,2021-02-01,-2.0,2021,0.38
Olive oil,Germany,2021-03-01,-2.5,2021,0.38
Olive oil,Germany,2021-04-01,-4.9,2021,0.38
Olive oil,Germany,2021-05-01,-2.0,2021,0.38
Olive oil,Germany,2021-06-01,-0.7,2021,0.38
Olive oil,Germany,2021-07-01,3.6,2021,0.38
Olive oil,Germany,2021-08-01,3.9,2021,0.38
Olive oil,Germany,2021-09-01,5.4,2021,0.38
Olive oil,Germany,2021-10-01,7.8,2021,0.38
Olive oil,Germany,2021-11-01,7.5,2021,0.38
Olive oil,Germany,2021-12-01,8.0,2021,0.38
Olive oil,Germany,2022-01-01,7.0,2022,0.39
Olive oil,Germany,2022-02-01,7.2,2022,0.39
Olive oil,Germany,2022-03-01,9.1,2022,0.39
Olive oil,Germany,2022-04-01,14.5,2022,0.39
Olive oil,Germany,2022-05-01,14.8,2022,0.39
Olive oil,Germany,2022-06-01,14.7,2022,0.39
Olive oil,Germany,2022-07-01,17.1,2022,0.39
Olive oil,Germany,2022-08-01,15.7,2022,0.39
Olive oil,Germany,2022-09-01,14.1,2022,0.39
Olive oil,Germany,2022-10-01,12.5,2022,0.39
Olive oil,Germany,2022-11-01,13.3,2022,0.39
Olive oil,Germany,2022-12-01,17.3,2022,0.39
Olive oil,Germany,2023-01-01,18.9,2023,0.51
Olive oil,Germany,2023-02-01,19.0,2023,0.51
Olive oil,Germany,2023-03-01,20.9,2023,0.51
Olive oil,Germany,2023-04-01,19.5,2023,0.51
Olive oil,Germany,2023-05-01,20.9,2023,0.51
Olive oil,Germany,2023-06-01,22.0,2023,0.51
Olive oil,Germany,2023-07-01,22.5,2023,0.51
Olive oil,Germany,2023-08-01,31.9,2023,0.51
Olive oil,Germany,2023-09-01,35.3,2023,0.51
Olive oil,Germany,2023-10-01,38.4,2023,0.51
Olive oil,Germany,2023-11-01,43.6,2023,0.51
Olive oil,Germany,2023-12-01,40.5,2023,0.51
Olive oil,Germany,2024-01-01,45.9,2024,0.43
Olive oil,Germany,2024-02-01,50.8,2024,0.43
Olive oil,Germany,2024-03-01,54.1,2024,0.43
Olive oil,Germany,2024-04-01,52.9,2024,0.43
Olive oil,Germany,2024-05-01,48.6,2024,0.43
Olive oil,Germany,2024-06-01,46.8,2024,0.43
Olive oil,Germany,2024-07-01,45.0,2024,0.43
Olive oil,Germany,2024-08-01,34.9,2024,0.43
Olive oil,Germany,2024-09-01,29.6,2024,0.43
Olive oil,Germany,2024-10-01,28.1,2024,0.43
Olive oil,Germany,2024-11-01,13.3,2024,0.43
Olive oil,Germany,2024-12-01,11.8,2024,0.43
Olive oil,Germany,2025-01-01,1.5,2025,0.49
Olive oil,Germany,2025-02-01,-5.0,2025,0.49
Olive oil,Germany,2025-03-01,-9.7,2025,0.49
Olive oil,Germany,2025-04-01,-14.4,2025,0.49
Olive oil,Germany,2025-05-01,-17.2,2025,0.49
Olive oil,Germany,2025-06-01,-21.2,2025,0.49
Olive oil,Germany,2025-07-01,-22.6,2025,0.49
Olive oil,Germany,2025-08-01,-22.6,2025,0.49
Olive oil,Germany,2025-09-01,-22.7,2025,0.49
Olive oil,Germany,2025-10-01,-22.6,2025,0.49
Olive oil,Germany,2025-11-01,-17.4,2025,0.49
Olive oil,Germany,2025-12-01,-17.7,2025,0.49
Olive oil,"Euro area (EA11-1999, EA12-2001, EA13-2007, EA15-2008, EA16-2009, EA17-2011, EA18-2014, EA19-2015, EA20-2023, EA21-2026)",2019-01-01,-7.6,2019,1.72
Olive oil,"Euro area (EA11-1999, EA12-2001, EA13-2007, EA15-2008, EA16-2009, EA17-2011, EA18-2014, EA19-2015, EA20-2023, EA21-2026)",2019-02-01,-7.4,2019,1.72
Olive oil,"Euro area (EA11-1999, EA12-2001, EA13-2007, EA15-2008, EA16-2009, EA17-2011, EA18-2014, EA19-2015, EA20-2023, EA21-2026)",2019-03-01,-7.6,2019,1.72
Olive oil,"Euro area (EA11-1999, EA12-2001, EA13-2007, EA15-2008, EA16-2009, EA17-2011, EA18-2014, EA19-2015, EA20-2023, EA21-2026)",2019-04-01,-8.4,2019,1.72
Olive oil,"Euro area (EA11-1999, EA12-2001, EA13-2007, EA15-2008, EA16-2009, EA17-2011, EA18-2014, EA19-2015, EA20-2023, EA21-2026)",2019-05-01,-7.9,2019,1.72
Olive oil,"Euro area (EA11-1999, EA12-2001, EA13-2007, EA15-2008, EA16-2009, EA17-2011, EA18-2014, EA19-2015, EA20-2023, EA21-2026)",2019-06-01,-7.7,2019,1.72
Olive oil,"Euro area (EA11-1999, EA12-2001, EA13-2007, EA15-2008, EA16-2009, EA17-2011, EA18-2014, EA19-2015, EA20-2023, EA21-2026)",2019-07-01,-7.1,2019,1.72
Olive oil,"Euro area (EA11-1999, EA12-2001, EA13-2007, EA15-2008, EA16-2009, EA17-2011, EA18-2014, EA19-2015, EA20-2023, EA21-2026)",2019-08-01,-6.3,2019,1.72
Olive oil,"Euro area (EA11-1999, EA12-2001, EA13-2007, EA15-2008, EA16-2009, EA17-2011, EA18-2014, EA19-2015, EA20-2023, EA21-2026)",2019-09-01,-7.1,2019,1.72
Olive oil,"Euro area (EA11-1999, EA12-2001, EA13-2007, EA15-2008, EA16-2009, EA17-2011, EA18-2014, EA19-2015, EA20-2023, EA21-2026)",2019-10-01,-7.4,2019,1.72
Olive oil,"Euro area (EA11-1999, EA12-2001, EA13-2007, EA15-2008, EA16-2009, EA17-2011, EA18-2014, EA19-2015, EA20-2023, EA21-2026)",2019-11-01,-6.0,2019,1.72
Olive oil,"Euro area (EA11-1999, EA12-2001, EA13-2007, EA15-2008, EA16-2009, EA17-2011, EA18-2014, EA19-2015, EA20-2023, EA21-2026)",2019-12-01,-5.0,2019,1.72
Olive oil,"Euro area (EA11-1999, EA12-2001, EA13-2007, EA15-2008, EA16-2009, EA17-2011, EA18-2014, EA19-2015, EA20-2023, EA21-2026)",2020-01-01,-4.6,2020,1.64
Olive oil,"Euro area (EA11-1999, EA12-2001, EA13-2007, EA15-2008, EA16-2009, EA17-2011, EA18-2014, EA19-2015, EA20-2023, EA21-2026)",2020-02-01,-5.7,2020,1.64
Olive oil,"Euro area (EA11-1999, EA12-2001, EA13-2007, EA15-2008, EA16-2009, EA17-2011, EA18-2014, EA19-2015, EA20-2023, EA21-2026)",2020-03-01,-5.1,2020,1.64
Olive oil,"Euro area (EA11-1999, EA12-2001, EA13-2007, EA15-2008, EA16-2009, EA17-2011, EA18-2014, EA19-2015, EA20-2023, EA21-2026)",2020-04-01,-3.6,2020,1.64
Olive oil,"Euro area (EA11-1999, EA12-2001, EA13-2007, EA15-2008, EA16-2009, EA17-2011, EA18-2014, EA19-2015, EA20-2023, EA21-2026)",2020-05-01,-3.8,2020,1.64
Olive oil,"Euro area (EA11-1999, EA12-2001, EA13-2007, EA15-2008, EA16-2009, EA17-2011, EA18-2014, EA19-2015, EA20-2023, EA21-2026)",2020-06-01,-3.0,2020,1.64
Olive oil,"Euro area (EA11-1999, EA12-2001, EA13-2007, EA15-2008, EA16-2009, EA17-2011, EA18-2014, EA19-2015, EA20-2023, EA21-2026)",2020-07-01,-4.6,2020,1.64
Olive oil,"Euro area (EA11-1999, EA12-2001, EA13-2007, EA15-2008, EA16-2009, EA17-2011, EA18-2014, EA19-2015, EA20-2023, EA21-2026)",2020-08-01,-5.0,2020,1.64
Olive oil,"Euro area (EA11-1999, EA12-2001, EA13-2007, EA15-2008, EA16-2009, EA17-2011, EA18-2014, EA19-2015, EA20-2023, EA21-2026)",2020-09-01,-4.5,2020,1.64
Olive oil,"Euro area (EA11-1999, EA12-2001, EA13-2007, EA15-2008, EA16-2009, EA17-2011, EA18-2014, EA19-2015, EA20-2023, EA21-2026)",2020-10-01,-4.3,2020,1.64
Olive oil,"Euro area (EA11-1999, EA12-2001, EA13-2007, EA15-2008, EA16-2009, EA17-2011, EA18-2014, EA19-2015, EA20-2023, EA21-2026)",2020-11-01,-5.1,2020,1.64
Olive oil,"Euro area (EA11-1999, EA12-2001, EA13-2007, EA15-2008, EA16-2009, EA17-2011, EA18-2014, EA19-2015, EA20-2023, EA21-2026)",2020-12-01,-4.7,2020,1.64
Olive oil,"Euro area (EA11-1999, EA12-2001, EA13-2007, EA15-2008, EA16-2009, EA17-2011, EA18-2014, EA19-2015, EA20-2023, EA21-2026)",2021-01-01,-3.8,2021,1.76
Olive oil,"Euro area (EA11-1999, EA12-2001, EA13-2007, EA15-2008, EA16-2009, EA17-2011, EA18-2014, EA19-2015, EA20-2023, EA21-2026)",2021-02-01,-1.9,2021,1.76
Olive oil,"Euro area (EA11-1999, EA12-2001, EA13-2007, EA15-2008, EA16-2009, EA17-2011, EA18-2014, EA19-2015, EA20-2023, EA21-2026)",2021-03-01,-2.4,2021,1.76
Olive oil,"Euro area (EA11-1999, EA12-2001, EA13-2007, EA15-2008, EA16-2009, EA17-2011, EA18-2014, EA19-2015, EA20-2023, EA21-2026)",2021-04-01,-1.3,2021,1.76
Olive oil,"Euro area (EA11-1999, EA12-2001, EA13-2007, EA15-2008, EA16-2009, EA17-2011, EA18-2014, EA19-2015, EA20-2023, EA21-2026)",2021-05-01,0.3,2021,1.76
Olive oil,"Euro area (EA11-1999, EA12-2001, EA13-2007, EA15-2008, EA16-2009, EA17-2011, EA18-2014, EA19-2015, EA20-2023, EA21-2026)",2021-06-01,2.1,2021,1.76
Olive oil,"Euro area (EA11-1999, EA12-2001, EA13-2007, EA15-2008, EA16-2009, EA17-2011, EA18-2014, EA19-2015, EA20-2023, EA21-2026)",2021-07-01,6.6,2021,1.76
Olive oil,"Euro area (EA11-1999, EA12-2001, EA13-2007, EA15-2008, EA16-2009, EA17-2011, EA18-2014, EA19-2015, EA20-2023, EA21-2026)",2021-08-01,8.7,2021,1.76
Olive oil,"Euro area (EA11-1999, EA12-2001, EA13-2007, EA15-2008, EA16-2009, EA17-2011, EA18-2014, EA19-2015, EA20-2023, EA21-2026)",2021-09-01,10.5,2021,1.76
Olive oil,"Euro area (EA11-1999, EA12-2001, EA13-2007, EA15-2008, EA16-2009, EA17-2011, EA18-2014, EA19-2015, EA20-2023, EA21-2026)",2021-10-01,11.1,2021,1.76
Olive oil,"Euro area (EA11-1999, EA12-2001, EA13-2007, EA15-2008, EA16-2009, EA17-2011, EA18-2014, EA19-2015, EA20-2023, EA21-2026)",2021-11-01,11.6,2021,1.76
Olive oil,"Euro area (EA11-1999, EA12-2001, EA13-2007, EA15-2008, EA16-2009, EA17-2011, EA18-2014, EA19-2015, EA20-2023, EA21-2026)",2021-12-01,11.9,2021,1.76
Olive oil,"Euro area (EA11-1999, EA12-2001, EA13-2007, EA15-2008, EA16-2009, EA17-2011, EA18-2014, EA19-2015, EA20-2023, EA21-2026)",2022-01-01,11.4,2022,1.83
Olive oil,"Euro area (EA11-1999, EA12-2001, EA13-2007, EA15-2008, EA16-2009, EA17-2011, EA18-2014, EA19-2015, EA20-2023, EA21-2026)",2022-02-01,11.9,2022,1.83
Olive oil,"Euro area (EA11-1999, EA12-2001, EA13-2007, EA15-2008, EA16-2009, EA17-2011, EA18-2014, EA19-2015, EA20-2023, EA21-2026)",2022-03-01,14.0,2022,1.83
Olive oil,"Euro area (EA11-1999, EA12-2001, EA13-2007, EA15-2008, EA16-2009, EA17-2011, EA18-2014, EA19-2015, EA20-2023, EA21-2026)",2022-04-01,16.8,2022,1.83
Olive oil,"Euro area (EA11-1999, EA12-2001, EA13-2007, EA15-2008, EA16-2009, EA17-2011, EA18-2014, EA19-2015, EA20-2023, EA21-2026)",2022-05-01,17.1,2022,1.83
Olive oil,"Euro area (EA11-1999, EA12-2001, EA13-2007, EA15-2008, EA16-2009, EA17-2011, EA18-2014, EA19-2015, EA20-2023, EA21-2026)",2022-06-01,15.7,2022,1.83
Olive oil,"Euro area (EA11-1999, EA12-2001, EA13-2007, EA15-2008, EA16-2009, EA17-2011, EA18-2014, EA19-2015, EA20-2023, EA21-2026)",2022-07-01,13.7,2022,1.83
Olive oil,"Euro area (EA11-1999, EA12-2001, EA13-2007, EA15-2008, EA16-2009, EA17-2011, EA18-2014, EA19-2015, EA20-2023, EA21-2026)",2022-08-01,11.8,2022,1.83
Olive oil,"Euro area (EA11-1999, EA12-2001, EA13-2007, EA15-2008, EA16-2009, EA17-2011, EA18-2014, EA19-2015, EA20-2023, EA21-2026)",2022-09-01,11.6,2022,1.83
Olive oil,"Euro area (EA11-1999, EA12-2001, EA13-2007, EA15-2008, EA16-2009, EA17-2011, EA18-2014, EA19-2015, EA20-2023, EA21-2026)",2022-10-01,12.8,2022,1.83
Olive oil,"Euro area (EA11-1999, EA12-2001, EA13-2007, EA15-2008, EA16-2009, EA17-2011, EA18-2014, EA19-2015, EA20-2023, EA21-2026)",2022-11-01,17.9,2022,1.83
Olive oil,"Euro area (EA11-1999, EA12-2001, EA13-2007, EA15-2008, EA16-2009, EA17-2011, EA18-2014, EA19-2015, EA20-2023, EA21-2026)",2022-12-01,22.3,2022,1.83
Olive oil,"Euro area (EA11-1999, EA12-2001, EA13-2007, EA15-2008, EA16-2009, EA17-2011, EA18-2014, EA19-2015, EA20-2023, EA21-2026)",2023-01-01,23.6,2023,1.86
Olive oil,"Euro area (EA11-1999, EA12-2001, EA13-2007, EA15-2008, EA16-2009, EA17-2011, EA18-2014, EA19-2015, EA20-2023, EA21-2026)",2023-02-01,27.6,2023,1.86
Olive oil,"Euro area (EA11-1999, EA12-2001, EA13-2007, EA15-2008, EA16-2009, EA17-2011, EA18-2014, EA19-2015, EA20-2023, EA21-2026)",2023-03-01,27.1,2023,1.86
Olive oil,"Euro area (EA11-1999, EA12-2001, EA13-2007, EA15-2008, EA16-2009, EA17-2011, EA18-2014, EA19-2015, EA20-2023, EA21-2026)",2023-04-01,24.1,2023,1.86
Olive oil,"Euro area (EA11-1999, EA12-2001, EA13-2007, EA15-2008, EA16-2009, EA17-2011, EA18-2014, EA19-2015, EA20-2023, EA21-2026)",2023-05-01,23.9,2023,1.86
Olive oil,"Euro area (EA11-1999, EA12-2001, EA13-2007, EA15-2008, EA16-2009, EA17-2011, EA18-2014, EA19-2015, EA20-2023, EA21-2026)",2023-06-01,26.5,2023,1.86
Olive oil,"Euro area (EA11-1999, EA12-2001, EA13-2007, EA15-2008, EA16-2009, EA17-2011, EA18-2014, EA19-2015, EA20-2023, EA21-2026)",2023-07-01,29.9,2023,1.86
Olive oil,"Euro area (EA11-1999, EA12-2001, EA13-2007, EA15-2008, EA16-2009, EA17-2011, EA18-2014, EA19-2015, EA20-2023, EA21-2026)",2023-08-01,38.3,2023,1.86
Olive oil,"Euro area (EA11-1999, EA12-2001, EA13-2007, EA15-2008, EA16-2009, EA17-2011, EA18-2014, EA19-2015, EA20-2023, EA21-2026)",2023-09-01,45.6,2023,1.86
Olive oil,"Euro area (EA11-1999, EA12-2001, EA13-2007, EA15-2008, EA16-2009, EA17-2011, EA18-2014, EA19-2015, EA20-2023, EA21-2026)",2023-10-01,51.9,2023,1.86
Olive oil,"Euro area (EA11-1999, EA12-2001, EA13-2007, EA15-2008, EA16-2009, EA17-2011, EA18-2014, EA19-2015, EA20-2023, EA21-2026)",2023-11-01,52.3,2023,1.86
Olive oil,"Euro area (EA11-1999, EA12-2001, EA13-2007, EA15-2008, EA16-2009, EA17-2011, EA18-2014, EA19-2015, EA20-2023, EA21-2026)",2023-12-01,48.5,2023,1.86
Olive oil,"Euro area (EA11-1999, EA12-2001, EA13-2007, EA15-2008, EA16-2009, EA17-2011, EA18-2014, EA19-2015, EA20-2023, EA21-2026)",2024-01-01,50.7,2024,2.26
Olive oil,"Euro area (EA11-1999, EA12-2001, EA13-2007, EA15-2008, EA16-2009, EA17-2011, EA18-2014, EA19-2015, EA20-2023, EA21-2026)",2024-02-01,51.5,2024,2.26
Olive oil,"Euro area (EA11-1999, EA12-2001, EA13-2007, EA15-2008, EA16-2009, EA17-2011, EA18-2014, EA19-2015, EA20-2023, EA21-2026)",2024-03-01,53.5,2024,2.26
Olive oil,"Euro area (EA11-1999, EA12-2001, EA13-2007, EA15-2008, EA16-2009, EA17-2011, EA18-2014, EA19-2015, EA20-2023, EA21-2026)",2024-04-01,52.3,2024,2.26
Olive oil,"Euro area (EA11-1999, EA12-2001, EA13-2007, EA15-2008, EA16-2009, EA17-2011, EA18-2014, EA19-2015, EA20-2023, EA21-2026)",2024-05-01,50.0,2024,2.26
Olive oil,"Euro area (EA11-1999, EA12-2001, EA13-2007, EA15-2008, EA16-2009, EA17-2011, EA18-2014, EA19-2015, EA20-2023, EA21-2026)",2024-06-01,45.9,2024,2.26
Olive oil,"Euro area (EA11-1999, EA12-2001, EA13-2007, EA15-2008, EA16-2009, EA17-2011, EA18-2014, EA19-2015, EA20-2023, EA21-2026)",2024-07-01,38.9,2024,2.26
Olive oil,"Euro area (EA11-1999, EA12-2001, EA13-2007, EA15-2008, EA16-2009, EA17-2011, EA18-2014, EA19-2015, EA20-2023, EA21-2026)",2024-08-01,30.1,2024,2.26
Olive oil,"Euro area (EA11-1999, EA12-2001, EA13-2007, EA15-2008, EA16-2009, EA17-2011, EA18-2014, EA19-2015, EA20-2023, EA21-2026)",2024-09-01,21.4,2024,2.26
Olive oil,"Euro area (EA11-1999, EA12-2001, EA13-2007, EA15-2008, EA16-2009, EA17-2011, EA18-2014, EA19-2015, EA20-2023, EA21-2026)",2024-10-01,13.8,2024,2.26
Olive oil,"Euro area (EA11-1999, EA12-2001, EA13-2007, EA15-2008, EA16-2009, EA17-2011, EA18-2014, EA19-2015, EA20-2023, EA21-2026)",2024-11-01,6.7,2024,2.26
Olive oil,"Euro area (EA11-1999, EA12-2001, EA13-2007, EA15-2008, EA16-2009, EA17-2011, EA18-2014, EA19-2015, EA20-2023, EA21-2026)",2024-12-01,0.7,2024,2.26
Olive oil,"Euro area (EA11-1999, EA12-2001, EA13-2007, EA15-2008, EA16-2009, EA17-2011, EA18-2014, EA19-2015, EA20-2023, EA21-2026)",2025-01-01,-6.3,2025,2.23
Olive oil,"Euro area (EA11-1999, EA12-2001, EA13-2007, EA15-2008, EA16-2009, EA17-2011, EA18-2014, EA19-2015, EA20-2023, EA21-2026)",2025-02-01,-14.8,2025,2.23
Olive oil,"Euro area (EA11-1999, EA12-2001, EA13-2007, EA15-2008, EA16-2009, EA17-2011, EA18-2014, EA19-2015, EA20-2023, EA21-2026)",2025-03-01,-20.6,2025,2.23
Olive oil,"Euro area (EA11-1999, EA12-2001, EA13-2007, EA15-2008, EA16-2009, EA17-2011, EA18-2014, EA19-2015, EA20-2023, EA21-2026)",2025-04-01,-24.4,2025,2.23
Olive oil,"Euro area (EA11-1999, EA12-2001, EA13-2007, EA15-2008, EA16-2009, EA17-2011, EA18-2014, EA19-2015, EA20-2023, EA21-2026)",2025-05-01,-26.9,2025,2.23
Olive oil,"Euro area (EA11-1999, EA12-2001, EA13-2007, EA15-2008, EA16-2009, EA17-2011, EA18-2014, EA19-2015, EA20-2023, EA21-2026)",2025-06-01,-28.3,2025,2.23
Olive oil,"Euro area (EA11-1999, EA12-2001, EA13-2007, EA15-2008, EA16-2009, EA17-2011, EA18-2014, EA19-2015, EA20-2023, EA21-2026)",2025-07-01,-27.6,2025,2.23
Olive oil,"Euro area (EA11-1999, EA12-2001, EA13-2007, EA15-2008, EA16-2009, EA17-2011, EA18-2014, EA19-2015, EA20-2023, EA21-2026)",2025-08-01,-28.3,2025,2.23
Olive oil,"Euro area (EA11-1999, EA12-2001, EA13-2007, EA15-2008, EA16-2009, EA17-2011, EA18-2014, EA19-2015, EA20-2023, EA21-2026)",2025-09-01,-28.9,2025,2.23
Olive oil,"Euro area (EA11-1999, EA12-2001, EA13-2007, EA15-2008, EA16-2009, EA17-2011, EA18-2014, EA19-2015, EA20-2023, EA21-2026)",2025-10-01,-28.1,2025,2.23
Olive oil,"Euro area (EA11-1999, EA12-2001, EA13-2007, EA15-2008, EA16-2009, EA17-2011, EA18-2014, EA19-2015, EA20-2023, EA21-2026)",2025-11-01,-26.3,2025,2.23
Olive oil,"Euro area (EA11-1999, EA12-2001, EA13-2007, EA15-2008, EA16-2009, EA17-2011, EA18-2014, EA19-2015, EA20-2023, EA21-2026)",2025-12-01,-23.1,2025,2.23
Olive oil,Spain,2019-01-01,-15.3,2019,4.09
Olive oil,Spain,2019-02-01,-17.0,2019,4.09
Olive oil,Spain,2019-03-01,-17.3,2019,4.09
Olive oil,Spain,2019-04-01,-18.4,2019,4.09
Olive oil,Spain,2019-05-01,-18.1,2019,4.09
Olive oil,Spain,2019-06-01,-18.8,2019,4.09
Olive oil,Spain,2019-07-01,-17.0,2019,4.09
Olive oil,Spain,2019-08-01,-17.1,2019,4.09
Olive oil,Spain,2019-09-01,-16.5,2019,4.09
Olive oil,Spain,2019-10-01,-15.7,2019,4.09
Olive oil,Spain,2019-11-01,-12.5,2019,4.09
Olive oil,Spain,2019-12-01,-11.4,2019,4.09
Olive oil,Spain,2020-01-01,-12.5,2020,3.73
Olive oil,Spain,2020-02-01,-11.8,2020,3.73
Olive oil,Spain,2020-03-01,-11.8,2020,3.73
Olive oil,Spain,2020-04-01,-9.8,2020,3.73
Olive oil,Spain,2020-05-01,-8.5,2020,3.73
Olive oil,Spain,2020-06-01,-6.4,2020,3.73
Olive oil,Spain,2020-07-01,-5.8,2020,3.73
Olive oil,Spain,2020-08-01,-5.7,2020,3.73
Olive oil,Spain,2020-09-01,-5.7,2020,3.73
Olive oil,Spain,2020-10-01,-5.0,2020,3.73
Olive oil,Spain,2020-11-01,-4.4,2020,3.73
Olive oil,Spain,2020-12-01,-4.2,2020,3.73
Olive oil,Spain,2021-01-01,-3.1,2021,4.0
Olive oil,Spain,2021-02-01,-1.7,2021,4.0
Olive oil,Spain,2021-03-01,-0.8,2021,4.0
Olive oil,Spain,2021-04-01,1.9,2021,4.0
Olive oil,Spain,2021-05-01,5.2,2021,4.0
Olive oil,Spain,2021-06-01,11.9,2021,4.0
Olive oil,Spain,2021-07-01,21.6,2021,4.0
Olive oil,Spain,2021-08-01,25.3,2021,4.0
Olive oil,Spain,2021-09-01,25.6,2021,4.0
Olive oil,Spain,2021-10-01,26.0,2021,4.0
Olive oil,Spain,2021-11-01,25.5,2021,4.0
Olive oil,Spain,2021-12-01,26.7,2021,4.0
Olive oil,Spain,2022-01-01,30.1,2022,4.39
Olive oil,Spain,2022-02-01,30.5,2022,4.39
Olive oil,Spain,2022-03-01,32.9,2022,4.39
Olive oil,Spain,2022-04-01,42.5,2022,4.39
Olive oil,Spain,2022-05-01,36.5,2022,4.39
Olive oil,Spain,2022-06-01,27.2,2022,4.39
Olive oil,Spain,2022-07-01,16.9,2022,4.39
Olive oil,Spain,2022-08-01,13.2,2022,4.39
Olive oil,Spain,2022-09-01,14.1,2022,4.39
Olive oil,Spain,2022-10-01,15.7,2022,4.39
Olive oil,Spain,2022-11-01,25.9,2022,4.39
Olive oil,Spain,2022-12-01,35.2,2022,4.39
Olive oil,Spain,2023-01-01,30.5,2023,4.97
Olive oil,Spain,2023-02-01,33.5,2023,4.97
Olive oil,Spain,2023-03-01,32.1,2023,4.97
Olive oil,Spain,2023-04-01,22.2,2023,4.97
Olive oil,Spain,2023-05-01,24.7,2023,4.97
Olive oil,Spain,2023-06-01,31.0,2023,4.97
Olive oil,Spain,2023-07-01,38.8,2023,4.97
Olive oil,Spain,2023-08-01,52.5,2023,4.97
Olive oil,Spain,2023-09-01,67.0,2023,4.97
Olive oil,Spain,2023-10-01,73.5,2023,4.97
Olive oil,Spain,2023-11-01,66.7,2023,4.97
Olive oil,Spain,2023-12-01,54.6,2023,4.97
Olive oil,Spain,2024-01-01,62.9,2024,5.99
Olive oil,Spain,2024-02-01,67.0,2024,5.99
Olive oil,Spain,2024-03-01,70.0,2024,5.99
Olive oil,Spain,2024-04-01,68.1,2024,5.99
Olive oil,Spain,2024-05-01,62.8,2024,5.99
Olive oil,Spain,2024-06-01,53.7,2024,5.99
Olive oil,Spain,2024-07-01,38.3,2024,5.99
Olive oil,Spain,2024-08-01,25.1,2024,5.99
Olive oil,Spain,2024-09-01,10.3,2024,5.99
Olive oil,Spain,2024-10-01,4.2,2024,5.99
Olive oil,Spain,2024-11-01,-3.7,2024,5.99
Olive oil,Spain,2024-12-01,-12.3,2024,5.99
Olive oil,Spain,2025-01-01,-21.9,2025,6.52
Olive oil,Spain,2025-02-01,-32.3,2025,6.52
Olive oil,Spain,2025-03-01,-37.9,2025,6.52
Olive oil,Spain,2025-04-01,-42.2,2025,6.52
Olive oil,Spain,2025-05-01,-43.8,2025,6.52
Olive oil,Spain,2025-06-01,-45.7,2025,6.52
Olive oil,Spain,2025-07-01,-44.3,2025,6.52
Olive oil,Spain,2025-08-01,-43.7,2025,6.52
Olive oil,Spain,2025-09-01,-43.0,2025,6.52
Olive oil,Spain,2025-10-01,-41.6,2025,6.52
Olive oil,Spain,2025-11-01,-38.1,2025,6.52
Olive oil,Spain,2025-12-01,-31.6,2025,6.52
Olive oil,France,2019-01-01,2.7,2019,0.55
Olive oil,France,2019-02-01,3.1,2019,0.55
Olive oil,France,2019-03-01,3.1,2019,0.55
Olive oil,France,2019-04-01,3.7,2019,0.55
Olive oil,France,2019-05-01,3.6,2019,0.55
Olive oil,France,2019-06-01,3.5,2019,0.55
Olive oil,France,2019-07-01,2.4,2019,0.55
Olive oil,France,2019-08-01,2.3,2019,0.55
Olive oil,France,2019-09-01,2.1,2019,0.55
Olive oil,France,2019-10-01,2.1,2019,0.55
Olive oil,France,2019-11-01,1.5,2019,0.55
Olive oil,France,2019-12-01,1.6,2019,0.55
Olive oil,France,2020-01-01,1.7,2020,0.54
Olive oil,France,2020-02-01,0.9,2020,0.54
Olive oil,France,2020-03-01,0.5,2020,0.54
Olive oil,France,2020-04-01,-0.4,2020,0.54
Olive oil,France,2020-05-01,-0.7,2020,0.54
Olive oil,France,2020-06-01,-0.4,2020,0.54
Olive oil,France,2020-07-01,0.1,2020,0.54
Olive oil,France,2020-08-01,-0.1,2020,0.54
Olive oil,France,2020-09-01,-0.4,2020,0.54
Olive oil,France,2020-10-01,-0.2,2020,0.54
Olive oil,France,2020-11-01,-1.2,2020,0.54
Olive oil,France,2020-12-01,-0.6,2020,0.54
Olive oil,France,2021-01-01,-0.5,2021,0.58
Olive oil,France,2021-02-01,-0.8,2021,0.58
Olive oil,France,2021-03-01,-0.7,2021,0.58
Olive oil,France,2021-04-01,0.0,2021,0.58
Olive oil,France,2021-05-01,-0.7,2021,0.58
Olive oil,France,2021-06-01,-0.6,2021,0.58
Olive oil,France,2021-07-01,-0.3,2021,0.58
Olive oil,France,2021-08-01,-0.4,2021,0.58
Olive oil,France,2021-09-01,-0.3,2021,0.58
Olive oil,France,2021-10-01,-0.4,2021,0.58
Olive oil,France,2021-11-01,1.3,2021,0.58
Olive oil,France,2021-12-01,1.5,2021,0.58
Olive oil,France,2022-01-01,1.3,2022,0.59
Olive oil,France,2022-02-01,2.0,2022,0.59
Olive oil,France,2022-03-01,3.5,2022,0.59
Olive oil,France,2022-04-01,4.7,2022,0.59
Olive oil,France,2022-05-01,7.7,2022,0.59
Olive oil,France,2022-06-01,9.8,2022,0.59
Olive oil,France,2022-07-01,10.3,2022,0.59
Olive oil,France,2022-08-01,11.7,2022,0.59
Olive oil,France,2022-09-01,13.3,2022,0.59
Olive oil,France,2022-10-01,15.8,2022,0.59
Olive oil,France,2022-11-01,15.7,2022,0.59
Olive oil,France,2022-12-01,15.9,2022,0.59
Olive oil,France,2023-01-01,18.6,2023,0.58
Olive oil,France,2023-02-01,21.2,2023,0.58
Olive oil,France,2023-03-01,23.0,2023,0.58
Olive oil,France,2023-04-01,24.0,2023,0.58
Olive oil,France,2023-05-01,22.9,2023,0.58
Olive oil,France,2023-06-01,20.3,2023,0.58
Olive oil,France,2023-07-01,20.8,2023,0.58
Olive oil,France,2023-08-01,21.3,2023,0.58
Olive oil,France,2023-09-01,20.2,2023,0.58
Olive oil,France,2023-10-01,18.6,2023,0.58
Olive oil,France,2023-11-01,18.5,2023,0.58
Olive oil,France,2023-12-01,18.3,2023,0.58
Olive oil,France,2024-01-01,21.4,2024,0.71
Olive oil,France,2024-02-01,23.6,2024,0.71
Olive oil,France,2024-03-01,28.6,2024,0.71
Olive oil,France,2024-04-01,32.3,2024,0.71
Olive oil,France,2024-05-01,34.2,2024,0.71
Olive oil,France,2024-06-01,33.6,2024,0.71
Olive oil,France,2024-07-01,32.9,2024,0.71
Olive oil,France,2024-08-01,31.5,2024,0.71
Olive oil,France,2024-09-01,31.3,2024,0.71
Olive oil,France,2024-10-01,29.9,2024,0.71
Olive oil,France,2024-11-01,29.2,2024,0.71
Olive oil,France,2024-12-01,28.3,2024,0.71
Olive oil,France,2025-01-01,21.7,2025,0.77
Olive oil,France,2025-02-01,15.5,2025,0.77
Olive oil,France,2025-03-01,6.9,2025,0.77
Olive oil,France,2025-04-01,0.6,2025,0.77
Olive oil,France,2025-05-01,-4.3,2025,0.77
Olive oil,France,2025-06-01,-5.8,2025,0.77
Olive oil,France,2025-07-01,-7.0,2025,0.77
Olive oil,France,2025-08-01,-8.1,2025,0.77
Olive oil,France,2025-09-01,-9.4,2025,0.77
Olive oil,France,2025-10-01,-10.2,2025,0.77
Olive oil,France,2025-11-01,-10.7,2025,0.77
Olive oil,France,2025-12-01,-10.7,2025,0.77
Olive oil,Italy,2019-01-01,-3.5,2019,4.1
Olive oil,Italy,2019-02-01,-1.7,2019,4.1
Olive oil,Italy,2019-03-01,-2.2,2019,4.1
Olive oil,Italy,2019-04-01,-2.5,2019,4.1
Olive oil,Italy,2019-05-01,-2.3,2019,4.1
Olive oil,Italy,2019-06-01,-1.4,2019,4.1
Olive oil,Italy,2019-07-01,-2.8,2019,4.1
Olive oil,Italy,2019-08-01,-0.9,2019,4.1
Olive oil,Italy,2019-09-01,-2.1,2019,4.1
Olive oil,Italy,2019-10-01,-2.9,2019,4.1
Olive oil,Italy,2019-11-01,-2.8,2019,4.1
Olive oil,Italy,2019-12-01,-1.9,2019,4.1
Olive oil,Italy,2020-01-01,0.2,2020,4.03
Olive oil,Italy,2020-02-01,-2.5,2020,4.03
Olive oil,Italy,2020-03-01,-1.2,2020,4.03
Olive oil,Italy,2020-04-01,-0.2,2020,4.03
Olive oil,Italy,2020-05-01,-0.8,2020,4.03
Olive oil,Italy,2020-06-01,-1.6,2020,4.03
Olive oil,Italy,2020-07-01,-3.4,2020,4.03
Olive oil,Italy,2020-08-01,-4.7,2020,4.03
Olive oil,Italy,2020-09-01,-4.3,2020,4.03
Olive oil,Italy,2020-10-01,-3.6,2020,4.03
Olive oil,Italy,2020-11-01,-5.4,2020,4.03
Olive oil,Italy,2020-12-01,-5.5,2020,4.03
Olive oil,Italy,2021-01-01,-4.3,2021,4.66
Olive oil,Italy,2021-02-01,-2.8,2021,4.66
Olive oil,Italy,2021-03-01,-3.6,2021,4.66
Olive oil,Italy,2021-04-01,-2.3,2021,4.66
Olive oil,Italy,2021-05-01,-1.8,2021,4.66
Olive oil,Italy,2021-06-01,-0.6,2021,4.66
Olive oil,Italy,2021-07-01,1.7,2021,4.66
Olive oil,Italy,2021-08-01,3.7,2021,4.66
Olive oil,Italy,2021-09-01,4.2,2021,4.66
Olive oil,Italy,2021-10-01,4.2,2021,4.66
Olive oil,Italy,2021-11-01,5.5,2021,4.66
Olive oil,Italy,2021-12-01,6.2,2021,4.66
Olive oil,Italy,2022-01-01,3.6,2022,4.39
Olive oil,Italy,2022-02-01,4.2,2022,4.39
Olive oil,Italy,2022-03-01,5.3,2022,4.39
Olive oil,Italy,2022-04-01,4.8,2022,4.39
Olive oil,Italy,2022-05-01,7.2,2022,4.39
Olive oil,Italy,2022-06-01,8.2,2022,4.39
Olive oil,Italy,2022-07-01,8.9,2022,4.39
Olive oil,Italy,2022-08-01,7.2,2022,4.39
Olive oil,Italy,2022-09-01,8.7,2022,4.39
Olive oil,Italy,2022-10-01,10.0,2022,4.39
Olive oil,Italy,2022-11-01,13.5,2022,4.39
Olive oil,Italy,2022-12-01,16.1,2022,4.39
Olive oil,Italy,2023-01-01,20.4,2023,4.27
Olive oil,Italy,2023-02-01,25.5,2023,4.27
Olive oil,Italy,2023-03-01,26.9,2023,4.27
Olive oil,Italy,2023-04-01,26.0,2023,4.27
Olive oil,Italy,2023-05-01,24.6,2023,4.27
Olive oil,Italy,2023-06-01,26.7,2023,4.27
Olive oil,Italy,2023-07-01,30.7,2023,4.27
Olive oil,Italy,2023-08-01,37.2,2023,4.27
Olive oil,Italy,2023-09-01,43.1,2023,4.27
Olive oil,Italy,2023-10-01,49.3,2023,4.27
Olive oil,Italy,2023-11-01,50.0,2023,4.27
Olive oil,Italy,2023-12-01,49.2,2023,4.27
Olive oil,Italy,2024-01-01,44.8,2024,4.9
Olive oil,Italy,2024-02-01,46.3,2024,4.9
Olive oil,Italy,2024-03-01,45.7,2024,4.9
Olive oil,Italy,2024-04-01,44.3,2024,4.9
Olive oil,Italy,2024-05-01,44.1,2024,4.9
Olive oil,Italy,2024-06-01,41.5,2024,4.9
Olive oil,Italy,2024-07-01,35.4,2024,4.9
Olive oil,Italy,2024-08-01,29.2,2024,4.9
Olive oil,Italy,2024-09-01,22.5,2024,4.9
Olive oil,Italy,2024-10-01,14.3,2024,4.9
Olive oil,Italy,2024-11-01,9.7,2024,4.9
Olive oil,Italy,2024-12-01,3.4,2024,4.9
Olive oil,Italy,2025-01-01,1.3,2025,4.1
Olive oil,Italy,2025-02-01,-6.8,2025,4.1
Olive oil,Italy,2025-03-01,-11.8,2025,4.1
Olive oil,Italy,2025-04-01,-13.2,2025,4.1
Olive oil,Italy,2025-05-01,-16.0,2025,4.1
Olive oil,Italy,2025-06-01,-17.8,2025,4.1
Olive oil,Italy,2025-07-01,-17.8,2025,4.1
Olive oil,Italy,2025-08-01,-18.9,2025,4.1
Olive oil,Italy,2025-09-01,-19.7,2025,4.1
Olive oil,Italy,2025-10-01,-18.6,2025,4.1
Olive oil,Italy,2025-11-01,-17.8,2025,4.1
Olive oil,Italy,2025-12-01,-15.5,2025,4.1
Olive oil,Portugal,2019-01-01,-3.4,2019,3.39
Olive oil,Portugal,2019-02-01,-6.0,2019,3.39
Olive oil,Portugal,2019-03-01,-4.2,2019,3.39
Olive oil,Portugal,2019-04-01,-9.2,2019,3.39
Olive oil,Portugal,2019-05-01,-6.5,2019,3.39
Olive oil,Portugal,2019-06-01,-7.8,2019,3.39
Olive oil,Portugal,2019-07-01,-9.5,2019,3.39
Olive oil,Portugal,2019-08-01,-5.7,2019,3.39
Olive oil,Portugal,2019-09-01,-11.9,2019,3.39
Olive oil,Portugal,2019-10-01,-12.0,2019,3.39
Olive oil,Portugal,2019-11-01,-5.3,2019,3.39
Olive oil,Portugal,2019-12-01,-4.7,2019,3.39
Olive oil,Portugal,2020-01-01,-6.4,2020,3.48
Olive oil,Portugal,2020-02-01,-8.9,2020,3.48
Olive oil,Portugal,2020-03-01,-7.1,2020,3.48
Olive oil,Portugal,2020-04-01,-6.4,2020,3.48
Olive oil,Portugal,2020-05-01,-9.0,2020,3.48
Olive oil,Portugal,2020-06-01,1.8,2020,3.48
Olive oil,Portugal,2020-07-01,-10.8,2020,3.48
Olive oil,Portugal,2020-08-01,-10.1,2020,3.48
Olive oil,Portugal,2020-09-01,-9.3,2020,3.48
Olive oil,Portugal,2020-10-01,-9.3,2020,3.48
Olive oil,Portugal,2020-11-01,-12.7,2020,3.48
Olive oil,Portugal,2020-12-01,-12.3,2020,3.48
Olive oil,Portugal,2021-01-01,-12.6,2021,2.95
Olive oil,Portugal,2021-02-01,-0.6,2021,2.95
Olive oil,Portugal,2021-03-01,-4.2,2021,2.95
Olive oil,Portugal,2021-04-01,-1.9,2021,2.95
Olive oil,Portugal,2021-05-01,-1.1,2021,2.95
Olive oil,Portugal,2021-06-01,-8.0,2021,2.95
Olive oil,Portugal,2021-07-01,10.2,2021,2.95
Olive oil,Portugal,2021-08-01,4.5,2021,2.95
Olive oil,Portugal,2021-09-01,10.1,2021,2.95
Olive oil,Portugal,2021-10-01,11.2,2021,2.95
Olive oil,Portugal,2021-11-01,12.1,2021,2.95
Olive oil,Portugal,2021-12-01,11.2,2021,2.95
Olive oil,Portugal,2022-01-01,10.4,2022,3.16
Olive oil,Portugal,2022-02-01,6.1,2022,3.16
Olive oil,Portugal,2022-03-01,9.3,2022,3.16
Olive oil,Portugal,2022-04-01,14.5,2022,3.16
Olive oil,Portugal,2022-05-01,18.8,2022,3.16
Olive oil,Portugal,2022-06-01,16.0,2022,3.16
Olive oil,Portugal,2022-07-01,8.1,2022,3.16
Olive oil,Portugal,2022-08-01,13.6,2022,3.16
Olive oil,Portugal,2022-09-01,11.6,2022,3.16
Olive oil,Portugal,2022-10-01,18.5,2022,3.16
Olive oil,Portugal,2022-11-01,21.5,2022,3.16
Olive oil,Portugal,2022-12-01,26.1,2022,3.16
Olive oil,Portugal,2023-01-01,30.9,2023,3.24
Olive oil,Portugal,2023-02-01,55.8,2023,3.24
Olive oil,Portugal,2023-03-01,45.2,2023,3.24
Olive oil,Portugal,2023-04-01,39.7,2023,3.24
Olive oil,Portugal,2023-05-01,30.0,2023,3.24
Olive oil,Portugal,2023-06-01,29.2,2023,3.24
Olive oil,Portugal,2023-07-01,27.8,2023,3.24
Olive oil,Portugal,2023-08-01,45.7,2023,3.24
Olive oil,Portugal,2023-09-01,53.5,2023,3.24
Olive oil,Portugal,2023-10-01,60.7,2023,3.24
Olive oil,Portugal,2023-11-01,75.1,2023,3.24
Olive oil,Portugal,2023-12-01,64.8,2023,3.24
Olive oil,Portugal,2024-01-01,69.1,2024,6.15
Olive oil,Portugal,2024-02-01,42.4,2024,6.15
Olive oil,Portugal,2024-03-01,52.1,2024,6.15
Olive oil,Portugal,2024-04-01,51.0,2024,6.15
Olive oil,Portugal,2024-05-01,50.7,2024,6.15
Olive oil,Portugal,2024-06-01,48.6,2024,6.15
Olive oil,Portugal,2024-07-01,48.2,2024,6.15
Olive oil,Portugal,2024-08-01,32.1,2024,6.15
Olive oil,Portugal,2024-09-01,23.7,2024,6.15
Olive oil,Portugal,2024-10-01,11.1,2024,6.15
Olive oil,Portugal,2024-11-01,1.0,2024,6.15
Olive oil,Portugal,2024-12-01,-2.3,2024,6.15
Olive oil,Portugal,2025-01-01,-11.1,2025,6.76
Olive oil,Portugal,2025-02-01,-17.2,2025,6.76
Olive oil,Portugal,2025-03-01,-23.8,2025,6.76
Olive oil,Portugal,2025-04-01,-28.2,2025,6.76
Olive oil,Portugal,2025-05-01,-26.6,2025,6.76
Olive oil,Portugal,2025-06-01,-25.9,2025,6.76
Olive oil,Portugal,2025-07-01,-24.8,2025,6.76
Olive oil,Portugal,2025-08-01,-25.3,2025,6.76
Olive oil,Portugal,2025-09-01,-25.6,2025,6.76
Olive oil,Portugal,2025-10-01,-26.8,2025,6.76
Olive oil,Portugal,2025-11-01,-27.2,2025,6.76
Olive oil,Portugal,2025-12-01,-25.7,2025,6.76
Vegetables,Germany,2019-01-01,5.9,2019,13.12
Vegetables,Germany,2019-02-01,11.6,2019,13.12
Vegetables,Germany,2019-03-01,8.0,2019,13.12
Vegetables,Germany,2019-04-01,9.7,2019,13.12
Vegetables,Germany,2019-05-01,8.7,2019,13.12
Vegetables,Germany,2019-06-01,9.9,2019,13.12
Vegetables,Germany,2019-07-01,11.2,2019,13.12
Vegetables,Germany,2019-08-01,12.3,2019,13.12
Vegetables,Germany,2019-09-01,1.1,2019,13.12
Vegetables,Germany,2019-10-01,-3.0,2019,13.12
Vegetables,Germany,2019-11-01,0.3,2019,13.12
Vegetables,Germany,2019-12-01,0.1,2019,13.12
Vegetables,Germany,2020-01-01,-0.8,2020,13.27
Vegetables,Germany,2020-02-01,0.6,2020,13.27
Vegetables,Germany,2020-03-01,2.1,2020,13.27
Vegetables,Germany,2020-04-01,6.5,2020,13.27
Vegetables,Germany,2020-05-01,2.4,2020,13.27
Vegetables,Germany,2020-06-01,1.1,2020,13.27
Vegetables,Germany,2020-07-01,-5.1,2020,13.27
Vegetables,Germany,2020-08-01,-6.9,2020,13.27
Vegetables,Germany,2020-09-01,-5.4,2020,13.27
Vegetables,Germany,2020-10-01,1.5,2020,13.27
Vegetables,Germany,2020-11-01,2.5,2020,13.27
Vegetables,Germany,2020-12-01,-2.7,2020,13.27
Vegetables,Germany,2021-01-01,2.9,2021,14.31
Vegetables,Germany,2021-02-01,-0.1,2021,14.31
Vegetables,Germany,2021-03-01,0.1,2021,14.31
Vegetables,Germany,2021-04-01,1.5,2021,14.31
Vegetables,Germany,2021-05-01,0.7,2021,14.31
Vegetables,Germany,2021-06-01,-1.0,2021,14.31
Vegetables,Germany,2021-07-01,6.6,2021,14.31
Vegetables,Germany,2021-08-01,8.5,2021,14.31
Vegetables,Germany,2021-09-01,8.8,2021,14.31
Vegetables,Germany,2021-10-01,3.5,2021,14.31
Vegetables,Germany,2021-11-01,2.4,2021,14.31
Vegetables,Germany,2021-12-01,9.2,2021,14.31
Vegetables,Germany,2022-01-01,7.7,2022,14.45
Vegetables,Germany,2022-02-01,9.9,2022,14.45
Vegetables,Germany,2022-03-01,12.3,2022,14.45
Vegetables,Germany,2022-04-01,9.0,2022,14.45
Vegetables,Germany,2022-05-01,7.4,2022,14.45
Vegetables,Germany,2022-06-01,8.0,2022,14.45
Vegetables,Germany,2022-07-01,7.7,2022,14.45
Vegetables,Germany,2022-08-01,9.8,2022,14.45
Vegetables,Germany,2022-09-01,14.3,2022,14.45
Vegetables,Germany,2022-10-01,22.6,2022,14.45
Vegetables,Germany,2022-11-01,19.4,2022,14.45
Vegetables,Germany,2022-12-01,16.2,2022,14.45
Vegetables,Germany,2023-01-01,12.6,2023,14.9
Vegetables,Germany,2023-02-01,21.8,2023,14.9
Vegetables,Germany,2023-03-01,29.4,2023,14.9
Vegetables,Germany,2023-04-01,16.2,2023,14.9
Vegetables,Germany,2023-05-01,17.5,2023,14.9
Vegetables,Germany,2023-06-01,19.1,2023,14.9
Vegetables,Germany,2023-07-01,16.0,2023,14.9
Vegetables,Germany,2023-08-01,12.1,2023,14.9
Vegetables,Germany,2023-09-01,8.8,2023,14.9
Vegetables,Germany,2023-10-01,2.2,2023,14.9
Vegetables,Germany,2023-11-01,6.8,2023,14.9
Vegetables,Germany,2023-12-01,6.8,2023,14.9
Vegetables,Germany,2024-01-01,8.7,2024,15.21
Vegetables,Germany,2024-02-01,-5.9,2024,15.21
Vegetables,Germany,2024-03-01,-13.8,2024,15.21
Vegetables,Germany,2024-04-01,-4.9,2024,15.21
Vegetables,Germany,2024-05-01,-1.5,2024,15.21
Vegetables,Germany,2024-06-01,1.7,2024,15.21
Vegetables,Germany,2024-07-01,2.5,2024,15.21
Vegetables,Germany,2024-08-01,1.4,2024,15.21
Vegetables,Germany,2024-09-01,0.8,2024,15.21
Vegetables,Germany,2024-10-01,3.8,2024,15.21
Vegetables,Germany,2024-11-01,0.8,2024,15.21
Vegetables,Germany,2024-12-01,0.1,2024,15.21
Vegetables,Germany,2025-01-01,-1.9,2025,15.13
Vegetables,Germany,2025-02-01,4.1,2025,15.13
Vegetables,Germany,2025-03-01,5.3,2025,15.13
Vegetables,Germany,2025-04-01,5.2,2025,15.13
Vegetables,Germany,2025-05-01,-1.4,2025,15.13
Vegetables,Germany,2025-06-01,-4.9,2025,15.13
Vegetables,Germany,2025-07-01,-4.8,2025,15.13
Vegetables,Germany,2025-08-01,-2.2,2025,15.13
Vegetables,Germany,2025-09-01,-2.7,2025,15.13
Vegetables,Germany,2025-10-01,-4.4,2025,15.13
Vegetables,Germany,2025-11-01,-2.8,2025,15.13
Vegetables,Germany,2025-12-01,0.7,2025,15.13
Vegetables,"Euro area (EA11-1999, EA12-2001, EA13-2007, EA15-2008, EA16-2009, EA17-2011, EA18-2014, EA19-2015, EA20-2023, EA21-2026)",2019-01-01,6.6,2019,17.43
Vegetables,"Euro area (EA11-1999, EA12-2001, EA13-2007, EA15-2008, EA16-2009, EA17-2011, EA18-2014, EA19-2015, EA20-2023, EA21-2026)",2019-02-01,10.3,2019,17.43
Vegetables,"Euro area (EA11-1999, EA12-2001, EA13-2007, EA15-2008, EA16-2009, EA17-2011, EA18-2014, EA19-2015, EA20-2023, EA21-2026)",2019-03-01,6.8,2019,17.43
Vegetables,"Euro area (EA11-1999, EA12-2001, EA13-2007, EA15-2008, EA16-2009, EA17-2011, EA18-2014, EA19-2015, EA20-2023, EA21-2026)",2019-04-01,7.1,2019,17.43
Vegetables,"Euro area (EA11-1999, EA12-2001, EA13-2007, EA15-2008, EA16-2009, EA17-2011, EA18-2014, EA19-2015, EA20-2023, EA21-2026)",2019-05-01,6.0,2019,17.43
Vegetables,"Euro area (EA11-1999, EA12-2001, EA13-2007, EA15-2008, EA16-2009, EA17-2011, EA18-2014, EA19-2015, EA20-2023, EA21-2026)",2019-06-01,6.9,2019,17.43
Vegetables,"Euro area (EA11-1999, EA12-2001, EA13-2007, EA15-2008, EA16-2009, EA17-2011, EA18-2014, EA19-2015, EA20-2023, EA21-2026)",2019-07-01,8.1,2019,17.43
Vegetables,"Euro area (EA11-1999, EA12-2001, EA13-2007, EA15-2008, EA16-2009, EA17-2011, EA18-2014, EA19-2015, EA20-2023, EA21-2026)",2019-08-01,9.2,2019,17.43
Vegetables,"Euro area (EA11-1999, EA12-2001, EA13-2007, EA15-2008, EA16-2009, EA17-2011, EA18-2014, EA19-2015, EA20-2023, EA21-2026)",2019-09-01,2.8,2019,17.43
Vegetables,"Euro area (EA11-1999, EA12-2001, EA13-2007, EA15-2008, EA16-2009, EA17-2011, EA18-2014, EA19-2015, EA20-2023, EA21-2026)",2019-10-01,0.1,2019,17.43
Vegetables,"Euro area (EA11-1999, EA12-2001, EA13-2007, EA15-2008, EA16-2009, EA17-2011, EA18-2014, EA19-2015, EA20-2023, EA21-2026)",2019-11-01,1.0,2019,17.43
Vegetables,"Euro area (EA11-1999, EA12-2001, EA13-2007, EA15-2008, EA16-2009, EA17-2011, EA18-2014, EA19-2015, EA20-2023, EA21-2026)",2019-12-01,0.9,2019,17.43
Vegetables,"Euro area (EA11-1999, EA12-2001, EA13-2007, EA15-2008, EA16-2009, EA17-2011, EA18-2014, EA19-2015, EA20-2023, EA21-2026)",2020-01-01,-0.3,2020,17.3
Vegetables,"Euro area (EA11-1999, EA12-2001, EA13-2007, EA15-2008, EA16-2009, EA17-2011, EA18-2014, EA19-2015, EA20-2023, EA21-2026)",2020-02-01,-0.6,2020,17.3
Vegetables,"Euro area (EA11-1999, EA12-2001, EA13-2007, EA15-2008, EA16-2009, EA17-2011, EA18-2014, EA19-2015, EA20-2023, EA21-2026)",2020-03-01,0.6,2020,17.3
Vegetables,"Euro area (EA11-1999, EA12-2001, EA13-2007, EA15-2008, EA16-2009, EA17-2011, EA18-2014, EA19-2015, EA20-2023, EA21-2026)",2020-04-01,6.5,2020,17.3
Vegetables,"Euro area (EA11-1999, EA12-2001, EA13-2007, EA15-2008, EA16-2009, EA17-2011, EA18-2014, EA19-2015, EA20-2023, EA21-2026)",2020-05-01,4.5,2020,17.3
Vegetables,"Euro area (EA11-1999, EA12-2001, EA13-2007, EA15-2008, EA16-2009, EA17-2011, EA18-2014, EA19-2015, EA20-2023, EA21-2026)",2020-06-01,2.8,2020,17.3
Vegetables,"Euro area (EA11-1999, EA12-2001, EA13-2007, EA15-2008, EA16-2009, EA17-2011, EA18-2014, EA19-2015, EA20-2023, EA21-2026)",2020-07-01,-1.5,2020,17.3
Vegetables,"Euro area (EA11-1999, EA12-2001, EA13-2007, EA15-2008, EA16-2009, EA17-2011, EA18-2014, EA19-2015, EA20-2023, EA21-2026)",2020-08-01,-2.8,2020,17.3
Vegetables,"Euro area (EA11-1999, EA12-2001, EA13-2007, EA15-2008, EA16-2009, EA17-2011, EA18-2014, EA19-2015, EA20-2023, EA21-2026)",2020-09-01,-1.2,2020,17.3
Vegetables,"Euro area (EA11-1999, EA12-2001, EA13-2007, EA15-2008, EA16-2009, EA17-2011, EA18-2014, EA19-2015, EA20-2023, EA21-2026)",2020-10-01,3.2,2020,17.3
Vegetables,"Euro area (EA11-1999, EA12-2001, EA13-2007, EA15-2008, EA16-2009, EA17-2011, EA18-2014, EA19-2015, EA20-2023, EA21-2026)",2020-11-01,4.6,2020,17.3
Vegetables,"Euro area (EA11-1999, EA12-2001, EA13-2007, EA15-2008, EA16-2009, EA17-2011, EA18-2014, EA19-2015, EA20-2023, EA21-2026)",2020-12-01,-0.2,2020,17.3
Vegetables,"Euro area (EA11-1999, EA12-2001, EA13-2007, EA15-2008, EA16-2009, EA17-2011, EA18-2014, EA19-2015, EA20-2023, EA21-2026)",2021-01-01,1.5,2021,19.57
Vegetables,"Euro area (EA11-1999, EA12-2001, EA13-2007, EA15-2008, EA16-2009, EA17-2011, EA18-2014, EA19-2015, EA20-2023, EA21-2026)",2021-02-01,0.0,2021,19.57
Vegetables,"Euro area (EA11-1999, EA12-2001, EA13-2007, EA15-2008, EA16-2009, EA17-2011, EA18-2014, EA19-2015, EA20-2023, EA21-2026)",2021-03-01,0.7,2021,19.57
Vegetables,"Euro area (EA11-1999, EA12-2001, EA13-2007, EA15-2008, EA16-2009, EA17-2011, EA18-2014, EA19-2015, EA20-2023, EA21-2026)",2021-04-01,-1.6,2021,19.57
Vegetables,"Euro area (EA11-1999, EA12-2001, EA13-2007, EA15-2008, EA16-2009, EA17-2011, EA18-2014, EA19-2015, EA20-2023, EA21-2026)",2021-05-01,-1.1,2021,19.57
Vegetables,"Euro area (EA11-1999, EA12-2001, EA13-2007, EA15-2008, EA16-2009, EA17-2011, EA18-2014, EA19-2015, EA20-2023, EA21-2026)",2021-06-01,-1.5,2021,19.57
Vegetables,"Euro area (EA11-1999, EA12-2001, EA13-2007, EA15-2008, EA16-2009, EA17-2011, EA18-2014, EA19-2015, EA20-2023, EA21-2026)",2021-07-01,2.6,2021,19.57
Vegetables,"Euro area (EA11-1999, EA12-2001, EA13-2007, EA15-2008, EA16-2009, EA17-2011, EA18-2014, EA19-2015, EA20-2023, EA21-2026)",2021-08-01,4.7,2021,19.57
Vegetables,"Euro area (EA11-1999, EA12-2001, EA13-2007, EA15-2008, EA16-2009, EA17-2011, EA18-2014, EA19-2015, EA20-2023, EA21-2026)",2021-09-01,4.0,2021,19.57
Vegetables,"Euro area (EA11-1999, EA12-2001, EA13-2007, EA15-2008, EA16-2009, EA17-2011, EA18-2014, EA19-2015, EA20-2023, EA21-2026)",2021-10-01,1.0,2021,19.57
Vegetables,"Euro area (EA11-1999, EA12-2001, EA13-2007, EA15-2008, EA16-2009, EA17-2011, EA18-2014, EA19-2015, EA20-2023, EA21-2026)",2021-11-01,0.3,2021,19.57
Vegetables,"Euro area (EA11-1999, EA12-2001, EA13-2007, EA15-2008, EA16-2009, EA17-2011, EA18-2014, EA19-2015, EA20-2023, EA21-2026)",2021-12-01,5.7,2021,19.57
Vegetables,"Euro area (EA11-1999, EA12-2001, EA13-2007, EA15-2008, EA16-2009, EA17-2011, EA18-2014, EA19-2015, EA20-2023, EA21-2026)",2022-01-01,5.8,2022,19.26
Vegetables,"Euro area (EA11-1999, EA12-2001, EA13-2007, EA15-2008, EA16-2009, EA17-2011, EA18-2014, EA19-2015, EA20-2023, EA21-2026)",2022-02-01,8.1,2022,19.26
Vegetables,"Euro area (EA11-1999, EA12-2001, EA13-2007, EA15-2008, EA16-2009, EA17-2011, EA18-2014, EA19-2015, EA20-2023, EA21-2026)",2022-03-01,9.7,2022,19.26
Vegetables,"Euro area (EA11-1999, EA12-2001, EA13-2007, EA15-2008, EA16-2009, EA17-2011, EA18-2014, EA19-2015, EA20-2023, EA21-2026)",2022-04-01,9.3,2022,19.26
Vegetables,"Euro area (EA11-1999, EA12-2001, EA13-2007, EA15-2008, EA16-2009, EA17-2011, EA18-2014, EA19-2015, EA20-2023, EA21-2026)",2022-05-01,7.4,2022,19.26
Vegetables,"Euro area (EA11-1999, EA12-2001, EA13-2007, EA15-2008, EA16-2009, EA17-2011, EA18-2014, EA19-2015, EA20-2023, EA21-2026)",2022-06-01,9.2,2022,19.26
Vegetables,"Euro area (EA11-1999, EA12-2001, EA13-2007, EA15-2008, EA16-2009, EA17-2011, EA18-2014, EA19-2015, EA20-2023, EA21-2026)",2022-07-01,9.2,2022,19.26
Vegetables,"Euro area (EA11-1999, EA12-2001, EA13-2007, EA15-2008, EA16-2009, EA17-2011, EA18-2014, EA19-2015, EA20-2023, EA21-2026)",2022-08-01,9.3,2022,19.26
Vegetables,"Euro area (EA11-1999, EA12-2001, EA13-2007, EA15-2008, EA16-2009, EA17-2011, EA18-2014, EA19-2015, EA20-2023, EA21-2026)",2022-09-01,13.4,2022,19.26
Vegetables,"Euro area (EA11-1999, EA12-2001, EA13-2007, EA15-2008, EA16-2009, EA17-2011, EA18-2014, EA19-2015, EA20-2023, EA21-2026)",2022-10-01,20.0,2022,19.26
Vegetables,"Euro area (EA11-1999, EA12-2001, EA13-2007, EA15-2008, EA16-2009, EA17-2011, EA18-2014, EA19-2015, EA20-2023, EA21-2026)",2022-11-01,16.6,2022,19.26
Vegetables,"Euro area (EA11-1999, EA12-2001, EA13-2007, EA15-2008, EA16-2009, EA17-2011, EA18-2014, EA19-2015, EA20-2023, EA21-2026)",2022-12-01,14.1,2022,19.26
Vegetables,"Euro area (EA11-1999, EA12-2001, EA13-2007, EA15-2008, EA16-2009, EA17-2011, EA18-2014, EA19-2015, EA20-2023, EA21-2026)",2023-01-01,12.2,2023,18.32
Vegetables,"Euro area (EA11-1999, EA12-2001, EA13-2007, EA15-2008, EA16-2009, EA17-2011, EA18-2014, EA19-2015, EA20-2023, EA21-2026)",2023-02-01,17.9,2023,18.32
Vegetables,"Euro area (EA11-1999, EA12-2001, EA13-2007, EA15-2008, EA16-2009, EA17-2011, EA18-2014, EA19-2015, EA20-2023, EA21-2026)",2023-03-01,21.6,2023,18.32
Vegetables,"Euro area (EA11-1999, EA12-2001, EA13-2007, EA15-2008, EA16-2009, EA17-2011, EA18-2014, EA19-2015, EA20-2023, EA21-2026)",2023-04-01,14.1,2023,18.32
Vegetables,"Euro area (EA11-1999, EA12-2001, EA13-2007, EA15-2008, EA16-2009, EA17-2011, EA18-2014, EA19-2015, EA20-2023, EA21-2026)",2023-05-01,16.5,2023,18.32
Vegetables,"Euro area (EA11-1999, EA12-2001, EA13-2007, EA15-2008, EA16-2009, EA17-2011, EA18-2014, EA19-2015, EA20-2023, EA21-2026)",2023-06-01,17.0,2023,18.32
Vegetables,"Euro area (EA11-1999, EA12-2001, EA13-2007, EA15-2008, EA16-2009, EA17-2011, EA18-2014, EA19-2015, EA20-2023, EA21-2026)",2023-07-01,15.5,2023,18.32
Vegetables,"Euro area (EA11-1999, EA12-2001, EA13-2007, EA15-2008, EA16-2009, EA17-2011, EA18-2014, EA19-2015, EA20-2023, EA21-2026)",2023-08-01,14.4,2023,18.32
Vegetables,"Euro area (EA11-1999, EA12-2001, EA13-2007, EA15-2008, EA16-2009, EA17-2011, EA18-2014, EA19-2015, EA20-2023, EA21-2026)",2023-09-01,11.6,2023,18.32
Vegetables,"Euro area (EA11-1999, EA12-2001, EA13-2007, EA15-2008, EA16-2009, EA17-2011, EA18-2014, EA19-2015, EA20-2023, EA21-2026)",2023-10-01,5.5,2023,18.32
Vegetables,"Euro area (EA11-1999, EA12-2001, EA13-2007, EA15-2008, EA16-2009, EA17-2011, EA18-2014, EA19-2015, EA20-2023, EA21-2026)",2023-11-01,9.1,2023,18.32
Vegetables,"Euro area (EA11-1999, EA12-2001, EA13-2007, EA15-2008, EA16-2009, EA17-2011, EA18-2014, EA19-2015, EA20-2023, EA21-2026)",2023-12-01,9.6,2023,18.32
Vegetables,"Euro area (EA11-1999, EA12-2001, EA13-2007, EA15-2008, EA16-2009, EA17-2011, EA18-2014, EA19-2015, EA20-2023, EA21-2026)",2024-01-01,10.5,2024,18.21
Vegetables,"Euro area (EA11-1999, EA12-2001, EA13-2007, EA15-2008, EA16-2009, EA17-2011, EA18-2014, EA19-2015, EA20-2023, EA21-2026)",2024-02-01,0.7,2024,18.21
Vegetables,"Euro area (EA11-1999, EA12-2001, EA13-2007, EA15-2008, EA16-2009, EA17-2011, EA18-2014, EA19-2015, EA20-2023, EA21-2026)",2024-03-01,-4.2,2024,18.21
Vegetables,"Euro area (EA11-1999, EA12-2001, EA13-2007, EA15-2008, EA16-2009, EA17-2011, EA18-2014, EA19-2015, EA20-2023, EA21-2026)",2024-04-01,-0.2,2024,18.21
Vegetables,"Euro area (EA11-1999, EA12-2001, EA13-2007, EA15-2008, EA16-2009, EA17-2011, EA18-2014, EA19-2015, EA20-2023, EA21-2026)",2024-05-01,1.4,2024,18.21
Vegetables,"Euro area (EA11-1999, EA12-2001, EA13-2007, EA15-2008, EA16-2009, EA17-2011, EA18-2014, EA19-2015, EA20-2023, EA21-2026)",2024-06-01,1.5,2024,18.21
Vegetables,"Euro area (EA11-1999, EA12-2001, EA13-2007, EA15-2008, EA16-2009, EA17-2011, EA18-2014, EA19-2015, EA20-2023, EA21-2026)",2024-07-01,2.2,2024,18.21
Vegetables,"Euro area (EA11-1999, EA12-2001, EA13-2007, EA15-2008, EA16-2009, EA17-2011, EA18-2014, EA19-2015, EA20-2023, EA21-2026)",2024-08-01,1.4,2024,18.21
Vegetables,"Euro area (EA11-1999, EA12-2001, EA13-2007, EA15-2008, EA16-2009, EA17-2011, EA18-2014, EA19-2015, EA20-2023, EA21-2026)",2024-09-01,1.1,2024,18.21
Vegetables,"Euro area (EA11-1999, EA12-2001, EA13-2007, EA15-2008, EA16-2009, EA17-2011, EA18-2014, EA19-2015, EA20-2023, EA21-2026)",2024-10-01,4.3,2024,18.21
Vegetables,"Euro area (EA11-1999, EA12-2001, EA13-2007, EA15-2008, EA16-2009, EA17-2011, EA18-2014, EA19-2015, EA20-2023, EA21-2026)",2024-11-01,2.5,2024,18.21
Vegetables,"Euro area (EA11-1999, EA12-2001, EA13-2007, EA15-2008, EA16-2009, EA17-2011, EA18-2014, EA19-2015, EA20-2023, EA21-2026)",2024-12-01,0.1,2024,18.21
Vegetables,"Euro area (EA11-1999, EA12-2001, EA13-2007, EA15-2008, EA16-2009, EA17-2011, EA18-2014, EA19-2015, EA20-2023, EA21-2026)",2025-01-01,-0.4,2025,17.6
Vegetables,"Euro area (EA11-1999, EA12-2001, EA13-2007, EA15-2008, EA16-2009, EA17-2011, EA18-2014, EA19-2015, EA20-2023, EA21-2026)",2025-02-01,2.1,2025,17.6
Vegetables,"Euro area (EA11-1999, EA12-2001, EA13-2007, EA15-2008, EA16-2009, EA17-2011, EA18-2014, EA19-2015, EA20-2023, EA21-2026)",2025-03-01,3.2,2025,17.6
Vegetables,"Euro area (EA11-1999, EA12-2001, EA13-2007, EA15-2008, EA16-2009, EA17-2011, EA18-2014, EA19-2015, EA20-2023, EA21-2026)",2025-04-01,3.4,2025,17.6
Vegetables,"Euro area (EA11-1999, EA12-2001, EA13-2007, EA15-2008, EA16-2009, EA17-2011, EA18-2014, EA19-2015, EA20-2023, EA21-2026)",2025-05-01,0.1,2025,17.6
Vegetables,"Euro area (EA11-1999, EA12-2001, EA13-2007, EA15-2008, EA16-2009, EA17-2011, EA18-2014, EA19-2015, EA20-2023, EA21-2026)",2025-06-01,-1.0,2025,17.6
Vegetables,"Euro area (EA11-1999, EA12-2001, EA13-2007, EA15-2008, EA16-2009, EA17-2011, EA18-2014, EA19-2015, EA20-2023, EA21-2026)",2025-07-01,-0.6,2025,17.6
Vegetables,"Euro area (EA11-1999, EA12-2001, EA13-2007, EA15-2008, EA16-2009, EA17-2011, EA18-2014, EA19-2015, EA20-2023, EA21-2026)",2025-08-01,0.6,2025,17.6
Vegetables,"Euro area (EA11-1999, EA12-2001, EA13-2007, EA15-2008, EA16-2009, EA17-2011, EA18-2014, EA19-2015, EA20-2023, EA21-2026)",2025-09-01,-0.2,2025,17.6
Vegetables,"Euro area (EA11-1999, EA12-2001, EA13-2007, EA15-2008, EA16-2009, EA17-2011, EA18-2014, EA19-2015, EA20-2023, EA21-2026)",2025-10-01,-3.4,2025,17.6
Vegetables,"Euro area (EA11-1999, EA12-2001, EA13-2007, EA15-2008, EA16-2009, EA17-2011, EA18-2014, EA19-2015, EA20-2023, EA21-2026)",2025-11-01,-3.3,2025,17.6
Vegetables,"Euro area (EA11-1999, EA12-2001, EA13-2007, EA15-2008, EA16-2009, EA17-2011, EA18-2014, EA19-2015, EA20-2023, EA21-2026)",2025-12-01,-0.2,2025,17.6
Vegetables,Spain,2019-01-01,4.7,2019,17.83
Vegetables,Spain,2019-02-01,7.8,2019,17.83
Vegetables,Spain,2019-03-01,5.8,2019,17.83
Vegetables,Spain,2019-04-01,8.1,2019,17.83
Vegetables,Spain,2019-05-01,5.0,2019,17.83
Vegetables,Spain,2019-06-01,5.5,2019,17.83
Vegetables,Spain,2019-07-01,6.1,2019,17.83
Vegetables,Spain,2019-08-01,6.9,2019,17.83
Vegetables,Spain,2019-09-01,4.6,2019,17.83
Vegetables,Spain,2019-10-01,0.9,2019,17.83
Vegetables,Spain,2019-11-01,0.2,2019,17.83
Vegetables,Spain,2019-12-01,1.5,2019,17.83
Vegetables,Spain,2020-01-01,1.3,2020,18.71
Vegetables,Spain,2020-02-01,-0.5,2020,18.71
Vegetables,Spain,2020-03-01,1.0,2020,18.71
Vegetables,Spain,2020-04-01,3.9,2020,18.71
Vegetables,Spain,2020-05-01,2.7,2020,18.71
Vegetables,Spain,2020-06-01,1.0,2020,18.71
Vegetables,Spain,2020-07-01,-0.5,2020,18.71
Vegetables,Spain,2020-08-01,-0.1,2020,18.71
Vegetables,Spain,2020-09-01,2.6,2020,18.71
Vegetables,Spain,2020-10-01,4.6,2020,18.71
Vegetables,Spain,2020-11-01,3.2,2020,18.71
Vegetables,Spain,2020-12-01,0.2,2020,18.71
Vegetables,Spain,2021-01-01,3.2,2021,22.88
Vegetables,Spain,2021-02-01,0.5,2021,22.88
Vegetables,Spain,2021-03-01,1.7,2021,22.88
Vegetables,Spain,2021-04-01,-0.7,2021,22.88
Vegetables,Spain,2021-05-01,0.7,2021,22.88
Vegetables,Spain,2021-06-01,0.2,2021,22.88
Vegetables,Spain,2021-07-01,1.0,2021,22.88
Vegetables,Spain,2021-08-01,1.2,2021,22.88
Vegetables,Spain,2021-09-01,-0.4,2021,22.88
Vegetables,Spain,2021-10-01,-1.1,2021,22.88
Vegetables,Spain,2021-11-01,0.5,2021,22.88
Vegetables,Spain,2021-12-01,5.2,2021,22.88
Vegetables,Spain,2022-01-01,1.6,2022,23.8
Vegetables,Spain,2022-02-01,5.2,2022,23.8
Vegetables,Spain,2022-03-01,6.9,2022,23.8
Vegetables,Spain,2022-04-01,11.1,2022,23.8
Vegetables,Spain,2022-05-01,8.7,2022,23.8
Vegetables,Spain,2022-06-01,12.4,2022,23.8
Vegetables,Spain,2022-07-01,13.9,2022,23.8
Vegetables,Spain,2022-08-01,14.2,2022,23.8
Vegetables,Spain,2022-09-01,16.3,2022,23.8
Vegetables,Spain,2022-10-01,21.2,2022,23.8
Vegetables,Spain,2022-11-01,16.0,2022,23.8
Vegetables,Spain,2022-12-01,14.9,2022,23.8
Vegetables,Spain,2023-01-01,14.1,2023,19.85
Vegetables,Spain,2023-02-01,20.4,2023,19.85
Vegetables,Spain,2023-03-01,22.3,2023,19.85
Vegetables,Spain,2023-04-01,12.4,2023,19.85
Vegetables,Spain,2023-05-01,15.3,2023,19.85
Vegetables,Spain,2023-06-01,13.4,2023,19.85
Vegetables,Spain,2023-07-01,10.6,2023,19.85
Vegetables,Spain,2023-08-01,11.4,2023,19.85
Vegetables,Spain,2023-09-01,12.3,2023,19.85
Vegetables,Spain,2023-10-01,7.4,2023,19.85
Vegetables,Spain,2023-11-01,13.0,2023,19.85
Vegetables,Spain,2023-12-01,10.5,2023,19.85
Vegetables,Spain,2024-01-01,11.8,2024,18.73
Vegetables,Spain,2024-02-01,1.9,2024,18.73
Vegetables,Spain,2024-03-01,-1.9,2024,18.73
Vegetables,Spain,2024-04-01,0.5,2024,18.73
Vegetables,Spain,2024-05-01,2.4,2024,18.73
Vegetables,Spain,2024-06-01,1.7,2024,18.73
Vegetables,Spain,2024-07-01,4.6,2024,18.73
Vegetables,Spain,2024-08-01,2.8,2024,18.73
Vegetables,Spain,2024-09-01,0.8,2024,18.73
Vegetables,Spain,2024-10-01,3.4,2024,18.73
Vegetables,Spain,2024-11-01,1.2,2024,18.73
Vegetables,Spain,2024-12-01,0.2,2024,18.73
Vegetables,Spain,2025-01-01,1.7,2025,17.83
Vegetables,Spain,2025-02-01,4.6,2025,17.83
Vegetables,Spain,2025-03-01,5.1,2025,17.83
Vegetables,Spain,2025-04-01,4.7,2025,17.83
Vegetables,Spain,2025-05-01,2.6,2025,17.83
Vegetables,Spain,2025-06-01,4.3,2025,17.83
Vegetables,Spain,2025-07-01,4.5,2025,17.83
Vegetables,Spain,2025-08-01,5.1,2025,17.83
Vegetables,Spain,2025-09-01,3.9,2025,17.83
Vegetables,Spain,2025-10-01,0.6,2025,17.83
Vegetables,Spain,2025-11-01,0.7,2025,17.83
Vegetables,Spain,2025-12-01,3.8,2025,17.83
Vegetables,France,2019-01-01,9.6,2019,19.34
Vegetables,France,2019-02-01,10.3,2019,19.34
Vegetables,France,2019-03-01,4.8,2019,19.34
Vegetables,France,2019-04-01,4.7,2019,19.34
Vegetables,France,2019-05-01,4.7,2019,19.34
Vegetables,France,2019-06-01,7.8,2019,19.34
Vegetables,France,2019-07-01,10.5,2019,19.34
Vegetables,France,2019-08-01,12.1,2019,19.34
Vegetables,France,2019-09-01,3.5,2019,19.34
Vegetables,France,2019-10-01,0.0,2019,19.34
Vegetables,France,2019-11-01,2.4,2019,19.34
Vegetables,France,2019-12-01,2.0,2019,19.34
Vegetables,France,2020-01-01,0.7,2020,18.2
Vegetables,France,2020-02-01,2.1,2020,18.2
Vegetables,France,2020-03-01,3.0,2020,18.2
Vegetables,France,2020-04-01,15.6,2020,18.2
Vegetables,France,2020-05-01,12.7,2020,18.2
Vegetables,France,2020-06-01,7.4,2020,18.2
Vegetables,France,2020-07-01,-1.0,2020,18.2
Vegetables,France,2020-08-01,-2.3,2020,18.2
Vegetables,France,2020-09-01,-1.4,2020,18.2
Vegetables,France,2020-10-01,5.9,2020,18.2
Vegetables,France,2020-11-01,9.4,2020,18.2
Vegetables,France,2020-12-01,1.4,2020,18.2
Vegetables,France,2021-01-01,4.0,2021,20.24
Vegetables,France,2021-02-01,0.7,2021,20.24
Vegetables,France,2021-03-01,2.9,2021,20.24
Vegetables,France,2021-04-01,-4.5,2021,20.24
Vegetables,France,2021-05-01,-3.8,2021,20.24
Vegetables,France,2021-06-01,-3.5,2021,20.24
Vegetables,France,2021-07-01,2.6,2021,20.24
Vegetables,France,2021-08-01,6.2,2021,20.24
Vegetables,France,2021-09-01,3.1,2021,20.24
Vegetables,France,2021-10-01,-1.9,2021,20.24
Vegetables,France,2021-11-01,-4.2,2021,20.24
Vegetables,France,2021-12-01,2.8,2021,20.24
Vegetables,France,2022-01-01,1.2,2022,19.23
Vegetables,France,2022-02-01,4.1,2022,19.23
Vegetables,France,2022-03-01,5.5,2022,19.23
Vegetables,France,2022-04-01,6.9,2022,19.23
Vegetables,France,2022-05-01,2.8,2022,19.23
Vegetables,France,2022-06-01,6.4,2022,19.23
Vegetables,France,2022-07-01,5.1,2022,19.23
Vegetables,France,2022-08-01,3.0,2022,19.23
Vegetables,France,2022-09-01,12.9,2022,19.23
Vegetables,France,2022-10-01,22.1,2022,19.23
Vegetables,France,2022-11-01,16.4,2022,19.23
Vegetables,France,2022-12-01,12.8,2022,19.23
Vegetables,France,2023-01-01,13.3,2023,18.85
Vegetables,France,2023-02-01,19.9,2023,18.85
Vegetables,France,2023-03-01,23.6,2023,18.85
Vegetables,France,2023-04-01,14.1,2023,18.85
Vegetables,France,2023-05-01,17.1,2023,18.85
Vegetables,France,2023-06-01,16.9,2023,18.85
Vegetables,France,2023-07-01,15.0,2023,18.85
Vegetables,France,2023-08-01,15.2,2023,18.85
Vegetables,France,2023-09-01,9.1,2023,18.85
Vegetables,France,2023-10-01,3.1,2023,18.85
Vegetables,France,2023-11-01,9.9,2023,18.85
Vegetables,France,2023-12-01,11.6,2023,18.85
Vegetables,France,2024-01-01,11.2,2024,17.18
Vegetables,France,2024-02-01,1.4,2024,17.18
Vegetables,France,2024-03-01,-3.8,2024,17.18
Vegetables,France,2024-04-01,-0.2,2024,17.18
Vegetables,France,2024-05-01,3.5,2024,17.18
Vegetables,France,2024-06-01,2.6,2024,17.18
Vegetables,France,2024-07-01,4.1,2024,17.18
Vegetables,France,2024-08-01,2.8,2024,17.18
Vegetables,France,2024-09-01,1.8,2024,17.18
Vegetables,France,2024-10-01,4.1,2024,17.18
Vegetables,France,2024-11-01,0.7,2024,17.18
Vegetables,France,2024-12-01,-2.0,2024,17.18
Vegetables,France,2025-01-01,-2.0,2025,15.95
Vegetables,France,2025-02-01,0.2,2025,15.95
Vegetables,France,2025-03-01,1.6,2025,15.95
Vegetables,France,2025-04-01,1.4,2025,15.95
Vegetables,France,2025-05-01,-2.3,2025,15.95
Vegetables,France,2025-06-01,-3.3,2025,15.95
Vegetables,France,2025-07-01,-2.2,2025,15.95
Vegetables,France,2025-08-01,-1.5,2025,15.95
Vegetables,France,2025-09-01,-1.0,2025,15.95
Vegetables,France,2025-10-01,-5.1,2025,15.95
Vegetables,France,2025-11-01,-5.1,2025,15.95
Vegetables,France,2025-12-01,-2.3,2025,15.95
Vegetables,Italy,2019-01-01,4.0,2019,22.52
Vegetables,Italy,2019-02-01,11.2,2019,22.52
Vegetables,Italy,2019-03-01,6.1,2019,22.52
Vegetables,Italy,2019-04-01,4.3,2019,22.52
Vegetables,Italy,2019-05-01,4.6,2019,22.52
Vegetables,Italy,2019-06-01,4.0,2019,22.52
Vegetables,Italy,2019-07-01,5.3,2019,22.52
Vegetables,Italy,2019-08-01,6.7,2019,22.52
Vegetables,Italy,2019-09-01,4.1,2019,22.52
Vegetables,Italy,2019-10-01,3.0,2019,22.52
Vegetables,Italy,2019-11-01,1.4,2019,22.52
Vegetables,Italy,2019-12-01,0.5,2019,22.52
Vegetables,Italy,2020-01-01,-1.6,2020,23.15
Vegetables,Italy,2020-02-01,-4.2,2020,23.15
Vegetables,Italy,2020-03-01,-1.9,2020,23.15
Vegetables,Italy,2020-04-01,4.8,2020,23.15
Vegetables,Italy,2020-05-01,3.7,2020,23.15
Vegetables,Italy,2020-06-01,3.1,2020,23.15
Vegetables,Italy,2020-07-01,0.2,2020,23.15
Vegetables,Italy,2020-08-01,-1.4,2020,23.15
Vegetables,Italy,2020-09-01,-0.1,2020,23.15
Vegetables,Italy,2020-10-01,3.1,2020,23.15
Vegetables,Italy,2020-11-01,5.2,2020,23.15
Vegetables,Italy,2020-12-01,1.1,2020,23.15
Vegetables,Italy,2021-01-01,0.5,2021,26.65
Vegetables,Italy,2021-02-01,-0.1,2021,26.65
Vegetables,Italy,2021-03-01,0.1,2021,26.65
Vegetables,Italy,2021-04-01,-1.3,2021,26.65
Vegetables,Italy,2021-05-01,-1.4,2021,26.65
Vegetables,Italy,2021-06-01,-1.3,2021,26.65
Vegetables,Italy,2021-07-01,0.9,2021,26.65
Vegetables,Italy,2021-08-01,2.4,2021,26.65
Vegetables,Italy,2021-09-01,2.9,2021,26.65
Vegetables,Italy,2021-10-01,0.5,2021,26.65
Vegetables,Italy,2021-11-01,-0.3,2021,26.65
Vegetables,Italy,2021-12-01,5.2,2021,26.65
Vegetables,Italy,2022-01-01,9.0,2022,25.66
Vegetables,Italy,2022-02-01,11.3,2022,25.66
Vegetables,Italy,2022-03-01,11.8,2022,25.66
Vegetables,Italy,2022-04-01,8.9,2022,25.66
Vegetables,Italy,2022-05-01,8.8,2022,25.66
Vegetables,Italy,2022-06-01,9.8,2022,25.66
Vegetables,Italy,2022-07-01,10.4,2022,25.66
Vegetables,Italy,2022-08-01,11.2,2022,25.66
Vegetables,Italy,2022-09-01,14.2,2022,25.66
Vegetables,Italy,2022-10-01,20.2,2022,25.66
Vegetables,Italy,2022-11-01,15.2,2022,25.66
Vegetables,Italy,2022-12-01,10.8,2022,25.66
Vegetables,Italy,2023-01-01,5.8,2023,23.26
Vegetables,Italy,2023-02-01,10.5,2023,23.26
Vegetables,Italy,2023-03-01,12.6,2023,23.26
Vegetables,Italy,2023-04-01,11.5,2023,23.26
Vegetables,Italy,2023-05-01,15.9,2023,23.26
Vegetables,Italy,2023-06-01,17.9,2023,23.26
Vegetables,Italy,2023-07-01,19.2,2023,23.26
Vegetables,Italy,2023-08-01,19.0,2023,23.26
Vegetables,Italy,2023-09-01,15.3,2023,23.26
Vegetables,Italy,2023-10-01,6.9,2023,23.26
Vegetables,Italy,2023-11-01,8.6,2023,23.26
Vegetables,Italy,2023-12-01,11.4,2023,23.26
Vegetables,Italy,2024-01-01,13.7,2024,24.03
Vegetables,Italy,2024-02-01,4.3,2024,24.03
Vegetables,Italy,2024-03-01,1.8,2024,24.03
Vegetables,Italy,2024-04-01,2.8,2024,24.03
Vegetables,Italy,2024-05-01,1.3,2024,24.03
Vegetables,Italy,2024-06-01,0.1,2024,24.03
Vegetables,Italy,2024-07-01,-1.4,2024,24.03
Vegetables,Italy,2024-08-01,-1.6,2024,24.03
Vegetables,Italy,2024-09-01,-1.0,2024,24.03
Vegetables,Italy,2024-10-01,6.1,2024,24.03
Vegetables,Italy,2024-11-01,7.7,2024,24.03
Vegetables,Italy,2024-12-01,2.3,2024,24.03
Vegetables,Italy,2025-01-01,1.7,2025,24.34
Vegetables,Italy,2025-02-01,2.7,2025,24.34
Vegetables,Italy,2025-03-01,3.2,2025,24.34
Vegetables,Italy,2025-04-01,4.4,2025,24.34
Vegetables,Italy,2025-05-01,1.9,2025,24.34
Vegetables,Italy,2025-06-01,1.2,2025,24.34
Vegetables,Italy,2025-07-01,2.5,2025,24.34
Vegetables,Italy,2025-08-01,3.7,2025,24.34
Vegetables,Italy,2025-09-01,2.3,2025,24.34
Vegetables,Italy,2025-10-01,-4.0,2025,24.34
Vegetables,Italy,2025-11-01,-5.4,2025,24.34
Vegetables,Italy,2025-12-01,-1.0,2025,24.34
Vegetables,Portugal,2019-01-01,7.1,2019,16.36
Vegetables,Portugal,2019-02-01,11.7,2019,16.36
Vegetables,Portugal,2019-03-01,11.2,2019,16.36
Vegetables,Portugal,2019-04-01,8.2,2019,16.36
Vegetables,Portugal,2019-05-01,7.1,2019,16.36
Vegetables,Portugal,2019-06-01,6.5,2019,16.36
Vegetables,Portugal,2019-07-01,4.1,2019,16.36
Vegetables,Portugal,2019-08-01,5.5,2019,16.36
Vegetables,Portugal,2019-09-01,3.0,2019,16.36
Vegetables,Portugal,2019-10-01,0.4,2019,16.36
Vegetables,Portugal,2019-11-01,-0.4,2019,16.36
Vegetables,Portugal,2019-12-01,-0.4,2019,16.36
Vegetables,Portugal,2020-01-01,-0.8,2020,15.67
Vegetables,Portugal,2020-02-01,-2.0,2020,15.67
Vegetables,Portugal,2020-03-01,-1.4,2020,15.67
Vegetables,Portugal,2020-04-01,6.6,2020,15.67
Vegetables,Portugal,2020-05-01,2.0,2020,15.67
Vegetables,Portugal,2020-06-01,0.0,2020,15.67
Vegetables,Portugal,2020-07-01,-1.8,2020,15.67
Vegetables,Portugal,2020-08-01,-1.3,2020,15.67
Vegetables,Portugal,2020-09-01,1.3,2020,15.67
Vegetables,Portugal,2020-10-01,3.3,2020,15.67
Vegetables,Portugal,2020-11-01,4.1,2020,15.67
Vegetables,Portugal,2020-12-01,1.5,2020,15.67
Vegetables,Portugal,2021-01-01,1.6,2021,18.52
Vegetables,Portugal,2021-02-01,2.2,2021,18.52
Vegetables,Portugal,2021-03-01,1.1,2021,18.52
Vegetables,Portugal,2021-04-01,-3.7,2021,18.52
Vegetables,Portugal,2021-05-01,-0.6,2021,18.52
Vegetables,Portugal,2021-06-01,0.1,2021,18.52
Vegetables,Portugal,2021-07-01,2.5,2021,18.52
Vegetables,Portugal,2021-08-01,-0.3,2021,18.52
Vegetables,Portugal,2021-09-01,-1.8,2021,18.52
Vegetables,Portugal,2021-10-01,-1.0,2021,18.52
Vegetables,Portugal,2021-11-01,-1.0,2021,18.52
Vegetables,Portugal,2021-12-01,4.0,2021,18.52
Vegetables,Portugal,2022-01-01,3.4,2022,17.73
Vegetables,Portugal,2022-02-01,2.3,2022,17.73
Vegetables,Portugal,2022-03-01,6.7,2022,17.73
Vegetables,Portugal,2022-04-01,8.5,2022,17.73
Vegetables,Portugal,2022-05-01,7.5,2022,17.73
Vegetables,Portugal,2022-06-01,10.5,2022,17.73
Vegetables,Portugal,2022-07-01,14.7,2022,17.73
Vegetables,Portugal,2022-08-01,19.8,2022,17.73
Vegetables,Portugal,2022-09-01,23.9,2022,17.73
Vegetables,Portugal,2022-10-01,26.2,2022,17.73
Vegetables,Portugal,2022-11-01,24.9,2022,17.73
Vegetables,Portugal,2022-12-01,23.5,2022,17.73
Vegetables,Portugal,2023-01-01,26.1,2023,17.97
Vegetables,Portugal,2023-02-01,33.2,2023,17.97
Vegetables,Portugal,2023-03-01,35.5,2023,17.97
Vegetables,Portugal,2023-04-01,24.0,2023,17.97
Vegetables,Portugal,2023-05-01,22.9,2023,17.97
Vegetables,Portugal,2023-06-01,19.7,2023,17.97
Vegetables,Portugal,2023-07-01,14.9,2023,17.97
Vegetables,Portugal,2023-08-01,11.1,2023,17.97
Vegetables,Portugal,2023-09-01,8.9,2023,17.97
Vegetables,Portugal,2023-10-01,5.9,2023,17.97
Vegetables,Portugal,2023-11-01,8.8,2023,17.97
Vegetables,Portugal,2023-12-01,8.4,2023,17.97
Vegetables,Portugal,2024-01-01,7.4,2024,20.0
Vegetables,Portugal,2024-02-01,-1.9,2024,20.0
Vegetables,Portugal,2024-03-01,-6.7,2024,20.0
Vegetables,Portugal,2024-04-01,-2.2,2024,20.0
Vegetables,Portugal,2024-05-01,1.0,2024,20.0
Vegetables,Portugal,2024-06-01,1.0,2024,20.0
Vegetables,Portugal,2024-07-01,2.2,2024,20.0
Vegetables,Portugal,2024-08-01,1.7,2024,20.0
Vegetables,Portugal,2024-09-01,1.0,2024,20.0
Vegetables,Portugal,2024-10-01,1.1,2024,20.0
Vegetables,Portugal,2024-11-01,-1.4,2024,20.0
Vegetables,Portugal,2024-12-01,-4.1,2024,20.0
Vegetables,Portugal,2025-01-01,-5.9,2025,18.03
Vegetables,Portugal,2025-02-01,-3.5,2025,18.03
Vegetables,Portugal,2025-03-01,-1.7,2025,18.03
Vegetables,Portugal,2025-04-01,-1.7,2025,18.03
Vegetables,Portugal,2025-05-01,-1.7,2025,18.03
Vegetables,Portugal,2025-06-01,0.0,2025,18.03
Vegetables,Portugal,2025-07-01,0.5,2025,18.03
Vegetables,Portugal,2025-08-01,2.5,2025,18.03
Vegetables,Portugal,2025-09-01,3.1,2025,18.03
Vegetables,Portugal,2025-10-01,0.5,2025,18.03
Vegetables,Portugal,2025-11-01,-0.3,2025,18.03
Vegetables,Portugal,2025-12-01,1.6,2025,18.03
Potatoes,Germany,2019-01-01,25.2,2019,2.1
Potatoes,Germany,2019-02-01,27.3,2019,2.1
Potatoes,Germany,2019-03-01,30.0,2019,2.1
Potatoes,Germany,2019-04-01,29.9,2019,2.1
Potatoes,Germany,2019-05-01,32.3,2019,2.1
Potatoes,Germany,2019-06-01,32.4,2019,2.1
Potatoes,Germany,2019-07-01,34.8,2019,2.1
Potatoes,Germany,2019-08-01,27.0,2019,2.1
Potatoes,Germany,2019-09-01,10.1,2019,2.1
Potatoes,Germany,2019-10-01,1.7,2019,2.1
Potatoes,Germany,2019-11-01,-3.0,2019,2.1
Potatoes,Germany,2019-12-01,-1.3,2019,2.1
Potatoes,Germany,2020-01-01,-1.8,2020,2.08
Potatoes,Germany,2020-02-01,-4.7,2020,2.08
Potatoes,Germany,2020-03-01,-7.1,2020,2.08
Potatoes,Germany,2020-04-01,-7.1,2020,2.08
Potatoes,Germany,2020-05-01,-6.3,2020,2.08
Potatoes,Germany,2020-06-01,-7.8,2020,2.08
Potatoes,Germany,2020-07-01,-13.7,2020,2.08
Potatoes,Germany,2020-08-01,-15.6,2020,2.08
Potatoes,Germany,2020-09-01,-11.6,2020,2.08
Potatoes,Germany,2020-10-01,-8.3,2020,2.08
Potatoes,Germany,2020-11-01,-8.3,2020,2.08
Potatoes,Germany,2020-12-01,-10.2,2020,2.08
Potatoes,Germany,2021-01-01,-9.1,2021,2.0
Potatoes,Germany,2021-02-01,-8.2,2021,2.0
Potatoes,Germany,2021-03-01,-7.9,2021,2.0
Potatoes,Germany,2021-04-01,-7.6,2021,2.0
Potatoes,Germany,2021-05-01,-8.4,2021,2.0
Potatoes,Germany,2021-06-01,-7.5,2021,2.0
Potatoes,Germany,2021-07-01,3.4,2021,2.0
Potatoes,Germany,2021-08-01,12.9,2021,2.0
Potatoes,Germany,2021-09-01,9.7,2021,2.0
Potatoes,Germany,2021-10-01,9.4,2021,2.0
Potatoes,Germany,2021-11-01,11.4,2021,2.0
Potatoes,Germany,2021-12-01,13.5,2021,2.0
Potatoes,Germany,2022-01-01,12.5,2022,2.17
Potatoes,Germany,2022-02-01,11.9,2022,2.17
Potatoes,Germany,2022-03-01,13.7,2022,2.17
Potatoes,Germany,2022-04-01,13.7,2022,2.17
Potatoes,Germany,2022-05-01,12.1,2022,2.17
Potatoes,Germany,2022-06-01,11.8,2022,2.17
Potatoes,Germany,2022-07-01,7.5,2022,2.17
Potatoes,Germany,2022-08-01,4.8,2022,2.17
Potatoes,Germany,2022-09-01,16.1,2022,2.17
Potatoes,Germany,2022-10-01,21.8,2022,2.17
Potatoes,Germany,2022-11-01,25.9,2022,2.17
Potatoes,Germany,2022-12-01,25.1,2022,2.17
Potatoes,Germany,2023-01-01,22.8,2023,1.97
Potatoes,Germany,2023-02-01,25.2,2023,1.97
Potatoes,Germany,2023-03-01,20.5,2023,1.97
Potatoes,Germany,2023-04-01,15.7,2023,1.97
Potatoes,Germany,2023-05-01,13.3,2023,1.97
Potatoes,Germany,2023-06-01,20.3,2023,1.97
Potatoes,Germany,2023-07-01,23.4,2023,1.97
Potatoes,Germany,2023-08-01,27.6,2023,1.97
Potatoes,Germany,2023-09-01,23.7,2023,1.97
Potatoes,Germany,2023-10-01,13.8,2023,1.97
Potatoes,Germany,2023-11-01,6.9,2023,1.97
Potatoes,Germany,2023-12-01,7.3,2023,1.97
Potatoes,Germany,2024-01-01,9.9,2024,1.99
Potatoes,Germany,2024-02-01,10.8,2024,1.99
Potatoes,Germany,2024-03-01,13.4,2024,1.99
Potatoes,Germany,2024-04-01,13.3,2024,1.99
Potatoes,Germany,2024-05-01,13.1,2024,1.99
Potatoes,Germany,2024-06-01,10.6,2024,1.99
Potatoes,Germany,2024-07-01,9.4,2024,1.99
Potatoes,Germany,2024-08-01,1.4,2024,1.99
Potatoes,Germany,2024-09-01,-6.7,2024,1.99
Potatoes,Germany,2024-10-01,-3.1,2024,1.99
Potatoes,Germany,2024-11-01,-3.1,2024,1.99
Potatoes,Germany,2024-12-01,-4.2,2024,1.99
Potatoes,Germany,2025-01-01,-9.8,2025,1.73
Potatoes,Germany,2025-02-01,-4.9,2025,1.73
Potatoes,Germany,2025-03-01,-5.3,2025,1.73
Potatoes,Germany,2025-04-01,-6.7,2025,1.73
Potatoes,Germany,2025-05-01,-6.3,2025,1.73
Potatoes,Germany,2025-06-01,-11.8,2025,1.73
Potatoes,Germany,2025-07-01,-16.2,2025,1.73
Potatoes,Germany,2025-08-01,-16.2,2025,1.73
Potatoes,Germany,2025-09-01,-10.3,2025,1.73
Potatoes,Germany,2025-10-01,-11.0,2025,1.73
Potatoes,Germany,2025-11-01,-11.5,2025,1.73
Potatoes,Germany,2025-12-01,-11.7,2025,1.73
Potatoes,"Euro area (EA11-1999, EA12-2001, EA13-2007, EA15-2008, EA16-2009, EA17-2011, EA18-2014, EA19-2015, EA20-2023, EA21-2026)",2019-01-01,17.4,2019,2.44
Potatoes,"Euro area (EA11-1999, EA12-2001, EA13-2007, EA15-2008, EA16-2009, EA17-2011, EA18-2014, EA19-2015, EA20-2023, EA21-2026)",2019-02-01,19.1,2019,2.44
Potatoes,"Euro area (EA11-1999, EA12-2001, EA13-2007, EA15-2008, EA16-2009, EA17-2011, EA18-2014, EA19-2015, EA20-2023, EA21-2026)",2019-03-01,21.2,2019,2.44
Potatoes,"Euro area (EA11-1999, EA12-2001, EA13-2007, EA15-2008, EA16-2009, EA17-2011, EA18-2014, EA19-2015, EA20-2023, EA21-2026)",2019-04-01,21.6,2019,2.44
Potatoes,"Euro area (EA11-1999, EA12-2001, EA13-2007, EA15-2008, EA16-2009, EA17-2011, EA18-2014, EA19-2015, EA20-2023, EA21-2026)",2019-05-01,21.6,2019,2.44
Potatoes,"Euro area (EA11-1999, EA12-2001, EA13-2007, EA15-2008, EA16-2009, EA17-2011, EA18-2014, EA19-2015, EA20-2023, EA21-2026)",2019-06-01,22.3,2019,2.44
Potatoes,"Euro area (EA11-1999, EA12-2001, EA13-2007, EA15-2008, EA16-2009, EA17-2011, EA18-2014, EA19-2015, EA20-2023, EA21-2026)",2019-07-01,22.7,2019,2.44
Potatoes,"Euro area (EA11-1999, EA12-2001, EA13-2007, EA15-2008, EA16-2009, EA17-2011, EA18-2014, EA19-2015, EA20-2023, EA21-2026)",2019-08-01,17.2,2019,2.44
Potatoes,"Euro area (EA11-1999, EA12-2001, EA13-2007, EA15-2008, EA16-2009, EA17-2011, EA18-2014, EA19-2015, EA20-2023, EA21-2026)",2019-09-01,9.6,2019,2.44
Potatoes,"Euro area (EA11-1999, EA12-2001, EA13-2007, EA15-2008, EA16-2009, EA17-2011, EA18-2014, EA19-2015, EA20-2023, EA21-2026)",2019-10-01,5.1,2019,2.44
Potatoes,"Euro area (EA11-1999, EA12-2001, EA13-2007, EA15-2008, EA16-2009, EA17-2011, EA18-2014, EA19-2015, EA20-2023, EA21-2026)",2019-11-01,2.3,2019,2.44
Potatoes,"Euro area (EA11-1999, EA12-2001, EA13-2007, EA15-2008, EA16-2009, EA17-2011, EA18-2014, EA19-2015, EA20-2023, EA21-2026)",2019-12-01,1.5,2019,2.44
Potatoes,"Euro area (EA11-1999, EA12-2001, EA13-2007, EA15-2008, EA16-2009, EA17-2011, EA18-2014, EA19-2015, EA20-2023, EA21-2026)",2020-01-01,0.7,2020,2.36
Potatoes,"Euro area (EA11-1999, EA12-2001, EA13-2007, EA15-2008, EA16-2009, EA17-2011, EA18-2014, EA19-2015, EA20-2023, EA21-2026)",2020-02-01,-0.5,2020,2.36
Potatoes,"Euro area (EA11-1999, EA12-2001, EA13-2007, EA15-2008, EA16-2009, EA17-2011, EA18-2014, EA19-2015, EA20-2023, EA21-2026)",2020-03-01,-1.8,2020,2.36
Potatoes,"Euro area (EA11-1999, EA12-2001, EA13-2007, EA15-2008, EA16-2009, EA17-2011, EA18-2014, EA19-2015, EA20-2023, EA21-2026)",2020-04-01,-2.1,2020,2.36
Potatoes,"Euro area (EA11-1999, EA12-2001, EA13-2007, EA15-2008, EA16-2009, EA17-2011, EA18-2014, EA19-2015, EA20-2023, EA21-2026)",2020-05-01,-3.1,2020,2.36
Potatoes,"Euro area (EA11-1999, EA12-2001, EA13-2007, EA15-2008, EA16-2009, EA17-2011, EA18-2014, EA19-2015, EA20-2023, EA21-2026)",2020-06-01,-5.2,2020,2.36
Potatoes,"Euro area (EA11-1999, EA12-2001, EA13-2007, EA15-2008, EA16-2009, EA17-2011, EA18-2014, EA19-2015, EA20-2023, EA21-2026)",2020-07-01,-7.3,2020,2.36
Potatoes,"Euro area (EA11-1999, EA12-2001, EA13-2007, EA15-2008, EA16-2009, EA17-2011, EA18-2014, EA19-2015, EA20-2023, EA21-2026)",2020-08-01,-8.0,2020,2.36
Potatoes,"Euro area (EA11-1999, EA12-2001, EA13-2007, EA15-2008, EA16-2009, EA17-2011, EA18-2014, EA19-2015, EA20-2023, EA21-2026)",2020-09-01,-7.0,2020,2.36
Potatoes,"Euro area (EA11-1999, EA12-2001, EA13-2007, EA15-2008, EA16-2009, EA17-2011, EA18-2014, EA19-2015, EA20-2023, EA21-2026)",2020-10-01,-5.1,2020,2.36
Potatoes,"Euro area (EA11-1999, EA12-2001, EA13-2007, EA15-2008, EA16-2009, EA17-2011, EA18-2014, EA19-2015, EA20-2023, EA21-2026)",2020-11-01,-5.5,2020,2.36
Potatoes,"Euro area (EA11-1999, EA12-2001, EA13-2007, EA15-2008, EA16-2009, EA17-2011, EA18-2014, EA19-2015, EA20-2023, EA21-2026)",2020-12-01,-5.8,2020,2.36
Potatoes,"Euro area (EA11-1999, EA12-2001, EA13-2007, EA15-2008, EA16-2009, EA17-2011, EA18-2014, EA19-2015, EA20-2023, EA21-2026)",2021-01-01,-5.6,2021,2.56
Potatoes,"Euro area (EA11-1999, EA12-2001, EA13-2007, EA15-2008, EA16-2009, EA17-2011, EA18-2014, EA19-2015, EA20-2023, EA21-2026)",2021-02-01,-5.1,2021,2.56
Potatoes,"Euro area (EA11-1999, EA12-2001, EA13-2007, EA15-2008, EA16-2009, EA17-2011, EA18-2014, EA19-2015, EA20-2023, EA21-2026)",2021-03-01,-5.2,2021,2.56
Potatoes,"Euro area (EA11-1999, EA12-2001, EA13-2007, EA15-2008, EA16-2009, EA17-2011, EA18-2014, EA19-2015, EA20-2023, EA21-2026)",2021-04-01,-6.1,2021,2.56
Potatoes,"Euro area (EA11-1999, EA12-2001, EA13-2007, EA15-2008, EA16-2009, EA17-2011, EA18-2014, EA19-2015, EA20-2023, EA21-2026)",2021-05-01,-5.2,2021,2.56
Potatoes,"Euro area (EA11-1999, EA12-2001, EA13-2007, EA15-2008, EA16-2009, EA17-2011, EA18-2014, EA19-2015, EA20-2023, EA21-2026)",2021-06-01,-4.1,2021,2.56
Potatoes,"Euro area (EA11-1999, EA12-2001, EA13-2007, EA15-2008, EA16-2009, EA17-2011, EA18-2014, EA19-2015, EA20-2023, EA21-2026)",2021-07-01,0.1,2021,2.56
Potatoes,"Euro area (EA11-1999, EA12-2001, EA13-2007, EA15-2008, EA16-2009, EA17-2011, EA18-2014, EA19-2015, EA20-2023, EA21-2026)",2021-08-01,4.6,2021,2.56
Potatoes,"Euro area (EA11-1999, EA12-2001, EA13-2007, EA15-2008, EA16-2009, EA17-2011, EA18-2014, EA19-2015, EA20-2023, EA21-2026)",2021-09-01,5.2,2021,2.56
Potatoes,"Euro area (EA11-1999, EA12-2001, EA13-2007, EA15-2008, EA16-2009, EA17-2011, EA18-2014, EA19-2015, EA20-2023, EA21-2026)",2021-10-01,5.3,2021,2.56
Potatoes,"Euro area (EA11-1999, EA12-2001, EA13-2007, EA15-2008, EA16-2009, EA17-2011, EA18-2014, EA19-2015, EA20-2023, EA21-2026)",2021-11-01,7.4,2021,2.56
Potatoes,"Euro area (EA11-1999, EA12-2001, EA13-2007, EA15-2008, EA16-2009, EA17-2011, EA18-2014, EA19-2015, EA20-2023, EA21-2026)",2021-12-01,8.3,2021,2.56
Potatoes,"Euro area (EA11-1999, EA12-2001, EA13-2007, EA15-2008, EA16-2009, EA17-2011, EA18-2014, EA19-2015, EA20-2023, EA21-2026)",2022-01-01,8.5,2022,2.6
Potatoes,"Euro area (EA11-1999, EA12-2001, EA13-2007, EA15-2008, EA16-2009, EA17-2011, EA18-2014, EA19-2015, EA20-2023, EA21-2026)",2022-02-01,8.6,2022,2.6
Potatoes,"Euro area (EA11-1999, EA12-2001, EA13-2007, EA15-2008, EA16-2009, EA17-2011, EA18-2014, EA19-2015, EA20-2023, EA21-2026)",2022-03-01,10.0,2022,2.6
Potatoes,"Euro area (EA11-1999, EA12-2001, EA13-2007, EA15-2008, EA16-2009, EA17-2011, EA18-2014, EA19-2015, EA20-2023, EA21-2026)",2022-04-01,10.7,2022,2.6
Potatoes,"Euro area (EA11-1999, EA12-2001, EA13-2007, EA15-2008, EA16-2009, EA17-2011, EA18-2014, EA19-2015, EA20-2023, EA21-2026)",2022-05-01,9.8,2022,2.6
Potatoes,"Euro area (EA11-1999, EA12-2001, EA13-2007, EA15-2008, EA16-2009, EA17-2011, EA18-2014, EA19-2015, EA20-2023, EA21-2026)",2022-06-01,10.1,2022,2.6
Potatoes,"Euro area (EA11-1999, EA12-2001, EA13-2007, EA15-2008, EA16-2009, EA17-2011, EA18-2014, EA19-2015, EA20-2023, EA21-2026)",2022-07-01,8.5,2022,2.6
Potatoes,"Euro area (EA11-1999, EA12-2001, EA13-2007, EA15-2008, EA16-2009, EA17-2011, EA18-2014, EA19-2015, EA20-2023, EA21-2026)",2022-08-01,7.5,2022,2.6
Potatoes,"Euro area (EA11-1999, EA12-2001, EA13-2007, EA15-2008, EA16-2009, EA17-2011, EA18-2014, EA19-2015, EA20-2023, EA21-2026)",2022-09-01,11.0,2022,2.6
Potatoes,"Euro area (EA11-1999, EA12-2001, EA13-2007, EA15-2008, EA16-2009, EA17-2011, EA18-2014, EA19-2015, EA20-2023, EA21-2026)",2022-10-01,14.4,2022,2.6
Potatoes,"Euro area (EA11-1999, EA12-2001, EA13-2007, EA15-2008, EA16-2009, EA17-2011, EA18-2014, EA19-2015, EA20-2023, EA21-2026)",2022-11-01,17.2,2022,2.6
Potatoes,"Euro area (EA11-1999, EA12-2001, EA13-2007, EA15-2008, EA16-2009, EA17-2011, EA18-2014, EA19-2015, EA20-2023, EA21-2026)",2022-12-01,18.5,2022,2.6
Potatoes,"Euro area (EA11-1999, EA12-2001, EA13-2007, EA15-2008, EA16-2009, EA17-2011, EA18-2014, EA19-2015, EA20-2023, EA21-2026)",2023-01-01,18.7,2023,2.43
Potatoes,"Euro area (EA11-1999, EA12-2001, EA13-2007, EA15-2008, EA16-2009, EA17-2011, EA18-2014, EA19-2015, EA20-2023, EA21-2026)",2023-02-01,19.7,2023,2.43
Potatoes,"Euro area (EA11-1999, EA12-2001, EA13-2007, EA15-2008, EA16-2009, EA17-2011, EA18-2014, EA19-2015, EA20-2023, EA21-2026)",2023-03-01,18.7,2023,2.43
Potatoes,"Euro area (EA11-1999, EA12-2001, EA13-2007, EA15-2008, EA16-2009, EA17-2011, EA18-2014, EA19-2015, EA20-2023, EA21-2026)",2023-04-01,17.1,2023,2.43
Potatoes,"Euro area (EA11-1999, EA12-2001, EA13-2007, EA15-2008, EA16-2009, EA17-2011, EA18-2014, EA19-2015, EA20-2023, EA21-2026)",2023-05-01,17.3,2023,2.43
Potatoes,"Euro area (EA11-1999, EA12-2001, EA13-2007, EA15-2008, EA16-2009, EA17-2011, EA18-2014, EA19-2015, EA20-2023, EA21-2026)",2023-06-01,20.9,2023,2.43
Potatoes,"Euro area (EA11-1999, EA12-2001, EA13-2007, EA15-2008, EA16-2009, EA17-2011, EA18-2014, EA19-2015, EA20-2023, EA21-2026)",2023-07-01,22.4,2023,2.43
Potatoes,"Euro area (EA11-1999, EA12-2001, EA13-2007, EA15-2008, EA16-2009, EA17-2011, EA18-2014, EA19-2015, EA20-2023, EA21-2026)",2023-08-01,23.0,2023,2.43
Potatoes,"Euro area (EA11-1999, EA12-2001, EA13-2007, EA15-2008, EA16-2009, EA17-2011, EA18-2014, EA19-2015, EA20-2023, EA21-2026)",2023-09-01,21.6,2023,2.43
Potatoes,"Euro area (EA11-1999, EA12-2001, EA13-2007, EA15-2008, EA16-2009, EA17-2011, EA18-2014, EA19-2015, EA20-2023, EA21-2026)",2023-10-01,17.3,2023,2.43
Potatoes,"Euro area (EA11-1999, EA12-2001, EA13-2007, EA15-2008, EA16-2009, EA17-2011, EA18-2014, EA19-2015, EA20-2023, EA21-2026)",2023-11-01,12.4,2023,2.43
Potatoes,"Euro area (EA11-1999, EA12-2001, EA13-2007, EA15-2008, EA16-2009, EA17-2011, EA18-2014, EA19-2015, EA20-2023, EA21-2026)",2023-12-01,10.6,2023,2.43
Potatoes,"Euro area (EA11-1999, EA12-2001, EA13-2007, EA15-2008, EA16-2009, EA17-2011, EA18-2014, EA19-2015, EA20-2023, EA21-2026)",2024-01-01,10.5,2024,2.34
Potatoes,"Euro area (EA11-1999, EA12-2001, EA13-2007, EA15-2008, EA16-2009, EA17-2011, EA18-2014, EA19-2015, EA20-2023, EA21-2026)",2024-02-01,10.9,2024,2.34
Potatoes,"Euro area (EA11-1999, EA12-2001, EA13-2007, EA15-2008, EA16-2009, EA17-2011, EA18-2014, EA19-2015, EA20-2023, EA21-2026)",2024-03-01,10.5,2024,2.34
Potatoes,"Euro area (EA11-1999, EA12-2001, EA13-2007, EA15-2008, EA16-2009, EA17-2011, EA18-2014, EA19-2015, EA20-2023, EA21-2026)",2024-04-01,10.1,2024,2.34
Potatoes,"Euro area (EA11-1999, EA12-2001, EA13-2007, EA15-2008, EA16-2009, EA17-2011, EA18-2014, EA19-2015, EA20-2023, EA21-2026)",2024-05-01,9.3,2024,2.34
Potatoes,"Euro area (EA11-1999, EA12-2001, EA13-2007, EA15-2008, EA16-2009, EA17-2011, EA18-2014, EA19-2015, EA20-2023, EA21-2026)",2024-06-01,6.5,2024,2.34
Potatoes,"Euro area (EA11-1999, EA12-2001, EA13-2007, EA15-2008, EA16-2009, EA17-2011, EA18-2014, EA19-2015, EA20-2023, EA21-2026)",2024-07-01,5.1,2024,2.34
Potatoes,"Euro area (EA11-1999, EA12-2001, EA13-2007, EA15-2008, EA16-2009, EA17-2011, EA18-2014, EA19-2015, EA20-2023, EA21-2026)",2024-08-01,2.4,2024,2.34
Potatoes,"Euro area (EA11-1999, EA12-2001, EA13-2007, EA15-2008, EA16-2009, EA17-2011, EA18-2014, EA19-2015, EA20-2023, EA21-2026)",2024-09-01,0.3,2024,2.34
Potatoes,"Euro area (EA11-1999, EA12-2001, EA13-2007, EA15-2008, EA16-2009, EA17-2011, EA18-2014, EA19-2015, EA20-2023, EA21-2026)",2024-10-01,0.5,2024,2.34
Potatoes,"Euro area (EA11-1999, EA12-2001, EA13-2007, EA15-2008, EA16-2009, EA17-2011, EA18-2014, EA19-2015, EA20-2023, EA21-2026)",2024-11-01,1.2,2024,2.34
Potatoes,"Euro area (EA11-1999, EA12-2001, EA13-2007, EA15-2008, EA16-2009, EA17-2011, EA18-2014, EA19-2015, EA20-2023, EA21-2026)",2024-12-01,0.2,2024,2.34
Potatoes,"Euro area (EA11-1999, EA12-2001, EA13-2007, EA15-2008, EA16-2009, EA17-2011, EA18-2014, EA19-2015, EA20-2023, EA21-2026)",2025-01-01,-1.0,2025,2.17
Potatoes,"Euro area (EA11-1999, EA12-2001, EA13-2007, EA15-2008, EA16-2009, EA17-2011, EA18-2014, EA19-2015, EA20-2023, EA21-2026)",2025-02-01,-0.6,2025,2.17
Potatoes,"Euro area (EA11-1999, EA12-2001, EA13-2007, EA15-2008, EA16-2009, EA17-2011, EA18-2014, EA19-2015, EA20-2023, EA21-2026)",2025-03-01,-0.7,2025,2.17
Potatoes,"Euro area (EA11-1999, EA12-2001, EA13-2007, EA15-2008, EA16-2009, EA17-2011, EA18-2014, EA19-2015, EA20-2023, EA21-2026)",2025-04-01,-1.6,2025,2.17
Potatoes,"Euro area (EA11-1999, EA12-2001, EA13-2007, EA15-2008, EA16-2009, EA17-2011, EA18-2014, EA19-2015, EA20-2023, EA21-2026)",2025-05-01,-2.1,2025,2.17
Potatoes,"Euro area (EA11-1999, EA12-2001, EA13-2007, EA15-2008, EA16-2009, EA17-2011, EA18-2014, EA19-2015, EA20-2023, EA21-2026)",2025-06-01,-4.9,2025,2.17
Potatoes,"Euro area (EA11-1999, EA12-2001, EA13-2007, EA15-2008, EA16-2009, EA17-2011, EA18-2014, EA19-2015, EA20-2023, EA21-2026)",2025-07-01,-7.4,2025,2.17
Potatoes,"Euro area (EA11-1999, EA12-2001, EA13-2007, EA15-2008, EA16-2009, EA17-2011, EA18-2014, EA19-2015, EA20-2023, EA21-2026)",2025-08-01,-8.2,2025,2.17
Potatoes,"Euro area (EA11-1999, EA12-2001, EA13-2007, EA15-2008, EA16-2009, EA17-2011, EA18-2014, EA19-2015, EA20-2023, EA21-2026)",2025-09-01,-6.9,2025,2.17
Potatoes,"Euro area (EA11-1999, EA12-2001, EA13-2007, EA15-2008, EA16-2009, EA17-2011, EA18-2014, EA19-2015, EA20-2023, EA21-2026)",2025-10-01,-6.6,2025,2.17
Potatoes,"Euro area (EA11-1999, EA12-2001, EA13-2007, EA15-2008, EA16-2009, EA17-2011, EA18-2014, EA19-2015, EA20-2023, EA21-2026)",2025-11-01,-7.0,2025,2.17
Potatoes,"Euro area (EA11-1999, EA12-2001, EA13-2007, EA15-2008, EA16-2009, EA17-2011, EA18-2014, EA19-2015, EA20-2023, EA21-2026)",2025-12-01,-6.8,2025,2.17
Potatoes,Spain,2019-01-01,16.3,2019,2.05
Potatoes,Spain,2019-02-01,18.0,2019,2.05
Potatoes,Spain,2019-03-01,18.6,2019,2.05
Potatoes,Spain,2019-04-01,18.8,2019,2.05
Potatoes,Spain,2019-05-01,18.4,2019,2.05
Potatoes,Spain,2019-06-01,11.4,2019,2.05
Potatoes,Spain,2019-07-01,9.0,2019,2.05
Potatoes,Spain,2019-08-01,9.5,2019,2.05
Potatoes,Spain,2019-09-01,7.3,2019,2.05
Potatoes,Spain,2019-10-01,5.2,2019,2.05
Potatoes,Spain,2019-11-01,5.2,2019,2.05
Potatoes,Spain,2019-12-01,3.3,2019,2.05
Potatoes,Spain,2020-01-01,2.7,2020,2.18
Potatoes,Spain,2020-02-01,1.2,2020,2.18
Potatoes,Spain,2020-03-01,1.4,2020,2.18
Potatoes,Spain,2020-04-01,2.2,2020,2.18
Potatoes,Spain,2020-05-01,-0.7,2020,2.18
Potatoes,Spain,2020-06-01,-3.4,2020,2.18
Potatoes,Spain,2020-07-01,-6.1,2020,2.18
Potatoes,Spain,2020-08-01,-7.0,2020,2.18
Potatoes,Spain,2020-09-01,-2.2,2020,2.18
Potatoes,Spain,2020-10-01,-1.3,2020,2.18
Potatoes,Spain,2020-11-01,-0.8,2020,2.18
Potatoes,Spain,2020-12-01,-1.1,2020,2.18
Potatoes,Spain,2021-01-01,-1.7,2021,2.86
Potatoes,Spain,2021-02-01,-1.3,2021,2.86
Potatoes,Spain,2021-03-01,-1.9,2021,2.86
Potatoes,Spain,2021-04-01,-2.1,2021,2.86
Potatoes,Spain,2021-05-01,-1.5,2021,2.86
Potatoes,Spain,2021-06-01,2.3,2021,2.86
Potatoes,Spain,2021-07-01,3.2,2021,2.86
Potatoes,Spain,2021-08-01,1.3,2021,2.86
Potatoes,Spain,2021-09-01,0.4,2021,2.86
Potatoes,Spain,2021-10-01,1.2,2021,2.86
Potatoes,Spain,2021-11-01,1.0,2021,2.86
Potatoes,Spain,2021-12-01,2.4,2021,2.86
Potatoes,Spain,2022-01-01,2.8,2022,2.62
Potatoes,Spain,2022-02-01,2.8,2022,2.62
Potatoes,Spain,2022-03-01,5.1,2022,2.62
Potatoes,Spain,2022-04-01,6.2,2022,2.62
Potatoes,Spain,2022-05-01,6.9,2022,2.62
Potatoes,Spain,2022-06-01,8.9,2022,2.62
Potatoes,Spain,2022-07-01,12.0,2022,2.62
Potatoes,Spain,2022-08-01,15.3,2022,2.62
Potatoes,Spain,2022-09-01,16.4,2022,2.62
Potatoes,Spain,2022-10-01,19.0,2022,2.62
Potatoes,Spain,2022-11-01,20.5,2022,2.62
Potatoes,Spain,2022-12-01,21.6,2022,2.62
Potatoes,Spain,2023-01-01,18.9,2023,2.2
Potatoes,Spain,2023-02-01,21.0,2023,2.2
Potatoes,Spain,2023-03-01,20.8,2023,2.2
Potatoes,Spain,2023-04-01,20.1,2023,2.2
Potatoes,Spain,2023-05-01,23.6,2023,2.2
Potatoes,Spain,2023-06-01,27.8,2023,2.2
Potatoes,Spain,2023-07-01,22.9,2023,2.2
Potatoes,Spain,2023-08-01,18.0,2023,2.2
Potatoes,Spain,2023-09-01,20.5,2023,2.2
Potatoes,Spain,2023-10-01,15.9,2023,2.2
Potatoes,Spain,2023-11-01,13.4,2023,2.2
Potatoes,Spain,2023-12-01,10.2,2023,2.2
Potatoes,Spain,2024-01-01,13.0,2024,2.4
Potatoes,Spain,2024-02-01,11.6,2024,2.4
Potatoes,Spain,2024-03-01,10.3,2024,2.4
Potatoes,Spain,2024-04-01,8.6,2024,2.4
Potatoes,Spain,2024-05-01,6.5,2024,2.4
Potatoes,Spain,2024-06-01,2.3,2024,2.4
Potatoes,Spain,2024-07-01,7.9,2024,2.4
Potatoes,Spain,2024-08-01,12.3,2024,2.4
Potatoes,Spain,2024-09-01,8.9,2024,2.4
Potatoes,Spain,2024-10-01,8.8,2024,2.4
Potatoes,Spain,2024-11-01,7.7,2024,2.4
Potatoes,Spain,2024-12-01,7.4,2024,2.4
Potatoes,Spain,2025-01-01,7.5,2025,2.34
Potatoes,Spain,2025-02-01,6.4,2025,2.34
Potatoes,Spain,2025-03-01,5.4,2025,2.34
Potatoes,Spain,2025-04-01,4.7,2025,2.34
Potatoes,Spain,2025-05-01,3.3,2025,2.34
Potatoes,Spain,2025-06-01,2.0,2025,2.34
Potatoes,Spain,2025-07-01,-1.6,2025,2.34
Potatoes,Spain,2025-08-01,-3.5,2025,2.34
Potatoes,Spain,2025-09-01,-4.5,2025,2.34
Potatoes,Spain,2025-10-01,-3.4,2025,2.34
Potatoes,Spain,2025-11-01,-3.0,2025,2.34
Potatoes,Spain,2025-12-01,-1.8,2025,2.34
Potatoes,France,2019-01-01,16.4,2019,3.02
Potatoes,France,2019-02-01,18.6,2019,3.02
Potatoes,France,2019-03-01,17.5,2019,3.02
Potatoes,France,2019-04-01,17.7,2019,3.02
Potatoes,France,2019-05-01,20.0,2019,3.02
Potatoes,France,2019-06-01,25.2,2019,3.02
Potatoes,France,2019-07-01,29.5,2019,3.02
Potatoes,France,2019-08-01,19.1,2019,3.02
Potatoes,France,2019-09-01,11.9,2019,3.02
Potatoes,France,2019-10-01,7.7,2019,3.02
Potatoes,France,2019-11-01,4.3,2019,3.02
Potatoes,France,2019-12-01,3.6,2019,3.02
Potatoes,France,2020-01-01,2.3,2020,2.72
Potatoes,France,2020-02-01,1.4,2020,2.72
Potatoes,France,2020-03-01,0.9,2020,2.72
Potatoes,France,2020-04-01,0.0,2020,2.72
Potatoes,France,2020-05-01,-0.7,2020,2.72
Potatoes,France,2020-06-01,-4.8,2020,2.72
Potatoes,France,2020-07-01,-5.4,2020,2.72
Potatoes,France,2020-08-01,-3.6,2020,2.72
Potatoes,France,2020-09-01,-4.0,2020,2.72
Potatoes,France,2020-10-01,-2.3,2020,2.72
Potatoes,France,2020-11-01,-3.3,2020,2.72
Potatoes,France,2020-12-01,-3.0,2020,2.72
Potatoes,France,2021-01-01,-2.3,2021,2.87
Potatoes,France,2021-02-01,-2.3,2021,2.87
Potatoes,France,2021-03-01,-0.8,2021,2.87
Potatoes,France,2021-04-01,-2.5,2021,2.87
Potatoes,France,2021-05-01,-2.7,2021,2.87
Potatoes,France,2021-06-01,-0.9,2021,2.87
Potatoes,France,2021-07-01,-0.6,2021,2.87
Potatoes,France,2021-08-01,2.9,2021,2.87
Potatoes,France,2021-09-01,4.0,2021,2.87
Potatoes,France,2021-10-01,2.4,2021,2.87
Potatoes,France,2021-11-01,5.6,2021,2.87
Potatoes,France,2021-12-01,5.9,2021,2.87
Potatoes,France,2022-01-01,4.6,2022,2.91
Potatoes,France,2022-02-01,4.7,2022,2.91
Potatoes,France,2022-03-01,3.9,2022,2.91
Potatoes,France,2022-04-01,6.4,2022,2.91
Potatoes,France,2022-05-01,6.8,2022,2.91
Potatoes,France,2022-06-01,5.8,2022,2.91
Potatoes,France,2022-07-01,3.3,2022,2.91
Potatoes,France,2022-08-01,1.1,2022,2.91
Potatoes,France,2022-09-01,4.0,2022,2.91
Potatoes,France,2022-10-01,7.8,2022,2.91
Potatoes,France,2022-11-01,9.3,2022,2.91
Potatoes,France,2022-12-01,11.7,2022,2.91
Potatoes,France,2023-01-01,12.8,2023,2.72
Potatoes,France,2023-02-01,14.3,2023,2.72
Potatoes,France,2023-03-01,15.7,2023,2.72
Potatoes,France,2023-04-01,15.7,2023,2.72
Potatoes,France,2023-05-01,14.6,2023,2.72
Potatoes,France,2023-06-01,17.2,2023,2.72
Potatoes,France,2023-07-01,22.8,2023,2.72
Potatoes,France,2023-08-01,24.0,2023,2.72
Potatoes,France,2023-09-01,21.8,2023,2.72
Potatoes,France,2023-10-01,19.1,2023,2.72
Potatoes,France,2023-11-01,14.8,2023,2.72
Potatoes,France,2023-12-01,11.9,2023,2.72
Potatoes,France,2024-01-01,11.7,2024,2.09
Potatoes,France,2024-02-01,11.6,2024,2.09
Potatoes,France,2024-03-01,10.5,2024,2.09
Potatoes,France,2024-04-01,9.2,2024,2.09
Potatoes,France,2024-05-01,9.4,2024,2.09
Potatoes,France,2024-06-01,6.8,2024,2.09
Potatoes,France,2024-07-01,2.7,2024,2.09
Potatoes,France,2024-08-01,0.8,2024,2.09
Potatoes,France,2024-09-01,1.0,2024,2.09
Potatoes,France,2024-10-01,-1.0,2024,2.09
Potatoes,France,2024-11-01,-0.6,2024,2.09
Potatoes,France,2024-12-01,0.0,2024,2.09
Potatoes,France,2025-01-01,-1.1,2025,2.05
Potatoes,France,2025-02-01,-2.1,2025,2.05
Potatoes,France,2025-03-01,-1.9,2025,2.05
Potatoes,France,2025-04-01,-1.8,2025,2.05
Potatoes,France,2025-05-01,-3.4,2025,2.05
Potatoes,France,2025-06-01,-4.5,2025,2.05
Potatoes,France,2025-07-01,-7.7,2025,2.05
Potatoes,France,2025-08-01,-10.1,2025,2.05
Potatoes,France,2025-09-01,-9.2,2025,2.05
Potatoes,France,2025-10-01,-7.3,2025,2.05
Potatoes,France,2025-11-01,-6.7,2025,2.05
Potatoes,France,2025-12-01,-7.3,2025,2.05
Potatoes,Italy,2019-01-01,4.4,2019,1.44
Potatoes,Italy,2019-02-01,4.8,2019,1.44
Potatoes,Italy,2019-03-01,6.7,2019,1.44
Potatoes,Italy,2019-04-01,6.0,2019,1.44
Potatoes,Italy,2019-05-01,8.4,2019,1.44
Potatoes,Italy,2019-06-01,11.5,2019,1.44
Potatoes,Italy,2019-07-01,10.1,2019,1.44
Potatoes,Italy,2019-08-01,8.2,2019,1.44
Potatoes,Italy,2019-09-01,7.4,2019,1.44
Potatoes,Italy,2019-10-01,6.4,2019,1.44
Potatoes,Italy,2019-11-01,6.2,2019,1.44
Potatoes,Italy,2019-12-01,5.8,2019,1.44
Potatoes,Italy,2020-01-01,4.7,2020,1.55
Potatoes,Italy,2020-02-01,4.7,2020,1.55
Potatoes,Italy,2020-03-01,4.1,2020,1.55
Potatoes,Italy,2020-04-01,5.8,2020,1.55
Potatoes,Italy,2020-05-01,2.8,2020,1.55
Potatoes,Italy,2020-06-01,-0.7,2020,1.55
Potatoes,Italy,2020-07-01,-1.4,2020,1.55
Potatoes,Italy,2020-08-01,-0.5,2020,1.55
Potatoes,Italy,2020-09-01,-0.4,2020,1.55
Potatoes,Italy,2020-10-01,-0.4,2020,1.55
Potatoes,Italy,2020-11-01,-1.5,2020,1.55
Potatoes,Italy,2020-12-01,-2.2,2020,1.55
Potatoes,Italy,2021-01-01,-2.5,2021,1.74
Potatoes,Italy,2021-02-01,-2.6,2021,1.74
Potatoes,Italy,2021-03-01,-2.3,2021,1.74
Potatoes,Italy,2021-04-01,-4.2,2021,1.74
Potatoes,Italy,2021-05-01,-3.8,2021,1.74
Potatoes,Italy,2021-06-01,-3.0,2021,1.74
Potatoes,Italy,2021-07-01,-1.2,2021,1.74
Potatoes,Italy,2021-08-01,0.0,2021,1.74
Potatoes,Italy,2021-09-01,0.2,2021,1.74
Potatoes,Italy,2021-10-01,0.8,2021,1.74
Potatoes,Italy,2021-11-01,1.3,2021,1.74
Potatoes,Italy,2021-12-01,2.6,2021,1.74
Potatoes,Italy,2022-01-01,3.3,2022,1.65
Potatoes,Italy,2022-02-01,4.1,2022,1.65
Potatoes,Italy,2022-03-01,4.5,2022,1.65
Potatoes,Italy,2022-04-01,4.4,2022,1.65
Potatoes,Italy,2022-05-01,6.2,2022,1.65
Potatoes,Italy,2022-06-01,7.6,2022,1.65
Potatoes,Italy,2022-07-01,8.7,2022,1.65
Potatoes,Italy,2022-08-01,9.4,2022,1.65
Potatoes,Italy,2022-09-01,10.5,2022,1.65
Potatoes,Italy,2022-10-01,12.3,2022,1.65
Potatoes,Italy,2022-11-01,16.4,2022,1.65
Potatoes,Italy,2022-12-01,17.7,2022,1.65
Potatoes,Italy,2023-01-01,18.5,2023,1.71
Potatoes,Italy,2023-02-01,19.8,2023,1.71
Potatoes,Italy,2023-03-01,21.6,2023,1.71
Potatoes,Italy,2023-04-01,21.8,2023,1.71
Potatoes,Italy,2023-05-01,23.9,2023,1.71
Potatoes,Italy,2023-06-01,29.7,2023,1.71
Potatoes,Italy,2023-07-01,29.3,2023,1.71
Potatoes,Italy,2023-08-01,28.2,2023,1.71
Potatoes,Italy,2023-09-01,27.2,2023,1.71
Potatoes,Italy,2023-10-01,24.4,2023,1.71
Potatoes,Italy,2023-11-01,20.1,2023,1.71
Potatoes,Italy,2023-12-01,17.5,2023,1.71
Potatoes,Italy,2024-01-01,16.5,2024,1.77
Potatoes,Italy,2024-02-01,16.5,2024,1.77
Potatoes,Italy,2024-03-01,13.4,2024,1.77
Potatoes,Italy,2024-04-01,13.6,2024,1.77
Potatoes,Italy,2024-05-01,10.8,2024,1.77
Potatoes,Italy,2024-06-01,4.4,2024,1.77
Potatoes,Italy,2024-07-01,3.2,2024,1.77
Potatoes,Italy,2024-08-01,1.2,2024,1.77
Potatoes,Italy,2024-09-01,2.7,2024,1.77
Potatoes,Italy,2024-10-01,1.7,2024,1.77
Potatoes,Italy,2024-11-01,3.5,2024,1.77
Potatoes,Italy,2024-12-01,1.4,2024,1.77
Potatoes,Italy,2025-01-01,3.0,2025,1.71
Potatoes,Italy,2025-02-01,3.2,2025,1.71
Potatoes,Italy,2025-03-01,3.0,2025,1.71
Potatoes,Italy,2025-04-01,1.6,2025,1.71
Potatoes,Italy,2025-05-01,1.9,2025,1.71
Potatoes,Italy,2025-06-01,1.4,2025,1.71
Potatoes,Italy,2025-07-01,1.0,2025,1.71
Potatoes,Italy,2025-08-01,1.2,2025,1.71
Potatoes,Italy,2025-09-01,-0.9,2025,1.71
Potatoes,Italy,2025-10-01,-2.0,2025,1.71
Potatoes,Italy,2025-11-01,-3.3,2025,1.71
Potatoes,Italy,2025-12-01,-2.2,2025,1.71
Potatoes,Portugal,2019-01-01,15.3,2019,2.49
Potatoes,Portugal,2019-02-01,20.5,2019,2.49
Potatoes,Portugal,2019-03-01,31.7,2019,2.49
Potatoes,Portugal,2019-04-01,26.8,2019,2.49
Potatoes,Portugal,2019-05-01,34.1,2019,2.49
Potatoes,Portugal,2019-06-01,24.8,2019,2.49
Potatoes,Portugal,2019-07-01,12.1,2019,2.49
Potatoes,Portugal,2019-08-01,6.8,2019,2.49
Potatoes,Portugal,2019-09-01,5.2,2019,2.49
Potatoes,Portugal,2019-10-01,5.9,2019,2.49
Potatoes,Portugal,2019-11-01,3.5,2019,2.49
Potatoes,Portugal,2019-12-01,-0.1,2019,2.49
Potatoes,Portugal,2020-01-01,0.8,2020,2.85
Potatoes,Portugal,2020-02-01,-0.5,2020,2.85
Potatoes,Portugal,2020-03-01,-0.6,2020,2.85
Potatoes,Portugal,2020-04-01,-5.6,2020,2.85
Potatoes,Portugal,2020-05-01,-8.5,2020,2.85
Potatoes,Portugal,2020-06-01,-7.4,2020,2.85
Potatoes,Portugal,2020-07-01,-8.0,2020,2.85
Potatoes,Portugal,2020-08-01,-8.6,2020,2.85
Potatoes,Portugal,2020-09-01,-6.8,2020,2.85
Potatoes,Portugal,2020-10-01,1.1,2020,2.85
Potatoes,Portugal,2020-11-01,0.2,2020,2.85
Potatoes,Portugal,2020-12-01,0.7,2020,2.85
Potatoes,Portugal,2021-01-01,-5.6,2021,3.56
Potatoes,Portugal,2021-02-01,-1.4,2021,3.56
Potatoes,Portugal,2021-03-01,-6.0,2021,3.56
Potatoes,Portugal,2021-04-01,-1.0,2021,3.56
Potatoes,Portugal,2021-05-01,-2.1,2021,3.56
Potatoes,Portugal,2021-06-01,-1.3,2021,3.56
Potatoes,Portugal,2021-07-01,4.9,2021,3.56
Potatoes,Portugal,2021-08-01,0.9,2021,3.56
Potatoes,Portugal,2021-09-01,0.5,2021,3.56
Potatoes,Portugal,2021-10-01,1.8,2021,3.56
Potatoes,Portugal,2021-11-01,-2.4,2021,3.56
Potatoes,Portugal,2021-12-01,3.8,2021,3.56
Potatoes,Portugal,2022-01-01,8.0,2022,3.15
Potatoes,Portugal,2022-02-01,1.2,2022,3.15
Potatoes,Portugal,2022-03-01,8.2,2022,3.15
Potatoes,Portugal,2022-04-01,6.5,2022,3.15
Potatoes,Portugal,2022-05-01,6.1,2022,3.15
Potatoes,Portugal,2022-06-01,12.6,2022,3.15
Potatoes,Portugal,2022-07-01,17.7,2022,3.15
Potatoes,Portugal,2022-08-01,23.8,2022,3.15
Potatoes,Portugal,2022-09-01,29.2,2022,3.15
Potatoes,Portugal,2022-10-01,27.3,2022,3.15
Potatoes,Portugal,2022-11-01,34.5,2022,3.15
Potatoes,Portugal,2022-12-01,27.5,2022,3.15
Potatoes,Portugal,2023-01-01,34.8,2023,3.03
Potatoes,Portugal,2023-02-01,40.8,2023,3.03
Potatoes,Portugal,2023-03-01,37.1,2023,3.03
Potatoes,Portugal,2023-04-01,34.8,2023,3.03
Potatoes,Portugal,2023-05-01,31.6,2023,3.03
Potatoes,Portugal,2023-06-01,28.0,2023,3.03
Potatoes,Portugal,2023-07-01,23.3,2023,3.03
Potatoes,Portugal,2023-08-01,18.4,2023,3.03
Potatoes,Portugal,2023-09-01,15.7,2023,3.03
Potatoes,Portugal,2023-10-01,11.8,2023,3.03
Potatoes,Portugal,2023-11-01,6.9,2023,3.03
Potatoes,Portugal,2023-12-01,6.9,2023,3.03
Potatoes,Portugal,2024-01-01,2.8,2024,3.02
Potatoes,Portugal,2024-02-01,3.4,2024,3.02
Potatoes,Portugal,2024-03-01,1.8,2024,3.02
Potatoes,Portugal,2024-04-01,2.9,2024,3.02
Potatoes,Portugal,2024-05-01,5.4,2024,3.02
Potatoes,Portugal,2024-06-01,3.6,2024,3.02
Potatoes,Portugal,2024-07-01,4.8,2024,3.02
Potatoes,Portugal,2024-08-01,8.0,2024,3.02
Potatoes,Portugal,2024-09-01,8.2,2024,3.02
Potatoes,Portugal,2024-10-01,5.4,2024,3.02
Potatoes,Portugal,2024-11-01,4.3,2024,3.02
Potatoes,Portugal,2024-12-01,3.1,2024,3.02
Potatoes,Portugal,2025-01-01,1.0,2025,3.08
Potatoes,Portugal,2025-02-01,-1.1,2025,3.08
Potatoes,Portugal,2025-03-01,-0.7,2025,3.08
Potatoes,Portugal,2025-04-01,-2.1,2025,3.08
Potatoes,Portugal,2025-05-01,-4.4,2025,3.08
Potatoes,Portugal,2025-06-01,-4.4,2025,3.08
Potatoes,Portugal,2025-07-01,-4.9,2025,3.08
Potatoes,Portugal,2025-08-01,-6.2,2025,3.08
Potatoes,Portugal,2025-09-01,-6.4,2025,3.08
Potatoes,Portugal,2025-10-01,-5.4,2025,3.08
Potatoes,Portugal,2025-11-01,-4.7,2025,3.08
Potatoes,Portugal,2025-12-01,-2.7,2025,3.08
Chocolate,Germany,2019-01-01,0.1,2019,2.59
Chocolate,Germany,2019-02-01,0.1,2019,2.59
Chocolate,Germany,2019-03-01,1.6,2019,2.59
Chocolate,Germany,2019-04-01,-0.3,2019,2.59
Chocolate,Germany,2019-05-01,1.2,2019,2.59
Chocolate,Germany,2019-06-01,0.0,2019,2.59
Chocolate,Germany,2019-07-01,0.4,2019,2.59
Chocolate,Germany,2019-08-01,-0.3,2019,2.59
Chocolate,Germany,2019-09-01,0.7,2019,2.59
Chocolate,Germany,2019-10-01,-0.6,2019,2.59
Chocolate,Germany,2019-11-01,0.4,2019,2.59
Chocolate,Germany,2019-12-01,1.3,2019,2.59
Chocolate,Germany,2020-01-01,0.7,2020,2.63
Chocolate,Germany,2020-02-01,0.8,2020,2.63
Chocolate,Germany,2020-03-01,0.5,2020,2.63
Chocolate,Germany,2020-04-01,1.0,2020,2.63
Chocolate,Germany,2020-05-01,0.5,2020,2.63
Chocolate,Germany,2020-06-01,1.9,2020,2.63
Chocolate,Germany,2020-07-01,-0.5,2020,2.63
Chocolate,Germany,2020-08-01,0.1,2020,2.63
Chocolate,Germany,2020-09-01,-0.5,2020,2.63
Chocolate,Germany,2020-10-01,2.1,2020,2.63
Chocolate,Germany,2020-11-01,1.2,2020,2.63
Chocolate,Germany,2020-12-01,2.7,2020,2.63
Chocolate,Germany,2021-01-01,2.7,2021,3.15
Chocolate,Germany,2021-02-01,4.9,2021,3.15
Chocolate,Germany,2021-03-01,3.2,2021,3.15
Chocolate,Germany,2021-04-01,5.6,2021,3.15
Chocolate,Germany,2021-05-01,3.4,2021,3.15
Chocolate,Germany,2021-06-01,3.4,2021,3.15
Chocolate,Germany,2021-07-01,6.0,2021,3.15
Chocolate,Germany,2021-08-01,3.2,2021,3.15
Chocolate,Germany,2021-09-01,5.6,2021,3.15
Chocolate,Germany,2021-10-01,4.5,2021,3.15
Chocolate,Germany,2021-11-01,3.3,2021,3.15
Chocolate,Germany,2021-12-01,3.8,2021,3.15
Chocolate,Germany,2022-01-01,3.5,2022,3.0
Chocolate,Germany,2022-02-01,0.8,2022,3.0
Chocolate,Germany,2022-03-01,1.5,2022,3.0
Chocolate,Germany,2022-04-01,-3.2,2022,3.0
Chocolate,Germany,2022-05-01,2.7,2022,3.0
Chocolate,Germany,2022-06-01,2.0,2022,3.0
Chocolate,Germany,2022-07-01,1.4,2022,3.0
Chocolate,Germany,2022-08-01,8.6,2022,3.0
Chocolate,Germany,2022-09-01,10.2,2022,3.0
Chocolate,Germany,2022-10-01,10.5,2022,3.0
Chocolate,Germany,2022-11-01,10.1,2022,3.0
Chocolate,Germany,2022-12-01,9.7,2022,3.0
Chocolate,Germany,2023-01-01,8.2,2023,3.17
Chocolate,Germany,2023-02-01,9.7,2023,3.17
Chocolate,Germany,2023-03-01,14.3,2023,3.17
Chocolate,Germany,2023-04-01,19.2,2023,3.17
Chocolate,Germany,2023-05-01,15.8,2023,3.17
Chocolate,Germany,2023-06-01,18.0,2023,3.17
Chocolate,Germany,2023-07-01,17.5,2023,3.17
Chocolate,Germany,2023-08-01,14.0,2023,3.17
Chocolate,Germany,2023-09-01,11.7,2023,3.17
Chocolate,Germany,2023-10-01,11.8,2023,3.17
Chocolate,Germany,2023-11-01,13.0,2023,3.17
Chocolate,Germany,2023-12-01,11.7,2023,3.17
Chocolate,Germany,2024-01-01,14.2,2024,3.1
Chocolate,Germany,2024-02-01,13.0,2024,3.1
Chocolate,Germany,2024-03-01,10.8,2024,3.1
Chocolate,Germany,2024-04-01,12.7,2024,3.1
Chocolate,Germany,2024-05-01,11.3,2024,3.1
Chocolate,Germany,2024-06-01,11.3,2024,3.1
Chocolate,Germany,2024-07-01,11.1,2024,3.1
Chocolate,Germany,2024-08-01,8.9,2024,3.1
Chocolate,Germany,2024-09-01,9.8,2024,3.1
Chocolate,Germany,2024-10-01,8.6,2024,3.1
Chocolate,Germany,2024-11-01,9.8,2024,3.1
Chocolate,Germany,2024-12-01,11.0,2024,3.1
Chocolate,Germany,2025-01-01,8.0,2025,3.27
Chocolate,Germany,2025-02-01,15.2,2025,3.27
Chocolate,Germany,2025-03-01,17.1,2025,3.27
Chocolate,Germany,2025-04-01,15.2,2025,3.27
Chocolate,Germany,2025-05-01,20.6,2025,3.27
Chocolate,Germany,2025-06-01,17.5,2025,3.27
Chocolate,Germany,2025-07-01,18.9,2025,3.27
Chocolate,Germany,2025-08-01,21.7,2025,3.27
Chocolate,Germany,2025-09-01,21.4,2025,3.27
Chocolate,Germany,2025-10-01,22.1,2025,3.27
Chocolate,Germany,2025-11-01,19.7,2025,3.27
Chocolate,Germany,2025-12-01,19.1,2025,3.27
Chocolate,"Euro area (EA11-1999, EA12-2001, EA13-2007, EA15-2008, EA16-2009, EA17-2011, EA18-2014, EA19-2015, EA20-2023, EA21-2026)",2019-01-01,0.6,2019,3.28
Chocolate,"Euro area (EA11-1999, EA12-2001, EA13-2007, EA15-2008, EA16-2009, EA17-2011, EA18-2014, EA19-2015, EA20-2023, EA21-2026)",2019-02-01,1.0,2019,3.28
Chocolate,"Euro area (EA11-1999, EA12-2001, EA13-2007, EA15-2008, EA16-2009, EA17-2011, EA18-2014, EA19-2015, EA20-2023, EA21-2026)",2019-03-01,1.3,2019,3.28
Chocolate,"Euro area (EA11-1999, EA12-2001, EA13-2007, EA15-2008, EA16-2009, EA17-2011, EA18-2014, EA19-2015, EA20-2023, EA21-2026)",2019-04-01,0.8,2019,3.28
Chocolate,"Euro area (EA11-1999, EA12-2001, EA13-2007, EA15-2008, EA16-2009, EA17-2011, EA18-2014, EA19-2015, EA20-2023, EA21-2026)",2019-05-01,1.3,2019,3.28
Chocolate,"Euro area (EA11-1999, EA12-2001, EA13-2007, EA15-2008, EA16-2009, EA17-2011, EA18-2014, EA19-2015, EA20-2023, EA21-2026)",2019-06-01,1.3,2019,3.28
Chocolate,"Euro area (EA11-1999, EA12-2001, EA13-2007, EA15-2008, EA16-2009, EA17-2011, EA18-2014, EA19-2015, EA20-2023, EA21-2026)",2019-07-01,1.0,2019,3.28
Chocolate,"Euro area (EA11-1999, EA12-2001, EA13-2007, EA15-2008, EA16-2009, EA17-2011, EA18-2014, EA19-2015, EA20-2023, EA21-2026)",2019-08-01,1.1,2019,3.28
Chocolate,"Euro area (EA11-1999, EA12-2001, EA13-2007, EA15-2008, EA16-2009, EA17-2011, EA18-2014, EA19-2015, EA20-2023, EA21-2026)",2019-09-01,1.3,2019,3.28
Chocolate,"Euro area (EA11-1999, EA12-2001, EA13-2007, EA15-2008, EA16-2009, EA17-2011, EA18-2014, EA19-2015, EA20-2023, EA21-2026)",2019-10-01,0.8,2019,3.28
Chocolate,"Euro area (EA11-1999, EA12-2001, EA13-2007, EA15-2008, EA16-2009, EA17-2011, EA18-2014, EA19-2015, EA20-2023, EA21-2026)",2019-11-01,1.0,2019,3.28
Chocolate,"Euro area (EA11-1999, EA12-2001, EA13-2007, EA15-2008, EA16-2009, EA17-2011, EA18-2014, EA19-2015, EA20-2023, EA21-2026)",2019-12-01,1.0,2019,3.28
Chocolate,"Euro area (EA11-1999, EA12-2001, EA13-2007, EA15-2008, EA16-2009, EA17-2011, EA18-2014, EA19-2015, EA20-2023, EA21-2026)",2020-01-01,0.4,2020,3.26
Chocolate,"Euro area (EA11-1999, EA12-2001, EA13-2007, EA15-2008, EA16-2009, EA17-2011, EA18-2014, EA19-2015, EA20-2023, EA21-2026)",2020-02-01,0.3,2020,3.26
Chocolate,"Euro area (EA11-1999, EA12-2001, EA13-2007, EA15-2008, EA16-2009, EA17-2011, EA18-2014, EA19-2015, EA20-2023, EA21-2026)",2020-03-01,0.3,2020,3.26
Chocolate,"Euro area (EA11-1999, EA12-2001, EA13-2007, EA15-2008, EA16-2009, EA17-2011, EA18-2014, EA19-2015, EA20-2023, EA21-2026)",2020-04-01,0.1,2020,3.26
Chocolate,"Euro area (EA11-1999, EA12-2001, EA13-2007, EA15-2008, EA16-2009, EA17-2011, EA18-2014, EA19-2015, EA20-2023, EA21-2026)",2020-05-01,0.1,2020,3.26
Chocolate,"Euro area (EA11-1999, EA12-2001, EA13-2007, EA15-2008, EA16-2009, EA17-2011, EA18-2014, EA19-2015, EA20-2023, EA21-2026)",2020-06-01,0.4,2020,3.26
Chocolate,"Euro area (EA11-1999, EA12-2001, EA13-2007, EA15-2008, EA16-2009, EA17-2011, EA18-2014, EA19-2015, EA20-2023, EA21-2026)",2020-07-01,-0.1,2020,3.26
Chocolate,"Euro area (EA11-1999, EA12-2001, EA13-2007, EA15-2008, EA16-2009, EA17-2011, EA18-2014, EA19-2015, EA20-2023, EA21-2026)",2020-08-01,-0.3,2020,3.26
Chocolate,"Euro area (EA11-1999, EA12-2001, EA13-2007, EA15-2008, EA16-2009, EA17-2011, EA18-2014, EA19-2015, EA20-2023, EA21-2026)",2020-09-01,-0.8,2020,3.26
Chocolate,"Euro area (EA11-1999, EA12-2001, EA13-2007, EA15-2008, EA16-2009, EA17-2011, EA18-2014, EA19-2015, EA20-2023, EA21-2026)",2020-10-01,0.1,2020,3.26
Chocolate,"Euro area (EA11-1999, EA12-2001, EA13-2007, EA15-2008, EA16-2009, EA17-2011, EA18-2014, EA19-2015, EA20-2023, EA21-2026)",2020-11-01,0.0,2020,3.26
Chocolate,"Euro area (EA11-1999, EA12-2001, EA13-2007, EA15-2008, EA16-2009, EA17-2011, EA18-2014, EA19-2015, EA20-2023, EA21-2026)",2020-12-01,0.3,2020,3.26
Chocolate,"Euro area (EA11-1999, EA12-2001, EA13-2007, EA15-2008, EA16-2009, EA17-2011, EA18-2014, EA19-2015, EA20-2023, EA21-2026)",2021-01-01,-0.2,2021,3.9
Chocolate,"Euro area (EA11-1999, EA12-2001, EA13-2007, EA15-2008, EA16-2009, EA17-2011, EA18-2014, EA19-2015, EA20-2023, EA21-2026)",2021-02-01,0.2,2021,3.9
Chocolate,"Euro area (EA11-1999, EA12-2001, EA13-2007, EA15-2008, EA16-2009, EA17-2011, EA18-2014, EA19-2015, EA20-2023, EA21-2026)",2021-03-01,0.2,2021,3.9
Chocolate,"Euro area (EA11-1999, EA12-2001, EA13-2007, EA15-2008, EA16-2009, EA17-2011, EA18-2014, EA19-2015, EA20-2023, EA21-2026)",2021-04-01,1.4,2021,3.9
Chocolate,"Euro area (EA11-1999, EA12-2001, EA13-2007, EA15-2008, EA16-2009, EA17-2011, EA18-2014, EA19-2015, EA20-2023, EA21-2026)",2021-05-01,0.6,2021,3.9
Chocolate,"Euro area (EA11-1999, EA12-2001, EA13-2007, EA15-2008, EA16-2009, EA17-2011, EA18-2014, EA19-2015, EA20-2023, EA21-2026)",2021-06-01,0.5,2021,3.9
Chocolate,"Euro area (EA11-1999, EA12-2001, EA13-2007, EA15-2008, EA16-2009, EA17-2011, EA18-2014, EA19-2015, EA20-2023, EA21-2026)",2021-07-01,1.2,2021,3.9
Chocolate,"Euro area (EA11-1999, EA12-2001, EA13-2007, EA15-2008, EA16-2009, EA17-2011, EA18-2014, EA19-2015, EA20-2023, EA21-2026)",2021-08-01,0.7,2021,3.9
Chocolate,"Euro area (EA11-1999, EA12-2001, EA13-2007, EA15-2008, EA16-2009, EA17-2011, EA18-2014, EA19-2015, EA20-2023, EA21-2026)",2021-09-01,1.3,2021,3.9
Chocolate,"Euro area (EA11-1999, EA12-2001, EA13-2007, EA15-2008, EA16-2009, EA17-2011, EA18-2014, EA19-2015, EA20-2023, EA21-2026)",2021-10-01,0.9,2021,3.9
Chocolate,"Euro area (EA11-1999, EA12-2001, EA13-2007, EA15-2008, EA16-2009, EA17-2011, EA18-2014, EA19-2015, EA20-2023, EA21-2026)",2021-11-01,0.5,2021,3.9
Chocolate,"Euro area (EA11-1999, EA12-2001, EA13-2007, EA15-2008, EA16-2009, EA17-2011, EA18-2014, EA19-2015, EA20-2023, EA21-2026)",2021-12-01,0.8,2021,3.9
Chocolate,"Euro area (EA11-1999, EA12-2001, EA13-2007, EA15-2008, EA16-2009, EA17-2011, EA18-2014, EA19-2015, EA20-2023, EA21-2026)",2022-01-01,1.6,2022,3.57
Chocolate,"Euro area (EA11-1999, EA12-2001, EA13-2007, EA15-2008, EA16-2009, EA17-2011, EA18-2014, EA19-2015, EA20-2023, EA21-2026)",2022-02-01,1.2,2022,3.57
Chocolate,"Euro area (EA11-1999, EA12-2001, EA13-2007, EA15-2008, EA16-2009, EA17-2011, EA18-2014, EA19-2015, EA20-2023, EA21-2026)",2022-03-01,1.2,2022,3.57
Chocolate,"Euro area (EA11-1999, EA12-2001, EA13-2007, EA15-2008, EA16-2009, EA17-2011, EA18-2014, EA19-2015, EA20-2023, EA21-2026)",2022-04-01,0.3,2022,3.57
Chocolate,"Euro area (EA11-1999, EA12-2001, EA13-2007, EA15-2008, EA16-2009, EA17-2011, EA18-2014, EA19-2015, EA20-2023, EA21-2026)",2022-05-01,2.1,2022,3.57
Chocolate,"Euro area (EA11-1999, EA12-2001, EA13-2007, EA15-2008, EA16-2009, EA17-2011, EA18-2014, EA19-2015, EA20-2023, EA21-2026)",2022-06-01,2.6,2022,3.57
Chocolate,"Euro area (EA11-1999, EA12-2001, EA13-2007, EA15-2008, EA16-2009, EA17-2011, EA18-2014, EA19-2015, EA20-2023, EA21-2026)",2022-07-01,3.1,2022,3.57
Chocolate,"Euro area (EA11-1999, EA12-2001, EA13-2007, EA15-2008, EA16-2009, EA17-2011, EA18-2014, EA19-2015, EA20-2023, EA21-2026)",2022-08-01,5.3,2022,3.57
Chocolate,"Euro area (EA11-1999, EA12-2001, EA13-2007, EA15-2008, EA16-2009, EA17-2011, EA18-2014, EA19-2015, EA20-2023, EA21-2026)",2022-09-01,6.5,2022,3.57
Chocolate,"Euro area (EA11-1999, EA12-2001, EA13-2007, EA15-2008, EA16-2009, EA17-2011, EA18-2014, EA19-2015, EA20-2023, EA21-2026)",2022-10-01,7.6,2022,3.57
Chocolate,"Euro area (EA11-1999, EA12-2001, EA13-2007, EA15-2008, EA16-2009, EA17-2011, EA18-2014, EA19-2015, EA20-2023, EA21-2026)",2022-11-01,7.6,2022,3.57
Chocolate,"Euro area (EA11-1999, EA12-2001, EA13-2007, EA15-2008, EA16-2009, EA17-2011, EA18-2014, EA19-2015, EA20-2023, EA21-2026)",2022-12-01,8.2,2022,3.57
Chocolate,"Euro area (EA11-1999, EA12-2001, EA13-2007, EA15-2008, EA16-2009, EA17-2011, EA18-2014, EA19-2015, EA20-2023, EA21-2026)",2023-01-01,8.9,2023,3.52
Chocolate,"Euro area (EA11-1999, EA12-2001, EA13-2007, EA15-2008, EA16-2009, EA17-2011, EA18-2014, EA19-2015, EA20-2023, EA21-2026)",2023-02-01,10.3,2023,3.52
Chocolate,"Euro area (EA11-1999, EA12-2001, EA13-2007, EA15-2008, EA16-2009, EA17-2011, EA18-2014, EA19-2015, EA20-2023, EA21-2026)",2023-03-01,12.6,2023,3.52
Chocolate,"Euro area (EA11-1999, EA12-2001, EA13-2007, EA15-2008, EA16-2009, EA17-2011, EA18-2014, EA19-2015, EA20-2023, EA21-2026)",2023-04-01,14.0,2023,3.52
Chocolate,"Euro area (EA11-1999, EA12-2001, EA13-2007, EA15-2008, EA16-2009, EA17-2011, EA18-2014, EA19-2015, EA20-2023, EA21-2026)",2023-05-01,13.2,2023,3.52
Chocolate,"Euro area (EA11-1999, EA12-2001, EA13-2007, EA15-2008, EA16-2009, EA17-2011, EA18-2014, EA19-2015, EA20-2023, EA21-2026)",2023-06-01,13.7,2023,3.52
Chocolate,"Euro area (EA11-1999, EA12-2001, EA13-2007, EA15-2008, EA16-2009, EA17-2011, EA18-2014, EA19-2015, EA20-2023, EA21-2026)",2023-07-01,13.2,2023,3.52
Chocolate,"Euro area (EA11-1999, EA12-2001, EA13-2007, EA15-2008, EA16-2009, EA17-2011, EA18-2014, EA19-2015, EA20-2023, EA21-2026)",2023-08-01,11.8,2023,3.52
Chocolate,"Euro area (EA11-1999, EA12-2001, EA13-2007, EA15-2008, EA16-2009, EA17-2011, EA18-2014, EA19-2015, EA20-2023, EA21-2026)",2023-09-01,10.5,2023,3.52
Chocolate,"Euro area (EA11-1999, EA12-2001, EA13-2007, EA15-2008, EA16-2009, EA17-2011, EA18-2014, EA19-2015, EA20-2023, EA21-2026)",2023-10-01,9.9,2023,3.52
Chocolate,"Euro area (EA11-1999, EA12-2001, EA13-2007, EA15-2008, EA16-2009, EA17-2011, EA18-2014, EA19-2015, EA20-2023, EA21-2026)",2023-11-01,10.0,2023,3.52
Chocolate,"Euro area (EA11-1999, EA12-2001, EA13-2007, EA15-2008, EA16-2009, EA17-2011, EA18-2014, EA19-2015, EA20-2023, EA21-2026)",2023-12-01,9.0,2023,3.52
Chocolate,"Euro area (EA11-1999, EA12-2001, EA13-2007, EA15-2008, EA16-2009, EA17-2011, EA18-2014, EA19-2015, EA20-2023, EA21-2026)",2024-01-01,8.7,2024,3.34
Chocolate,"Euro area (EA11-1999, EA12-2001, EA13-2007, EA15-2008, EA16-2009, EA17-2011, EA18-2014, EA19-2015, EA20-2023, EA21-2026)",2024-02-01,7.7,2024,3.34
Chocolate,"Euro area (EA11-1999, EA12-2001, EA13-2007, EA15-2008, EA16-2009, EA17-2011, EA18-2014, EA19-2015, EA20-2023, EA21-2026)",2024-03-01,6.7,2024,3.34
Chocolate,"Euro area (EA11-1999, EA12-2001, EA13-2007, EA15-2008, EA16-2009, EA17-2011, EA18-2014, EA19-2015, EA20-2023, EA21-2026)",2024-04-01,6.8,2024,3.34
Chocolate,"Euro area (EA11-1999, EA12-2001, EA13-2007, EA15-2008, EA16-2009, EA17-2011, EA18-2014, EA19-2015, EA20-2023, EA21-2026)",2024-05-01,6.7,2024,3.34
Chocolate,"Euro area (EA11-1999, EA12-2001, EA13-2007, EA15-2008, EA16-2009, EA17-2011, EA18-2014, EA19-2015, EA20-2023, EA21-2026)",2024-06-01,6.9,2024,3.34
Chocolate,"Euro area (EA11-1999, EA12-2001, EA13-2007, EA15-2008, EA16-2009, EA17-2011, EA18-2014, EA19-2015, EA20-2023, EA21-2026)",2024-07-01,7.5,2024,3.34
Chocolate,"Euro area (EA11-1999, EA12-2001, EA13-2007, EA15-2008, EA16-2009, EA17-2011, EA18-2014, EA19-2015, EA20-2023, EA21-2026)",2024-08-01,8.6,2024,3.34
Chocolate,"Euro area (EA11-1999, EA12-2001, EA13-2007, EA15-2008, EA16-2009, EA17-2011, EA18-2014, EA19-2015, EA20-2023, EA21-2026)",2024-09-01,9.9,2024,3.34
Chocolate,"Euro area (EA11-1999, EA12-2001, EA13-2007, EA15-2008, EA16-2009, EA17-2011, EA18-2014, EA19-2015, EA20-2023, EA21-2026)",2024-10-01,10.5,2024,3.34
Chocolate,"Euro area (EA11-1999, EA12-2001, EA13-2007, EA15-2008, EA16-2009, EA17-2011, EA18-2014, EA19-2015, EA20-2023, EA21-2026)",2024-11-01,11.2,2024,3.34
Chocolate,"Euro area (EA11-1999, EA12-2001, EA13-2007, EA15-2008, EA16-2009, EA17-2011, EA18-2014, EA19-2015, EA20-2023, EA21-2026)",2024-12-01,11.4,2024,3.34
Chocolate,"Euro area (EA11-1999, EA12-2001, EA13-2007, EA15-2008, EA16-2009, EA17-2011, EA18-2014, EA19-2015, EA20-2023, EA21-2026)",2025-01-01,12.2,2025,3.56
Chocolate,"Euro area (EA11-1999, EA12-2001, EA13-2007, EA15-2008, EA16-2009, EA17-2011, EA18-2014, EA19-2015, EA20-2023, EA21-2026)",2025-02-01,14.8,2025,3.56
Chocolate,"Euro area (EA11-1999, EA12-2001, EA13-2007, EA15-2008, EA16-2009, EA17-2011, EA18-2014, EA19-2015, EA20-2023, EA21-2026)",2025-03-01,15.8,2025,3.56
Chocolate,"Euro area (EA11-1999, EA12-2001, EA13-2007, EA15-2008, EA16-2009, EA17-2011, EA18-2014, EA19-2015, EA20-2023, EA21-2026)",2025-04-01,16.7,2025,3.56
Chocolate,"Euro area (EA11-1999, EA12-2001, EA13-2007, EA15-2008, EA16-2009, EA17-2011, EA18-2014, EA19-2015, EA20-2023, EA21-2026)",2025-05-01,18.9,2025,3.56
Chocolate,"Euro area (EA11-1999, EA12-2001, EA13-2007, EA15-2008, EA16-2009, EA17-2011, EA18-2014, EA19-2015, EA20-2023, EA21-2026)",2025-06-01,17.7,2025,3.56
Chocolate,"Euro area (EA11-1999, EA12-2001, EA13-2007, EA15-2008, EA16-2009, EA17-2011, EA18-2014, EA19-2015, EA20-2023, EA21-2026)",2025-07-01,17.5,2025,3.56
Chocolate,"Euro area (EA11-1999, EA12-2001, EA13-2007, EA15-2008, EA16-2009, EA17-2011, EA18-2014, EA19-2015, EA20-2023, EA21-2026)",2025-08-01,17.0,2025,3.56
Chocolate,"Euro area (EA11-1999, EA12-2001, EA13-2007, EA15-2008, EA16-2009, EA17-2011, EA18-2014, EA19-2015, EA20-2023, EA21-2026)",2025-09-01,16.1,2025,3.56
Chocolate,"Euro area (EA11-1999, EA12-2001, EA13-2007, EA15-2008, EA16-2009, EA17-2011, EA18-2014, EA19-2015, EA20-2023, EA21-2026)",2025-10-01,15.1,2025,3.56
Chocolate,"Euro area (EA11-1999, EA12-2001, EA13-2007, EA15-2008, EA16-2009, EA17-2011, EA18-2014, EA19-2015, EA20-2023, EA21-2026)",2025-11-01,14.1,2025,3.56
Chocolate,"Euro area (EA11-1999, EA12-2001, EA13-2007, EA15-2008, EA16-2009, EA17-2011, EA18-2014, EA19-2015, EA20-2023, EA21-2026)",2025-12-01,13.7,2025,3.56
Chocolate,Spain,2019-01-01,0.7,2019,2.01
Chocolate,Spain,2019-02-01,1.4,2019,2.01
Chocolate,Spain,2019-03-01,1.0,2019,2.01
Chocolate,Spain,2019-04-01,1.4,2019,2.01
Chocolate,Spain,2019-05-01,0.8,2019,2.01
Chocolate,Spain,2019-06-01,1.9,2019,2.01
Chocolate,Spain,2019-07-01,1.1,2019,2.01
Chocolate,Spain,2019-08-01,1.2,2019,2.01
Chocolate,Spain,2019-09-01,1.3,2019,2.01
Chocolate,Spain,2019-10-01,1.3,2019,2.01
Chocolate,Spain,2019-11-01,0.9,2019,2.01
Chocolate,Spain,2019-12-01,0.8,2019,2.01
Chocolate,Spain,2020-01-01,1.3,2020,1.94
Chocolate,Spain,2020-02-01,1.3,2020,1.94
Chocolate,Spain,2020-03-01,1.1,2020,1.94
Chocolate,Spain,2020-04-01,1.7,2020,1.94
Chocolate,Spain,2020-05-01,1.6,2020,1.94
Chocolate,Spain,2020-06-01,0.2,2020,1.94
Chocolate,Spain,2020-07-01,1.0,2020,1.94
Chocolate,Spain,2020-08-01,1.1,2020,1.94
Chocolate,Spain,2020-09-01,0.7,2020,1.94
Chocolate,Spain,2020-10-01,0.1,2020,1.94
Chocolate,Spain,2020-11-01,-0.1,2020,1.94
Chocolate,Spain,2020-12-01,-0.4,2020,1.94
Chocolate,Spain,2021-01-01,-0.5,2021,2.7
Chocolate,Spain,2021-02-01,-1.0,2021,2.7
Chocolate,Spain,2021-03-01,-0.9,2021,2.7
Chocolate,Spain,2021-04-01,-0.6,2021,2.7
Chocolate,Spain,2021-05-01,-0.7,2021,2.7
Chocolate,Spain,2021-06-01,0.1,2021,2.7
Chocolate,Spain,2021-07-01,0.0,2021,2.7
Chocolate,Spain,2021-08-01,0.3,2021,2.7
Chocolate,Spain,2021-09-01,0.1,2021,2.7
Chocolate,Spain,2021-10-01,0.5,2021,2.7
Chocolate,Spain,2021-11-01,0.6,2021,2.7
Chocolate,Spain,2021-12-01,1.4,2021,2.7
Chocolate,Spain,2022-01-01,1.4,2022,2.29
Chocolate,Spain,2022-02-01,2.6,2022,2.29
Chocolate,Spain,2022-03-01,3.5,2022,2.29
Chocolate,Spain,2022-04-01,2.6,2022,2.29
Chocolate,Spain,2022-05-01,2.9,2022,2.29
Chocolate,Spain,2022-06-01,3.5,2022,2.29
Chocolate,Spain,2022-07-01,4.5,2022,2.29
Chocolate,Spain,2022-08-01,4.9,2022,2.29
Chocolate,Spain,2022-09-01,5.2,2022,2.29
Chocolate,Spain,2022-10-01,5.6,2022,2.29
Chocolate,Spain,2022-11-01,6.1,2022,2.29
Chocolate,Spain,2022-12-01,6.7,2022,2.29
Chocolate,Spain,2023-01-01,8.3,2023,2.57
Chocolate,Spain,2023-02-01,11.2,2023,2.57
Chocolate,Spain,2023-03-01,12.4,2023,2.57
Chocolate,Spain,2023-04-01,13.5,2023,2.57
Chocolate,Spain,2023-05-01,11.9,2023,2.57
Chocolate,Spain,2023-06-01,12.3,2023,2.57
Chocolate,Spain,2023-07-01,11.9,2023,2.57
Chocolate,Spain,2023-08-01,11.5,2023,2.57
Chocolate,Spain,2023-09-01,10.8,2023,2.57
Chocolate,Spain,2023-10-01,10.5,2023,2.57
Chocolate,Spain,2023-11-01,10.2,2023,2.57
Chocolate,Spain,2023-12-01,8.9,2023,2.57
Chocolate,Spain,2024-01-01,9.1,2024,2.47
Chocolate,Spain,2024-02-01,10.0,2024,2.47
Chocolate,Spain,2024-03-01,8.9,2024,2.47
Chocolate,Spain,2024-04-01,8.1,2024,2.47
Chocolate,Spain,2024-05-01,9.2,2024,2.47
Chocolate,Spain,2024-06-01,12.1,2024,2.47
Chocolate,Spain,2024-07-01,13.7,2024,2.47
Chocolate,Spain,2024-08-01,16.9,2024,2.47
Chocolate,Spain,2024-09-01,20.7,2024,2.47
Chocolate,Spain,2024-10-01,21.2,2024,2.47
Chocolate,Spain,2024-11-01,21.9,2024,2.47
Chocolate,Spain,2024-12-01,23.9,2024,2.47
Chocolate,Spain,2025-01-01,24.9,2025,2.54
Chocolate,Spain,2025-02-01,24.0,2025,2.54
Chocolate,Spain,2025-03-01,24.6,2025,2.54
Chocolate,Spain,2025-04-01,24.2,2025,2.54
Chocolate,Spain,2025-05-01,25.1,2025,2.54
Chocolate,Spain,2025-06-01,21.6,2025,2.54
Chocolate,Spain,2025-07-01,21.6,2025,2.54
Chocolate,Spain,2025-08-01,18.8,2025,2.54
Chocolate,Spain,2025-09-01,15.6,2025,2.54
Chocolate,Spain,2025-10-01,16.1,2025,2.54
Chocolate,Spain,2025-11-01,14.5,2025,2.54
Chocolate,Spain,2025-12-01,12.7,2025,2.54
Chocolate,France,2019-01-01,0.6,2019,5.52
Chocolate,France,2019-02-01,1.5,2019,5.52
Chocolate,France,2019-03-01,1.5,2019,5.52
Chocolate,France,2019-04-01,1.7,2019,5.52
Chocolate,France,2019-05-01,2.3,2019,5.52
Chocolate,France,2019-06-01,2.8,2019,5.52
Chocolate,France,2019-07-01,2.2,2019,5.52
Chocolate,France,2019-08-01,2.1,2019,5.52
Chocolate,France,2019-09-01,2.2,2019,5.52
Chocolate,France,2019-10-01,1.8,2019,5.52
Chocolate,France,2019-11-01,1.9,2019,5.52
Chocolate,France,2019-12-01,1.7,2019,5.52
Chocolate,France,2020-01-01,0.9,2020,5.51
Chocolate,France,2020-02-01,0.5,2020,5.51
Chocolate,France,2020-03-01,0.5,2020,5.51
Chocolate,France,2020-04-01,0.5,2020,5.51
Chocolate,France,2020-05-01,-0.1,2020,5.51
Chocolate,France,2020-06-01,0.1,2020,5.51
Chocolate,France,2020-07-01,0.1,2020,5.51
Chocolate,France,2020-08-01,0.0,2020,5.51
Chocolate,France,2020-09-01,-0.5,2020,5.51
Chocolate,France,2020-10-01,-0.4,2020,5.51
Chocolate,France,2020-11-01,-0.4,2020,5.51
Chocolate,France,2020-12-01,-0.4,2020,5.51
Chocolate,France,2021-01-01,0.0,2021,6.11
Chocolate,France,2021-02-01,-0.3,2021,6.11
Chocolate,France,2021-03-01,0.0,2021,6.11
Chocolate,France,2021-04-01,-0.1,2021,6.11
Chocolate,France,2021-05-01,0.1,2021,6.11
Chocolate,France,2021-06-01,-0.2,2021,6.11
Chocolate,France,2021-07-01,0.1,2021,6.11
Chocolate,France,2021-08-01,-0.2,2021,6.11
Chocolate,France,2021-09-01,-0.3,2021,6.11
Chocolate,France,2021-10-01,-0.6,2021,6.11
Chocolate,France,2021-11-01,-0.6,2021,6.11
Chocolate,France,2021-12-01,-0.3,2021,6.11
Chocolate,France,2022-01-01,-0.2,2022,5.34
Chocolate,France,2022-02-01,0.2,2022,5.34
Chocolate,France,2022-03-01,0.7,2022,5.34
Chocolate,France,2022-04-01,1.6,2022,5.34
Chocolate,France,2022-05-01,2.2,2022,5.34
Chocolate,France,2022-06-01,2.7,2022,5.34
Chocolate,France,2022-07-01,3.3,2022,5.34
Chocolate,France,2022-08-01,4.5,2022,5.34
Chocolate,France,2022-09-01,5.3,2022,5.34
Chocolate,France,2022-10-01,6.6,2022,5.34
Chocolate,France,2022-11-01,7.2,2022,5.34
Chocolate,France,2022-12-01,7.5,2022,5.34
Chocolate,France,2023-01-01,8.9,2023,5.23
Chocolate,France,2023-02-01,10.3,2023,5.23
Chocolate,France,2023-03-01,12.5,2023,5.23
Chocolate,France,2023-04-01,13.4,2023,5.23
Chocolate,France,2023-05-01,13.7,2023,5.23
Chocolate,France,2023-06-01,13.4,2023,5.23
Chocolate,France,2023-07-01,13.1,2023,5.23
Chocolate,France,2023-08-01,12.6,2023,5.23
Chocolate,France,2023-09-01,11.5,2023,5.23
Chocolate,France,2023-10-01,10.6,2023,5.23
Chocolate,France,2023-11-01,9.6,2023,5.23
Chocolate,France,2023-12-01,9.2,2023,5.23
Chocolate,France,2024-01-01,7.7,2024,4.23
Chocolate,France,2024-02-01,6.2,2024,4.23
Chocolate,France,2024-03-01,4.9,2024,4.23
Chocolate,France,2024-04-01,4.5,2024,4.23
Chocolate,France,2024-05-01,4.1,2024,4.23
Chocolate,France,2024-06-01,4.1,2024,4.23
Chocolate,France,2024-07-01,4.1,2024,4.23
Chocolate,France,2024-08-01,6.5,2024,4.23
Chocolate,France,2024-09-01,8.4,2024,4.23
Chocolate,France,2024-10-01,9.0,2024,4.23
Chocolate,France,2024-11-01,9.7,2024,4.23
Chocolate,France,2024-12-01,10.3,2024,4.23
Chocolate,France,2025-01-01,10.2,2025,4.76
Chocolate,France,2025-02-01,11.1,2025,4.76
Chocolate,France,2025-03-01,10.7,2025,4.76
Chocolate,France,2025-04-01,15.7,2025,4.76
Chocolate,France,2025-05-01,17.9,2025,4.76
Chocolate,France,2025-06-01,18.0,2025,4.76
Chocolate,France,2025-07-01,17.5,2025,4.76
Chocolate,France,2025-08-01,14.7,2025,4.76
Chocolate,France,2025-09-01,13.7,2025,4.76
Chocolate,France,2025-10-01,12.9,2025,4.76
Chocolate,France,2025-11-01,13.0,2025,4.76
Chocolate,France,2025-12-01,12.2,2025,4.76
Chocolate,Italy,2019-01-01,1.3,2019,2.17
Chocolate,Italy,2019-02-01,0.6,2019,2.17
Chocolate,Italy,2019-03-01,1.1,2019,2.17
Chocolate,Italy,2019-04-01,0.3,2019,2.17
Chocolate,Italy,2019-05-01,1.0,2019,2.17
Chocolate,Italy,2019-06-01,0.5,2019,2.17
Chocolate,Italy,2019-07-01,0.9,2019,2.17
Chocolate,Italy,2019-08-01,0.7,2019,2.17
Chocolate,Italy,2019-09-01,0.6,2019,2.17
Chocolate,Italy,2019-10-01,0.7,2019,2.17
Chocolate,Italy,2019-11-01,0.6,2019,2.17
Chocolate,Italy,2019-12-01,0.9,2019,2.17
Chocolate,Italy,2020-01-01,0.7,2020,2.2
Chocolate,Italy,2020-02-01,-1.0,2020,2.2
Chocolate,Italy,2020-03-01,0.0,2020,2.2
Chocolate,Italy,2020-04-01,0.3,2020,2.2
Chocolate,Italy,2020-05-01,-0.4,2020,2.2
Chocolate,Italy,2020-06-01,-1.1,2020,2.2
Chocolate,Italy,2020-07-01,-1.8,2020,2.2
Chocolate,Italy,2020-08-01,-2.5,2020,2.2
Chocolate,Italy,2020-09-01,-3.4,2020,2.2
Chocolate,Italy,2020-10-01,-3.3,2020,2.2
Chocolate,Italy,2020-11-01,-2.7,2020,2.2
Chocolate,Italy,2020-12-01,-3.5,2020,2.2
Chocolate,Italy,2021-01-01,-4.3,2021,2.82
Chocolate,Italy,2021-02-01,-4.0,2021,2.82
Chocolate,Italy,2021-03-01,-4.3,2021,2.82
Chocolate,Italy,2021-04-01,-4.1,2021,2.82
Chocolate,Italy,2021-05-01,-4.1,2021,2.82
Chocolate,Italy,2021-06-01,-3.4,2021,2.82
Chocolate,Italy,2021-07-01,-2.8,2021,2.82
Chocolate,Italy,2021-08-01,-2.1,2021,2.82
Chocolate,Italy,2021-09-01,-1.8,2021,2.82
Chocolate,Italy,2021-10-01,-1.4,2021,2.82
Chocolate,Italy,2021-11-01,-2.3,2021,2.82
Chocolate,Italy,2021-12-01,-1.5,2021,2.82
Chocolate,Italy,2022-01-01,-2.2,2022,2.61
Chocolate,Italy,2022-02-01,-2.0,2022,2.61
Chocolate,Italy,2022-03-01,-1.8,2022,2.61
Chocolate,Italy,2022-04-01,-1.3,2022,2.61
Chocolate,Italy,2022-05-01,-0.9,2022,2.61
Chocolate,Italy,2022-06-01,-0.9,2022,2.61
Chocolate,Italy,2022-07-01,-0.4,2022,2.61
Chocolate,Italy,2022-08-01,0.1,2022,2.61
Chocolate,Italy,2022-09-01,1.6,2022,2.61
Chocolate,Italy,2022-10-01,2.5,2022,2.61
Chocolate,Italy,2022-11-01,3.6,2022,2.61
Chocolate,Italy,2022-12-01,4.8,2022,2.61
Chocolate,Italy,2023-01-01,6.5,2023,2.38
Chocolate,Italy,2023-02-01,7.5,2023,2.38
Chocolate,Italy,2023-03-01,7.3,2023,2.38
Chocolate,Italy,2023-04-01,7.4,2023,2.38
Chocolate,Italy,2023-05-01,6.0,2023,2.38
Chocolate,Italy,2023-06-01,6.5,2023,2.38
Chocolate,Italy,2023-07-01,6.2,2023,2.38
Chocolate,Italy,2023-08-01,5.7,2023,2.38
Chocolate,Italy,2023-09-01,4.9,2023,2.38
Chocolate,Italy,2023-10-01,4.5,2023,2.38
Chocolate,Italy,2023-11-01,4.1,2023,2.38
Chocolate,Italy,2023-12-01,2.2,2023,2.38
Chocolate,Italy,2024-01-01,2.2,2024,2.34
Chocolate,Italy,2024-02-01,1.7,2024,2.34
Chocolate,Italy,2024-03-01,1.7,2024,2.34
Chocolate,Italy,2024-04-01,0.6,2024,2.34
Chocolate,Italy,2024-05-01,1.9,2024,2.34
Chocolate,Italy,2024-06-01,1.3,2024,2.34
Chocolate,Italy,2024-07-01,1.7,2024,2.34
Chocolate,Italy,2024-08-01,3.4,2024,2.34
Chocolate,Italy,2024-09-01,5.5,2024,2.34
Chocolate,Italy,2024-10-01,8.3,2024,2.34
Chocolate,Italy,2024-11-01,8.5,2024,2.34
Chocolate,Italy,2024-12-01,8.9,2024,2.34
Chocolate,Italy,2025-01-01,9.1,2025,2.52
Chocolate,Italy,2025-02-01,9.6,2025,2.52
Chocolate,Italy,2025-03-01,9.6,2025,2.52
Chocolate,Italy,2025-04-01,12.0,2025,2.52
Chocolate,Italy,2025-05-01,12.0,2025,2.52
Chocolate,Italy,2025-06-01,13.0,2025,2.52
Chocolate,Italy,2025-07-01,13.2,2025,2.52
Chocolate,Italy,2025-08-01,12.6,2025,2.52
Chocolate,Italy,2025-09-01,11.0,2025,2.52
Chocolate,Italy,2025-10-01,10.0,2025,2.52
Chocolate,Italy,2025-11-01,9.1,2025,2.52
Chocolate,Italy,2025-12-01,9.3,2025,2.52
Chocolate,Portugal,2019-01-01,1.3,2019,2.66
Chocolate,Portugal,2019-02-01,0.4,2019,2.66
Chocolate,Portugal,2019-03-01,-4.2,2019,2.66
Chocolate,Portugal,2019-04-01,-2.1,2019,2.66
Chocolate,Portugal,2019-05-01,-0.4,2019,2.66
Chocolate,Portugal,2019-06-01,-0.4,2019,2.66
Chocolate,Portugal,2019-07-01,-0.2,2019,2.66
Chocolate,Portugal,2019-08-01,-1.7,2019,2.66
Chocolate,Portugal,2019-09-01,-2.9,2019,2.66
Chocolate,Portugal,2019-10-01,-2.5,2019,2.66
Chocolate,Portugal,2019-11-01,-1.9,2019,2.66
Chocolate,Portugal,2019-12-01,-2.5,2019,2.66
Chocolate,Portugal,2020-01-01,-4.0,2020,2.88
Chocolate,Portugal,2020-02-01,-2.8,2020,2.88
Chocolate,Portugal,2020-03-01,-2.9,2020,2.88
Chocolate,Portugal,2020-04-01,-8.9,2020,2.88
Chocolate,Portugal,2020-05-01,-5.1,2020,2.88
Chocolate,Portugal,2020-06-01,-7.1,2020,2.88
Chocolate,Portugal,2020-07-01,-2.6,2020,2.88
Chocolate,Portugal,2020-08-01,-4.3,2020,2.88
Chocolate,Portugal,2020-09-01,-0.8,2020,2.88
Chocolate,Portugal,2020-10-01,1.4,2020,2.88
Chocolate,Portugal,2020-11-01,0.4,2020,2.88
Chocolate,Portugal,2020-12-01,-0.6,2020,2.88
Chocolate,Portugal,2021-01-01,-0.4,2021,3.43
Chocolate,Portugal,2021-02-01,1.3,2021,3.43
Chocolate,Portugal,2021-03-01,3.4,2021,3.43
Chocolate,Portugal,2021-04-01,10.4,2021,3.43
Chocolate,Portugal,2021-05-01,4.8,2021,3.43
Chocolate,Portugal,2021-06-01,6.7,2021,3.43
Chocolate,Portugal,2021-07-01,3.1,2021,3.43
Chocolate,Portugal,2021-08-01,4.7,2021,3.43
Chocolate,Portugal,2021-09-01,1.9,2021,3.43
Chocolate,Portugal,2021-10-01,1.2,2021,3.43
Chocolate,Portugal,2021-11-01,0.7,2021,3.43
Chocolate,Portugal,2021-12-01,-1.9,2021,3.43
Chocolate,Portugal,2022-01-01,2.6,2022,3.48
Chocolate,Portugal,2022-02-01,0.5,2022,3.48
Chocolate,Portugal,2022-03-01,-0.7,2022,3.48
Chocolate,Portugal,2022-04-01,-1.1,2022,3.48
Chocolate,Portugal,2022-05-01,1.1,2022,3.48
Chocolate,Portugal,2022-06-01,4.5,2022,3.48
Chocolate,Portugal,2022-07-01,2.2,2022,3.48
Chocolate,Portugal,2022-08-01,4.6,2022,3.48
Chocolate,Portugal,2022-09-01,4.9,2022,3.48
Chocolate,Portugal,2022-10-01,7.6,2022,3.48
Chocolate,Portugal,2022-11-01,4.1,2022,3.48
Chocolate,Portugal,2022-12-01,3.6,2022,3.48
Chocolate,Portugal,2023-01-01,9.1,2023,2.93
Chocolate,Portugal,2023-02-01,9.0,2023,2.93
Chocolate,Portugal,2023-03-01,10.8,2023,2.93
Chocolate,Portugal,2023-04-01,11.6,2023,2.93
Chocolate,Portugal,2023-05-01,8.9,2023,2.93
Chocolate,Portugal,2023-06-01,10.2,2023,2.93
Chocolate,Portugal,2023-07-01,13.7,2023,2.93
Chocolate,Portugal,2023-08-01,11.7,2023,2.93
Chocolate,Portugal,2023-09-01,11.5,2023,2.93
Chocolate,Portugal,2023-10-01,9.2,2023,2.93
Chocolate,Portugal,2023-11-01,11.2,2023,2.93
Chocolate,Portugal,2023-12-01,14.7,2023,2.93
Chocolate,Portugal,2024-01-01,7.0,2024,3.06
Chocolate,Portugal,2024-02-01,1.4,2024,3.06
Chocolate,Portugal,2024-03-01,5.7,2024,3.06
Chocolate,Portugal,2024-04-01,10.0,2024,3.06
Chocolate,Portugal,2024-05-01,9.7,2024,3.06
Chocolate,Portugal,2024-06-01,7.9,2024,3.06
Chocolate,Portugal,2024-07-01,9.5,2024,3.06
Chocolate,Portugal,2024-08-01,12.1,2024,3.06
Chocolate,Portugal,2024-09-01,13.8,2024,3.06
Chocolate,Portugal,2024-10-01,12.0,2024,3.06
Chocolate,Portugal,2024-11-01,15.8,2024,3.06
Chocolate,Portugal,2024-12-01,13.9,2024,3.06
Chocolate,Portugal,2025-01-01,18.5,2025,4.12
Chocolate,Portugal,2025-02-01,25.9,2025,4.12
Chocolate,Portugal,2025-03-01,22.8,2025,4.12
Chocolate,Portugal,2025-04-01,17.8,2025,4.12
Chocolate,Portugal,2025-05-01,19.8,2025,4.12
Chocolate,Portugal,2025-06-01,20.4,2025,4.12
Chocolate,Portugal,2025-07-01,16.6,2025,4.12
Chocolate,Portugal,2025-08-01,14.9,2025,4.12
Chocolate,Portugal,2025-09-01,13.7,2025,4.12
Chocolate,Portugal,2025-10-01,12.5,2025,4.12
Chocolate,Portugal,2025-11-01,11.2,2025,4.12
Chocolate,Portugal,2025-12-01,12.9,2025,4.12
Coffee,Germany,2019-01-01,-2.0,2019,3.46
Coffee,Germany,2019-02-01,-0.8,2019,3.46
Coffee,Germany,2019-03-01,-1.7,2019,3.46
Coffee,Germany,2019-04-01,-4.4,2019,3.46
Coffee,Germany,2019-05-01,-1.4,2019,3.46
Coffee,Germany,2019-06-01,-4.0,2019,3.46
Coffee,Germany,2019-07-01,-2.8,2019,3.46
Coffee,Germany,2019-08-01,-1.4,2019,3.46
Coffee,Germany,2019-09-01,-0.8,2019,3.46
Coffee,Germany,2019-10-01,-0.2,2019,3.46
Coffee,Germany,2019-11-01,-1.0,2019,3.46
Coffee,Germany,2019-12-01,-2.6,2019,3.46
Coffee,Germany,2020-01-01,0.0,2020,3.55
Coffee,Germany,2020-02-01,-1.4,2020,3.55
Coffee,Germany,2020-03-01,-2.1,2020,3.55
Coffee,Germany,2020-04-01,-0.8,2020,3.55
Coffee,Germany,2020-05-01,-0.2,2020,3.55
Coffee,Germany,2020-06-01,1.4,2020,3.55
Coffee,Germany,2020-07-01,-0.8,2020,3.55
Coffee,Germany,2020-08-01,-2.1,2020,3.55
Coffee,Germany,2020-09-01,-3.6,2020,3.55
Coffee,Germany,2020-10-01,-1.0,2020,3.55
Coffee,Germany,2020-11-01,-2.4,2020,3.55
Coffee,Germany,2020-12-01,-0.4,2020,3.55
Coffee,Germany,2021-01-01,0.0,2021,3.97
Coffee,Germany,2021-02-01,0.9,2021,3.97
Coffee,Germany,2021-03-01,1.6,2021,3.97
Coffee,Germany,2021-04-01,5.0,2021,3.97
Coffee,Germany,2021-05-01,1.7,2021,3.97
Coffee,Germany,2021-06-01,1.3,2021,3.97
Coffee,Germany,2021-07-01,4.2,2021,3.97
Coffee,Germany,2021-08-01,3.5,2021,3.97
Coffee,Germany,2021-09-01,5.8,2021,3.97
Coffee,Germany,2021-10-01,5.0,2021,3.97
Coffee,Germany,2021-11-01,6.3,2021,3.97
Coffee,Germany,2021-12-01,7.3,2021,3.97
Coffee,Germany,2022-01-01,5.2,2022,4.19
Coffee,Germany,2022-02-01,6.7,2022,4.19
Coffee,Germany,2022-03-01,8.9,2022,4.19
Coffee,Germany,2022-04-01,8.0,2022,4.19
Coffee,Germany,2022-05-01,13.8,2022,4.19
Coffee,Germany,2022-06-01,16.0,2022,4.19
Coffee,Germany,2022-07-01,14.6,2022,4.19
Coffee,Germany,2022-08-01,19.4,2022,4.19
Coffee,Germany,2022-09-01,19.8,2022,4.19
Coffee,Germany,2022-10-01,18.7,2022,4.19
Coffee,Germany,2022-11-01,17.9,2022,4.19
Coffee,Germany,2022-12-01,18.1,2022,4.19
Coffee,Germany,2023-01-01,18.0,2023,3.48
Coffee,Germany,2023-02-01,13.1,2023,3.48
Coffee,Germany,2023-03-01,10.4,2023,3.48
Coffee,Germany,2023-04-01,8.2,2023,3.48
Coffee,Germany,2023-05-01,2.5,2023,3.48
Coffee,Germany,2023-06-01,2.4,2023,3.48
Coffee,Germany,2023-07-01,2.2,2023,3.48
Coffee,Germany,2023-08-01,-2.0,2023,3.48
Coffee,Germany,2023-09-01,-1.3,2023,3.48
Coffee,Germany,2023-10-01,-2.0,2023,3.48
Coffee,Germany,2023-11-01,-1.3,2023,3.48
Coffee,Germany,2023-12-01,-1.8,2023,3.48
Coffee,Germany,2024-01-01,-4.5,2024,3.6
Coffee,Germany,2024-02-01,-1.9,2024,3.6
Coffee,Germany,2024-03-01,-0.8,2024,3.6
Coffee,Germany,2024-04-01,0.3,2024,3.6
Coffee,Germany,2024-05-01,-0.3,2024,3.6
Coffee,Germany,2024-06-01,-2.1,2024,3.6
Coffee,Germany,2024-07-01,1.1,2024,3.6
Coffee,Germany,2024-08-01,2.7,2024,3.6
Coffee,Germany,2024-09-01,1.9,2024,3.6
Coffee,Germany,2024-10-01,4.1,2024,3.6
Coffee,Germany,2024-11-01,2.9,2024,3.6
Coffee,Germany,2024-12-01,3.8,2024,3.6
Coffee,Germany,2025-01-01,5.3,2025,3.37
Coffee,Germany,2025-02-01,6.8,2025,3.37
Coffee,Germany,2025-03-01,11.2,2025,3.37
Coffee,Germany,2025-04-01,11.6,2025,3.37
Coffee,Germany,2025-05-01,17.7,2025,3.37
Coffee,Germany,2025-06-01,19.9,2025,3.37
Coffee,Germany,2025-07-01,19.9,2025,3.37
Coffee,Germany,2025-08-01,22.8,2025,3.37
Coffee,Germany,2025-09-01,22.0,2025,3.37
Coffee,Germany,2025-10-01,21.3,2025,3.37
Coffee,Germany,2025-11-01,21.2,2025,3.37
Coffee,Germany,2025-12-01,19.9,2025,3.37
Coffee,"Euro area (EA11-1999, EA12-2001, EA13-2007, EA15-2008, EA16-2009, EA17-2011, EA18-2014, EA19-2015, EA20-2023, EA21-2026)",2019-01-01,-1.0,2019,3.41
Coffee,"Euro area (EA11-1999, EA12-2001, EA13-2007, EA15-2008, EA16-2009, EA17-2011, EA18-2014, EA19-2015, EA20-2023, EA21-2026)",2019-02-01,-0.5,2019,3.41
Coffee,"Euro area (EA11-1999, EA12-2001, EA13-2007, EA15-2008, EA16-2009, EA17-2011, EA18-2014, EA19-2015, EA20-2023, EA21-2026)",2019-03-01,-0.3,2019,3.41
Coffee,"Euro area (EA11-1999, EA12-2001, EA13-2007, EA15-2008, EA16-2009, EA17-2011, EA18-2014, EA19-2015, EA20-2023, EA21-2026)",2019-04-01,-1.7,2019,3.41
Coffee,"Euro area (EA11-1999, EA12-2001, EA13-2007, EA15-2008, EA16-2009, EA17-2011, EA18-2014, EA19-2015, EA20-2023, EA21-2026)",2019-05-01,-1.0,2019,3.41
Coffee,"Euro area (EA11-1999, EA12-2001, EA13-2007, EA15-2008, EA16-2009, EA17-2011, EA18-2014, EA19-2015, EA20-2023, EA21-2026)",2019-06-01,-1.9,2019,3.41
Coffee,"Euro area (EA11-1999, EA12-2001, EA13-2007, EA15-2008, EA16-2009, EA17-2011, EA18-2014, EA19-2015, EA20-2023, EA21-2026)",2019-07-01,-1.0,2019,3.41
Coffee,"Euro area (EA11-1999, EA12-2001, EA13-2007, EA15-2008, EA16-2009, EA17-2011, EA18-2014, EA19-2015, EA20-2023, EA21-2026)",2019-08-01,-1.1,2019,3.41
Coffee,"Euro area (EA11-1999, EA12-2001, EA13-2007, EA15-2008, EA16-2009, EA17-2011, EA18-2014, EA19-2015, EA20-2023, EA21-2026)",2019-09-01,-0.9,2019,3.41
Coffee,"Euro area (EA11-1999, EA12-2001, EA13-2007, EA15-2008, EA16-2009, EA17-2011, EA18-2014, EA19-2015, EA20-2023, EA21-2026)",2019-10-01,-1.0,2019,3.41
Coffee,"Euro area (EA11-1999, EA12-2001, EA13-2007, EA15-2008, EA16-2009, EA17-2011, EA18-2014, EA19-2015, EA20-2023, EA21-2026)",2019-11-01,-1.1,2019,3.41
Coffee,"Euro area (EA11-1999, EA12-2001, EA13-2007, EA15-2008, EA16-2009, EA17-2011, EA18-2014, EA19-2015, EA20-2023, EA21-2026)",2019-12-01,-1.4,2019,3.41
Coffee,"Euro area (EA11-1999, EA12-2001, EA13-2007, EA15-2008, EA16-2009, EA17-2011, EA18-2014, EA19-2015, EA20-2023, EA21-2026)",2020-01-01,-0.8,2020,3.43
Coffee,"Euro area (EA11-1999, EA12-2001, EA13-2007, EA15-2008, EA16-2009, EA17-2011, EA18-2014, EA19-2015, EA20-2023, EA21-2026)",2020-02-01,-1.1,2020,3.43
Coffee,"Euro area (EA11-1999, EA12-2001, EA13-2007, EA15-2008, EA16-2009, EA17-2011, EA18-2014, EA19-2015, EA20-2023, EA21-2026)",2020-03-01,-0.9,2020,3.43
Coffee,"Euro area (EA11-1999, EA12-2001, EA13-2007, EA15-2008, EA16-2009, EA17-2011, EA18-2014, EA19-2015, EA20-2023, EA21-2026)",2020-04-01,-0.2,2020,3.43
Coffee,"Euro area (EA11-1999, EA12-2001, EA13-2007, EA15-2008, EA16-2009, EA17-2011, EA18-2014, EA19-2015, EA20-2023, EA21-2026)",2020-05-01,0.0,2020,3.43
Coffee,"Euro area (EA11-1999, EA12-2001, EA13-2007, EA15-2008, EA16-2009, EA17-2011, EA18-2014, EA19-2015, EA20-2023, EA21-2026)",2020-06-01,0.8,2020,3.43
Coffee,"Euro area (EA11-1999, EA12-2001, EA13-2007, EA15-2008, EA16-2009, EA17-2011, EA18-2014, EA19-2015, EA20-2023, EA21-2026)",2020-07-01,-0.4,2020,3.43
Coffee,"Euro area (EA11-1999, EA12-2001, EA13-2007, EA15-2008, EA16-2009, EA17-2011, EA18-2014, EA19-2015, EA20-2023, EA21-2026)",2020-08-01,-0.7,2020,3.43
Coffee,"Euro area (EA11-1999, EA12-2001, EA13-2007, EA15-2008, EA16-2009, EA17-2011, EA18-2014, EA19-2015, EA20-2023, EA21-2026)",2020-09-01,-1.3,2020,3.43
Coffee,"Euro area (EA11-1999, EA12-2001, EA13-2007, EA15-2008, EA16-2009, EA17-2011, EA18-2014, EA19-2015, EA20-2023, EA21-2026)",2020-10-01,-0.4,2020,3.43
Coffee,"Euro area (EA11-1999, EA12-2001, EA13-2007, EA15-2008, EA16-2009, EA17-2011, EA18-2014, EA19-2015, EA20-2023, EA21-2026)",2020-11-01,-0.7,2020,3.43
Coffee,"Euro area (EA11-1999, EA12-2001, EA13-2007, EA15-2008, EA16-2009, EA17-2011, EA18-2014, EA19-2015, EA20-2023, EA21-2026)",2020-12-01,-0.6,2020,3.43
Coffee,"Euro area (EA11-1999, EA12-2001, EA13-2007, EA15-2008, EA16-2009, EA17-2011, EA18-2014, EA19-2015, EA20-2023, EA21-2026)",2021-01-01,-0.3,2021,4.01
Coffee,"Euro area (EA11-1999, EA12-2001, EA13-2007, EA15-2008, EA16-2009, EA17-2011, EA18-2014, EA19-2015, EA20-2023, EA21-2026)",2021-02-01,0.1,2021,4.01
Coffee,"Euro area (EA11-1999, EA12-2001, EA13-2007, EA15-2008, EA16-2009, EA17-2011, EA18-2014, EA19-2015, EA20-2023, EA21-2026)",2021-03-01,-0.6,2021,4.01
Coffee,"Euro area (EA11-1999, EA12-2001, EA13-2007, EA15-2008, EA16-2009, EA17-2011, EA18-2014, EA19-2015, EA20-2023, EA21-2026)",2021-04-01,0.6,2021,4.01
Coffee,"Euro area (EA11-1999, EA12-2001, EA13-2007, EA15-2008, EA16-2009, EA17-2011, EA18-2014, EA19-2015, EA20-2023, EA21-2026)",2021-05-01,-0.5,2021,4.01
Coffee,"Euro area (EA11-1999, EA12-2001, EA13-2007, EA15-2008, EA16-2009, EA17-2011, EA18-2014, EA19-2015, EA20-2023, EA21-2026)",2021-06-01,-0.4,2021,4.01
Coffee,"Euro area (EA11-1999, EA12-2001, EA13-2007, EA15-2008, EA16-2009, EA17-2011, EA18-2014, EA19-2015, EA20-2023, EA21-2026)",2021-07-01,0.9,2021,4.01
Coffee,"Euro area (EA11-1999, EA12-2001, EA13-2007, EA15-2008, EA16-2009, EA17-2011, EA18-2014, EA19-2015, EA20-2023, EA21-2026)",2021-08-01,0.5,2021,4.01
Coffee,"Euro area (EA11-1999, EA12-2001, EA13-2007, EA15-2008, EA16-2009, EA17-2011, EA18-2014, EA19-2015, EA20-2023, EA21-2026)",2021-09-01,1.6,2021,4.01
Coffee,"Euro area (EA11-1999, EA12-2001, EA13-2007, EA15-2008, EA16-2009, EA17-2011, EA18-2014, EA19-2015, EA20-2023, EA21-2026)",2021-10-01,1.9,2021,4.01
Coffee,"Euro area (EA11-1999, EA12-2001, EA13-2007, EA15-2008, EA16-2009, EA17-2011, EA18-2014, EA19-2015, EA20-2023, EA21-2026)",2021-11-01,3.1,2021,4.01
Coffee,"Euro area (EA11-1999, EA12-2001, EA13-2007, EA15-2008, EA16-2009, EA17-2011, EA18-2014, EA19-2015, EA20-2023, EA21-2026)",2021-12-01,4.1,2021,4.01
Coffee,"Euro area (EA11-1999, EA12-2001, EA13-2007, EA15-2008, EA16-2009, EA17-2011, EA18-2014, EA19-2015, EA20-2023, EA21-2026)",2022-01-01,4.6,2022,4.02
Coffee,"Euro area (EA11-1999, EA12-2001, EA13-2007, EA15-2008, EA16-2009, EA17-2011, EA18-2014, EA19-2015, EA20-2023, EA21-2026)",2022-02-01,6.1,2022,4.02
Coffee,"Euro area (EA11-1999, EA12-2001, EA13-2007, EA15-2008, EA16-2009, EA17-2011, EA18-2014, EA19-2015, EA20-2023, EA21-2026)",2022-03-01,8.1,2022,4.02
Coffee,"Euro area (EA11-1999, EA12-2001, EA13-2007, EA15-2008, EA16-2009, EA17-2011, EA18-2014, EA19-2015, EA20-2023, EA21-2026)",2022-04-01,8.8,2022,4.02
Coffee,"Euro area (EA11-1999, EA12-2001, EA13-2007, EA15-2008, EA16-2009, EA17-2011, EA18-2014, EA19-2015, EA20-2023, EA21-2026)",2022-05-01,11.5,2022,4.02
Coffee,"Euro area (EA11-1999, EA12-2001, EA13-2007, EA15-2008, EA16-2009, EA17-2011, EA18-2014, EA19-2015, EA20-2023, EA21-2026)",2022-06-01,12.7,2022,4.02
Coffee,"Euro area (EA11-1999, EA12-2001, EA13-2007, EA15-2008, EA16-2009, EA17-2011, EA18-2014, EA19-2015, EA20-2023, EA21-2026)",2022-07-01,12.9,2022,4.02
Coffee,"Euro area (EA11-1999, EA12-2001, EA13-2007, EA15-2008, EA16-2009, EA17-2011, EA18-2014, EA19-2015, EA20-2023, EA21-2026)",2022-08-01,15.4,2022,4.02
Coffee,"Euro area (EA11-1999, EA12-2001, EA13-2007, EA15-2008, EA16-2009, EA17-2011, EA18-2014, EA19-2015, EA20-2023, EA21-2026)",2022-09-01,15.6,2022,4.02
Coffee,"Euro area (EA11-1999, EA12-2001, EA13-2007, EA15-2008, EA16-2009, EA17-2011, EA18-2014, EA19-2015, EA20-2023, EA21-2026)",2022-10-01,15.4,2022,4.02
Coffee,"Euro area (EA11-1999, EA12-2001, EA13-2007, EA15-2008, EA16-2009, EA17-2011, EA18-2014, EA19-2015, EA20-2023, EA21-2026)",2022-11-01,14.9,2022,4.02
Coffee,"Euro area (EA11-1999, EA12-2001, EA13-2007, EA15-2008, EA16-2009, EA17-2011, EA18-2014, EA19-2015, EA20-2023, EA21-2026)",2022-12-01,15.2,2022,4.02
Coffee,"Euro area (EA11-1999, EA12-2001, EA13-2007, EA15-2008, EA16-2009, EA17-2011, EA18-2014, EA19-2015, EA20-2023, EA21-2026)",2023-01-01,14.6,2023,3.92
Coffee,"Euro area (EA11-1999, EA12-2001, EA13-2007, EA15-2008, EA16-2009, EA17-2011, EA18-2014, EA19-2015, EA20-2023, EA21-2026)",2023-02-01,13.2,2023,3.92
Coffee,"Euro area (EA11-1999, EA12-2001, EA13-2007, EA15-2008, EA16-2009, EA17-2011, EA18-2014, EA19-2015, EA20-2023, EA21-2026)",2023-03-01,11.5,2023,3.92
Coffee,"Euro area (EA11-1999, EA12-2001, EA13-2007, EA15-2008, EA16-2009, EA17-2011, EA18-2014, EA19-2015, EA20-2023, EA21-2026)",2023-04-01,10.0,2023,3.92
Coffee,"Euro area (EA11-1999, EA12-2001, EA13-2007, EA15-2008, EA16-2009, EA17-2011, EA18-2014, EA19-2015, EA20-2023, EA21-2026)",2023-05-01,8.2,2023,3.92
Coffee,"Euro area (EA11-1999, EA12-2001, EA13-2007, EA15-2008, EA16-2009, EA17-2011, EA18-2014, EA19-2015, EA20-2023, EA21-2026)",2023-06-01,7.4,2023,3.92
Coffee,"Euro area (EA11-1999, EA12-2001, EA13-2007, EA15-2008, EA16-2009, EA17-2011, EA18-2014, EA19-2015, EA20-2023, EA21-2026)",2023-07-01,6.7,2023,3.92
Coffee,"Euro area (EA11-1999, EA12-2001, EA13-2007, EA15-2008, EA16-2009, EA17-2011, EA18-2014, EA19-2015, EA20-2023, EA21-2026)",2023-08-01,5.1,2023,3.92
Coffee,"Euro area (EA11-1999, EA12-2001, EA13-2007, EA15-2008, EA16-2009, EA17-2011, EA18-2014, EA19-2015, EA20-2023, EA21-2026)",2023-09-01,4.6,2023,3.92
Coffee,"Euro area (EA11-1999, EA12-2001, EA13-2007, EA15-2008, EA16-2009, EA17-2011, EA18-2014, EA19-2015, EA20-2023, EA21-2026)",2023-10-01,3.8,2023,3.92
Coffee,"Euro area (EA11-1999, EA12-2001, EA13-2007, EA15-2008, EA16-2009, EA17-2011, EA18-2014, EA19-2015, EA20-2023, EA21-2026)",2023-11-01,3.2,2023,3.92
Coffee,"Euro area (EA11-1999, EA12-2001, EA13-2007, EA15-2008, EA16-2009, EA17-2011, EA18-2014, EA19-2015, EA20-2023, EA21-2026)",2023-12-01,2.1,2023,3.92
Coffee,"Euro area (EA11-1999, EA12-2001, EA13-2007, EA15-2008, EA16-2009, EA17-2011, EA18-2014, EA19-2015, EA20-2023, EA21-2026)",2024-01-01,1.2,2024,3.95
Coffee,"Euro area (EA11-1999, EA12-2001, EA13-2007, EA15-2008, EA16-2009, EA17-2011, EA18-2014, EA19-2015, EA20-2023, EA21-2026)",2024-02-01,0.4,2024,3.95
Coffee,"Euro area (EA11-1999, EA12-2001, EA13-2007, EA15-2008, EA16-2009, EA17-2011, EA18-2014, EA19-2015, EA20-2023, EA21-2026)",2024-03-01,0.7,2024,3.95
Coffee,"Euro area (EA11-1999, EA12-2001, EA13-2007, EA15-2008, EA16-2009, EA17-2011, EA18-2014, EA19-2015, EA20-2023, EA21-2026)",2024-04-01,1.4,2024,3.95
Coffee,"Euro area (EA11-1999, EA12-2001, EA13-2007, EA15-2008, EA16-2009, EA17-2011, EA18-2014, EA19-2015, EA20-2023, EA21-2026)",2024-05-01,0.3,2024,3.95
Coffee,"Euro area (EA11-1999, EA12-2001, EA13-2007, EA15-2008, EA16-2009, EA17-2011, EA18-2014, EA19-2015, EA20-2023, EA21-2026)",2024-06-01,0.7,2024,3.95
Coffee,"Euro area (EA11-1999, EA12-2001, EA13-2007, EA15-2008, EA16-2009, EA17-2011, EA18-2014, EA19-2015, EA20-2023, EA21-2026)",2024-07-01,2.0,2024,3.95
Coffee,"Euro area (EA11-1999, EA12-2001, EA13-2007, EA15-2008, EA16-2009, EA17-2011, EA18-2014, EA19-2015, EA20-2023, EA21-2026)",2024-08-01,3.6,2024,3.95
Coffee,"Euro area (EA11-1999, EA12-2001, EA13-2007, EA15-2008, EA16-2009, EA17-2011, EA18-2014, EA19-2015, EA20-2023, EA21-2026)",2024-09-01,3.5,2024,3.95
Coffee,"Euro area (EA11-1999, EA12-2001, EA13-2007, EA15-2008, EA16-2009, EA17-2011, EA18-2014, EA19-2015, EA20-2023, EA21-2026)",2024-10-01,4.7,2024,3.95
Coffee,"Euro area (EA11-1999, EA12-2001, EA13-2007, EA15-2008, EA16-2009, EA17-2011, EA18-2014, EA19-2015, EA20-2023, EA21-2026)",2024-11-01,5.7,2024,3.95
Coffee,"Euro area (EA11-1999, EA12-2001, EA13-2007, EA15-2008, EA16-2009, EA17-2011, EA18-2014, EA19-2015, EA20-2023, EA21-2026)",2024-12-01,6.8,2024,3.95
Coffee,"Euro area (EA11-1999, EA12-2001, EA13-2007, EA15-2008, EA16-2009, EA17-2011, EA18-2014, EA19-2015, EA20-2023, EA21-2026)",2025-01-01,8.3,2025,3.9
Coffee,"Euro area (EA11-1999, EA12-2001, EA13-2007, EA15-2008, EA16-2009, EA17-2011, EA18-2014, EA19-2015, EA20-2023, EA21-2026)",2025-02-01,10.9,2025,3.9
Coffee,"Euro area (EA11-1999, EA12-2001, EA13-2007, EA15-2008, EA16-2009, EA17-2011, EA18-2014, EA19-2015, EA20-2023, EA21-2026)",2025-03-01,13.0,2025,3.9
Coffee,"Euro area (EA11-1999, EA12-2001, EA13-2007, EA15-2008, EA16-2009, EA17-2011, EA18-2014, EA19-2015, EA20-2023, EA21-2026)",2025-04-01,15.1,2025,3.9
Coffee,"Euro area (EA11-1999, EA12-2001, EA13-2007, EA15-2008, EA16-2009, EA17-2011, EA18-2014, EA19-2015, EA20-2023, EA21-2026)",2025-05-01,19.1,2025,3.9
Coffee,"Euro area (EA11-1999, EA12-2001, EA13-2007, EA15-2008, EA16-2009, EA17-2011, EA18-2014, EA19-2015, EA20-2023, EA21-2026)",2025-06-01,20.3,2025,3.9
Coffee,"Euro area (EA11-1999, EA12-2001, EA13-2007, EA15-2008, EA16-2009, EA17-2011, EA18-2014, EA19-2015, EA20-2023, EA21-2026)",2025-07-01,20.8,2025,3.9
Coffee,"Euro area (EA11-1999, EA12-2001, EA13-2007, EA15-2008, EA16-2009, EA17-2011, EA18-2014, EA19-2015, EA20-2023, EA21-2026)",2025-08-01,21.0,2025,3.9
Coffee,"Euro area (EA11-1999, EA12-2001, EA13-2007, EA15-2008, EA16-2009, EA17-2011, EA18-2014, EA19-2015, EA20-2023, EA21-2026)",2025-09-01,20.4,2025,3.9
Coffee,"Euro area (EA11-1999, EA12-2001, EA13-2007, EA15-2008, EA16-2009, EA17-2011, EA18-2014, EA19-2015, EA20-2023, EA21-2026)",2025-10-01,20.0,2025,3.9
Coffee,"Euro area (EA11-1999, EA12-2001, EA13-2007, EA15-2008, EA16-2009, EA17-2011, EA18-2014, EA19-2015, EA20-2023, EA21-2026)",2025-11-01,19.0,2025,3.9
Coffee,"Euro area (EA11-1999, EA12-2001, EA13-2007, EA15-2008, EA16-2009, EA17-2011, EA18-2014, EA19-2015, EA20-2023, EA21-2026)",2025-12-01,18.0,2025,3.9
Coffee,Spain,2019-01-01,-0.4,2019,2.54
Coffee,Spain,2019-02-01,-0.5,2019,2.54
Coffee,Spain,2019-03-01,-0.6,2019,2.54
Coffee,Spain,2019-04-01,-1.3,2019,2.54
Coffee,Spain,2019-05-01,-1.1,2019,2.54
Coffee,Spain,2019-06-01,-1.1,2019,2.54
Coffee,Spain,2019-07-01,-0.9,2019,2.54
Coffee,Spain,2019-08-01,-1.8,2019,2.54
Coffee,Spain,2019-09-01,-1.9,2019,2.54
Coffee,Spain,2019-10-01,-1.3,2019,2.54
Coffee,Spain,2019-11-01,-0.2,2019,2.54
Coffee,Spain,2019-12-01,-1.6,2019,2.54
Coffee,Spain,2020-01-01,-0.7,2020,2.77
Coffee,Spain,2020-02-01,-0.8,2020,2.77
Coffee,Spain,2020-03-01,0.3,2020,2.77
Coffee,Spain,2020-04-01,1.1,2020,2.77
Coffee,Spain,2020-05-01,1.2,2020,2.77
Coffee,Spain,2020-06-01,0.7,2020,2.77
Coffee,Spain,2020-07-01,0.2,2020,2.77
Coffee,Spain,2020-08-01,1.4,2020,2.77
Coffee,Spain,2020-09-01,0.6,2020,2.77
Coffee,Spain,2020-10-01,1.0,2020,2.77
Coffee,Spain,2020-11-01,0.0,2020,2.77
Coffee,Spain,2020-12-01,0.3,2020,2.77
Coffee,Spain,2021-01-01,-0.2,2021,3.08
Coffee,Spain,2021-02-01,-0.9,2021,3.08
Coffee,Spain,2021-03-01,-0.9,2021,3.08
Coffee,Spain,2021-04-01,-0.6,2021,3.08
Coffee,Spain,2021-05-01,-0.8,2021,3.08
Coffee,Spain,2021-06-01,-0.7,2021,3.08
Coffee,Spain,2021-07-01,0.3,2021,3.08
Coffee,Spain,2021-08-01,-1.2,2021,3.08
Coffee,Spain,2021-09-01,0.5,2021,3.08
Coffee,Spain,2021-10-01,0.9,2021,3.08
Coffee,Spain,2021-11-01,3.2,2021,3.08
Coffee,Spain,2021-12-01,4.6,2021,3.08
Coffee,Spain,2022-01-01,5.0,2022,3.43
Coffee,Spain,2022-02-01,8.2,2022,3.43
Coffee,Spain,2022-03-01,9.8,2022,3.43
Coffee,Spain,2022-04-01,10.7,2022,3.43
Coffee,Spain,2022-05-01,11.8,2022,3.43
Coffee,Spain,2022-06-01,11.8,2022,3.43
Coffee,Spain,2022-07-01,12.3,2022,3.43
Coffee,Spain,2022-08-01,13.7,2022,3.43
Coffee,Spain,2022-09-01,12.2,2022,3.43
Coffee,Spain,2022-10-01,11.9,2022,3.43
Coffee,Spain,2022-11-01,9.6,2022,3.43
Coffee,Spain,2022-12-01,10.5,2022,3.43
Coffee,Spain,2023-01-01,10.9,2023,4.21
Coffee,Spain,2023-02-01,10.1,2023,4.21
Coffee,Spain,2023-03-01,9.0,2023,4.21
Coffee,Spain,2023-04-01,7.5,2023,4.21
Coffee,Spain,2023-05-01,6.8,2023,4.21
Coffee,Spain,2023-06-01,5.3,2023,4.21
Coffee,Spain,2023-07-01,5.9,2023,4.21
Coffee,Spain,2023-08-01,5.9,2023,4.21
Coffee,Spain,2023-09-01,6.8,2023,4.21
Coffee,Spain,2023-10-01,6.9,2023,4.21
Coffee,Spain,2023-11-01,6.5,2023,4.21
Coffee,Spain,2023-12-01,4.9,2023,4.21
Coffee,Spain,2024-01-01,5.1,2024,3.91
Coffee,Spain,2024-02-01,3.0,2024,3.91
Coffee,Spain,2024-03-01,1.8,2024,3.91
Coffee,Spain,2024-04-01,2.4,2024,3.91
Coffee,Spain,2024-05-01,1.9,2024,3.91
Coffee,Spain,2024-06-01,4.3,2024,3.91
Coffee,Spain,2024-07-01,4.6,2024,3.91
Coffee,Spain,2024-08-01,5.1,2024,3.91
Coffee,Spain,2024-09-01,4.3,2024,3.91
Coffee,Spain,2024-10-01,5.3,2024,3.91
Coffee,Spain,2024-11-01,6.9,2024,3.91
Coffee,Spain,2024-12-01,7.2,2024,3.91
Coffee,Spain,2025-01-01,9.8,2025,3.66
Coffee,Spain,2025-02-01,14.5,2025,3.66
Coffee,Spain,2025-03-01,15.5,2025,3.66
Coffee,Spain,2025-04-01,18.5,2025,3.66
Coffee,Spain,2025-05-01,19.8,2025,3.66
Coffee,Spain,2025-06-01,19.8,2025,3.66
Coffee,Spain,2025-07-01,19.8,2025,3.66
Coffee,Spain,2025-08-01,20.2,2025,3.66
Coffee,Spain,2025-09-01,19.9,2025,3.66
Coffee,Spain,2025-10-01,19.4,2025,3.66
Coffee,Spain,2025-11-01,17.3,2025,3.66
Coffee,Spain,2025-12-01,16.3,2025,3.66
Coffee,France,2019-01-01,0.8,2019,3.31
Coffee,France,2019-02-01,1.1,2019,3.31
Coffee,France,2019-03-01,1.3,2019,3.31
Coffee,France,2019-04-01,1.1,2019,3.31
Coffee,France,2019-05-01,0.9,2019,3.31
Coffee,France,2019-06-01,0.6,2019,3.31
Coffee,France,2019-07-01,0.7,2019,3.31
Coffee,France,2019-08-01,0.4,2019,3.31
Coffee,France,2019-09-01,0.3,2019,3.31
Coffee,France,2019-10-01,0.2,2019,3.31
Coffee,France,2019-11-01,0.0,2019,3.31
Coffee,France,2019-12-01,-0.3,2019,3.31
Coffee,France,2020-01-01,-0.1,2020,3.29
Coffee,France,2020-02-01,-0.1,2020,3.29
Coffee,France,2020-03-01,-0.5,2020,3.29
Coffee,France,2020-04-01,-0.8,2020,3.29
Coffee,France,2020-05-01,0.0,2020,3.29
Coffee,France,2020-06-01,-0.3,2020,3.29
Coffee,France,2020-07-01,0.2,2020,3.29
Coffee,France,2020-08-01,0.1,2020,3.29
Coffee,France,2020-09-01,-0.5,2020,3.29
Coffee,France,2020-10-01,-0.4,2020,3.29
Coffee,France,2020-11-01,-0.2,2020,3.29
Coffee,France,2020-12-01,-0.9,2020,3.29
Coffee,France,2021-01-01,-0.4,2021,3.69
Coffee,France,2021-02-01,-0.7,2021,3.69
Coffee,France,2021-03-01,-0.3,2021,3.69
Coffee,France,2021-04-01,0.1,2021,3.69
Coffee,France,2021-05-01,-1.0,2021,3.69
Coffee,France,2021-06-01,0.1,2021,3.69
Coffee,France,2021-07-01,-0.3,2021,3.69
Coffee,France,2021-08-01,-0.1,2021,3.69
Coffee,France,2021-09-01,-0.3,2021,3.69
Coffee,France,2021-10-01,-0.2,2021,3.69
Coffee,France,2021-11-01,0.3,2021,3.69
Coffee,France,2021-12-01,2.0,2021,3.69
Coffee,France,2022-01-01,1.9,2022,3.51
Coffee,France,2022-02-01,2.7,2022,3.51
Coffee,France,2022-03-01,3.5,2022,3.51
Coffee,France,2022-04-01,6.2,2022,3.51
Coffee,France,2022-05-01,9.1,2022,3.51
Coffee,France,2022-06-01,8.7,2022,3.51
Coffee,France,2022-07-01,10.5,2022,3.51
Coffee,France,2022-08-01,11.2,2022,3.51
Coffee,France,2022-09-01,12.1,2022,3.51
Coffee,France,2022-10-01,13.5,2022,3.51
Coffee,France,2022-11-01,14.5,2022,3.51
Coffee,France,2022-12-01,15.1,2022,3.51
Coffee,France,2023-01-01,15.3,2023,3.61
Coffee,France,2023-02-01,16.0,2023,3.61
Coffee,France,2023-03-01,16.2,2023,3.61
Coffee,France,2023-04-01,14.4,2023,3.61
Coffee,France,2023-05-01,13.4,2023,3.61
Coffee,France,2023-06-01,13.5,2023,3.61
Coffee,France,2023-07-01,12.2,2023,3.61
Coffee,France,2023-08-01,11.5,2023,3.61
Coffee,France,2023-09-01,10.7,2023,3.61
Coffee,France,2023-10-01,9.3,2023,3.61
Coffee,France,2023-11-01,7.7,2023,3.61
Coffee,France,2023-12-01,6.5,2023,3.61
Coffee,France,2024-01-01,5.8,2024,3.96
Coffee,France,2024-02-01,3.8,2024,3.96
Coffee,France,2024-03-01,2.5,2024,3.96
Coffee,France,2024-04-01,1.6,2024,3.96
Coffee,France,2024-05-01,0.5,2024,3.96
Coffee,France,2024-06-01,0.0,2024,3.96
Coffee,France,2024-07-01,-0.4,2024,3.96
Coffee,France,2024-08-01,0.2,2024,3.96
Coffee,France,2024-09-01,0.4,2024,3.96
Coffee,France,2024-10-01,1.1,2024,3.96
Coffee,France,2024-11-01,1.8,2024,3.96
Coffee,France,2024-12-01,2.0,2024,3.96
Coffee,France,2025-01-01,2.5,2025,4.02
Coffee,France,2025-02-01,3.2,2025,4.02
Coffee,France,2025-03-01,4.9,2025,4.02
Coffee,France,2025-04-01,10.5,2025,4.02
Coffee,France,2025-05-01,14.3,2025,4.02
Coffee,France,2025-06-01,16.0,2025,4.02
Coffee,France,2025-07-01,16.3,2025,4.02
Coffee,France,2025-08-01,17.1,2025,4.02
Coffee,France,2025-09-01,18.0,2025,4.02
Coffee,France,2025-10-01,18.0,2025,4.02
Coffee,France,2025-11-01,17.9,2025,4.02
Coffee,France,2025-12-01,17.8,2025,4.02
Coffee,Italy,2019-01-01,-1.6,2019,4.0
Coffee,Italy,2019-02-01,-0.9,2019,4.0
Coffee,Italy,2019-03-01,-0.7,2019,4.0
Coffee,Italy,2019-04-01,-1.2,2019,4.0
Coffee,Italy,2019-05-01,-1.2,2019,4.0
Coffee,Italy,2019-06-01,-0.8,2019,4.0
Coffee,Italy,2019-07-01,-0.1,2019,4.0
Coffee,Italy,2019-08-01,-1.2,2019,4.0
Coffee,Italy,2019-09-01,-0.5,2019,4.0
Coffee,Italy,2019-10-01,-1.0,2019,4.0
Coffee,Italy,2019-11-01,-1.5,2019,4.0
Coffee,Italy,2019-12-01,-0.8,2019,4.0
Coffee,Italy,2020-01-01,-1.7,2020,4.05
Coffee,Italy,2020-02-01,-1.6,2020,4.05
Coffee,Italy,2020-03-01,-0.4,2020,4.05
Coffee,Italy,2020-04-01,0.0,2020,4.05
Coffee,Italy,2020-05-01,-0.4,2020,4.05
Coffee,Italy,2020-06-01,-0.4,2020,4.05
Coffee,Italy,2020-07-01,-2.1,2020,4.05
Coffee,Italy,2020-08-01,-1.6,2020,4.05
Coffee,Italy,2020-09-01,-2.5,2020,4.05
Coffee,Italy,2020-10-01,-1.9,2020,4.05
Coffee,Italy,2020-11-01,-1.3,2020,4.05
Coffee,Italy,2020-12-01,-1.8,2020,4.05
Coffee,Italy,2021-01-01,-1.3,2021,5.01
Coffee,Italy,2021-02-01,-1.0,2021,5.01
Coffee,Italy,2021-03-01,-2.1,2021,5.01
Coffee,Italy,2021-04-01,-2.5,2021,5.01
Coffee,Italy,2021-05-01,-2.8,2021,5.01
Coffee,Italy,2021-06-01,-2.4,2021,5.01
Coffee,Italy,2021-07-01,-0.9,2021,5.01
Coffee,Italy,2021-08-01,-0.9,2021,5.01
Coffee,Italy,2021-09-01,-0.3,2021,5.01
Coffee,Italy,2021-10-01,-0.6,2021,5.01
Coffee,Italy,2021-11-01,-0.5,2021,5.01
Coffee,Italy,2021-12-01,1.2,2021,5.01
Coffee,Italy,2022-01-01,1.6,2022,4.67
Coffee,Italy,2022-02-01,2.1,2022,4.67
Coffee,Italy,2022-03-01,2.6,2022,4.67
Coffee,Italy,2022-04-01,3.8,2022,4.67
Coffee,Italy,2022-05-01,5.1,2022,4.67
Coffee,Italy,2022-06-01,6.1,2022,4.67
Coffee,Italy,2022-07-01,5.7,2022,4.67
Coffee,Italy,2022-08-01,6.6,2022,4.67
Coffee,Italy,2022-09-01,7.6,2022,4.67
Coffee,Italy,2022-10-01,8.4,2022,4.67
Coffee,Italy,2022-11-01,9.3,2022,4.67
Coffee,Italy,2022-12-01,9.3,2022,4.67
Coffee,Italy,2023-01-01,8.7,2023,4.57
Coffee,Italy,2023-02-01,9.0,2023,4.57
Coffee,Italy,2023-03-01,8.6,2023,4.57
Coffee,Italy,2023-04-01,7.4,2023,4.57
Coffee,Italy,2023-05-01,7.8,2023,4.57
Coffee,Italy,2023-06-01,6.5,2023,4.57
Coffee,Italy,2023-07-01,6.6,2023,4.57
Coffee,Italy,2023-08-01,6.2,2023,4.57
Coffee,Italy,2023-09-01,5.2,2023,4.57
Coffee,Italy,2023-10-01,4.1,2023,4.57
Coffee,Italy,2023-11-01,3.2,2023,4.57
Coffee,Italy,2023-12-01,2.2,2023,4.57
Coffee,Italy,2024-01-01,2.4,2024,4.56
Coffee,Italy,2024-02-01,1.5,2024,4.56
Coffee,Italy,2024-03-01,2.6,2024,4.56
Coffee,Italy,2024-04-01,2.5,2024,4.56
Coffee,Italy,2024-05-01,2.1,2024,4.56
Coffee,Italy,2024-06-01,4.0,2024,4.56
Coffee,Italy,2024-07-01,6.0,2024,4.56
Coffee,Italy,2024-08-01,8.7,2024,4.56
Coffee,Italy,2024-09-01,9.1,2024,4.56
Coffee,Italy,2024-10-01,11.8,2024,4.56
Coffee,Italy,2024-11-01,13.4,2024,4.56
Coffee,Italy,2024-12-01,14.8,2024,4.56
Coffee,Italy,2025-01-01,15.9,2025,4.6
Coffee,Italy,2025-02-01,18.3,2025,4.6
Coffee,Italy,2025-03-01,19.5,2025,4.6
Coffee,Italy,2025-04-01,21.8,2025,4.6
Coffee,Italy,2025-05-01,24.7,2025,4.6
Coffee,Italy,2025-06-01,24.7,2025,4.6
Coffee,Italy,2025-07-01,23.5,2025,4.6
Coffee,Italy,2025-08-01,22.7,2025,4.6
Coffee,Italy,2025-09-01,22.0,2025,4.6
Coffee,Italy,2025-10-01,20.7,2025,4.6
Coffee,Italy,2025-11-01,18.4,2025,4.6
Coffee,Italy,2025-12-01,17.5,2025,4.6
Coffee,Portugal,2019-01-01,-1.2,2019,2.95
Coffee,Portugal,2019-02-01,2.2,2019,2.95
Coffee,Portugal,2019-03-01,-0.4,2019,2.95
Coffee,Portugal,2019-04-01,1.2,2019,2.95
Coffee,Portugal,2019-05-01,0.7,2019,2.95
Coffee,Portugal,2019-06-01,-1.0,2019,2.95
Coffee,Portugal,2019-07-01,1.5,2019,2.95
Coffee,Portugal,2019-08-01,0.3,2019,2.95
Coffee,Portugal,2019-09-01,-0.4,2019,2.95
Coffee,Portugal,2019-10-01,0.3,2019,2.95
Coffee,Portugal,2019-11-01,1.0,2019,2.95
Coffee,Portugal,2019-12-01,-1.8,2019,2.95
Coffee,Portugal,2020-01-01,1.0,2020,2.7
Coffee,Portugal,2020-02-01,-2.0,2020,2.7
Coffee,Portugal,2020-03-01,-0.6,2020,2.7
Coffee,Portugal,2020-04-01,1.5,2020,2.7
Coffee,Portugal,2020-05-01,0.7,2020,2.7
Coffee,Portugal,2020-06-01,1.9,2020,2.7
Coffee,Portugal,2020-07-01,-1.3,2020,2.7
Coffee,Portugal,2020-08-01,-0.2,2020,2.7
Coffee,Portugal,2020-09-01,-0.3,2020,2.7
Coffee,Portugal,2020-10-01,0.1,2020,2.7
Coffee,Portugal,2020-11-01,-1.9,2020,2.7
Coffee,Portugal,2020-12-01,1.5,2020,2.7
Coffee,Portugal,2021-01-01,0.8,2021,3.32
Coffee,Portugal,2021-02-01,0.4,2021,3.32
Coffee,Portugal,2021-03-01,-0.4,2021,3.32
Coffee,Portugal,2021-04-01,-2.5,2021,3.32
Coffee,Portugal,2021-05-01,-1.4,2021,3.32
Coffee,Portugal,2021-06-01,-1.8,2021,3.32
Coffee,Portugal,2021-07-01,0.2,2021,3.32
Coffee,Portugal,2021-08-01,0.4,2021,3.32
Coffee,Portugal,2021-09-01,-1.3,2021,3.32
Coffee,Portugal,2021-10-01,-0.3,2021,3.32
Coffee,Portugal,2021-11-01,1.2,2021,3.32
Coffee,Portugal,2021-12-01,3.6,2021,3.32
Coffee,Portugal,2022-01-01,5.2,2022,3.32
Coffee,Portugal,2022-02-01,5.2,2022,3.32
Coffee,Portugal,2022-03-01,7.5,2022,3.32
Coffee,Portugal,2022-04-01,7.3,2022,3.32
Coffee,Portugal,2022-05-01,5.4,2022,3.32
Coffee,Portugal,2022-06-01,8.2,2022,3.32
Coffee,Portugal,2022-07-01,8.6,2022,3.32
Coffee,Portugal,2022-08-01,10.5,2022,3.32
Coffee,Portugal,2022-09-01,13.4,2022,3.32
Coffee,Portugal,2022-10-01,11.5,2022,3.32
Coffee,Portugal,2022-11-01,9.1,2022,3.32
Coffee,Portugal,2022-12-01,8.5,2022,3.32
Coffee,Portugal,2023-01-01,6.9,2023,3.06
Coffee,Portugal,2023-02-01,10.5,2023,3.06
Coffee,Portugal,2023-03-01,8.4,2023,3.06
Coffee,Portugal,2023-04-01,8.4,2023,3.06
Coffee,Portugal,2023-05-01,11.9,2023,3.06
Coffee,Portugal,2023-06-01,10.1,2023,3.06
Coffee,Portugal,2023-07-01,9.5,2023,3.06
Coffee,Portugal,2023-08-01,8.6,2023,3.06
Coffee,Portugal,2023-09-01,6.4,2023,3.06
Coffee,Portugal,2023-10-01,6.7,2023,3.06
Coffee,Portugal,2023-11-01,7.9,2023,3.06
Coffee,Portugal,2023-12-01,5.2,2023,3.06
Coffee,Portugal,2024-01-01,5.9,2024,3.22
Coffee,Portugal,2024-02-01,1.2,2024,3.22
Coffee,Portugal,2024-03-01,3.0,2024,3.22
Coffee,Portugal,2024-04-01,6.3,2024,3.22
Coffee,Portugal,2024-05-01,2.6,2024,3.22
Coffee,Portugal,2024-06-01,1.5,2024,3.22
Coffee,Portugal,2024-07-01,0.4,2024,3.22
Coffee,Portugal,2024-08-01,1.7,2024,3.22
Coffee,Portugal,2024-09-01,2.6,2024,3.22
Coffee,Portugal,2024-10-01,0.3,2024,3.22
Coffee,Portugal,2024-11-01,3.3,2024,3.22
Coffee,Portugal,2024-12-01,6.2,2024,3.22
Coffee,Portugal,2025-01-01,8.7,2025,3.15
Coffee,Portugal,2025-02-01,9.1,2025,3.15
Coffee,Portugal,2025-03-01,7.3,2025,3.15
Coffee,Portugal,2025-04-01,5.9,2025,3.15
Coffee,Portugal,2025-05-01,8.9,2025,3.15
Coffee,Portugal,2025-06-01,10.9,2025,3.15
Coffee,Portugal,2025-07-01,14.3,2025,3.15
Coffee,Portugal,2025-08-01,10.6,2025,3.15
Coffee,Portugal,2025-09-01,9.9,2025,3.15
Coffee,Portugal,2025-10-01,10.3,2025,3.15
Coffee,Portugal,2025-11-01,10.5,2025,3.15
Coffee,Portugal,2025-12-01,6.3,2025,3.15
Wine from grapes,Germany,2019-01-01,2.5,2019,7.93
Wine from grapes,Germany,2019-02-01,2.1,2019,7.93
Wine from grapes,Germany,2019-03-01,1.0,2019,7.93
Wine from grapes,Germany,2019-04-01,0.0,2019,7.93
Wine from grapes,Germany,2019-05-01,0.6,2019,7.93
Wine from grapes,Germany,2019-06-01,-0.3,2019,7.93
Wine from grapes,Germany,2019-07-01,-0.3,2019,7.93
Wine from grapes,Germany,2019-08-01,0.0,2019,7.93
Wine from grapes,Germany,2019-09-01,-0.6,2019,7.93
Wine from grapes,Germany,2019-10-01,-0.4,2019,7.93
Wine from grapes,Germany,2019-11-01,-0.1,2019,7.93
Wine from grapes,Germany,2019-12-01,-0.4,2019,7.93
Wine from grapes,Germany,2020-01-01,-0.2,2020,7.92
Wine from grapes,Germany,2020-02-01,-0.1,2020,7.92
Wine from grapes,Germany,2020-03-01,0.1,2020,7.92
Wine from grapes,Germany,2020-04-01,1.0,2020,7.92
Wine from grapes,Germany,2020-05-01,1.0,2020,7.92
Wine from grapes,Germany,2020-06-01,1.2,2020,7.92
Wine from grapes,Germany,2020-07-01,-1.3,2020,7.92
Wine from grapes,Germany,2020-08-01,-1.3,2020,7.92
Wine from grapes,Germany,2020-09-01,-0.9,2020,7.92
Wine from grapes,Germany,2020-10-01,-1.2,2020,7.92
Wine from grapes,Germany,2020-11-01,-1.1,2020,7.92
Wine from grapes,Germany,2020-12-01,-1.0,2020,7.92
Wine from grapes,Germany,2021-01-01,0.7,2021,8.55
Wine from grapes,Germany,2021-02-01,1.0,2021,8.55
Wine from grapes,Germany,2021-03-01,1.5,2021,8.55
Wine from grapes,Germany,2021-04-01,1.5,2021,8.55
Wine from grapes,Germany,2021-05-01,0.8,2021,8.55
Wine from grapes,Germany,2021-06-01,0.9,2021,8.55
Wine from grapes,Germany,2021-07-01,3.1,2021,8.55
Wine from grapes,Germany,2021-08-01,3.3,2021,8.55
Wine from grapes,Germany,2021-09-01,3.1,2021,8.55
Wine from grapes,Germany,2021-10-01,3.1,2021,8.55
Wine from grapes,Germany,2021-11-01,2.8,2021,8.55
Wine from grapes,Germany,2021-12-01,3.5,2021,8.55
Wine from grapes,Germany,2022-01-01,0.9,2022,8.27
Wine from grapes,Germany,2022-02-01,0.6,2022,8.27
Wine from grapes,Germany,2022-03-01,0.9,2022,8.27
Wine from grapes,Germany,2022-04-01,2.0,2022,8.27
Wine from grapes,Germany,2022-05-01,3.5,2022,8.27
Wine from grapes,Germany,2022-06-01,4.4,2022,8.27
Wine from grapes,Germany,2022-07-01,6.4,2022,8.27
Wine from grapes,Germany,2022-08-01,7.1,2022,8.27
Wine from grapes,Germany,2022-09-01,7.5,2022,8.27
Wine from grapes,Germany,2022-10-01,7.7,2022,8.27
Wine from grapes,Germany,2022-11-01,8.4,2022,8.27
Wine from grapes,Germany,2022-12-01,8.2,2022,8.27
Wine from grapes,Germany,2023-01-01,9.2,2023,6.46
Wine from grapes,Germany,2023-02-01,9.2,2023,6.46
Wine from grapes,Germany,2023-03-01,10.6,2023,6.46
Wine from grapes,Germany,2023-04-01,10.4,2023,6.46
Wine from grapes,Germany,2023-05-01,9.7,2023,6.46
Wine from grapes,Germany,2023-06-01,10.3,2023,6.46
Wine from grapes,Germany,2023-07-01,8.5,2023,6.46
Wine from grapes,Germany,2023-08-01,8.4,2023,6.46
Wine from grapes,Germany,2023-09-01,7.7,2023,6.46
Wine from grapes,Germany,2023-10-01,7.7,2023,6.46
Wine from grapes,Germany,2023-11-01,7.0,2023,6.46
Wine from grapes,Germany,2023-12-01,5.6,2023,6.46
Wine from grapes,Germany,2024-01-01,5.7,2024,6.4
Wine from grapes,Germany,2024-02-01,5.6,2024,6.4
Wine from grapes,Germany,2024-03-01,3.6,2024,6.4
Wine from grapes,Germany,2024-04-01,3.6,2024,6.4
Wine from grapes,Germany,2024-05-01,1.6,2024,6.4
Wine from grapes,Germany,2024-06-01,1.2,2024,6.4
Wine from grapes,Germany,2024-07-01,1.0,2024,6.4
Wine from grapes,Germany,2024-08-01,-0.1,2024,6.4
Wine from grapes,Germany,2024-09-01,0.2,2024,6.4
Wine from grapes,Germany,2024-10-01,0.5,2024,6.4
Wine from grapes,Germany,2024-11-01,0.7,2024,6.4
Wine from grapes,Germany,2024-12-01,1.0,2024,6.4
Wine from grapes,Germany,2025-01-01,0.6,2025,6.68
Wine from grapes,Germany,2025-02-01,-0.1,2025,6.68
Wine from grapes,Germany,2025-03-01,-0.4,2025,6.68
Wine from grapes,Germany,2025-04-01,-1.4,2025,6.68
Wine from grapes,Germany,2025-05-01,1.0,2025,6.68
Wine from grapes,Germany,2025-06-01,-0.2,2025,6.68
Wine from grapes,Germany,2025-07-01,-0.1,2025,6.68
Wine from grapes,Germany,2025-08-01,0.2,2025,6.68
Wine from grapes,Germany,2025-09-01,0.1,2025,6.68
Wine from grapes,Germany,2025-10-01,-0.1,2025,6.68
Wine from grapes,Germany,2025-11-01,-0.2,2025,6.68
Wine from grapes,Germany,2025-12-01,-0.3,2025,6.68
Wine from grapes,"Euro area (EA11-1999, EA12-2001, EA13-2007, EA15-2008, EA16-2009, EA17-2011, EA18-2014, EA19-2015, EA20-2023, EA21-2026)",2019-01-01,2.4,2019,7.34
Wine from grapes,"Euro area (EA11-1999, EA12-2001, EA13-2007, EA15-2008, EA16-2009, EA17-2011, EA18-2014, EA19-2015, EA20-2023, EA21-2026)",2019-02-01,2.1,2019,7.34
Wine from grapes,"Euro area (EA11-1999, EA12-2001, EA13-2007, EA15-2008, EA16-2009, EA17-2011, EA18-2014, EA19-2015, EA20-2023, EA21-2026)",2019-03-01,1.9,2019,7.34
Wine from grapes,"Euro area (EA11-1999, EA12-2001, EA13-2007, EA15-2008, EA16-2009, EA17-2011, EA18-2014, EA19-2015, EA20-2023, EA21-2026)",2019-04-01,0.9,2019,7.34
Wine from grapes,"Euro area (EA11-1999, EA12-2001, EA13-2007, EA15-2008, EA16-2009, EA17-2011, EA18-2014, EA19-2015, EA20-2023, EA21-2026)",2019-05-01,0.9,2019,7.34
Wine from grapes,"Euro area (EA11-1999, EA12-2001, EA13-2007, EA15-2008, EA16-2009, EA17-2011, EA18-2014, EA19-2015, EA20-2023, EA21-2026)",2019-06-01,0.5,2019,7.34
Wine from grapes,"Euro area (EA11-1999, EA12-2001, EA13-2007, EA15-2008, EA16-2009, EA17-2011, EA18-2014, EA19-2015, EA20-2023, EA21-2026)",2019-07-01,0.3,2019,7.34
Wine from grapes,"Euro area (EA11-1999, EA12-2001, EA13-2007, EA15-2008, EA16-2009, EA17-2011, EA18-2014, EA19-2015, EA20-2023, EA21-2026)",2019-08-01,0.3,2019,7.34
Wine from grapes,"Euro area (EA11-1999, EA12-2001, EA13-2007, EA15-2008, EA16-2009, EA17-2011, EA18-2014, EA19-2015, EA20-2023, EA21-2026)",2019-09-01,0.0,2019,7.34
Wine from grapes,"Euro area (EA11-1999, EA12-2001, EA13-2007, EA15-2008, EA16-2009, EA17-2011, EA18-2014, EA19-2015, EA20-2023, EA21-2026)",2019-10-01,0.0,2019,7.34
Wine from grapes,"Euro area (EA11-1999, EA12-2001, EA13-2007, EA15-2008, EA16-2009, EA17-2011, EA18-2014, EA19-2015, EA20-2023, EA21-2026)",2019-11-01,-0.1,2019,7.34
Wine from grapes,"Euro area (EA11-1999, EA12-2001, EA13-2007, EA15-2008, EA16-2009, EA17-2011, EA18-2014, EA19-2015, EA20-2023, EA21-2026)",2019-12-01,-0.1,2019,7.34
Wine from grapes,"Euro area (EA11-1999, EA12-2001, EA13-2007, EA15-2008, EA16-2009, EA17-2011, EA18-2014, EA19-2015, EA20-2023, EA21-2026)",2020-01-01,0.7,2020,7.21
Wine from grapes,"Euro area (EA11-1999, EA12-2001, EA13-2007, EA15-2008, EA16-2009, EA17-2011, EA18-2014, EA19-2015, EA20-2023, EA21-2026)",2020-02-01,0.5,2020,7.21
Wine from grapes,"Euro area (EA11-1999, EA12-2001, EA13-2007, EA15-2008, EA16-2009, EA17-2011, EA18-2014, EA19-2015, EA20-2023, EA21-2026)",2020-03-01,0.8,2020,7.21
Wine from grapes,"Euro area (EA11-1999, EA12-2001, EA13-2007, EA15-2008, EA16-2009, EA17-2011, EA18-2014, EA19-2015, EA20-2023, EA21-2026)",2020-04-01,1.0,2020,7.21
Wine from grapes,"Euro area (EA11-1999, EA12-2001, EA13-2007, EA15-2008, EA16-2009, EA17-2011, EA18-2014, EA19-2015, EA20-2023, EA21-2026)",2020-05-01,0.8,2020,7.21
Wine from grapes,"Euro area (EA11-1999, EA12-2001, EA13-2007, EA15-2008, EA16-2009, EA17-2011, EA18-2014, EA19-2015, EA20-2023, EA21-2026)",2020-06-01,0.9,2020,7.21
Wine from grapes,"Euro area (EA11-1999, EA12-2001, EA13-2007, EA15-2008, EA16-2009, EA17-2011, EA18-2014, EA19-2015, EA20-2023, EA21-2026)",2020-07-01,-0.3,2020,7.21
Wine from grapes,"Euro area (EA11-1999, EA12-2001, EA13-2007, EA15-2008, EA16-2009, EA17-2011, EA18-2014, EA19-2015, EA20-2023, EA21-2026)",2020-08-01,0.0,2020,7.21
Wine from grapes,"Euro area (EA11-1999, EA12-2001, EA13-2007, EA15-2008, EA16-2009, EA17-2011, EA18-2014, EA19-2015, EA20-2023, EA21-2026)",2020-09-01,-0.2,2020,7.21
Wine from grapes,"Euro area (EA11-1999, EA12-2001, EA13-2007, EA15-2008, EA16-2009, EA17-2011, EA18-2014, EA19-2015, EA20-2023, EA21-2026)",2020-10-01,-0.3,2020,7.21
Wine from grapes,"Euro area (EA11-1999, EA12-2001, EA13-2007, EA15-2008, EA16-2009, EA17-2011, EA18-2014, EA19-2015, EA20-2023, EA21-2026)",2020-11-01,-0.2,2020,7.21
Wine from grapes,"Euro area (EA11-1999, EA12-2001, EA13-2007, EA15-2008, EA16-2009, EA17-2011, EA18-2014, EA19-2015, EA20-2023, EA21-2026)",2020-12-01,-0.3,2020,7.21
Wine from grapes,"Euro area (EA11-1999, EA12-2001, EA13-2007, EA15-2008, EA16-2009, EA17-2011, EA18-2014, EA19-2015, EA20-2023, EA21-2026)",2021-01-01,0.1,2021,8.3
Wine from grapes,"Euro area (EA11-1999, EA12-2001, EA13-2007, EA15-2008, EA16-2009, EA17-2011, EA18-2014, EA19-2015, EA20-2023, EA21-2026)",2021-02-01,0.1,2021,8.3
Wine from grapes,"Euro area (EA11-1999, EA12-2001, EA13-2007, EA15-2008, EA16-2009, EA17-2011, EA18-2014, EA19-2015, EA20-2023, EA21-2026)",2021-03-01,-0.1,2021,8.3
Wine from grapes,"Euro area (EA11-1999, EA12-2001, EA13-2007, EA15-2008, EA16-2009, EA17-2011, EA18-2014, EA19-2015, EA20-2023, EA21-2026)",2021-04-01,0.3,2021,8.3
Wine from grapes,"Euro area (EA11-1999, EA12-2001, EA13-2007, EA15-2008, EA16-2009, EA17-2011, EA18-2014, EA19-2015, EA20-2023, EA21-2026)",2021-05-01,0.0,2021,8.3
Wine from grapes,"Euro area (EA11-1999, EA12-2001, EA13-2007, EA15-2008, EA16-2009, EA17-2011, EA18-2014, EA19-2015, EA20-2023, EA21-2026)",2021-06-01,-0.3,2021,8.3
Wine from grapes,"Euro area (EA11-1999, EA12-2001, EA13-2007, EA15-2008, EA16-2009, EA17-2011, EA18-2014, EA19-2015, EA20-2023, EA21-2026)",2021-07-01,0.7,2021,8.3
Wine from grapes,"Euro area (EA11-1999, EA12-2001, EA13-2007, EA15-2008, EA16-2009, EA17-2011, EA18-2014, EA19-2015, EA20-2023, EA21-2026)",2021-08-01,0.7,2021,8.3
Wine from grapes,"Euro area (EA11-1999, EA12-2001, EA13-2007, EA15-2008, EA16-2009, EA17-2011, EA18-2014, EA19-2015, EA20-2023, EA21-2026)",2021-09-01,0.9,2021,8.3
Wine from grapes,"Euro area (EA11-1999, EA12-2001, EA13-2007, EA15-2008, EA16-2009, EA17-2011, EA18-2014, EA19-2015, EA20-2023, EA21-2026)",2021-10-01,1.0,2021,8.3
Wine from grapes,"Euro area (EA11-1999, EA12-2001, EA13-2007, EA15-2008, EA16-2009, EA17-2011, EA18-2014, EA19-2015, EA20-2023, EA21-2026)",2021-11-01,0.8,2021,8.3
Wine from grapes,"Euro area (EA11-1999, EA12-2001, EA13-2007, EA15-2008, EA16-2009, EA17-2011, EA18-2014, EA19-2015, EA20-2023, EA21-2026)",2021-12-01,1.1,2021,8.3
Wine from grapes,"Euro area (EA11-1999, EA12-2001, EA13-2007, EA15-2008, EA16-2009, EA17-2011, EA18-2014, EA19-2015, EA20-2023, EA21-2026)",2022-01-01,0.7,2022,7.63
Wine from grapes,"Euro area (EA11-1999, EA12-2001, EA13-2007, EA15-2008, EA16-2009, EA17-2011, EA18-2014, EA19-2015, EA20-2023, EA21-2026)",2022-02-01,0.9,2022,7.63
Wine from grapes,"Euro area (EA11-1999, EA12-2001, EA13-2007, EA15-2008, EA16-2009, EA17-2011, EA18-2014, EA19-2015, EA20-2023, EA21-2026)",2022-03-01,1.8,2022,7.63
Wine from grapes,"Euro area (EA11-1999, EA12-2001, EA13-2007, EA15-2008, EA16-2009, EA17-2011, EA18-2014, EA19-2015, EA20-2023, EA21-2026)",2022-04-01,1.9,2022,7.63
Wine from grapes,"Euro area (EA11-1999, EA12-2001, EA13-2007, EA15-2008, EA16-2009, EA17-2011, EA18-2014, EA19-2015, EA20-2023, EA21-2026)",2022-05-01,3.5,2022,7.63
Wine from grapes,"Euro area (EA11-1999, EA12-2001, EA13-2007, EA15-2008, EA16-2009, EA17-2011, EA18-2014, EA19-2015, EA20-2023, EA21-2026)",2022-06-01,4.5,2022,7.63
Wine from grapes,"Euro area (EA11-1999, EA12-2001, EA13-2007, EA15-2008, EA16-2009, EA17-2011, EA18-2014, EA19-2015, EA20-2023, EA21-2026)",2022-07-01,5.3,2022,7.63
Wine from grapes,"Euro area (EA11-1999, EA12-2001, EA13-2007, EA15-2008, EA16-2009, EA17-2011, EA18-2014, EA19-2015, EA20-2023, EA21-2026)",2022-08-01,6.0,2022,7.63
Wine from grapes,"Euro area (EA11-1999, EA12-2001, EA13-2007, EA15-2008, EA16-2009, EA17-2011, EA18-2014, EA19-2015, EA20-2023, EA21-2026)",2022-09-01,6.1,2022,7.63
Wine from grapes,"Euro area (EA11-1999, EA12-2001, EA13-2007, EA15-2008, EA16-2009, EA17-2011, EA18-2014, EA19-2015, EA20-2023, EA21-2026)",2022-10-01,6.5,2022,7.63
Wine from grapes,"Euro area (EA11-1999, EA12-2001, EA13-2007, EA15-2008, EA16-2009, EA17-2011, EA18-2014, EA19-2015, EA20-2023, EA21-2026)",2022-11-01,7.0,2022,7.63
Wine from grapes,"Euro area (EA11-1999, EA12-2001, EA13-2007, EA15-2008, EA16-2009, EA17-2011, EA18-2014, EA19-2015, EA20-2023, EA21-2026)",2022-12-01,7.3,2022,7.63
Wine from grapes,"Euro area (EA11-1999, EA12-2001, EA13-2007, EA15-2008, EA16-2009, EA17-2011, EA18-2014, EA19-2015, EA20-2023, EA21-2026)",2023-01-01,7.5,2023,6.74
Wine from grapes,"Euro area (EA11-1999, EA12-2001, EA13-2007, EA15-2008, EA16-2009, EA17-2011, EA18-2014, EA19-2015, EA20-2023, EA21-2026)",2023-02-01,8.0,2023,6.74
Wine from grapes,"Euro area (EA11-1999, EA12-2001, EA13-2007, EA15-2008, EA16-2009, EA17-2011, EA18-2014, EA19-2015, EA20-2023, EA21-2026)",2023-03-01,8.0,2023,6.74
Wine from grapes,"Euro area (EA11-1999, EA12-2001, EA13-2007, EA15-2008, EA16-2009, EA17-2011, EA18-2014, EA19-2015, EA20-2023, EA21-2026)",2023-04-01,8.1,2023,6.74
Wine from grapes,"Euro area (EA11-1999, EA12-2001, EA13-2007, EA15-2008, EA16-2009, EA17-2011, EA18-2014, EA19-2015, EA20-2023, EA21-2026)",2023-05-01,7.1,2023,6.74
Wine from grapes,"Euro area (EA11-1999, EA12-2001, EA13-2007, EA15-2008, EA16-2009, EA17-2011, EA18-2014, EA19-2015, EA20-2023, EA21-2026)",2023-06-01,7.4,2023,6.74
Wine from grapes,"Euro area (EA11-1999, EA12-2001, EA13-2007, EA15-2008, EA16-2009, EA17-2011, EA18-2014, EA19-2015, EA20-2023, EA21-2026)",2023-07-01,6.5,2023,6.74
Wine from grapes,"Euro area (EA11-1999, EA12-2001, EA13-2007, EA15-2008, EA16-2009, EA17-2011, EA18-2014, EA19-2015, EA20-2023, EA21-2026)",2023-08-01,6.0,2023,6.74
Wine from grapes,"Euro area (EA11-1999, EA12-2001, EA13-2007, EA15-2008, EA16-2009, EA17-2011, EA18-2014, EA19-2015, EA20-2023, EA21-2026)",2023-09-01,5.8,2023,6.74
Wine from grapes,"Euro area (EA11-1999, EA12-2001, EA13-2007, EA15-2008, EA16-2009, EA17-2011, EA18-2014, EA19-2015, EA20-2023, EA21-2026)",2023-10-01,5.2,2023,6.74
Wine from grapes,"Euro area (EA11-1999, EA12-2001, EA13-2007, EA15-2008, EA16-2009, EA17-2011, EA18-2014, EA19-2015, EA20-2023, EA21-2026)",2023-11-01,4.9,2023,6.74
Wine from grapes,"Euro area (EA11-1999, EA12-2001, EA13-2007, EA15-2008, EA16-2009, EA17-2011, EA18-2014, EA19-2015, EA20-2023, EA21-2026)",2023-12-01,4.2,2023,6.74
Wine from grapes,"Euro area (EA11-1999, EA12-2001, EA13-2007, EA15-2008, EA16-2009, EA17-2011, EA18-2014, EA19-2015, EA20-2023, EA21-2026)",2024-01-01,4.0,2024,6.81
Wine from grapes,"Euro area (EA11-1999, EA12-2001, EA13-2007, EA15-2008, EA16-2009, EA17-2011, EA18-2014, EA19-2015, EA20-2023, EA21-2026)",2024-02-01,3.6,2024,6.81
Wine from grapes,"Euro area (EA11-1999, EA12-2001, EA13-2007, EA15-2008, EA16-2009, EA17-2011, EA18-2014, EA19-2015, EA20-2023, EA21-2026)",2024-03-01,2.2,2024,6.81
Wine from grapes,"Euro area (EA11-1999, EA12-2001, EA13-2007, EA15-2008, EA16-2009, EA17-2011, EA18-2014, EA19-2015, EA20-2023, EA21-2026)",2024-04-01,2.7,2024,6.81
Wine from grapes,"Euro area (EA11-1999, EA12-2001, EA13-2007, EA15-2008, EA16-2009, EA17-2011, EA18-2014, EA19-2015, EA20-2023, EA21-2026)",2024-05-01,1.9,2024,6.81
Wine from grapes,"Euro area (EA11-1999, EA12-2001, EA13-2007, EA15-2008, EA16-2009, EA17-2011, EA18-2014, EA19-2015, EA20-2023, EA21-2026)",2024-06-01,1.1,2024,6.81
Wine from grapes,"Euro area (EA11-1999, EA12-2001, EA13-2007, EA15-2008, EA16-2009, EA17-2011, EA18-2014, EA19-2015, EA20-2023, EA21-2026)",2024-07-01,1.0,2024,6.81
Wine from grapes,"Euro area (EA11-1999, EA12-2001, EA13-2007, EA15-2008, EA16-2009, EA17-2011, EA18-2014, EA19-2015, EA20-2023, EA21-2026)",2024-08-01,0.8,2024,6.81
Wine from grapes,"Euro area (EA11-1999, EA12-2001, EA13-2007, EA15-2008, EA16-2009, EA17-2011, EA18-2014, EA19-2015, EA20-2023, EA21-2026)",2024-09-01,0.9,2024,6.81
Wine from grapes,"Euro area (EA11-1999, EA12-2001, EA13-2007, EA15-2008, EA16-2009, EA17-2011, EA18-2014, EA19-2015, EA20-2023, EA21-2026)",2024-10-01,1.2,2024,6.81
Wine from grapes,"Euro area (EA11-1999, EA12-2001, EA13-2007, EA15-2008, EA16-2009, EA17-2011, EA18-2014, EA19-2015, EA20-2023, EA21-2026)",2024-11-01,1.0,2024,6.81
Wine from grapes,"Euro area (EA11-1999, EA12-2001, EA13-2007, EA15-2008, EA16-2009, EA17-2011, EA18-2014, EA19-2015, EA20-2023, EA21-2026)",2024-12-01,1.0,2024,6.81
Wine from grapes,"Euro area (EA11-1999, EA12-2001, EA13-2007, EA15-2008, EA16-2009, EA17-2011, EA18-2014, EA19-2015, EA20-2023, EA21-2026)",2025-01-01,1.0,2025,6.69
Wine from grapes,"Euro area (EA11-1999, EA12-2001, EA13-2007, EA15-2008, EA16-2009, EA17-2011, EA18-2014, EA19-2015, EA20-2023, EA21-2026)",2025-02-01,0.4,2025,6.69
Wine from grapes,"Euro area (EA11-1999, EA12-2001, EA13-2007, EA15-2008, EA16-2009, EA17-2011, EA18-2014, EA19-2015, EA20-2023, EA21-2026)",2025-03-01,1.0,2025,6.69
Wine from grapes,"Euro area (EA11-1999, EA12-2001, EA13-2007, EA15-2008, EA16-2009, EA17-2011, EA18-2014, EA19-2015, EA20-2023, EA21-2026)",2025-04-01,-0.6,2025,6.69
Wine from grapes,"Euro area (EA11-1999, EA12-2001, EA13-2007, EA15-2008, EA16-2009, EA17-2011, EA18-2014, EA19-2015, EA20-2023, EA21-2026)",2025-05-01,0.5,2025,6.69
Wine from grapes,"Euro area (EA11-1999, EA12-2001, EA13-2007, EA15-2008, EA16-2009, EA17-2011, EA18-2014, EA19-2015, EA20-2023, EA21-2026)",2025-06-01,0.3,2025,6.69
Wine from grapes,"Euro area (EA11-1999, EA12-2001, EA13-2007, EA15-2008, EA16-2009, EA17-2011, EA18-2014, EA19-2015, EA20-2023, EA21-2026)",2025-07-01,0.5,2025,6.69
Wine from grapes,"Euro area (EA11-1999, EA12-2001, EA13-2007, EA15-2008, EA16-2009, EA17-2011, EA18-2014, EA19-2015, EA20-2023, EA21-2026)",2025-08-01,0.5,2025,6.69
Wine from grapes,"Euro area (EA11-1999, EA12-2001, EA13-2007, EA15-2008, EA16-2009, EA17-2011, EA18-2014, EA19-2015, EA20-2023, EA21-2026)",2025-09-01,0.2,2025,6.69
Wine from grapes,"Euro area (EA11-1999, EA12-2001, EA13-2007, EA15-2008, EA16-2009, EA17-2011, EA18-2014, EA19-2015, EA20-2023, EA21-2026)",2025-10-01,0.4,2025,6.69
Wine from grapes,"Euro area (EA11-1999, EA12-2001, EA13-2007, EA15-2008, EA16-2009, EA17-2011, EA18-2014, EA19-2015, EA20-2023, EA21-2026)",2025-11-01,0.3,2025,6.69
Wine from grapes,"Euro area (EA11-1999, EA12-2001, EA13-2007, EA15-2008, EA16-2009, EA17-2011, EA18-2014, EA19-2015, EA20-2023, EA21-2026)",2025-12-01,0.1,2025,6.69
Wine from grapes,Spain,2019-01-01,6.5,2019,3.62
Wine from grapes,Spain,2019-02-01,4.2,2019,3.62
Wine from grapes,Spain,2019-03-01,2.3,2019,3.62
Wine from grapes,Spain,2019-04-01,0.6,2019,3.62
Wine from grapes,Spain,2019-05-01,-0.3,2019,3.62
Wine from grapes,Spain,2019-06-01,-0.7,2019,3.62
Wine from grapes,Spain,2019-07-01,-1.0,2019,3.62
Wine from grapes,Spain,2019-08-01,-1.0,2019,3.62
Wine from grapes,Spain,2019-09-01,-1.1,2019,3.62
Wine from grapes,Spain,2019-10-01,-1.0,2019,3.62
Wine from grapes,Spain,2019-11-01,-1.5,2019,3.62
Wine from grapes,Spain,2019-12-01,-1.3,2019,3.62
Wine from grapes,Spain,2020-01-01,-0.5,2020,3.5
Wine from grapes,Spain,2020-02-01,0.2,2020,3.5
Wine from grapes,Spain,2020-03-01,0.1,2020,3.5
Wine from grapes,Spain,2020-04-01,0.5,2020,3.5
Wine from grapes,Spain,2020-05-01,0.5,2020,3.5
Wine from grapes,Spain,2020-06-01,0.0,2020,3.5
Wine from grapes,Spain,2020-07-01,0.0,2020,3.5
Wine from grapes,Spain,2020-08-01,-0.4,2020,3.5
Wine from grapes,Spain,2020-09-01,0.1,2020,3.5
Wine from grapes,Spain,2020-10-01,-0.7,2020,3.5
Wine from grapes,Spain,2020-11-01,-0.5,2020,3.5
Wine from grapes,Spain,2020-12-01,-1.2,2020,3.5
Wine from grapes,Spain,2021-01-01,-1.4,2021,5.4
Wine from grapes,Spain,2021-02-01,-2.2,2021,5.4
Wine from grapes,Spain,2021-03-01,-2.3,2021,5.4
Wine from grapes,Spain,2021-04-01,-2.5,2021,5.4
Wine from grapes,Spain,2021-05-01,-2.6,2021,5.4
Wine from grapes,Spain,2021-06-01,-2.6,2021,5.4
Wine from grapes,Spain,2021-07-01,-2.6,2021,5.4
Wine from grapes,Spain,2021-08-01,-2.1,2021,5.4
Wine from grapes,Spain,2021-09-01,-2.2,2021,5.4
Wine from grapes,Spain,2021-10-01,-2.1,2021,5.4
Wine from grapes,Spain,2021-11-01,-2.1,2021,5.4
Wine from grapes,Spain,2021-12-01,-0.3,2021,5.4
Wine from grapes,Spain,2022-01-01,-0.7,2022,4.97
Wine from grapes,Spain,2022-02-01,2.6,2022,4.97
Wine from grapes,Spain,2022-03-01,5.1,2022,4.97
Wine from grapes,Spain,2022-04-01,6.1,2022,4.97
Wine from grapes,Spain,2022-05-01,6.7,2022,4.97
Wine from grapes,Spain,2022-06-01,7.6,2022,4.97
Wine from grapes,Spain,2022-07-01,8.1,2022,4.97
Wine from grapes,Spain,2022-08-01,8.0,2022,4.97
Wine from grapes,Spain,2022-09-01,8.2,2022,4.97
Wine from grapes,Spain,2022-10-01,8.3,2022,4.97
Wine from grapes,Spain,2022-11-01,9.0,2022,4.97
Wine from grapes,Spain,2022-12-01,8.5,2022,4.97
Wine from grapes,Spain,2023-01-01,9.0,2023,5.55
Wine from grapes,Spain,2023-02-01,8.0,2023,5.55
Wine from grapes,Spain,2023-03-01,6.9,2023,5.55
Wine from grapes,Spain,2023-04-01,6.2,2023,5.55
Wine from grapes,Spain,2023-05-01,5.9,2023,5.55
Wine from grapes,Spain,2023-06-01,5.3,2023,5.55
Wine from grapes,Spain,2023-07-01,4.9,2023,5.55
Wine from grapes,Spain,2023-08-01,4.8,2023,5.55
Wine from grapes,Spain,2023-09-01,5.0,2023,5.55
Wine from grapes,Spain,2023-10-01,5.0,2023,5.55
Wine from grapes,Spain,2023-11-01,4.9,2023,5.55
Wine from grapes,Spain,2023-12-01,3.4,2023,5.55
Wine from grapes,Spain,2024-01-01,4.1,2024,4.94
Wine from grapes,Spain,2024-02-01,3.2,2024,4.94
Wine from grapes,Spain,2024-03-01,1.6,2024,4.94
Wine from grapes,Spain,2024-04-01,1.9,2024,4.94
Wine from grapes,Spain,2024-05-01,1.9,2024,4.94
Wine from grapes,Spain,2024-06-01,1.3,2024,4.94
Wine from grapes,Spain,2024-07-01,1.5,2024,4.94
Wine from grapes,Spain,2024-08-01,1.4,2024,4.94
Wine from grapes,Spain,2024-09-01,1.9,2024,4.94
Wine from grapes,Spain,2024-10-01,1.5,2024,4.94
Wine from grapes,Spain,2024-11-01,1.9,2024,4.94
Wine from grapes,Spain,2024-12-01,2.3,2024,4.94
Wine from grapes,Spain,2025-01-01,1.4,2025,4.87
Wine from grapes,Spain,2025-02-01,1.4,2025,4.87
Wine from grapes,Spain,2025-03-01,1.9,2025,4.87
Wine from grapes,Spain,2025-04-01,1.1,2025,4.87
Wine from grapes,Spain,2025-05-01,1.1,2025,4.87
Wine from grapes,Spain,2025-06-01,1.7,2025,4.87
Wine from grapes,Spain,2025-07-01,1.1,2025,4.87
Wine from grapes,Spain,2025-08-01,1.2,2025,4.87
Wine from grapes,Spain,2025-09-01,0.6,2025,4.87
Wine from grapes,Spain,2025-10-01,0.6,2025,4.87
Wine from grapes,Spain,2025-11-01,0.3,2025,4.87
Wine from grapes,Spain,2025-12-01,0.2,2025,4.87
Wine from grapes,France,2019-01-01,3.0,2019,8.77
Wine from grapes,France,2019-02-01,2.9,2019,8.77
Wine from grapes,France,2019-03-01,2.7,2019,8.77
Wine from grapes,France,2019-04-01,2.5,2019,8.77
Wine from grapes,France,2019-05-01,2.1,2019,8.77
Wine from grapes,France,2019-06-01,2.1,2019,8.77
Wine from grapes,France,2019-07-01,2.0,2019,8.77
Wine from grapes,France,2019-08-01,1.6,2019,8.77
Wine from grapes,France,2019-09-01,1.1,2019,8.77
Wine from grapes,France,2019-10-01,0.9,2019,8.77
Wine from grapes,France,2019-11-01,0.8,2019,8.77
Wine from grapes,France,2019-12-01,0.8,2019,8.77
Wine from grapes,France,2020-01-01,1.2,2020,8.53
Wine from grapes,France,2020-02-01,1.5,2020,8.53
Wine from grapes,France,2020-03-01,1.3,2020,8.53
Wine from grapes,France,2020-04-01,0.0,2020,8.53
Wine from grapes,France,2020-05-01,0.2,2020,8.53
Wine from grapes,France,2020-06-01,1.3,2020,8.53
Wine from grapes,France,2020-07-01,1.3,2020,8.53
Wine from grapes,France,2020-08-01,1.5,2020,8.53
Wine from grapes,France,2020-09-01,1.4,2020,8.53
Wine from grapes,France,2020-10-01,0.9,2020,8.53
Wine from grapes,France,2020-11-01,1.3,2020,8.53
Wine from grapes,France,2020-12-01,0.8,2020,8.53
Wine from grapes,France,2021-01-01,1.2,2021,9.09
Wine from grapes,France,2021-02-01,0.8,2021,9.09
Wine from grapes,France,2021-03-01,0.8,2021,9.09
Wine from grapes,France,2021-04-01,2.0,2021,9.09
Wine from grapes,France,2021-05-01,1.8,2021,9.09
Wine from grapes,France,2021-06-01,0.6,2021,9.09
Wine from grapes,France,2021-07-01,0.5,2021,9.09
Wine from grapes,France,2021-08-01,0.6,2021,9.09
Wine from grapes,France,2021-09-01,0.5,2021,9.09
Wine from grapes,France,2021-10-01,0.7,2021,9.09
Wine from grapes,France,2021-11-01,1.1,2021,9.09
Wine from grapes,France,2021-12-01,1.0,2021,9.09
Wine from grapes,France,2022-01-01,1.0,2022,7.47
Wine from grapes,France,2022-02-01,1.3,2022,7.47
Wine from grapes,France,2022-03-01,2.3,2022,7.47
Wine from grapes,France,2022-04-01,2.7,2022,7.47
Wine from grapes,France,2022-05-01,3.7,2022,7.47
Wine from grapes,France,2022-06-01,4.3,2022,7.47
Wine from grapes,France,2022-07-01,5.0,2022,7.47
Wine from grapes,France,2022-08-01,5.5,2022,7.47
Wine from grapes,France,2022-09-01,5.9,2022,7.47
Wine from grapes,France,2022-10-01,6.8,2022,7.47
Wine from grapes,France,2022-11-01,7.2,2022,7.47
Wine from grapes,France,2022-12-01,7.5,2022,7.47
Wine from grapes,France,2023-01-01,8.2,2023,7.39
Wine from grapes,France,2023-02-01,8.8,2023,7.39
Wine from grapes,France,2023-03-01,8.3,2023,7.39
Wine from grapes,France,2023-04-01,8.5,2023,7.39
Wine from grapes,France,2023-05-01,8.0,2023,7.39
Wine from grapes,France,2023-06-01,8.2,2023,7.39
Wine from grapes,France,2023-07-01,7.4,2023,7.39
Wine from grapes,France,2023-08-01,7.1,2023,7.39
Wine from grapes,France,2023-09-01,6.7,2023,7.39
Wine from grapes,France,2023-10-01,5.9,2023,7.39
Wine from grapes,France,2023-11-01,5.1,2023,7.39
Wine from grapes,France,2023-12-01,5.0,2023,7.39
Wine from grapes,France,2024-01-01,4.3,2024,8.4
Wine from grapes,France,2024-02-01,3.5,2024,8.4
Wine from grapes,France,2024-03-01,3.0,2024,8.4
Wine from grapes,France,2024-04-01,2.5,2024,8.4
Wine from grapes,France,2024-05-01,2.3,2024,8.4
Wine from grapes,France,2024-06-01,1.6,2024,8.4
Wine from grapes,France,2024-07-01,1.6,2024,8.4
Wine from grapes,France,2024-08-01,1.4,2024,8.4
Wine from grapes,France,2024-09-01,1.5,2024,8.4
Wine from grapes,France,2024-10-01,1.1,2024,8.4
Wine from grapes,France,2024-11-01,1.1,2024,8.4
Wine from grapes,France,2024-12-01,0.9,2024,8.4
Wine from grapes,France,2025-01-01,0.6,2025,7.59
Wine from grapes,France,2025-02-01,0.8,2025,7.59
Wine from grapes,France,2025-03-01,0.7,2025,7.59
Wine from grapes,France,2025-04-01,0.3,2025,7.59
Wine from grapes,France,2025-05-01,0.1,2025,7.59
Wine from grapes,France,2025-06-01,0.1,2025,7.59
Wine from grapes,France,2025-07-01,0.1,2025,7.59
Wine from grapes,France,2025-08-01,0.1,2025,7.59
Wine from grapes,France,2025-09-01,0.0,2025,7.59
Wine from grapes,France,2025-10-01,0.2,2025,7.59
Wine from grapes,France,2025-11-01,0.2,2025,7.59
Wine from grapes,France,2025-12-01,0.3,2025,7.59
Wine from grapes,Italy,2019-01-01,1.3,2019,6.34
Wine from grapes,Italy,2019-02-01,1.8,2019,6.34
Wine from grapes,Italy,2019-03-01,2.4,2019,6.34
Wine from grapes,Italy,2019-04-01,0.0,2019,6.34
Wine from grapes,Italy,2019-05-01,0.1,2019,6.34
Wine from grapes,Italy,2019-06-01,-0.1,2019,6.34
Wine from grapes,Italy,2019-07-01,-0.7,2019,6.34
Wine from grapes,Italy,2019-08-01,-1.0,2019,6.34
Wine from grapes,Italy,2019-09-01,-1.1,2019,6.34
Wine from grapes,Italy,2019-10-01,-1.1,2019,6.34
Wine from grapes,Italy,2019-11-01,-1.2,2019,6.34
Wine from grapes,Italy,2019-12-01,-0.3,2019,6.34
Wine from grapes,Italy,2020-01-01,1.6,2020,6.24
Wine from grapes,Italy,2020-02-01,0.4,2020,6.24
Wine from grapes,Italy,2020-03-01,0.9,2020,6.24
Wine from grapes,Italy,2020-04-01,1.3,2020,6.24
Wine from grapes,Italy,2020-05-01,1.2,2020,6.24
Wine from grapes,Italy,2020-06-01,0.4,2020,6.24
Wine from grapes,Italy,2020-07-01,-0.5,2020,6.24
Wine from grapes,Italy,2020-08-01,-0.1,2020,6.24
Wine from grapes,Italy,2020-09-01,-1.1,2020,6.24
Wine from grapes,Italy,2020-10-01,-1.0,2020,6.24
Wine from grapes,Italy,2020-11-01,-1.4,2020,6.24
Wine from grapes,Italy,2020-12-01,-2.1,2020,6.24
Wine from grapes,Italy,2021-01-01,-1.9,2021,7.82
Wine from grapes,Italy,2021-02-01,-2.1,2021,7.82
Wine from grapes,Italy,2021-03-01,-3.3,2021,7.82
Wine from grapes,Italy,2021-04-01,-2.5,2021,7.82
Wine from grapes,Italy,2021-05-01,-3.3,2021,7.82
Wine from grapes,Italy,2021-06-01,-2.6,2021,7.82
Wine from grapes,Italy,2021-07-01,-1.8,2021,7.82
Wine from grapes,Italy,2021-08-01,-2.2,2021,7.82
Wine from grapes,Italy,2021-09-01,-1.4,2021,7.82
Wine from grapes,Italy,2021-10-01,-1.7,2021,7.82
Wine from grapes,Italy,2021-11-01,-1.8,2021,7.82
Wine from grapes,Italy,2021-12-01,-1.2,2021,7.82
Wine from grapes,Italy,2022-01-01,-1.3,2022,7.01
Wine from grapes,Italy,2022-02-01,-0.4,2022,7.01
Wine from grapes,Italy,2022-03-01,0.4,2022,7.01
Wine from grapes,Italy,2022-04-01,0.0,2022,7.01
Wine from grapes,Italy,2022-05-01,2.1,2022,7.01
Wine from grapes,Italy,2022-06-01,3.3,2022,7.01
Wine from grapes,Italy,2022-07-01,3.7,2022,7.01
Wine from grapes,Italy,2022-08-01,4.3,2022,7.01
Wine from grapes,Italy,2022-09-01,4.9,2022,7.01
Wine from grapes,Italy,2022-10-01,5.5,2022,7.01
Wine from grapes,Italy,2022-11-01,5.9,2022,7.01
Wine from grapes,Italy,2022-12-01,6.1,2022,7.01
Wine from grapes,Italy,2023-01-01,5.4,2023,6.0
Wine from grapes,Italy,2023-02-01,5.5,2023,6.0
Wine from grapes,Italy,2023-03-01,5.3,2023,6.0
Wine from grapes,Italy,2023-04-01,5.2,2023,6.0
Wine from grapes,Italy,2023-05-01,4.3,2023,6.0
Wine from grapes,Italy,2023-06-01,4.0,2023,6.0
Wine from grapes,Italy,2023-07-01,3.5,2023,6.0
Wine from grapes,Italy,2023-08-01,3.4,2023,6.0
Wine from grapes,Italy,2023-09-01,3.1,2023,6.0
Wine from grapes,Italy,2023-10-01,2.3,2023,6.0
Wine from grapes,Italy,2023-11-01,2.0,2023,6.0
Wine from grapes,Italy,2023-12-01,1.6,2023,6.0
Wine from grapes,Italy,2024-01-01,1.2,2024,5.34
Wine from grapes,Italy,2024-02-01,0.9,2024,5.34
Wine from grapes,Italy,2024-03-01,-0.6,2024,5.34
Wine from grapes,Italy,2024-04-01,0.6,2024,5.34
Wine from grapes,Italy,2024-05-01,-0.5,2024,5.34
Wine from grapes,Italy,2024-06-01,-1.1,2024,5.34
Wine from grapes,Italy,2024-07-01,-1.3,2024,5.34
Wine from grapes,Italy,2024-08-01,-1.5,2024,5.34
Wine from grapes,Italy,2024-09-01,-1.4,2024,5.34
Wine from grapes,Italy,2024-10-01,-1.7,2024,5.34
Wine from grapes,Italy,2024-11-01,-1.4,2024,5.34
Wine from grapes,Italy,2024-12-01,-2.0,2024,5.34
Wine from grapes,Italy,2025-01-01,-1.4,2025,5.42
Wine from grapes,Italy,2025-02-01,-1.8,2025,5.42
Wine from grapes,Italy,2025-03-01,-0.5,2025,5.42
Wine from grapes,Italy,2025-04-01,-2.7,2025,5.42
Wine from grapes,Italy,2025-05-01,-1.6,2025,5.42
Wine from grapes,Italy,2025-06-01,-1.6,2025,5.42
Wine from grapes,Italy,2025-07-01,-1.7,2025,5.42
Wine from grapes,Italy,2025-08-01,-1.4,2025,5.42
Wine from grapes,Italy,2025-09-01,-1.5,2025,5.42
Wine from grapes,Italy,2025-10-01,-1.4,2025,5.42
Wine from grapes,Italy,2025-11-01,-2.0,2025,5.42
Wine from grapes,Italy,2025-12-01,-1.7,2025,5.42
Wine from grapes,Portugal,2019-01-01,5.1,2019,11.73
Wine from grapes,Portugal,2019-02-01,5.2,2019,11.73
Wine from grapes,Portugal,2019-03-01,4.6,2019,11.73
Wine from grapes,Portugal,2019-04-01,1.9,2019,11.73
Wine from grapes,Portugal,2019-05-01,2.3,2019,11.73
Wine from grapes,Portugal,2019-06-01,1.8,2019,11.73
Wine from grapes,Portugal,2019-07-01,4.1,2019,11.73
Wine from grapes,Portugal,2019-08-01,1.8,2019,11.73
Wine from grapes,Portugal,2019-09-01,1.9,2019,11.73
Wine from grapes,Portugal,2019-10-01,1.0,2019,11.73
Wine from grapes,Portugal,2019-11-01,2.9,2019,11.73
Wine from grapes,Portugal,2019-12-01,-0.6,2019,11.73
Wine from grapes,Portugal,2020-01-01,2.1,2020,11.26
Wine from grapes,Portugal,2020-02-01,-0.5,2020,11.26
Wine from grapes,Portugal,2020-03-01,1.5,2020,11.26
Wine from grapes,Portugal,2020-04-01,1.1,2020,11.26
Wine from grapes,Portugal,2020-05-01,-1.2,2020,11.26
Wine from grapes,Portugal,2020-06-01,2.3,2020,11.26
Wine from grapes,Portugal,2020-07-01,-2.8,2020,11.26
Wine from grapes,Portugal,2020-08-01,-1.3,2020,11.26
Wine from grapes,Portugal,2020-09-01,-2.4,2020,11.26
Wine from grapes,Portugal,2020-10-01,-3.4,2020,11.26
Wine from grapes,Portugal,2020-11-01,-1.4,2020,11.26
Wine from grapes,Portugal,2020-12-01,1.3,2020,11.26
Wine from grapes,Portugal,2021-01-01,-0.1,2021,13.14
Wine from grapes,Portugal,2021-02-01,-2.0,2021,13.14
Wine from grapes,Portugal,2021-03-01,-3.0,2021,13.14
Wine from grapes,Portugal,2021-04-01,-0.8,2021,13.14
Wine from grapes,Portugal,2021-05-01,0.5,2021,13.14
Wine from grapes,Portugal,2021-06-01,-3.3,2021,13.14
Wine from grapes,Portugal,2021-07-01,0.4,2021,13.14
Wine from grapes,Portugal,2021-08-01,-0.4,2021,13.14
Wine from grapes,Portugal,2021-09-01,-0.5,2021,13.14
Wine from grapes,Portugal,2021-10-01,0.9,2021,13.14
Wine from grapes,Portugal,2021-11-01,-0.2,2021,13.14
Wine from grapes,Portugal,2021-12-01,-2.0,2021,13.14
Wine from grapes,Portugal,2022-01-01,-0.7,2022,12.23
Wine from grapes,Portugal,2022-02-01,0.4,2022,12.23
Wine from grapes,Portugal,2022-03-01,3.7,2022,12.23
Wine from grapes,Portugal,2022-04-01,-2.2,2022,12.23
Wine from grapes,Portugal,2022-05-01,4.0,2022,12.23
Wine from grapes,Portugal,2022-06-01,3.8,2022,12.23
Wine from grapes,Portugal,2022-07-01,4.6,2022,12.23
Wine from grapes,Portugal,2022-08-01,5.4,2022,12.23
Wine from grapes,Portugal,2022-09-01,6.2,2022,12.23
Wine from grapes,Portugal,2022-10-01,4.5,2022,12.23
Wine from grapes,Portugal,2022-11-01,5.4,2022,12.23
Wine from grapes,Portugal,2022-12-01,6.3,2022,12.23
Wine from grapes,Portugal,2023-01-01,6.2,2023,10.2
Wine from grapes,Portugal,2023-02-01,6.5,2023,10.2
Wine from grapes,Portugal,2023-03-01,5.7,2023,10.2
Wine from grapes,Portugal,2023-04-01,10.2,2023,10.2
Wine from grapes,Portugal,2023-05-01,3.4,2023,10.2
Wine from grapes,Portugal,2023-06-01,3.3,2023,10.2
Wine from grapes,Portugal,2023-07-01,2.5,2023,10.2
Wine from grapes,Portugal,2023-08-01,2.4,2023,10.2
Wine from grapes,Portugal,2023-09-01,1.9,2023,10.2
Wine from grapes,Portugal,2023-10-01,2.0,2023,10.2
Wine from grapes,Portugal,2023-11-01,1.1,2023,10.2
Wine from grapes,Portugal,2023-12-01,1.9,2023,10.2
Wine from grapes,Portugal,2024-01-01,-0.7,2024,10.11
Wine from grapes,Portugal,2024-02-01,1.0,2024,10.11
Wine from grapes,Portugal,2024-03-01,-2.3,2024,10.11
Wine from grapes,Portugal,2024-04-01,-0.9,2024,10.11
Wine from grapes,Portugal,2024-05-01,-1.2,2024,10.11
Wine from grapes,Portugal,2024-06-01,-0.3,2024,10.11
Wine from grapes,Portugal,2024-07-01,-0.5,2024,10.11
Wine from grapes,Portugal,2024-08-01,1.0,2024,10.11
Wine from grapes,Portugal,2024-09-01,-0.5,2024,10.11
Wine from grapes,Portugal,2024-10-01,1.5,2024,10.11
Wine from grapes,Portugal,2024-11-01,-0.5,2024,10.11
Wine from grapes,Portugal,2024-12-01,-2.4,2024,10.11
Wine from grapes,Portugal,2025-01-01,-1.3,2025,8.73
Wine from grapes,Portugal,2025-02-01,0.1,2025,8.73
Wine from grapes,Portugal,2025-03-01,0.1,2025,8.73
Wine from grapes,Portugal,2025-04-01,-5.1,2025,8.73
Wine from grapes,Portugal,2025-05-01,0.0,2025,8.73
Wine from grapes,Portugal,2025-06-01,-1.0,2025,8.73
Wine from grapes,Portugal,2025-07-01,1.2,2025,8.73
Wine from grapes,Portugal,2025-08-01,-1.9,2025,8.73
Wine from grapes,Portugal,2025-09-01,0.2,2025,8.73
Wine from grapes,Portugal,2025-10-01,1.3,2025,8.73
Wine from grapes,Portugal,2025-11-01,0.6,2025,8.73
Wine from grapes,Portugal,2025-12-01,-0.1,2025,8.73
Cigarettes,Germany,2019-01-01,2.9,2019,18.58
Cigarettes,Germany,2019-02-01,3.0,2019,18.58
Cigarettes,Germany,2019-03-01,4.4,2019,18.58
Cigarettes,Germany,2019-04-01,3.3,2019,18.58
Cigarettes,Germany,2019-05-01,3.6,2019,18.58
Cigarettes,Germany,2019-06-01,3.2,2019,18.58
Cigarettes,Germany,2019-07-01,3.1,2019,18.58
Cigarettes,Germany,2019-08-01,3.2,2019,18.58
Cigarettes,Germany,2019-09-01,4.0,2019,18.58
Cigarettes,Germany,2019-10-01,4.0,2019,18.58
Cigarettes,Germany,2019-11-01,4.1,2019,18.58
Cigarettes,Germany,2019-12-01,4.1,2019,18.58
Cigarettes,Germany,2020-01-01,4.1,2020,18.52
Cigarettes,Germany,2020-02-01,4.0,2020,18.52
Cigarettes,Germany,2020-03-01,2.6,2020,18.52
Cigarettes,Germany,2020-04-01,4.0,2020,18.52
Cigarettes,Germany,2020-05-01,4.0,2020,18.52
Cigarettes,Germany,2020-06-01,6.4,2020,18.52
Cigarettes,Germany,2020-07-01,6.6,2020,18.52
Cigarettes,Germany,2020-08-01,6.6,2020,18.52
Cigarettes,Germany,2020-09-01,6.3,2020,18.52
Cigarettes,Germany,2020-10-01,5.9,2020,18.52
Cigarettes,Germany,2020-11-01,4.0,2020,18.52
Cigarettes,Germany,2020-12-01,4.1,2020,18.52
Cigarettes,Germany,2021-01-01,4.1,2021,20.74
Cigarettes,Germany,2021-02-01,4.1,2021,20.74
Cigarettes,Germany,2021-03-01,4.6,2021,20.74
Cigarettes,Germany,2021-04-01,4.8,2021,20.74
Cigarettes,Germany,2021-05-01,4.2,2021,20.74
Cigarettes,Germany,2021-06-01,1.9,2021,20.74
Cigarettes,Germany,2021-07-01,1.7,2021,20.74
Cigarettes,Germany,2021-08-01,1.7,2021,20.74
Cigarettes,Germany,2021-09-01,1.8,2021,20.74
Cigarettes,Germany,2021-10-01,2.3,2021,20.74
Cigarettes,Germany,2021-11-01,3.7,2021,20.74
Cigarettes,Germany,2021-12-01,3.9,2021,20.74
Cigarettes,Germany,2022-01-01,5.0,2022,20.34
Cigarettes,Germany,2022-02-01,6.2,2022,20.34
Cigarettes,Germany,2022-03-01,6.6,2022,20.34
Cigarettes,Germany,2022-04-01,3.8,2022,20.34
Cigarettes,Germany,2022-05-01,4.3,2022,20.34
Cigarettes,Germany,2022-06-01,4.8,2022,20.34
Cigarettes,Germany,2022-07-01,4.6,2022,20.34
Cigarettes,Germany,2022-08-01,4.8,2022,20.34
Cigarettes,Germany,2022-09-01,4.8,2022,20.34
Cigarettes,Germany,2022-10-01,4.3,2022,20.34
Cigarettes,Germany,2022-11-01,5.6,2022,20.34
Cigarettes,Germany,2022-12-01,7.0,2022,20.34
Cigarettes,Germany,2023-01-01,8.2,2023,15.21
Cigarettes,Germany,2023-02-01,7.6,2023,15.21
Cigarettes,Germany,2023-03-01,7.1,2023,15.21
Cigarettes,Germany,2023-04-01,6.8,2023,15.21
Cigarettes,Germany,2023-05-01,6.5,2023,15.21
Cigarettes,Germany,2023-06-01,6.4,2023,15.21
Cigarettes,Germany,2023-07-01,8.1,2023,15.21
Cigarettes,Germany,2023-08-01,8.2,2023,15.21
Cigarettes,Germany,2023-09-01,8.5,2023,15.21
Cigarettes,Germany,2023-10-01,8.5,2023,15.21
Cigarettes,Germany,2023-11-01,7.8,2023,15.21
Cigarettes,Germany,2023-12-01,6.1,2023,15.21
Cigarettes,Germany,2024-01-01,5.4,2024,13.99
Cigarettes,Germany,2024-02-01,6.3,2024,13.99
Cigarettes,Germany,2024-03-01,6.0,2024,13.99
Cigarettes,Germany,2024-04-01,6.4,2024,13.99
Cigarettes,Germany,2024-05-01,5.8,2024,13.99
Cigarettes,Germany,2024-06-01,5.3,2024,13.99
Cigarettes,Germany,2024-07-01,4.3,2024,13.99
Cigarettes,Germany,2024-08-01,4.8,2024,13.99
Cigarettes,Germany,2024-09-01,4.8,2024,13.99
Cigarettes,Germany,2024-10-01,6.8,2024,13.99
Cigarettes,Germany,2024-11-01,6.8,2024,13.99
Cigarettes,Germany,2024-12-01,6.8,2024,13.99
Cigarettes,Germany,2025-01-01,5.3,2025,14.66
Cigarettes,Germany,2025-02-01,3.6,2025,14.66
Cigarettes,Germany,2025-03-01,3.5,2025,14.66
Cigarettes,Germany,2025-04-01,4.2,2025,14.66
Cigarettes,Germany,2025-05-01,5.3,2025,14.66
Cigarettes,Germany,2025-06-01,5.9,2025,14.66
Cigarettes,Germany,2025-07-01,5.4,2025,14.66
Cigarettes,Germany,2025-08-01,4.7,2025,14.66
Cigarettes,Germany,2025-09-01,4.8,2025,14.66
Cigarettes,Germany,2025-10-01,2.8,2025,14.66
Cigarettes,Germany,2025-11-01,2.9,2025,14.66
Cigarettes,Germany,2025-12-01,3.6,2025,14.66
Cigarettes,"Euro area (EA11-1999, EA12-2001, EA13-2007, EA15-2008, EA16-2009, EA17-2011, EA18-2014, EA19-2015, EA20-2023, EA21-2026)",2019-01-01,4.7,2019,19.04
Cigarettes,"Euro area (EA11-1999, EA12-2001, EA13-2007, EA15-2008, EA16-2009, EA17-2011, EA18-2014, EA19-2015, EA20-2023, EA21-2026)",2019-02-01,5.0,2019,19.04
Cigarettes,"Euro area (EA11-1999, EA12-2001, EA13-2007, EA15-2008, EA16-2009, EA17-2011, EA18-2014, EA19-2015, EA20-2023, EA21-2026)",2019-03-01,4.4,2019,19.04
Cigarettes,"Euro area (EA11-1999, EA12-2001, EA13-2007, EA15-2008, EA16-2009, EA17-2011, EA18-2014, EA19-2015, EA20-2023, EA21-2026)",2019-04-01,4.0,2019,19.04
Cigarettes,"Euro area (EA11-1999, EA12-2001, EA13-2007, EA15-2008, EA16-2009, EA17-2011, EA18-2014, EA19-2015, EA20-2023, EA21-2026)",2019-05-01,4.1,2019,19.04
Cigarettes,"Euro area (EA11-1999, EA12-2001, EA13-2007, EA15-2008, EA16-2009, EA17-2011, EA18-2014, EA19-2015, EA20-2023, EA21-2026)",2019-06-01,3.8,2019,19.04
Cigarettes,"Euro area (EA11-1999, EA12-2001, EA13-2007, EA15-2008, EA16-2009, EA17-2011, EA18-2014, EA19-2015, EA20-2023, EA21-2026)",2019-07-01,3.7,2019,19.04
Cigarettes,"Euro area (EA11-1999, EA12-2001, EA13-2007, EA15-2008, EA16-2009, EA17-2011, EA18-2014, EA19-2015, EA20-2023, EA21-2026)",2019-08-01,3.8,2019,19.04
Cigarettes,"Euro area (EA11-1999, EA12-2001, EA13-2007, EA15-2008, EA16-2009, EA17-2011, EA18-2014, EA19-2015, EA20-2023, EA21-2026)",2019-09-01,4.1,2019,19.04
Cigarettes,"Euro area (EA11-1999, EA12-2001, EA13-2007, EA15-2008, EA16-2009, EA17-2011, EA18-2014, EA19-2015, EA20-2023, EA21-2026)",2019-10-01,4.0,2019,19.04
Cigarettes,"Euro area (EA11-1999, EA12-2001, EA13-2007, EA15-2008, EA16-2009, EA17-2011, EA18-2014, EA19-2015, EA20-2023, EA21-2026)",2019-11-01,5.1,2019,19.04
Cigarettes,"Euro area (EA11-1999, EA12-2001, EA13-2007, EA15-2008, EA16-2009, EA17-2011, EA18-2014, EA19-2015, EA20-2023, EA21-2026)",2019-12-01,5.1,2019,19.04
Cigarettes,"Euro area (EA11-1999, EA12-2001, EA13-2007, EA15-2008, EA16-2009, EA17-2011, EA18-2014, EA19-2015, EA20-2023, EA21-2026)",2020-01-01,5.0,2020,18.99
Cigarettes,"Euro area (EA11-1999, EA12-2001, EA13-2007, EA15-2008, EA16-2009, EA17-2011, EA18-2014, EA19-2015, EA20-2023, EA21-2026)",2020-02-01,4.7,2020,18.99
Cigarettes,"Euro area (EA11-1999, EA12-2001, EA13-2007, EA15-2008, EA16-2009, EA17-2011, EA18-2014, EA19-2015, EA20-2023, EA21-2026)",2020-03-01,4.4,2020,18.99
Cigarettes,"Euro area (EA11-1999, EA12-2001, EA13-2007, EA15-2008, EA16-2009, EA17-2011, EA18-2014, EA19-2015, EA20-2023, EA21-2026)",2020-04-01,4.8,2020,18.99
Cigarettes,"Euro area (EA11-1999, EA12-2001, EA13-2007, EA15-2008, EA16-2009, EA17-2011, EA18-2014, EA19-2015, EA20-2023, EA21-2026)",2020-05-01,5.0,2020,18.99
Cigarettes,"Euro area (EA11-1999, EA12-2001, EA13-2007, EA15-2008, EA16-2009, EA17-2011, EA18-2014, EA19-2015, EA20-2023, EA21-2026)",2020-06-01,5.9,2020,18.99
Cigarettes,"Euro area (EA11-1999, EA12-2001, EA13-2007, EA15-2008, EA16-2009, EA17-2011, EA18-2014, EA19-2015, EA20-2023, EA21-2026)",2020-07-01,5.9,2020,18.99
Cigarettes,"Euro area (EA11-1999, EA12-2001, EA13-2007, EA15-2008, EA16-2009, EA17-2011, EA18-2014, EA19-2015, EA20-2023, EA21-2026)",2020-08-01,5.9,2020,18.99
Cigarettes,"Euro area (EA11-1999, EA12-2001, EA13-2007, EA15-2008, EA16-2009, EA17-2011, EA18-2014, EA19-2015, EA20-2023, EA21-2026)",2020-09-01,5.8,2020,18.99
Cigarettes,"Euro area (EA11-1999, EA12-2001, EA13-2007, EA15-2008, EA16-2009, EA17-2011, EA18-2014, EA19-2015, EA20-2023, EA21-2026)",2020-10-01,5.8,2020,18.99
Cigarettes,"Euro area (EA11-1999, EA12-2001, EA13-2007, EA15-2008, EA16-2009, EA17-2011, EA18-2014, EA19-2015, EA20-2023, EA21-2026)",2020-11-01,5.1,2020,18.99
Cigarettes,"Euro area (EA11-1999, EA12-2001, EA13-2007, EA15-2008, EA16-2009, EA17-2011, EA18-2014, EA19-2015, EA20-2023, EA21-2026)",2020-12-01,5.1,2020,18.99
Cigarettes,"Euro area (EA11-1999, EA12-2001, EA13-2007, EA15-2008, EA16-2009, EA17-2011, EA18-2014, EA19-2015, EA20-2023, EA21-2026)",2021-01-01,5.2,2021,21.05
Cigarettes,"Euro area (EA11-1999, EA12-2001, EA13-2007, EA15-2008, EA16-2009, EA17-2011, EA18-2014, EA19-2015, EA20-2023, EA21-2026)",2021-02-01,5.3,2021,21.05
Cigarettes,"Euro area (EA11-1999, EA12-2001, EA13-2007, EA15-2008, EA16-2009, EA17-2011, EA18-2014, EA19-2015, EA20-2023, EA21-2026)",2021-03-01,4.0,2021,21.05
Cigarettes,"Euro area (EA11-1999, EA12-2001, EA13-2007, EA15-2008, EA16-2009, EA17-2011, EA18-2014, EA19-2015, EA20-2023, EA21-2026)",2021-04-01,4.1,2021,21.05
Cigarettes,"Euro area (EA11-1999, EA12-2001, EA13-2007, EA15-2008, EA16-2009, EA17-2011, EA18-2014, EA19-2015, EA20-2023, EA21-2026)",2021-05-01,3.7,2021,21.05
Cigarettes,"Euro area (EA11-1999, EA12-2001, EA13-2007, EA15-2008, EA16-2009, EA17-2011, EA18-2014, EA19-2015, EA20-2023, EA21-2026)",2021-06-01,2.8,2021,21.05
Cigarettes,"Euro area (EA11-1999, EA12-2001, EA13-2007, EA15-2008, EA16-2009, EA17-2011, EA18-2014, EA19-2015, EA20-2023, EA21-2026)",2021-07-01,2.7,2021,21.05
Cigarettes,"Euro area (EA11-1999, EA12-2001, EA13-2007, EA15-2008, EA16-2009, EA17-2011, EA18-2014, EA19-2015, EA20-2023, EA21-2026)",2021-08-01,2.7,2021,21.05
Cigarettes,"Euro area (EA11-1999, EA12-2001, EA13-2007, EA15-2008, EA16-2009, EA17-2011, EA18-2014, EA19-2015, EA20-2023, EA21-2026)",2021-09-01,2.7,2021,21.05
Cigarettes,"Euro area (EA11-1999, EA12-2001, EA13-2007, EA15-2008, EA16-2009, EA17-2011, EA18-2014, EA19-2015, EA20-2023, EA21-2026)",2021-10-01,2.9,2021,21.05
Cigarettes,"Euro area (EA11-1999, EA12-2001, EA13-2007, EA15-2008, EA16-2009, EA17-2011, EA18-2014, EA19-2015, EA20-2023, EA21-2026)",2021-11-01,2.3,2021,21.05
Cigarettes,"Euro area (EA11-1999, EA12-2001, EA13-2007, EA15-2008, EA16-2009, EA17-2011, EA18-2014, EA19-2015, EA20-2023, EA21-2026)",2021-12-01,2.4,2021,21.05
Cigarettes,"Euro area (EA11-1999, EA12-2001, EA13-2007, EA15-2008, EA16-2009, EA17-2011, EA18-2014, EA19-2015, EA20-2023, EA21-2026)",2022-01-01,2.7,2022,19.76
Cigarettes,"Euro area (EA11-1999, EA12-2001, EA13-2007, EA15-2008, EA16-2009, EA17-2011, EA18-2014, EA19-2015, EA20-2023, EA21-2026)",2022-02-01,2.8,2022,19.76
Cigarettes,"Euro area (EA11-1999, EA12-2001, EA13-2007, EA15-2008, EA16-2009, EA17-2011, EA18-2014, EA19-2015, EA20-2023, EA21-2026)",2022-03-01,2.6,2022,19.76
Cigarettes,"Euro area (EA11-1999, EA12-2001, EA13-2007, EA15-2008, EA16-2009, EA17-2011, EA18-2014, EA19-2015, EA20-2023, EA21-2026)",2022-04-01,1.9,2022,19.76
Cigarettes,"Euro area (EA11-1999, EA12-2001, EA13-2007, EA15-2008, EA16-2009, EA17-2011, EA18-2014, EA19-2015, EA20-2023, EA21-2026)",2022-05-01,2.1,2022,19.76
Cigarettes,"Euro area (EA11-1999, EA12-2001, EA13-2007, EA15-2008, EA16-2009, EA17-2011, EA18-2014, EA19-2015, EA20-2023, EA21-2026)",2022-06-01,2.2,2022,19.76
Cigarettes,"Euro area (EA11-1999, EA12-2001, EA13-2007, EA15-2008, EA16-2009, EA17-2011, EA18-2014, EA19-2015, EA20-2023, EA21-2026)",2022-07-01,2.2,2022,19.76
Cigarettes,"Euro area (EA11-1999, EA12-2001, EA13-2007, EA15-2008, EA16-2009, EA17-2011, EA18-2014, EA19-2015, EA20-2023, EA21-2026)",2022-08-01,2.3,2022,19.76
Cigarettes,"Euro area (EA11-1999, EA12-2001, EA13-2007, EA15-2008, EA16-2009, EA17-2011, EA18-2014, EA19-2015, EA20-2023, EA21-2026)",2022-09-01,2.3,2022,19.76
Cigarettes,"Euro area (EA11-1999, EA12-2001, EA13-2007, EA15-2008, EA16-2009, EA17-2011, EA18-2014, EA19-2015, EA20-2023, EA21-2026)",2022-10-01,2.1,2022,19.76
Cigarettes,"Euro area (EA11-1999, EA12-2001, EA13-2007, EA15-2008, EA16-2009, EA17-2011, EA18-2014, EA19-2015, EA20-2023, EA21-2026)",2022-11-01,2.4,2022,19.76
Cigarettes,"Euro area (EA11-1999, EA12-2001, EA13-2007, EA15-2008, EA16-2009, EA17-2011, EA18-2014, EA19-2015, EA20-2023, EA21-2026)",2022-12-01,3.2,2022,19.76
Cigarettes,"Euro area (EA11-1999, EA12-2001, EA13-2007, EA15-2008, EA16-2009, EA17-2011, EA18-2014, EA19-2015, EA20-2023, EA21-2026)",2023-01-01,3.6,2023,17.19
Cigarettes,"Euro area (EA11-1999, EA12-2001, EA13-2007, EA15-2008, EA16-2009, EA17-2011, EA18-2014, EA19-2015, EA20-2023, EA21-2026)",2023-02-01,3.7,2023,17.19
Cigarettes,"Euro area (EA11-1999, EA12-2001, EA13-2007, EA15-2008, EA16-2009, EA17-2011, EA18-2014, EA19-2015, EA20-2023, EA21-2026)",2023-03-01,5.3,2023,17.19
Cigarettes,"Euro area (EA11-1999, EA12-2001, EA13-2007, EA15-2008, EA16-2009, EA17-2011, EA18-2014, EA19-2015, EA20-2023, EA21-2026)",2023-04-01,5.6,2023,17.19
Cigarettes,"Euro area (EA11-1999, EA12-2001, EA13-2007, EA15-2008, EA16-2009, EA17-2011, EA18-2014, EA19-2015, EA20-2023, EA21-2026)",2023-05-01,5.7,2023,17.19
Cigarettes,"Euro area (EA11-1999, EA12-2001, EA13-2007, EA15-2008, EA16-2009, EA17-2011, EA18-2014, EA19-2015, EA20-2023, EA21-2026)",2023-06-01,6.1,2023,17.19
Cigarettes,"Euro area (EA11-1999, EA12-2001, EA13-2007, EA15-2008, EA16-2009, EA17-2011, EA18-2014, EA19-2015, EA20-2023, EA21-2026)",2023-07-01,6.4,2023,17.19
Cigarettes,"Euro area (EA11-1999, EA12-2001, EA13-2007, EA15-2008, EA16-2009, EA17-2011, EA18-2014, EA19-2015, EA20-2023, EA21-2026)",2023-08-01,6.6,2023,17.19
Cigarettes,"Euro area (EA11-1999, EA12-2001, EA13-2007, EA15-2008, EA16-2009, EA17-2011, EA18-2014, EA19-2015, EA20-2023, EA21-2026)",2023-09-01,6.8,2023,17.19
Cigarettes,"Euro area (EA11-1999, EA12-2001, EA13-2007, EA15-2008, EA16-2009, EA17-2011, EA18-2014, EA19-2015, EA20-2023, EA21-2026)",2023-10-01,6.9,2023,17.19
Cigarettes,"Euro area (EA11-1999, EA12-2001, EA13-2007, EA15-2008, EA16-2009, EA17-2011, EA18-2014, EA19-2015, EA20-2023, EA21-2026)",2023-11-01,6.7,2023,17.19
Cigarettes,"Euro area (EA11-1999, EA12-2001, EA13-2007, EA15-2008, EA16-2009, EA17-2011, EA18-2014, EA19-2015, EA20-2023, EA21-2026)",2023-12-01,5.7,2023,17.19
Cigarettes,"Euro area (EA11-1999, EA12-2001, EA13-2007, EA15-2008, EA16-2009, EA17-2011, EA18-2014, EA19-2015, EA20-2023, EA21-2026)",2024-01-01,7.1,2024,16.56
Cigarettes,"Euro area (EA11-1999, EA12-2001, EA13-2007, EA15-2008, EA16-2009, EA17-2011, EA18-2014, EA19-2015, EA20-2023, EA21-2026)",2024-02-01,8.1,2024,16.56
Cigarettes,"Euro area (EA11-1999, EA12-2001, EA13-2007, EA15-2008, EA16-2009, EA17-2011, EA18-2014, EA19-2015, EA20-2023, EA21-2026)",2024-03-01,6.5,2024,16.56
Cigarettes,"Euro area (EA11-1999, EA12-2001, EA13-2007, EA15-2008, EA16-2009, EA17-2011, EA18-2014, EA19-2015, EA20-2023, EA21-2026)",2024-04-01,6.6,2024,16.56
Cigarettes,"Euro area (EA11-1999, EA12-2001, EA13-2007, EA15-2008, EA16-2009, EA17-2011, EA18-2014, EA19-2015, EA20-2023, EA21-2026)",2024-05-01,6.4,2024,16.56
Cigarettes,"Euro area (EA11-1999, EA12-2001, EA13-2007, EA15-2008, EA16-2009, EA17-2011, EA18-2014, EA19-2015, EA20-2023, EA21-2026)",2024-06-01,7.0,2024,16.56
Cigarettes,"Euro area (EA11-1999, EA12-2001, EA13-2007, EA15-2008, EA16-2009, EA17-2011, EA18-2014, EA19-2015, EA20-2023, EA21-2026)",2024-07-01,7.2,2024,16.56
Cigarettes,"Euro area (EA11-1999, EA12-2001, EA13-2007, EA15-2008, EA16-2009, EA17-2011, EA18-2014, EA19-2015, EA20-2023, EA21-2026)",2024-08-01,7.3,2024,16.56
Cigarettes,"Euro area (EA11-1999, EA12-2001, EA13-2007, EA15-2008, EA16-2009, EA17-2011, EA18-2014, EA19-2015, EA20-2023, EA21-2026)",2024-09-01,7.5,2024,16.56
Cigarettes,"Euro area (EA11-1999, EA12-2001, EA13-2007, EA15-2008, EA16-2009, EA17-2011, EA18-2014, EA19-2015, EA20-2023, EA21-2026)",2024-10-01,8.1,2024,16.56
Cigarettes,"Euro area (EA11-1999, EA12-2001, EA13-2007, EA15-2008, EA16-2009, EA17-2011, EA18-2014, EA19-2015, EA20-2023, EA21-2026)",2024-11-01,8.1,2024,16.56
Cigarettes,"Euro area (EA11-1999, EA12-2001, EA13-2007, EA15-2008, EA16-2009, EA17-2011, EA18-2014, EA19-2015, EA20-2023, EA21-2026)",2024-12-01,8.4,2024,16.56
Cigarettes,"Euro area (EA11-1999, EA12-2001, EA13-2007, EA15-2008, EA16-2009, EA17-2011, EA18-2014, EA19-2015, EA20-2023, EA21-2026)",2025-01-01,7.1,2025,16.81
Cigarettes,"Euro area (EA11-1999, EA12-2001, EA13-2007, EA15-2008, EA16-2009, EA17-2011, EA18-2014, EA19-2015, EA20-2023, EA21-2026)",2025-02-01,6.3,2025,16.81
Cigarettes,"Euro area (EA11-1999, EA12-2001, EA13-2007, EA15-2008, EA16-2009, EA17-2011, EA18-2014, EA19-2015, EA20-2023, EA21-2026)",2025-03-01,6.2,2025,16.81
Cigarettes,"Euro area (EA11-1999, EA12-2001, EA13-2007, EA15-2008, EA16-2009, EA17-2011, EA18-2014, EA19-2015, EA20-2023, EA21-2026)",2025-04-01,6.1,2025,16.81
Cigarettes,"Euro area (EA11-1999, EA12-2001, EA13-2007, EA15-2008, EA16-2009, EA17-2011, EA18-2014, EA19-2015, EA20-2023, EA21-2026)",2025-05-01,6.4,2025,16.81
Cigarettes,"Euro area (EA11-1999, EA12-2001, EA13-2007, EA15-2008, EA16-2009, EA17-2011, EA18-2014, EA19-2015, EA20-2023, EA21-2026)",2025-06-01,5.7,2025,16.81
Cigarettes,"Euro area (EA11-1999, EA12-2001, EA13-2007, EA15-2008, EA16-2009, EA17-2011, EA18-2014, EA19-2015, EA20-2023, EA21-2026)",2025-07-01,5.3,2025,16.81
Cigarettes,"Euro area (EA11-1999, EA12-2001, EA13-2007, EA15-2008, EA16-2009, EA17-2011, EA18-2014, EA19-2015, EA20-2023, EA21-2026)",2025-08-01,4.9,2025,16.81
Cigarettes,"Euro area (EA11-1999, EA12-2001, EA13-2007, EA15-2008, EA16-2009, EA17-2011, EA18-2014, EA19-2015, EA20-2023, EA21-2026)",2025-09-01,4.7,2025,16.81
Cigarettes,"Euro area (EA11-1999, EA12-2001, EA13-2007, EA15-2008, EA16-2009, EA17-2011, EA18-2014, EA19-2015, EA20-2023, EA21-2026)",2025-10-01,4.1,2025,16.81
Cigarettes,"Euro area (EA11-1999, EA12-2001, EA13-2007, EA15-2008, EA16-2009, EA17-2011, EA18-2014, EA19-2015, EA20-2023, EA21-2026)",2025-11-01,4.2,2025,16.81
Cigarettes,"Euro area (EA11-1999, EA12-2001, EA13-2007, EA15-2008, EA16-2009, EA17-2011, EA18-2014, EA19-2015, EA20-2023, EA21-2026)",2025-12-01,4.4,2025,16.81
Cigarettes,Spain,2019-01-01,0.3,2019,17.18
Cigarettes,Spain,2019-02-01,0.4,2019,17.18
Cigarettes,Spain,2019-03-01,0.4,2019,17.18
Cigarettes,Spain,2019-04-01,0.4,2019,17.18
Cigarettes,Spain,2019-05-01,0.3,2019,17.18
Cigarettes,Spain,2019-06-01,0.3,2019,17.18
Cigarettes,Spain,2019-07-01,0.2,2019,17.18
Cigarettes,Spain,2019-08-01,0.3,2019,17.18
Cigarettes,Spain,2019-09-01,0.3,2019,17.18
Cigarettes,Spain,2019-10-01,0.2,2019,17.18
Cigarettes,Spain,2019-11-01,0.3,2019,17.18
Cigarettes,Spain,2019-12-01,0.3,2019,17.18
Cigarettes,Spain,2020-01-01,0.2,2020,16.6
Cigarettes,Spain,2020-02-01,0.1,2020,16.6
Cigarettes,Spain,2020-03-01,0.1,2020,16.6
Cigarettes,Spain,2020-04-01,0.1,2020,16.6
Cigarettes,Spain,2020-05-01,0.1,2020,16.6
Cigarettes,Spain,2020-06-01,0.1,2020,16.6
Cigarettes,Spain,2020-07-01,0.1,2020,16.6
Cigarettes,Spain,2020-08-01,0.1,2020,16.6
Cigarettes,Spain,2020-09-01,0.1,2020,16.6
Cigarettes,Spain,2020-10-01,0.1,2020,16.6
Cigarettes,Spain,2020-11-01,0.1,2020,16.6
Cigarettes,Spain,2020-12-01,0.1,2020,16.6
Cigarettes,Spain,2021-01-01,0.1,2021,16.5
Cigarettes,Spain,2021-02-01,0.0,2021,16.5
Cigarettes,Spain,2021-03-01,0.0,2021,16.5
Cigarettes,Spain,2021-04-01,0.0,2021,16.5
Cigarettes,Spain,2021-05-01,0.0,2021,16.5
Cigarettes,Spain,2021-06-01,0.1,2021,16.5
Cigarettes,Spain,2021-07-01,0.1,2021,16.5
Cigarettes,Spain,2021-08-01,0.1,2021,16.5
Cigarettes,Spain,2021-09-01,0.9,2021,16.5
Cigarettes,Spain,2021-10-01,2.3,2021,16.5
Cigarettes,Spain,2021-11-01,2.3,2021,16.5
Cigarettes,Spain,2021-12-01,2.3,2021,16.5
Cigarettes,Spain,2022-01-01,2.3,2022,15.88
Cigarettes,Spain,2022-02-01,2.3,2022,15.88
Cigarettes,Spain,2022-03-01,2.3,2022,15.88
Cigarettes,Spain,2022-04-01,2.3,2022,15.88
Cigarettes,Spain,2022-05-01,2.3,2022,15.88
Cigarettes,Spain,2022-06-01,2.2,2022,15.88
Cigarettes,Spain,2022-07-01,2.2,2022,15.88
Cigarettes,Spain,2022-08-01,2.2,2022,15.88
Cigarettes,Spain,2022-09-01,1.4,2022,15.88
Cigarettes,Spain,2022-10-01,0.0,2022,15.88
Cigarettes,Spain,2022-11-01,0.4,2022,15.88
Cigarettes,Spain,2022-12-01,5.5,2022,15.88
Cigarettes,Spain,2023-01-01,6.4,2023,19.2
Cigarettes,Spain,2023-02-01,6.5,2023,19.2
Cigarettes,Spain,2023-03-01,6.4,2023,19.2
Cigarettes,Spain,2023-04-01,6.5,2023,19.2
Cigarettes,Spain,2023-05-01,6.5,2023,19.2
Cigarettes,Spain,2023-06-01,6.5,2023,19.2
Cigarettes,Spain,2023-07-01,6.5,2023,19.2
Cigarettes,Spain,2023-08-01,6.7,2023,19.2
Cigarettes,Spain,2023-09-01,6.8,2023,19.2
Cigarettes,Spain,2023-10-01,7.0,2023,19.2
Cigarettes,Spain,2023-11-01,6.4,2023,19.2
Cigarettes,Spain,2023-12-01,1.3,2023,19.2
Cigarettes,Spain,2024-01-01,3.3,2024,17.77
Cigarettes,Spain,2024-02-01,5.0,2024,17.77
Cigarettes,Spain,2024-03-01,5.2,2024,17.77
Cigarettes,Spain,2024-04-01,5.2,2024,17.77
Cigarettes,Spain,2024-05-01,5.2,2024,17.77
Cigarettes,Spain,2024-06-01,5.2,2024,17.77
Cigarettes,Spain,2024-07-01,5.2,2024,17.77
Cigarettes,Spain,2024-08-01,5.0,2024,17.77
Cigarettes,Spain,2024-09-01,4.9,2024,17.77
Cigarettes,Spain,2024-10-01,4.8,2024,17.77
Cigarettes,Spain,2024-11-01,5.1,2024,17.77
Cigarettes,Spain,2024-12-01,7.6,2024,17.77
Cigarettes,Spain,2025-01-01,5.7,2025,17.14
Cigarettes,Spain,2025-02-01,3.9,2025,17.14
Cigarettes,Spain,2025-03-01,3.7,2025,17.14
Cigarettes,Spain,2025-04-01,3.7,2025,17.14
Cigarettes,Spain,2025-05-01,5.2,2025,17.14
Cigarettes,Spain,2025-06-01,6.8,2025,17.14
Cigarettes,Spain,2025-07-01,6.8,2025,17.14
Cigarettes,Spain,2025-08-01,6.8,2025,17.14
Cigarettes,Spain,2025-09-01,6.8,2025,17.14
Cigarettes,Spain,2025-10-01,6.7,2025,17.14
Cigarettes,Spain,2025-11-01,6.9,2025,17.14
Cigarettes,Spain,2025-12-01,7.4,2025,17.14
Cigarettes,France,2019-01-01,12.9,2019,18.04
Cigarettes,France,2019-02-01,12.9,2019,18.04
Cigarettes,France,2019-03-01,7.9,2019,18.04
Cigarettes,France,2019-04-01,7.9,2019,18.04
Cigarettes,France,2019-05-01,9.1,2019,18.04
Cigarettes,France,2019-06-01,9.1,2019,18.04
Cigarettes,France,2019-07-01,8.8,2019,18.04
Cigarettes,France,2019-08-01,8.8,2019,18.04
Cigarettes,France,2019-09-01,8.7,2019,18.04
Cigarettes,France,2019-10-01,8.7,2019,18.04
Cigarettes,France,2019-11-01,14.9,2019,18.04
Cigarettes,France,2019-12-01,14.9,2019,18.04
Cigarettes,France,2020-01-01,13.8,2020,19.38
Cigarettes,France,2020-02-01,13.8,2020,19.38
Cigarettes,France,2020-03-01,13.2,2020,19.38
Cigarettes,France,2020-04-01,13.2,2020,19.38
Cigarettes,France,2020-05-01,13.4,2020,19.38
Cigarettes,France,2020-06-01,13.4,2020,19.38
Cigarettes,France,2020-07-01,13.3,2020,19.38
Cigarettes,France,2020-08-01,13.3,2020,19.38
Cigarettes,France,2020-09-01,13.2,2020,19.38
Cigarettes,France,2020-10-01,13.2,2020,19.38
Cigarettes,France,2020-11-01,12.0,2020,19.38
Cigarettes,France,2020-12-01,12.0,2020,19.38
Cigarettes,France,2021-01-01,12.3,2021,23.12
Cigarettes,France,2021-02-01,12.3,2021,23.12
Cigarettes,France,2021-03-01,5.5,2021,23.12
Cigarettes,France,2021-04-01,5.5,2021,23.12
Cigarettes,France,2021-05-01,5.0,2021,23.12
Cigarettes,France,2021-06-01,4.9,2021,23.12
Cigarettes,France,2021-07-01,4.7,2021,23.12
Cigarettes,France,2021-08-01,4.7,2021,23.12
Cigarettes,France,2021-09-01,4.4,2021,23.12
Cigarettes,France,2021-10-01,4.4,2021,23.12
Cigarettes,France,2021-11-01,-0.2,2021,23.12
Cigarettes,France,2021-12-01,-0.1,2021,23.12
Cigarettes,France,2022-01-01,-0.3,2022,20.62
Cigarettes,France,2022-02-01,-0.3,2022,20.62
Cigarettes,France,2022-03-01,-0.3,2022,20.62
Cigarettes,France,2022-04-01,-0.3,2022,20.62
Cigarettes,France,2022-05-01,-0.3,2022,20.62
Cigarettes,France,2022-06-01,-0.3,2022,20.62
Cigarettes,France,2022-07-01,-0.1,2022,20.62
Cigarettes,France,2022-08-01,-0.1,2022,20.62
Cigarettes,France,2022-09-01,0.2,2022,20.62
Cigarettes,France,2022-10-01,0.2,2022,20.62
Cigarettes,France,2022-11-01,0.2,2022,20.62
Cigarettes,France,2022-12-01,0.2,2022,20.62
Cigarettes,France,2023-01-01,0.1,2023,17.57
Cigarettes,France,2023-02-01,0.0,2023,17.57
Cigarettes,France,2023-03-01,7.8,2023,17.57
Cigarettes,France,2023-04-01,9.6,2023,17.57
Cigarettes,France,2023-05-01,10.0,2023,17.57
Cigarettes,France,2023-06-01,10.0,2023,17.57
Cigarettes,France,2023-07-01,10.0,2023,17.57
Cigarettes,France,2023-08-01,10.0,2023,17.57
Cigarettes,France,2023-09-01,10.0,2023,17.57
Cigarettes,France,2023-10-01,10.0,2023,17.57
Cigarettes,France,2023-11-01,10.0,2023,17.57
Cigarettes,France,2023-12-01,10.0,2023,17.57
Cigarettes,France,2024-01-01,17.1,2024,16.89
Cigarettes,France,2024-02-01,19.1,2024,16.89
Cigarettes,France,2024-03-01,11.1,2024,16.89
Cigarettes,France,2024-04-01,9.2,2024,16.89
Cigarettes,France,2024-05-01,8.9,2024,16.89
Cigarettes,France,2024-06-01,8.9,2024,16.89
Cigarettes,France,2024-07-01,8.9,2024,16.89
Cigarettes,France,2024-08-01,8.9,2024,16.89
Cigarettes,France,2024-09-01,8.9,2024,16.89
Cigarettes,France,2024-10-01,8.9,2024,16.89
Cigarettes,France,2024-11-01,9.0,2024,16.89
Cigarettes,France,2024-12-01,9.0,2024,16.89
Cigarettes,France,2025-01-01,6.3,2025,15.77
Cigarettes,France,2025-02-01,4.6,2025,15.77
Cigarettes,France,2025-03-01,4.2,2025,15.77
Cigarettes,France,2025-04-01,4.2,2025,15.77
Cigarettes,France,2025-05-01,4.2,2025,15.77
Cigarettes,France,2025-06-01,4.1,2025,15.77
Cigarettes,France,2025-07-01,4.1,2025,15.77
Cigarettes,France,2025-08-01,4.1,2025,15.77
Cigarettes,France,2025-09-01,4.1,2025,15.77
Cigarettes,France,2025-10-01,4.1,2025,15.77
Cigarettes,France,2025-11-01,4.1,2025,15.77
Cigarettes,France,2025-12-01,4.1,2025,15.77
Cigarettes,Italy,2019-01-01,3.0,2019,20.22
Cigarettes,Italy,2019-02-01,4.6,2019,20.22
Cigarettes,Italy,2019-03-01,4.2,2019,20.22
Cigarettes,Italy,2019-04-01,3.6,2019,20.22
Cigarettes,Italy,2019-05-01,3.0,2019,20.22
Cigarettes,Italy,2019-06-01,3.0,2019,20.22
Cigarettes,Italy,2019-07-01,3.0,2019,20.22
Cigarettes,Italy,2019-08-01,3.0,2019,20.22
Cigarettes,Italy,2019-09-01,3.0,2019,20.22
Cigarettes,Italy,2019-10-01,3.0,2019,20.22
Cigarettes,Italy,2019-11-01,3.0,2019,20.22
Cigarettes,Italy,2019-12-01,3.0,2019,20.22
Cigarettes,Italy,2020-01-01,3.0,2020,19.99
Cigarettes,Italy,2020-02-01,1.5,2020,19.99
Cigarettes,Italy,2020-03-01,2.4,2020,19.99
Cigarettes,Italy,2020-04-01,2.8,2020,19.99
Cigarettes,Italy,2020-05-01,3.0,2020,19.99
Cigarettes,Italy,2020-06-01,3.0,2020,19.99
Cigarettes,Italy,2020-07-01,3.0,2020,19.99
Cigarettes,Italy,2020-08-01,3.0,2020,19.99
Cigarettes,Italy,2020-09-01,3.0,2020,19.99
Cigarettes,Italy,2020-10-01,3.0,2020,19.99
Cigarettes,Italy,2020-11-01,3.0,2020,19.99
Cigarettes,Italy,2020-12-01,3.0,2020,19.99
Cigarettes,Italy,2021-01-01,3.0,2021,21.97
Cigarettes,Italy,2021-02-01,3.2,2021,21.97
Cigarettes,Italy,2021-03-01,1.0,2021,21.97
Cigarettes,Italy,2021-04-01,0.6,2021,21.97
Cigarettes,Italy,2021-05-01,0.4,2021,21.97
Cigarettes,Italy,2021-06-01,0.4,2021,21.97
Cigarettes,Italy,2021-07-01,0.4,2021,21.97
Cigarettes,Italy,2021-08-01,0.4,2021,21.97
Cigarettes,Italy,2021-09-01,0.4,2021,21.97
Cigarettes,Italy,2021-10-01,0.4,2021,21.97
Cigarettes,Italy,2021-11-01,0.4,2021,21.97
Cigarettes,Italy,2021-12-01,0.4,2021,21.97
Cigarettes,Italy,2022-01-01,0.4,2022,20.1
Cigarettes,Italy,2022-02-01,0.3,2022,20.1
Cigarettes,Italy,2022-03-01,0.1,2022,20.1
Cigarettes,Italy,2022-04-01,-0.1,2022,20.1
Cigarettes,Italy,2022-05-01,-0.1,2022,20.1
Cigarettes,Italy,2022-06-01,-0.1,2022,20.1
Cigarettes,Italy,2022-07-01,-0.1,2022,20.1
Cigarettes,Italy,2022-08-01,-0.1,2022,20.1
Cigarettes,Italy,2022-09-01,-0.1,2022,20.1
Cigarettes,Italy,2022-10-01,-0.4,2022,20.1
Cigarettes,Italy,2022-11-01,-0.4,2022,20.1
Cigarettes,Italy,2022-12-01,-0.4,2022,20.1
Cigarettes,Italy,2023-01-01,-0.4,2023,16.69
Cigarettes,Italy,2023-02-01,1.1,2023,16.69
Cigarettes,Italy,2023-03-01,2.0,2023,16.69
Cigarettes,Italy,2023-04-01,2.0,2023,16.69
Cigarettes,Italy,2023-05-01,2.4,2023,16.69
Cigarettes,Italy,2023-06-01,2.2,2023,16.69
Cigarettes,Italy,2023-07-01,1.5,2023,16.69
Cigarettes,Italy,2023-08-01,1.5,2023,16.69
Cigarettes,Italy,2023-09-01,1.5,2023,16.69
Cigarettes,Italy,2023-10-01,1.8,2023,16.69
Cigarettes,Italy,2023-11-01,1.8,2023,16.69
Cigarettes,Italy,2023-12-01,1.8,2023,16.69
Cigarettes,Italy,2024-01-01,1.8,2024,16.03
Cigarettes,Italy,2024-02-01,2.0,2024,16.03
Cigarettes,Italy,2024-03-01,1.2,2024,16.03
Cigarettes,Italy,2024-04-01,2.8,2024,16.03
Cigarettes,Italy,2024-05-01,2.6,2024,16.03
Cigarettes,Italy,2024-06-01,2.8,2024,16.03
Cigarettes,Italy,2024-07-01,3.5,2024,16.03
Cigarettes,Italy,2024-08-01,3.5,2024,16.03
Cigarettes,Italy,2024-09-01,3.5,2024,16.03
Cigarettes,Italy,2024-10-01,3.5,2024,16.03
Cigarettes,Italy,2024-11-01,3.5,2024,16.03
Cigarettes,Italy,2024-12-01,3.5,2024,16.03
Cigarettes,Italy,2025-01-01,3.5,2025,16.19
Cigarettes,Italy,2025-02-01,4.9,2025,16.19
Cigarettes,Italy,2025-03-01,5.5,2025,16.19
Cigarettes,Italy,2025-04-01,4.0,2025,16.19
Cigarettes,Italy,2025-05-01,3.9,2025,16.19
Cigarettes,Italy,2025-06-01,3.9,2025,16.19
Cigarettes,Italy,2025-07-01,3.9,2025,16.19
Cigarettes,Italy,2025-08-01,3.9,2025,16.19
Cigarettes,Italy,2025-09-01,3.9,2025,16.19
Cigarettes,Italy,2025-10-01,3.9,2025,16.19
Cigarettes,Italy,2025-11-01,3.9,2025,16.19
Cigarettes,Italy,2025-12-01,3.9,2025,16.19
Cigarettes,Portugal,2019-01-01,2.2,2019,18.66
Cigarettes,Portugal,2019-02-01,2.2,2019,18.66
Cigarettes,Portugal,2019-03-01,2.7,2019,18.66
Cigarettes,Portugal,2019-04-01,3.5,2019,18.66
Cigarettes,Portugal,2019-05-01,2.8,2019,18.66
Cigarettes,Portugal,2019-06-01,1.8,2019,18.66
Cigarettes,Portugal,2019-07-01,1.6,2019,18.66
Cigarettes,Portugal,2019-08-01,1.7,2019,18.66
Cigarettes,Portugal,2019-09-01,2.1,2019,18.66
Cigarettes,Portugal,2019-10-01,2.2,2019,18.66
Cigarettes,Portugal,2019-11-01,2.2,2019,18.66
Cigarettes,Portugal,2019-12-01,2.2,2019,18.66
Cigarettes,Portugal,2020-01-01,2.2,2020,17.87
Cigarettes,Portugal,2020-02-01,2.2,2020,17.87
Cigarettes,Portugal,2020-03-01,1.7,2020,17.87
Cigarettes,Portugal,2020-04-01,1.0,2020,17.87
Cigarettes,Portugal,2020-05-01,0.8,2020,17.87
Cigarettes,Portugal,2020-06-01,0.8,2020,17.87
Cigarettes,Portugal,2020-07-01,0.8,2020,17.87
Cigarettes,Portugal,2020-08-01,0.7,2020,17.87
Cigarettes,Portugal,2020-09-01,1.5,2020,17.87
Cigarettes,Portugal,2020-10-01,1.8,2020,17.87
Cigarettes,Portugal,2020-11-01,2.0,2020,17.87
Cigarettes,Portugal,2020-12-01,2.1,2020,17.87
Cigarettes,Portugal,2021-01-01,2.1,2021,21.02
Cigarettes,Portugal,2021-02-01,2.1,2021,21.02
Cigarettes,Portugal,2021-03-01,2.1,2021,21.02
Cigarettes,Portugal,2021-04-01,2.1,2021,21.02
Cigarettes,Portugal,2021-05-01,2.1,2021,21.02
Cigarettes,Portugal,2021-06-01,2.0,2021,21.02
Cigarettes,Portugal,2021-07-01,2.5,2021,21.02
Cigarettes,Portugal,2021-08-01,3.1,2021,21.02
Cigarettes,Portugal,2021-09-01,2.2,2021,21.02
Cigarettes,Portugal,2021-10-01,2.0,2021,21.02
Cigarettes,Portugal,2021-11-01,1.9,2021,21.02
Cigarettes,Portugal,2021-12-01,1.9,2021,21.02
Cigarettes,Portugal,2022-01-01,1.9,2022,18.62
Cigarettes,Portugal,2022-02-01,2.0,2022,18.62
Cigarettes,Portugal,2022-03-01,1.9,2022,18.62
Cigarettes,Portugal,2022-04-01,1.9,2022,18.62
Cigarettes,Portugal,2022-05-01,1.9,2022,18.62
Cigarettes,Portugal,2022-06-01,1.9,2022,18.62
Cigarettes,Portugal,2022-07-01,1.4,2022,18.62
Cigarettes,Portugal,2022-08-01,1.1,2022,18.62
Cigarettes,Portugal,2022-09-01,1.5,2022,18.62
Cigarettes,Portugal,2022-10-01,1.8,2022,18.62
Cigarettes,Portugal,2022-11-01,1.9,2022,18.62
Cigarettes,Portugal,2022-12-01,1.9,2022,18.62
Cigarettes,Portugal,2023-01-01,1.9,2023,17.28
Cigarettes,Portugal,2023-02-01,2.0,2023,17.28
Cigarettes,Portugal,2023-03-01,2.6,2023,17.28
Cigarettes,Portugal,2023-04-01,3.8,2023,17.28
Cigarettes,Portugal,2023-05-01,4.1,2023,17.28
Cigarettes,Portugal,2023-06-01,4.2,2023,17.28
Cigarettes,Portugal,2023-07-01,4.7,2023,17.28
Cigarettes,Portugal,2023-08-01,4.5,2023,17.28
Cigarettes,Portugal,2023-09-01,3.8,2023,17.28
Cigarettes,Portugal,2023-10-01,3.3,2023,17.28
Cigarettes,Portugal,2023-11-01,3.1,2023,17.28
Cigarettes,Portugal,2023-12-01,3.0,2023,17.28
Cigarettes,Portugal,2024-01-01,2.9,2024,16.8
Cigarettes,Portugal,2024-02-01,2.9,2024,16.8
Cigarettes,Portugal,2024-03-01,5.3,2024,16.8
Cigarettes,Portugal,2024-04-01,6.2,2024,16.8
Cigarettes,Portugal,2024-05-01,6.2,2024,16.8
Cigarettes,Portugal,2024-06-01,6.2,2024,16.8
Cigarettes,Portugal,2024-07-01,5.7,2024,16.8
Cigarettes,Portugal,2024-08-01,5.6,2024,16.8
Cigarettes,Portugal,2024-09-01,5.6,2024,16.8
Cigarettes,Portugal,2024-10-01,5.6,2024,16.8
Cigarettes,Portugal,2024-11-01,5.6,2024,16.8
Cigarettes,Portugal,2024-12-01,5.6,2024,16.8
Cigarettes,Portugal,2025-01-01,5.6,2025,18.32
Cigarettes,Portugal,2025-02-01,5.6,2025,18.32
Cigarettes,Portugal,2025-03-01,3.6,2025,18.32
Cigarettes,Portugal,2025-04-01,2.2,2025,18.32
Cigarettes,Portugal,2025-05-01,2.2,2025,18.32
Cigarettes,Portugal,2025-06-01,2.4,2025,18.32
Cigarettes,Portugal,2025-07-01,2.3,2025,18.32
Cigarettes,Portugal,2025-08-01,2.3,2025,18.32
Cigarettes,Portugal,2025-09-01,2.4,2025,18.32
Cigarettes,Portugal,2025-10-01,2.4,2025,18.32
Cigarettes,Portugal,2025-11-01,2.4,2025,18.32
Cigarettes,Portugal,2025-12-01,2.4,2025,18.32
Clothing,Germany,2019-01-01,2.2,2019,42.84
Clothing,Germany,2019-02-01,2.5,2019,42.84
Clothing,Germany,2019-03-01,-0.3,2019,42.84
Clothing,Germany,2019-04-01,1.6,2019,42.84
Clothing,Germany,2019-05-01,1.5,2019,42.84
Clothing,Germany,2019-06-01,2.7,2019,42.84
Clothing,Germany,2019-07-01,5.3,2019,42.84
Clothing,Germany,2019-08-01,2.1,2019,42.84
Clothing,Germany,2019-09-01,1.3,2019,42.84
Clothing,Germany,2019-10-01,1.1,2019,42.84
Clothing,Germany,2019-11-01,1.7,2019,42.84
Clothing,Germany,2019-12-01,2.9,2019,42.84
Clothing,Germany,2020-01-01,2.5,2020,40.7
Clothing,Germany,2020-02-01,1.6,2020,40.7
Clothing,Germany,2020-03-01,2.7,2020,40.7
Clothing,Germany,2020-04-01,-0.9,2020,40.7
Clothing,Germany,2020-05-01,0.1,2020,40.7
Clothing,Germany,2020-06-01,-0.8,2020,40.7
Clothing,Germany,2020-07-01,-1.3,2020,40.7
Clothing,Germany,2020-08-01,-1.1,2020,40.7
Clothing,Germany,2020-09-01,-2.6,2020,40.7
Clothing,Germany,2020-10-01,-1.9,2020,40.7
Clothing,Germany,2020-11-01,-2.3,2020,40.7
Clothing,Germany,2020-12-01,-5.8,2020,40.7
Clothing,Germany,2021-01-01,1.8,2021,34.8
Clothing,Germany,2021-02-01,0.9,2021,34.8
Clothing,Germany,2021-03-01,-2.2,2021,34.8
Clothing,Germany,2021-04-01,-1.2,2021,34.8
Clothing,Germany,2021-05-01,0.5,2021,34.8
Clothing,Germany,2021-06-01,3.4,2021,34.8
Clothing,Germany,2021-07-01,5.8,2021,34.8
Clothing,Germany,2021-08-01,3.8,2021,34.8
Clothing,Germany,2021-09-01,3.0,2021,34.8
Clothing,Germany,2021-10-01,1.2,2021,34.8
Clothing,Germany,2021-11-01,1.8,2021,34.8
Clothing,Germany,2021-12-01,6.0,2021,34.8
Clothing,Germany,2022-01-01,-0.9,2022,34.34
Clothing,Germany,2022-02-01,-1.4,2022,34.34
Clothing,Germany,2022-03-01,2.7,2022,34.34
Clothing,Germany,2022-04-01,3.9,2022,34.34
Clothing,Germany,2022-05-01,2.7,2022,34.34
Clothing,Germany,2022-06-01,0.5,2022,34.34
Clothing,Germany,2022-07-01,-0.3,2022,34.34
Clothing,Germany,2022-08-01,2.1,2022,34.34
Clothing,Germany,2022-09-01,3.2,2022,34.34
Clothing,Germany,2022-10-01,5.4,2022,34.34
Clothing,Germany,2022-11-01,5.0,2022,34.34
Clothing,Germany,2022-12-01,5.0,2022,34.34
Clothing,Germany,2023-01-01,4.7,2023,40.56
Clothing,Germany,2023-02-01,5.2,2023,40.56
Clothing,Germany,2023-03-01,5.0,2023,40.56
Clothing,Germany,2023-04-01,5.9,2023,40.56
Clothing,Germany,2023-05-01,5.0,2023,40.56
Clothing,Germany,2023-06-01,6.0,2023,40.56
Clothing,Germany,2023-07-01,3.5,2023,40.56
Clothing,Germany,2023-08-01,3.9,2023,40.56
Clothing,Germany,2023-09-01,3.6,2023,40.56
Clothing,Germany,2023-10-01,2.7,2023,40.56
Clothing,Germany,2023-11-01,2.5,2023,40.56
Clothing,Germany,2023-12-01,3.4,2023,40.56
Clothing,Germany,2024-01-01,2.9,2024,38.0
Clothing,Germany,2024-02-01,4.5,2024,38.0
Clothing,Germany,2024-03-01,3.1,2024,38.0
Clothing,Germany,2024-04-01,2.7,2024,38.0
Clothing,Germany,2024-05-01,2.6,2024,38.0
Clothing,Germany,2024-06-01,2.9,2024,38.0
Clothing,Germany,2024-07-01,3.8,2024,38.0
Clothing,Germany,2024-08-01,2.6,2024,38.0
Clothing,Germany,2024-09-01,2.0,2024,38.0
Clothing,Germany,2024-10-01,2.2,2024,38.0
Clothing,Germany,2024-11-01,3.1,2024,38.0
Clothing,Germany,2024-12-01,2.9,2024,38.0
Clothing,Germany,2025-01-01,2.9,2025,32.36
Clothing,Germany,2025-02-01,0.4,2025,32.36
Clothing,Germany,2025-03-01,1.0,2025,32.36
Clothing,Germany,2025-04-01,1.0,2025,32.36
Clothing,Germany,2025-05-01,0.6,2025,32.36
Clothing,Germany,2025-06-01,-0.4,2025,32.36
Clothing,Germany,2025-07-01,0.9,2025,32.36
Clothing,Germany,2025-08-01,0.7,2025,32.36
Clothing,Germany,2025-09-01,1.2,2025,32.36
Clothing,Germany,2025-10-01,1.3,2025,32.36
Clothing,Germany,2025-11-01,0.6,2025,32.36
Clothing,Germany,2025-12-01,-0.4,2025,32.36
Clothing,"Euro area (EA11-1999, EA12-2001, EA13-2007, EA15-2008, EA16-2009, EA17-2011, EA18-2014, EA19-2015, EA20-2023, EA21-2026)",2019-01-01,1.2,2019,48.04
Clothing,"Euro area (EA11-1999, EA12-2001, EA13-2007, EA15-2008, EA16-2009, EA17-2011, EA18-2014, EA19-2015, EA20-2023, EA21-2026)",2019-02-01,1.3,2019,48.04
Clothing,"Euro area (EA11-1999, EA12-2001, EA13-2007, EA15-2008, EA16-2009, EA17-2011, EA18-2014, EA19-2015, EA20-2023, EA21-2026)",2019-03-01,0.0,2019,48.04
Clothing,"Euro area (EA11-1999, EA12-2001, EA13-2007, EA15-2008, EA16-2009, EA17-2011, EA18-2014, EA19-2015, EA20-2023, EA21-2026)",2019-04-01,0.4,2019,48.04
Clothing,"Euro area (EA11-1999, EA12-2001, EA13-2007, EA15-2008, EA16-2009, EA17-2011, EA18-2014, EA19-2015, EA20-2023, EA21-2026)",2019-05-01,0.4,2019,48.04
Clothing,"Euro area (EA11-1999, EA12-2001, EA13-2007, EA15-2008, EA16-2009, EA17-2011, EA18-2014, EA19-2015, EA20-2023, EA21-2026)",2019-06-01,0.5,2019,48.04
Clothing,"Euro area (EA11-1999, EA12-2001, EA13-2007, EA15-2008, EA16-2009, EA17-2011, EA18-2014, EA19-2015, EA20-2023, EA21-2026)",2019-07-01,1.4,2019,48.04
Clothing,"Euro area (EA11-1999, EA12-2001, EA13-2007, EA15-2008, EA16-2009, EA17-2011, EA18-2014, EA19-2015, EA20-2023, EA21-2026)",2019-08-01,1.4,2019,48.04
Clothing,"Euro area (EA11-1999, EA12-2001, EA13-2007, EA15-2008, EA16-2009, EA17-2011, EA18-2014, EA19-2015, EA20-2023, EA21-2026)",2019-09-01,0.8,2019,48.04
Clothing,"Euro area (EA11-1999, EA12-2001, EA13-2007, EA15-2008, EA16-2009, EA17-2011, EA18-2014, EA19-2015, EA20-2023, EA21-2026)",2019-10-01,0.9,2019,48.04
Clothing,"Euro area (EA11-1999, EA12-2001, EA13-2007, EA15-2008, EA16-2009, EA17-2011, EA18-2014, EA19-2015, EA20-2023, EA21-2026)",2019-11-01,0.9,2019,48.04
Clothing,"Euro area (EA11-1999, EA12-2001, EA13-2007, EA15-2008, EA16-2009, EA17-2011, EA18-2014, EA19-2015, EA20-2023, EA21-2026)",2019-12-01,1.1,2019,48.04
Clothing,"Euro area (EA11-1999, EA12-2001, EA13-2007, EA15-2008, EA16-2009, EA17-2011, EA18-2014, EA19-2015, EA20-2023, EA21-2026)",2020-01-01,0.7,2020,46.94
Clothing,"Euro area (EA11-1999, EA12-2001, EA13-2007, EA15-2008, EA16-2009, EA17-2011, EA18-2014, EA19-2015, EA20-2023, EA21-2026)",2020-02-01,1.0,2020,46.94
Clothing,"Euro area (EA11-1999, EA12-2001, EA13-2007, EA15-2008, EA16-2009, EA17-2011, EA18-2014, EA19-2015, EA20-2023, EA21-2026)",2020-03-01,1.0,2020,46.94
Clothing,"Euro area (EA11-1999, EA12-2001, EA13-2007, EA15-2008, EA16-2009, EA17-2011, EA18-2014, EA19-2015, EA20-2023, EA21-2026)",2020-04-01,-0.1,2020,46.94
Clothing,"Euro area (EA11-1999, EA12-2001, EA13-2007, EA15-2008, EA16-2009, EA17-2011, EA18-2014, EA19-2015, EA20-2023, EA21-2026)",2020-05-01,-0.4,2020,46.94
Clothing,"Euro area (EA11-1999, EA12-2001, EA13-2007, EA15-2008, EA16-2009, EA17-2011, EA18-2014, EA19-2015, EA20-2023, EA21-2026)",2020-06-01,-0.6,2020,46.94
Clothing,"Euro area (EA11-1999, EA12-2001, EA13-2007, EA15-2008, EA16-2009, EA17-2011, EA18-2014, EA19-2015, EA20-2023, EA21-2026)",2020-07-01,7.1,2020,46.94
Clothing,"Euro area (EA11-1999, EA12-2001, EA13-2007, EA15-2008, EA16-2009, EA17-2011, EA18-2014, EA19-2015, EA20-2023, EA21-2026)",2020-08-01,-1.0,2020,46.94
Clothing,"Euro area (EA11-1999, EA12-2001, EA13-2007, EA15-2008, EA16-2009, EA17-2011, EA18-2014, EA19-2015, EA20-2023, EA21-2026)",2020-09-01,-1.4,2020,46.94
Clothing,"Euro area (EA11-1999, EA12-2001, EA13-2007, EA15-2008, EA16-2009, EA17-2011, EA18-2014, EA19-2015, EA20-2023, EA21-2026)",2020-10-01,-0.4,2020,46.94
Clothing,"Euro area (EA11-1999, EA12-2001, EA13-2007, EA15-2008, EA16-2009, EA17-2011, EA18-2014, EA19-2015, EA20-2023, EA21-2026)",2020-11-01,-0.9,2020,46.94
Clothing,"Euro area (EA11-1999, EA12-2001, EA13-2007, EA15-2008, EA16-2009, EA17-2011, EA18-2014, EA19-2015, EA20-2023, EA21-2026)",2020-12-01,-2.2,2020,46.94
Clothing,"Euro area (EA11-1999, EA12-2001, EA13-2007, EA15-2008, EA16-2009, EA17-2011, EA18-2014, EA19-2015, EA20-2023, EA21-2026)",2021-01-01,2.8,2021,42.3
Clothing,"Euro area (EA11-1999, EA12-2001, EA13-2007, EA15-2008, EA16-2009, EA17-2011, EA18-2014, EA19-2015, EA20-2023, EA21-2026)",2021-02-01,0.8,2021,42.3
Clothing,"Euro area (EA11-1999, EA12-2001, EA13-2007, EA15-2008, EA16-2009, EA17-2011, EA18-2014, EA19-2015, EA20-2023, EA21-2026)",2021-03-01,-1.2,2021,42.3
Clothing,"Euro area (EA11-1999, EA12-2001, EA13-2007, EA15-2008, EA16-2009, EA17-2011, EA18-2014, EA19-2015, EA20-2023, EA21-2026)",2021-04-01,-0.3,2021,42.3
Clothing,"Euro area (EA11-1999, EA12-2001, EA13-2007, EA15-2008, EA16-2009, EA17-2011, EA18-2014, EA19-2015, EA20-2023, EA21-2026)",2021-05-01,0.6,2021,42.3
Clothing,"Euro area (EA11-1999, EA12-2001, EA13-2007, EA15-2008, EA16-2009, EA17-2011, EA18-2014, EA19-2015, EA20-2023, EA21-2026)",2021-06-01,2.1,2021,42.3
Clothing,"Euro area (EA11-1999, EA12-2001, EA13-2007, EA15-2008, EA16-2009, EA17-2011, EA18-2014, EA19-2015, EA20-2023, EA21-2026)",2021-07-01,-3.4,2021,42.3
Clothing,"Euro area (EA11-1999, EA12-2001, EA13-2007, EA15-2008, EA16-2009, EA17-2011, EA18-2014, EA19-2015, EA20-2023, EA21-2026)",2021-08-01,3.8,2021,42.3
Clothing,"Euro area (EA11-1999, EA12-2001, EA13-2007, EA15-2008, EA16-2009, EA17-2011, EA18-2014, EA19-2015, EA20-2023, EA21-2026)",2021-09-01,1.7,2021,42.3
Clothing,"Euro area (EA11-1999, EA12-2001, EA13-2007, EA15-2008, EA16-2009, EA17-2011, EA18-2014, EA19-2015, EA20-2023, EA21-2026)",2021-10-01,0.9,2021,42.3
Clothing,"Euro area (EA11-1999, EA12-2001, EA13-2007, EA15-2008, EA16-2009, EA17-2011, EA18-2014, EA19-2015, EA20-2023, EA21-2026)",2021-11-01,1.5,2021,42.3
Clothing,"Euro area (EA11-1999, EA12-2001, EA13-2007, EA15-2008, EA16-2009, EA17-2011, EA18-2014, EA19-2015, EA20-2023, EA21-2026)",2021-12-01,3.0,2021,42.3
Clothing,"Euro area (EA11-1999, EA12-2001, EA13-2007, EA15-2008, EA16-2009, EA17-2011, EA18-2014, EA19-2015, EA20-2023, EA21-2026)",2022-01-01,-0.5,2022,41.95
Clothing,"Euro area (EA11-1999, EA12-2001, EA13-2007, EA15-2008, EA16-2009, EA17-2011, EA18-2014, EA19-2015, EA20-2023, EA21-2026)",2022-02-01,2.0,2022,41.95
Clothing,"Euro area (EA11-1999, EA12-2001, EA13-2007, EA15-2008, EA16-2009, EA17-2011, EA18-2014, EA19-2015, EA20-2023, EA21-2026)",2022-03-01,2.2,2022,41.95
Clothing,"Euro area (EA11-1999, EA12-2001, EA13-2007, EA15-2008, EA16-2009, EA17-2011, EA18-2014, EA19-2015, EA20-2023, EA21-2026)",2022-04-01,2.1,2022,41.95
Clothing,"Euro area (EA11-1999, EA12-2001, EA13-2007, EA15-2008, EA16-2009, EA17-2011, EA18-2014, EA19-2015, EA20-2023, EA21-2026)",2022-05-01,1.7,2022,41.95
Clothing,"Euro area (EA11-1999, EA12-2001, EA13-2007, EA15-2008, EA16-2009, EA17-2011, EA18-2014, EA19-2015, EA20-2023, EA21-2026)",2022-06-01,0.4,2022,41.95
Clothing,"Euro area (EA11-1999, EA12-2001, EA13-2007, EA15-2008, EA16-2009, EA17-2011, EA18-2014, EA19-2015, EA20-2023, EA21-2026)",2022-07-01,-0.4,2022,41.95
Clothing,"Euro area (EA11-1999, EA12-2001, EA13-2007, EA15-2008, EA16-2009, EA17-2011, EA18-2014, EA19-2015, EA20-2023, EA21-2026)",2022-08-01,1.9,2022,41.95
Clothing,"Euro area (EA11-1999, EA12-2001, EA13-2007, EA15-2008, EA16-2009, EA17-2011, EA18-2014, EA19-2015, EA20-2023, EA21-2026)",2022-09-01,3.4,2022,41.95
Clothing,"Euro area (EA11-1999, EA12-2001, EA13-2007, EA15-2008, EA16-2009, EA17-2011, EA18-2014, EA19-2015, EA20-2023, EA21-2026)",2022-10-01,4.0,2022,41.95
Clothing,"Euro area (EA11-1999, EA12-2001, EA13-2007, EA15-2008, EA16-2009, EA17-2011, EA18-2014, EA19-2015, EA20-2023, EA21-2026)",2022-11-01,3.6,2022,41.95
Clothing,"Euro area (EA11-1999, EA12-2001, EA13-2007, EA15-2008, EA16-2009, EA17-2011, EA18-2014, EA19-2015, EA20-2023, EA21-2026)",2022-12-01,3.9,2022,41.95
Clothing,"Euro area (EA11-1999, EA12-2001, EA13-2007, EA15-2008, EA16-2009, EA17-2011, EA18-2014, EA19-2015, EA20-2023, EA21-2026)",2023-01-01,5.2,2023,42.8
Clothing,"Euro area (EA11-1999, EA12-2001, EA13-2007, EA15-2008, EA16-2009, EA17-2011, EA18-2014, EA19-2015, EA20-2023, EA21-2026)",2023-02-01,5.7,2023,42.8
Clothing,"Euro area (EA11-1999, EA12-2001, EA13-2007, EA15-2008, EA16-2009, EA17-2011, EA18-2014, EA19-2015, EA20-2023, EA21-2026)",2023-03-01,4.7,2023,42.8
Clothing,"Euro area (EA11-1999, EA12-2001, EA13-2007, EA15-2008, EA16-2009, EA17-2011, EA18-2014, EA19-2015, EA20-2023, EA21-2026)",2023-04-01,4.4,2023,42.8
Clothing,"Euro area (EA11-1999, EA12-2001, EA13-2007, EA15-2008, EA16-2009, EA17-2011, EA18-2014, EA19-2015, EA20-2023, EA21-2026)",2023-05-01,4.3,2023,42.8
Clothing,"Euro area (EA11-1999, EA12-2001, EA13-2007, EA15-2008, EA16-2009, EA17-2011, EA18-2014, EA19-2015, EA20-2023, EA21-2026)",2023-06-01,4.5,2023,42.8
Clothing,"Euro area (EA11-1999, EA12-2001, EA13-2007, EA15-2008, EA16-2009, EA17-2011, EA18-2014, EA19-2015, EA20-2023, EA21-2026)",2023-07-01,3.9,2023,42.8
Clothing,"Euro area (EA11-1999, EA12-2001, EA13-2007, EA15-2008, EA16-2009, EA17-2011, EA18-2014, EA19-2015, EA20-2023, EA21-2026)",2023-08-01,4.1,2023,42.8
Clothing,"Euro area (EA11-1999, EA12-2001, EA13-2007, EA15-2008, EA16-2009, EA17-2011, EA18-2014, EA19-2015, EA20-2023, EA21-2026)",2023-09-01,3.0,2023,42.8
Clothing,"Euro area (EA11-1999, EA12-2001, EA13-2007, EA15-2008, EA16-2009, EA17-2011, EA18-2014, EA19-2015, EA20-2023, EA21-2026)",2023-10-01,2.5,2023,42.8
Clothing,"Euro area (EA11-1999, EA12-2001, EA13-2007, EA15-2008, EA16-2009, EA17-2011, EA18-2014, EA19-2015, EA20-2023, EA21-2026)",2023-11-01,2.1,2023,42.8
Clothing,"Euro area (EA11-1999, EA12-2001, EA13-2007, EA15-2008, EA16-2009, EA17-2011, EA18-2014, EA19-2015, EA20-2023, EA21-2026)",2023-12-01,2.2,2023,42.8
Clothing,"Euro area (EA11-1999, EA12-2001, EA13-2007, EA15-2008, EA16-2009, EA17-2011, EA18-2014, EA19-2015, EA20-2023, EA21-2026)",2024-01-01,1.7,2024,41.05
Clothing,"Euro area (EA11-1999, EA12-2001, EA13-2007, EA15-2008, EA16-2009, EA17-2011, EA18-2014, EA19-2015, EA20-2023, EA21-2026)",2024-02-01,2.1,2024,41.05
Clothing,"Euro area (EA11-1999, EA12-2001, EA13-2007, EA15-2008, EA16-2009, EA17-2011, EA18-2014, EA19-2015, EA20-2023, EA21-2026)",2024-03-01,1.3,2024,41.05
Clothing,"Euro area (EA11-1999, EA12-2001, EA13-2007, EA15-2008, EA16-2009, EA17-2011, EA18-2014, EA19-2015, EA20-2023, EA21-2026)",2024-04-01,1.3,2024,41.05
Clothing,"Euro area (EA11-1999, EA12-2001, EA13-2007, EA15-2008, EA16-2009, EA17-2011, EA18-2014, EA19-2015, EA20-2023, EA21-2026)",2024-05-01,1.1,2024,41.05
Clothing,"Euro area (EA11-1999, EA12-2001, EA13-2007, EA15-2008, EA16-2009, EA17-2011, EA18-2014, EA19-2015, EA20-2023, EA21-2026)",2024-06-01,1.7,2024,41.05
Clothing,"Euro area (EA11-1999, EA12-2001, EA13-2007, EA15-2008, EA16-2009, EA17-2011, EA18-2014, EA19-2015, EA20-2023, EA21-2026)",2024-07-01,2.2,2024,41.05
Clothing,"Euro area (EA11-1999, EA12-2001, EA13-2007, EA15-2008, EA16-2009, EA17-2011, EA18-2014, EA19-2015, EA20-2023, EA21-2026)",2024-08-01,0.9,2024,41.05
Clothing,"Euro area (EA11-1999, EA12-2001, EA13-2007, EA15-2008, EA16-2009, EA17-2011, EA18-2014, EA19-2015, EA20-2023, EA21-2026)",2024-09-01,1.1,2024,41.05
Clothing,"Euro area (EA11-1999, EA12-2001, EA13-2007, EA15-2008, EA16-2009, EA17-2011, EA18-2014, EA19-2015, EA20-2023, EA21-2026)",2024-10-01,1.0,2024,41.05
Clothing,"Euro area (EA11-1999, EA12-2001, EA13-2007, EA15-2008, EA16-2009, EA17-2011, EA18-2014, EA19-2015, EA20-2023, EA21-2026)",2024-11-01,1.6,2024,41.05
Clothing,"Euro area (EA11-1999, EA12-2001, EA13-2007, EA15-2008, EA16-2009, EA17-2011, EA18-2014, EA19-2015, EA20-2023, EA21-2026)",2024-12-01,0.9,2024,41.05
Clothing,"Euro area (EA11-1999, EA12-2001, EA13-2007, EA15-2008, EA16-2009, EA17-2011, EA18-2014, EA19-2015, EA20-2023, EA21-2026)",2025-01-01,-0.2,2025,39.28
Clothing,"Euro area (EA11-1999, EA12-2001, EA13-2007, EA15-2008, EA16-2009, EA17-2011, EA18-2014, EA19-2015, EA20-2023, EA21-2026)",2025-02-01,0.0,2025,39.28
Clothing,"Euro area (EA11-1999, EA12-2001, EA13-2007, EA15-2008, EA16-2009, EA17-2011, EA18-2014, EA19-2015, EA20-2023, EA21-2026)",2025-03-01,0.3,2025,39.28
Clothing,"Euro area (EA11-1999, EA12-2001, EA13-2007, EA15-2008, EA16-2009, EA17-2011, EA18-2014, EA19-2015, EA20-2023, EA21-2026)",2025-04-01,0.2,2025,39.28
Clothing,"Euro area (EA11-1999, EA12-2001, EA13-2007, EA15-2008, EA16-2009, EA17-2011, EA18-2014, EA19-2015, EA20-2023, EA21-2026)",2025-05-01,0.1,2025,39.28
Clothing,"Euro area (EA11-1999, EA12-2001, EA13-2007, EA15-2008, EA16-2009, EA17-2011, EA18-2014, EA19-2015, EA20-2023, EA21-2026)",2025-06-01,-0.4,2025,39.28
Clothing,"Euro area (EA11-1999, EA12-2001, EA13-2007, EA15-2008, EA16-2009, EA17-2011, EA18-2014, EA19-2015, EA20-2023, EA21-2026)",2025-07-01,0.1,2025,39.28
Clothing,"Euro area (EA11-1999, EA12-2001, EA13-2007, EA15-2008, EA16-2009, EA17-2011, EA18-2014, EA19-2015, EA20-2023, EA21-2026)",2025-08-01,0.5,2025,39.28
Clothing,"Euro area (EA11-1999, EA12-2001, EA13-2007, EA15-2008, EA16-2009, EA17-2011, EA18-2014, EA19-2015, EA20-2023, EA21-2026)",2025-09-01,1.1,2025,39.28
Clothing,"Euro area (EA11-1999, EA12-2001, EA13-2007, EA15-2008, EA16-2009, EA17-2011, EA18-2014, EA19-2015, EA20-2023, EA21-2026)",2025-10-01,0.7,2025,39.28
Clothing,"Euro area (EA11-1999, EA12-2001, EA13-2007, EA15-2008, EA16-2009, EA17-2011, EA18-2014, EA19-2015, EA20-2023, EA21-2026)",2025-11-01,0.6,2025,39.28
Clothing,"Euro area (EA11-1999, EA12-2001, EA13-2007, EA15-2008, EA16-2009, EA17-2011, EA18-2014, EA19-2015, EA20-2023, EA21-2026)",2025-12-01,0.4,2025,39.28
Clothing,Spain,2019-01-01,1.0,2019,50.03
Clothing,Spain,2019-02-01,-0.1,2019,50.03
Clothing,Spain,2019-03-01,-0.4,2019,50.03
Clothing,Spain,2019-04-01,1.8,2019,50.03
Clothing,Spain,2019-05-01,1.8,2019,50.03
Clothing,Spain,2019-06-01,1.8,2019,50.03
Clothing,Spain,2019-07-01,1.7,2019,50.03
Clothing,Spain,2019-08-01,1.9,2019,50.03
Clothing,Spain,2019-09-01,1.6,2019,50.03
Clothing,Spain,2019-10-01,0.5,2019,50.03
Clothing,Spain,2019-11-01,0.6,2019,50.03
Clothing,Spain,2019-12-01,0.5,2019,50.03
Clothing,Spain,2020-01-01,0.8,2020,48.41
Clothing,Spain,2020-02-01,2.1,2020,48.41
Clothing,Spain,2020-03-01,1.7,2020,48.41
Clothing,Spain,2020-04-01,0.1,2020,48.41
Clothing,Spain,2020-05-01,0.2,2020,48.41
Clothing,Spain,2020-06-01,0.3,2020,48.41
Clothing,Spain,2020-07-01,0.4,2020,48.41
Clothing,Spain,2020-08-01,0.3,2020,48.41
Clothing,Spain,2020-09-01,-0.7,2020,48.41
Clothing,Spain,2020-10-01,0.5,2020,48.41
Clothing,Spain,2020-11-01,1.3,2020,48.41
Clothing,Spain,2020-12-01,1.3,2020,48.41
Clothing,Spain,2021-01-01,1.4,2021,47.84
Clothing,Spain,2021-02-01,1.5,2021,47.84
Clothing,Spain,2021-03-01,1.1,2021,47.84
Clothing,Spain,2021-04-01,0.5,2021,47.84
Clothing,Spain,2021-05-01,0.8,2021,47.84
Clothing,Spain,2021-06-01,0.7,2021,47.84
Clothing,Spain,2021-07-01,0.9,2021,47.84
Clothing,Spain,2021-08-01,1.0,2021,47.84
Clothing,Spain,2021-09-01,2.0,2021,47.84
Clothing,Spain,2021-10-01,1.3,2021,47.84
Clothing,Spain,2021-11-01,0.6,2021,47.84
Clothing,Spain,2021-12-01,0.7,2021,47.84
Clothing,Spain,2022-01-01,4.7,2022,45.09
Clothing,Spain,2022-02-01,4.2,2022,45.09
Clothing,Spain,2022-03-01,2.9,2022,45.09
Clothing,Spain,2022-04-01,-2.4,2022,45.09
Clothing,Spain,2022-05-01,-4.5,2022,45.09
Clothing,Spain,2022-06-01,-3.9,2022,45.09
Clothing,Spain,2022-07-01,-0.9,2022,45.09
Clothing,Spain,2022-08-01,0.5,2022,45.09
Clothing,Spain,2022-09-01,3.9,2022,45.09
Clothing,Spain,2022-10-01,0.2,2022,45.09
Clothing,Spain,2022-11-01,-2.2,2022,45.09
Clothing,Spain,2022-12-01,-3.3,2022,45.09
Clothing,Spain,2023-01-01,-0.9,2023,29.73
Clothing,Spain,2023-02-01,-0.3,2023,29.73
Clothing,Spain,2023-03-01,0.7,2023,29.73
Clothing,Spain,2023-04-01,-1.2,2023,29.73
Clothing,Spain,2023-05-01,-2.2,2023,29.73
Clothing,Spain,2023-06-01,-2.5,2023,29.73
Clothing,Spain,2023-07-01,-2.0,2023,29.73
Clothing,Spain,2023-08-01,-1.9,2023,29.73
Clothing,Spain,2023-09-01,-1.9,2023,29.73
Clothing,Spain,2023-10-01,2.1,2023,29.73
Clothing,Spain,2023-11-01,1.1,2023,29.73
Clothing,Spain,2023-12-01,3.7,2023,29.73
Clothing,Spain,2024-01-01,5.6,2024,31.15
Clothing,Spain,2024-02-01,4.6,2024,31.15
Clothing,Spain,2024-03-01,0.0,2024,31.15
Clothing,Spain,2024-04-01,2.0,2024,31.15
Clothing,Spain,2024-05-01,2.4,2024,31.15
Clothing,Spain,2024-06-01,2.6,2024,31.15
Clothing,Spain,2024-07-01,3.0,2024,31.15
Clothing,Spain,2024-08-01,2.1,2024,31.15
Clothing,Spain,2024-09-01,5.3,2024,31.15
Clothing,Spain,2024-10-01,-0.2,2024,31.15
Clothing,Spain,2024-11-01,-1.3,2024,31.15
Clothing,Spain,2024-12-01,-1.0,2024,31.15
Clothing,Spain,2025-01-01,-1.9,2025,32.93
Clothing,Spain,2025-02-01,-1.4,2025,32.93
Clothing,Spain,2025-03-01,-1.5,2025,32.93
Clothing,Spain,2025-04-01,-1.2,2025,32.93
Clothing,Spain,2025-05-01,-1.6,2025,32.93
Clothing,Spain,2025-06-01,-1.7,2025,32.93
Clothing,Spain,2025-07-01,-0.8,2025,32.93
Clothing,Spain,2025-08-01,-1.1,2025,32.93
Clothing,Spain,2025-09-01,-1.3,2025,32.93
Clothing,Spain,2025-10-01,-0.2,2025,32.93
Clothing,Spain,2025-11-01,0.7,2025,32.93
Clothing,Spain,2025-12-01,0.6,2025,32.93
Clothing,France,2019-01-01,0.4,2019,36.52
Clothing,France,2019-02-01,0.6,2019,36.52
Clothing,France,2019-03-01,-0.6,2019,36.52
Clothing,France,2019-04-01,-0.4,2019,36.52
Clothing,France,2019-05-01,-0.8,2019,36.52
Clothing,France,2019-06-01,-1.0,2019,36.52
Clothing,France,2019-07-01,-0.1,2019,36.52
Clothing,France,2019-08-01,-1.7,2019,36.52
Clothing,France,2019-09-01,-1.2,2019,36.52
Clothing,France,2019-10-01,0.3,2019,36.52
Clothing,France,2019-11-01,-0.1,2019,36.52
Clothing,France,2019-12-01,-0.2,2019,36.52
Clothing,France,2020-01-01,0.2,2020,34.76
Clothing,France,2020-02-01,2.2,2020,34.76
Clothing,France,2020-03-01,0.3,2020,34.76
Clothing,France,2020-04-01,-0.2,2020,34.76
Clothing,France,2020-05-01,-2.2,2020,34.76
Clothing,France,2020-06-01,-2.9,2020,34.76
Clothing,France,2020-07-01,11.6,2020,34.76
Clothing,France,2020-08-01,-0.8,2020,34.76
Clothing,France,2020-09-01,-0.6,2020,34.76
Clothing,France,2020-10-01,-0.5,2020,34.76
Clothing,France,2020-11-01,-1.6,2020,34.76
Clothing,France,2020-12-01,-2.5,2020,34.76
Clothing,France,2021-01-01,4.3,2021,32.91
Clothing,France,2021-02-01,-2.4,2021,32.91
Clothing,France,2021-03-01,-2.2,2021,32.91
Clothing,France,2021-04-01,-2.3,2021,32.91
Clothing,France,2021-05-01,-0.2,2021,32.91
Clothing,France,2021-06-01,2.1,2021,32.91
Clothing,France,2021-07-01,-7.8,2021,32.91
Clothing,France,2021-08-01,3.9,2021,32.91
Clothing,France,2021-09-01,0.2,2021,32.91
Clothing,France,2021-10-01,-0.3,2021,32.91
Clothing,France,2021-11-01,1.3,2021,32.91
Clothing,France,2021-12-01,2.9,2021,32.91
Clothing,France,2022-01-01,-1.7,2022,31.04
Clothing,France,2022-02-01,5.2,2022,31.04
Clothing,France,2022-03-01,3.1,2022,31.04
Clothing,France,2022-04-01,4.0,2022,31.04
Clothing,France,2022-05-01,3.9,2022,31.04
Clothing,France,2022-06-01,0.4,2022,31.04
Clothing,France,2022-07-01,0.2,2022,31.04
Clothing,France,2022-08-01,2.7,2022,31.04
Clothing,France,2022-09-01,2.9,2022,31.04
Clothing,France,2022-10-01,3.2,2022,31.04
Clothing,France,2022-11-01,3.3,2022,31.04
Clothing,France,2022-12-01,2.6,2022,31.04
Clothing,France,2023-01-01,2.8,2023,31.36
Clothing,France,2023-02-01,2.8,2023,31.36
Clothing,France,2023-03-01,3.1,2023,31.36
Clothing,France,2023-04-01,2.9,2023,31.36
Clothing,France,2023-05-01,2.7,2023,31.36
Clothing,France,2023-06-01,4.6,2023,31.36
Clothing,France,2023-07-01,3.4,2023,31.36
Clothing,France,2023-08-01,2.0,2023,31.36
Clothing,France,2023-09-01,2.5,2023,31.36
Clothing,France,2023-10-01,1.8,2023,31.36
Clothing,France,2023-11-01,1.6,2023,31.36
Clothing,France,2023-12-01,1.4,2023,31.36
Clothing,France,2024-01-01,0.4,2024,31.3
Clothing,France,2024-02-01,1.2,2024,31.3
Clothing,France,2024-03-01,0.5,2024,31.3
Clothing,France,2024-04-01,0.6,2024,31.3
Clothing,France,2024-05-01,0.7,2024,31.3
Clothing,France,2024-06-01,1.0,2024,31.3
Clothing,France,2024-07-01,0.8,2024,31.3
Clothing,France,2024-08-01,0.9,2024,31.3
Clothing,France,2024-09-01,-0.3,2024,31.3
Clothing,France,2024-10-01,0.4,2024,31.3
Clothing,France,2024-11-01,0.2,2024,31.3
Clothing,France,2024-12-01,0.0,2024,31.3
Clothing,France,2025-01-01,2.0,2025,29.93
Clothing,France,2025-02-01,1.6,2025,29.93
Clothing,France,2025-03-01,0.4,2025,29.93
Clothing,France,2025-04-01,0.0,2025,29.93
Clothing,France,2025-05-01,-0.1,2025,29.93
Clothing,France,2025-06-01,0.2,2025,29.93
Clothing,France,2025-07-01,2.0,2025,29.93
Clothing,France,2025-08-01,1.3,2025,29.93
Clothing,France,2025-09-01,0.4,2025,29.93
Clothing,France,2025-10-01,0.1,2025,29.93
Clothing,France,2025-11-01,0.4,2025,29.93
Clothing,France,2025-12-01,0.2,2025,29.93
Clothing,Italy,2019-01-01,-0.1,2019,65.72
Clothing,Italy,2019-02-01,-0.2,2019,65.72
Clothing,Italy,2019-03-01,0.5,2019,65.72
Clothing,Italy,2019-04-01,0.5,2019,65.72
Clothing,Italy,2019-05-01,0.5,2019,65.72
Clothing,Italy,2019-06-01,0.3,2019,65.72
Clothing,Italy,2019-07-01,-1.8,2019,65.72
Clothing,Italy,2019-08-01,0.5,2019,65.72
Clothing,Italy,2019-09-01,0.2,2019,65.72
Clothing,Italy,2019-10-01,0.7,2019,65.72
Clothing,Italy,2019-11-01,0.8,2019,65.72
Clothing,Italy,2019-12-01,0.9,2019,65.72
Clothing,Italy,2020-01-01,-0.5,2020,65.93
Clothing,Italy,2020-02-01,0.0,2020,65.93
Clothing,Italy,2020-03-01,-0.1,2020,65.93
Clothing,Italy,2020-04-01,1.0,2020,65.93
Clothing,Italy,2020-05-01,0.7,2020,65.93
Clothing,Italy,2020-06-01,0.6,2020,65.93
Clothing,Italy,2020-07-01,19.5,2020,65.93
Clothing,Italy,2020-08-01,3.9,2020,65.93
Clothing,Italy,2020-09-01,-1.7,2020,65.93
Clothing,Italy,2020-10-01,0.2,2020,65.93
Clothing,Italy,2020-11-01,0.4,2020,65.93
Clothing,Italy,2020-12-01,0.0,2020,65.93
Clothing,Italy,2021-01-01,5.1,2021,60.65
Clothing,Italy,2021-02-01,5.8,2021,60.65
Clothing,Italy,2021-03-01,-0.4,2021,60.65
Clothing,Italy,2021-04-01,0.1,2021,60.65
Clothing,Italy,2021-05-01,0.4,2021,60.65
Clothing,Italy,2021-06-01,0.9,2021,60.65
Clothing,Italy,2021-07-01,-12.5,2021,60.65
Clothing,Italy,2021-08-01,2.1,2021,60.65
Clothing,Italy,2021-09-01,2.8,2021,60.65
Clothing,Italy,2021-10-01,1.1,2021,60.65
Clothing,Italy,2021-11-01,1.1,2021,60.65
Clothing,Italy,2021-12-01,1.4,2021,60.65
Clothing,Italy,2022-01-01,-2.5,2022,59.66
Clothing,Italy,2022-02-01,0.1,2022,59.66
Clothing,Italy,2022-03-01,1.5,2022,59.66
Clothing,Italy,2022-04-01,1.9,2022,59.66
Clothing,Italy,2022-05-01,2.1,2022,59.66
Clothing,Italy,2022-06-01,2.2,2022,59.66
Clothing,Italy,2022-07-01,-1.6,2022,59.66
Clothing,Italy,2022-08-01,2.9,2022,59.66
Clothing,Italy,2022-09-01,3.1,2022,59.66
Clothing,Italy,2022-10-01,3.5,2022,59.66
Clothing,Italy,2022-11-01,3.4,2022,59.66
Clothing,Italy,2022-12-01,3.8,2022,59.66
Clothing,Italy,2023-01-01,6.9,2023,62.35
Clothing,Italy,2023-02-01,7.9,2023,62.35
Clothing,Italy,2023-03-01,4.1,2023,62.35
Clothing,Italy,2023-04-01,3.5,2023,62.35
Clothing,Italy,2023-05-01,3.4,2023,62.35
Clothing,Italy,2023-06-01,3.4,2023,62.35
Clothing,Italy,2023-07-01,5.5,2023,62.35
Clothing,Italy,2023-08-01,3.1,2023,62.35
Clothing,Italy,2023-09-01,2.3,2023,62.35
Clothing,Italy,2023-10-01,2.2,2023,62.35
Clothing,Italy,2023-11-01,2.0,2023,62.35
Clothing,Italy,2023-12-01,2.0,2023,62.35
Clothing,Italy,2024-01-01,2.0,2024,57.37
Clothing,Italy,2024-02-01,2.0,2024,57.37
Clothing,Italy,2024-03-01,0.9,2024,57.37
Clothing,Italy,2024-04-01,1.7,2024,57.37
Clothing,Italy,2024-05-01,1.4,2024,57.37
Clothing,Italy,2024-06-01,1.3,2024,57.37
Clothing,Italy,2024-07-01,3.4,2024,57.37
Clothing,Italy,2024-08-01,1.0,2024,57.37
Clothing,Italy,2024-09-01,0.1,2024,57.37
Clothing,Italy,2024-10-01,1.1,2024,57.37
Clothing,Italy,2024-11-01,1.1,2024,57.37
Clothing,Italy,2024-12-01,0.8,2024,57.37
Clothing,Italy,2025-01-01,1.1,2025,57.83
Clothing,Italy,2025-02-01,-0.4,2025,57.83
Clothing,Italy,2025-03-01,1.4,2025,57.83
Clothing,Italy,2025-04-01,0.7,2025,57.83
Clothing,Italy,2025-05-01,0.9,2025,57.83
Clothing,Italy,2025-06-01,1.0,2025,57.83
Clothing,Italy,2025-07-01,1.0,2025,57.83
Clothing,Italy,2025-08-01,0.4,2025,57.83
Clothing,Italy,2025-09-01,2.0,2025,57.83
Clothing,Italy,2025-10-01,1.0,2025,57.83
Clothing,Italy,2025-11-01,1.1,2025,57.83
Clothing,Italy,2025-12-01,1.2,2025,57.83
Clothing,Portugal,2019-01-01,-2.6,2019,55.55
Clothing,Portugal,2019-02-01,-3.3,2019,55.55
Clothing,Portugal,2019-03-01,-2.2,2019,55.55
Clothing,Portugal,2019-04-01,-2.8,2019,55.55
Clothing,Portugal,2019-05-01,-2.9,2019,55.55
Clothing,Portugal,2019-06-01,-3.6,2019,55.55
Clothing,Portugal,2019-07-01,-5.6,2019,55.55
Clothing,Portugal,2019-08-01,-5.1,2019,55.55
Clothing,Portugal,2019-09-01,-1.2,2019,55.55
Clothing,Portugal,2019-10-01,-1.0,2019,55.55
Clothing,Portugal,2019-11-01,-0.4,2019,55.55
Clothing,Portugal,2019-12-01,-0.9,2019,55.55
Clothing,Portugal,2020-01-01,-0.5,2020,54.97
Clothing,Portugal,2020-02-01,-1.3,2020,54.97
Clothing,Portugal,2020-03-01,-1.0,2020,54.97
Clothing,Portugal,2020-04-01,-5.0,2020,54.97
Clothing,Portugal,2020-05-01,-6.3,2020,54.97
Clothing,Portugal,2020-06-01,-4.9,2020,54.97
Clothing,Portugal,2020-07-01,2.5,2020,54.97
Clothing,Portugal,2020-08-01,2.5,2020,54.97
Clothing,Portugal,2020-09-01,-2.0,2020,54.97
Clothing,Portugal,2020-10-01,-2.7,2020,54.97
Clothing,Portugal,2020-11-01,-3.5,2020,54.97
Clothing,Portugal,2020-12-01,-4.6,2020,54.97
Clothing,Portugal,2021-01-01,-1.5,2021,41.84
Clothing,Portugal,2021-02-01,-1.8,2021,41.84
Clothing,Portugal,2021-03-01,-2.8,2021,41.84
Clothing,Portugal,2021-04-01,2.1,2021,41.84
Clothing,Portugal,2021-05-01,3.3,2021,41.84
Clothing,Portugal,2021-06-01,3.1,2021,41.84
Clothing,Portugal,2021-07-01,-1.4,2021,41.84
Clothing,Portugal,2021-08-01,-2.9,2021,41.84
Clothing,Portugal,2021-09-01,-1.7,2021,41.84
Clothing,Portugal,2021-10-01,-0.9,2021,41.84
Clothing,Portugal,2021-11-01,0.3,2021,41.84
Clothing,Portugal,2021-12-01,2.7,2021,41.84
Clothing,Portugal,2022-01-01,3.0,2022,43.3
Clothing,Portugal,2022-02-01,3.4,2022,43.3
Clothing,Portugal,2022-03-01,-0.2,2022,43.3
Clothing,Portugal,2022-04-01,-0.8,2022,43.3
Clothing,Portugal,2022-05-01,0.4,2022,43.3
Clothing,Portugal,2022-06-01,0.1,2022,43.3
Clothing,Portugal,2022-07-01,0.3,2022,43.3
Clothing,Portugal,2022-08-01,-1.4,2022,43.3
Clothing,Portugal,2022-09-01,2.2,2022,43.3
Clothing,Portugal,2022-10-01,2.8,2022,43.3
Clothing,Portugal,2022-11-01,1.9,2022,43.3
Clothing,Portugal,2022-12-01,2.1,2022,43.3
Clothing,Portugal,2023-01-01,2.7,2023,46.74
Clothing,Portugal,2023-02-01,2.2,2023,46.74
Clothing,Portugal,2023-03-01,2.4,2023,46.74
Clothing,Portugal,2023-04-01,2.4,2023,46.74
Clothing,Portugal,2023-05-01,1.8,2023,46.74
Clothing,Portugal,2023-06-01,1.7,2023,46.74
Clothing,Portugal,2023-07-01,0.8,2023,46.74
Clothing,Portugal,2023-08-01,0.7,2023,46.74
Clothing,Portugal,2023-09-01,1.0,2023,46.74
Clothing,Portugal,2023-10-01,0.5,2023,46.74
Clothing,Portugal,2023-11-01,0.1,2023,46.74
Clothing,Portugal,2023-12-01,-0.8,2023,46.74
Clothing,Portugal,2024-01-01,-3.2,2024,50.37
Clothing,Portugal,2024-02-01,-4.1,2024,50.37
Clothing,Portugal,2024-03-01,-0.7,2024,50.37
Clothing,Portugal,2024-04-01,0.1,2024,50.37
Clothing,Portugal,2024-05-01,-0.6,2024,50.37
Clothing,Portugal,2024-06-01,-0.7,2024,50.37
Clothing,Portugal,2024-07-01,-0.2,2024,50.37
Clothing,Portugal,2024-08-01,0.7,2024,50.37
Clothing,Portugal,2024-09-01,-0.9,2024,50.37
Clothing,Portugal,2024-10-01,-1.3,2024,50.37
Clothing,Portugal,2024-11-01,-0.7,2024,50.37
Clothing,Portugal,2024-12-01,0.1,2024,50.37
Clothing,Portugal,2025-01-01,0.8,2025,47.77
Clothing,Portugal,2025-02-01,2.9,2025,47.77
Clothing,Portugal,2025-03-01,-0.5,2025,47.77
Clothing,Portugal,2025-04-01,-1.3,2025,47.77
Clothing,Portugal,2025-05-01,-1.3,2025,47.77
Clothing,Portugal,2025-06-01,-0.5,2025,47.77
Clothing,Portugal,2025-07-01,-1.9,2025,47.77
Clothing,Portugal,2025-08-01,-1.5,2025,47.77
Clothing,Portugal,2025-09-01,-0.7,2025,47.77
Clothing,Portugal,2025-10-01,-0.7,2025,47.77
Clothing,Portugal,2025-11-01,-1.0,2025,47.77
Clothing,Portugal,2025-12-01,-1.3,2025,47.77
"Housing, water, electricity, gas and other fuels",Germany,2019-01-01,2.2,2019,237.1
"Housing, water, electricity, gas and other fuels",Germany,2019-02-01,2.5,2019,237.1
"Housing, water, electricity, gas and other fuels",Germany,2019-03-01,2.5,2019,237.1
"Housing, water, electricity, gas and other fuels",Germany,2019-04-01,2.5,2019,237.1
"Housing, water, electricity, gas and other fuels",Germany,2019-05-01,2.3,2019,237.1
"Housing, water, electricity, gas and other fuels",Germany,2019-06-01,2.2,2019,237.1
"Housing, water, electricity, gas and other fuels",Germany,2019-07-01,2.3,2019,237.1
"Housing, water, electricity, gas and other fuels",Germany,2019-08-01,2.0,2019,237.1
"Housing, water, electricity, gas and other fuels",Germany,2019-09-01,1.7,2019,237.1
"Housing, water, electricity, gas and other fuels",Germany,2019-10-01,1.4,2019,237.1
"Housing, water, electricity, gas and other fuels",Germany,2019-11-01,1.0,2019,237.1
"Housing, water, electricity, gas and other fuels",Germany,2019-12-01,1.8,2019,237.1
"Housing, water, electricity, gas and other fuels",Germany,2020-01-01,1.9,2020,233.06
"Housing, water, electricity, gas and other fuels",Germany,2020-02-01,1.6,2020,233.06
"Housing, water, electricity, gas and other fuels",Germany,2020-03-01,1.3,2020,233.06
"Housing, water, electricity, gas and other fuels",Germany,2020-04-01,1.1,2020,233.06
"Housing, water, electricity, gas and other fuels",Germany,2020-05-01,0.7,2020,233.06
"Housing, water, electricity, gas and other fuels",Germany,2020-06-01,0.8,2020,233.06
"Housing, water, electricity, gas and other fuels",Germany,2020-07-01,-0.1,2020,233.06
"Housing, water, electricity, gas and other fuels",Germany,2020-08-01,-0.2,2020,233.06
"Housing, water, electricity, gas and other fuels",Germany,2020-09-01,-0.5,2020,233.06
"Housing, water, electricity, gas and other fuels",Germany,2020-10-01,-0.6,2020,233.06
"Housing, water, electricity, gas and other fuels",Germany,2020-11-01,-0.6,2020,233.06
"Housing, water, electricity, gas and other fuels",Germany,2020-12-01,-0.4,2020,233.06
"Housing, water, electricity, gas and other fuels",Germany,2021-01-01,0.4,2021,253.0
"Housing, water, electricity, gas and other fuels",Germany,2021-02-01,0.8,2021,253.0
"Housing, water, electricity, gas and other fuels",Germany,2021-03-01,1.2,2021,253.0
"Housing, water, electricity, gas and other fuels",Germany,2021-04-01,1.3,2021,253.0
"Housing, water, electricity, gas and other fuels",Germany,2021-05-01,1.7,2021,253.0
"Housing, water, electricity, gas and other fuels",Germany,2021-06-01,1.9,2021,253.0
"Housing, water, electricity, gas and other fuels",Germany,2021-07-01,2.9,2021,253.0
"Housing, water, electricity, gas and other fuels",Germany,2021-08-01,3.1,2021,253.0
"Housing, water, electricity, gas and other fuels",Germany,2021-09-01,3.5,2021,253.0
"Housing, water, electricity, gas and other fuels",Germany,2021-10-01,4.7,2021,253.0
"Housing, water, electricity, gas and other fuels",Germany,2021-11-01,5.2,2021,253.0
"Housing, water, electricity, gas and other fuels",Germany,2021-12-01,5.0,2021,253.0
"Housing, water, electricity, gas and other fuels",Germany,2022-01-01,7.1,2022,252.2
"Housing, water, electricity, gas and other fuels",Germany,2022-02-01,8.0,2022,252.2
"Housing, water, electricity, gas and other fuels",Germany,2022-03-01,11.7,2022,252.2
"Housing, water, electricity, gas and other fuels",Germany,2022-04-01,11.6,2022,252.2
"Housing, water, electricity, gas and other fuels",Germany,2022-05-01,12.8,2022,252.2
"Housing, water, electricity, gas and other fuels",Germany,2022-06-01,13.9,2022,252.2
"Housing, water, electricity, gas and other fuels",Germany,2022-07-01,15.0,2022,252.2
"Housing, water, electricity, gas and other fuels",Germany,2022-08-01,16.2,2022,252.2
"Housing, water, electricity, gas and other fuels",Germany,2022-09-01,17.9,2022,252.2
"Housing, water, electricity, gas and other fuels",Germany,2022-10-01,19.5,2022,252.2
"Housing, water, electricity, gas and other fuels",Germany,2022-11-01,19.4,2022,252.2
"Housing, water, electricity, gas and other fuels",Germany,2022-12-01,12.9,2022,252.2
"Housing, water, electricity, gas and other fuels",Germany,2023-01-01,14.0,2023,165.0
"Housing, water, electricity, gas and other fuels",Germany,2023-02-01,12.9,2023,165.0
"Housing, water, electricity, gas and other fuels",Germany,2023-03-01,9.1,2023,165.0
"Housing, water, electricity, gas and other fuels",Germany,2023-04-01,9.3,2023,165.0
"Housing, water, electricity, gas and other fuels",Germany,2023-05-01,7.8,2023,165.0
"Housing, water, electricity, gas and other fuels",Germany,2023-06-01,6.4,2023,165.0
"Housing, water, electricity, gas and other fuels",Germany,2023-07-01,5.2,2023,165.0
"Housing, water, electricity, gas and other fuels",Germany,2023-08-01,4.3,2023,165.0
"Housing, water, electricity, gas and other fuels",Germany,2023-09-01,2.4,2023,165.0
"Housing, water, electricity, gas and other fuels",Germany,2023-10-01,-0.4,2023,165.0
"Housing, water, electricity, gas and other fuels",Germany,2023-11-01,-1.2,2023,165.0
"Housing, water, electricity, gas and other fuels",Germany,2023-12-01,4.0,2023,165.0
"Housing, water, electricity, gas and other fuels",Germany,2024-01-01,0.5,2024,170.83
"Housing, water, electricity, gas and other fuels",Germany,2024-02-01,0.5,2024,170.83
"Housing, water, electricity, gas and other fuels",Germany,2024-03-01,0.1,2024,170.83
"Housing, water, electricity, gas and other fuels",Germany,2024-04-01,0.6,2024,170.83
"Housing, water, electricity, gas and other fuels",Germany,2024-05-01,0.6,2024,170.83
"Housing, water, electricity, gas and other fuels",Germany,2024-06-01,0.7,2024,170.83
"Housing, water, electricity, gas and other fuels",Germany,2024-07-01,0.8,2024,170.83
"Housing, water, electricity, gas and other fuels",Germany,2024-08-01,0.5,2024,170.83
"Housing, water, electricity, gas and other fuels",Germany,2024-09-01,0.5,2024,170.83
"Housing, water, electricity, gas and other fuels",Germany,2024-10-01,0.8,2024,170.83
"Housing, water, electricity, gas and other fuels",Germany,2024-11-01,1.3,2024,170.83
"Housing, water, electricity, gas and other fuels",Germany,2024-12-01,1.8,2024,170.83
"Housing, water, electricity, gas and other fuels",Germany,2025-01-01,1.0,2025,163.99
"Housing, water, electricity, gas and other fuels",Germany,2025-02-01,1.1,2025,163.99
"Housing, water, electricity, gas and other fuels",Germany,2025-03-01,1.3,2025,163.99
"Housing, water, electricity, gas and other fuels",Germany,2025-04-01,0.7,2025,163.99
"Housing, water, electricity, gas and other fuels",Germany,2025-05-01,0.8,2025,163.99
"Housing, water, electricity, gas and other fuels",Germany,2025-06-01,0.9,2025,163.99
"Housing, water, electricity, gas and other fuels",Germany,2025-07-01,0.9,2025,163.99
"Housing, water, electricity, gas and other fuels",Germany,2025-08-01,1.1,2025,163.99
"Housing, water, electricity, gas and other fuels",Germany,2025-09-01,1.1,2025,163.99
"Housing, water, electricity, gas and other fuels",Germany,2025-10-01,1.1,2025,163.99
"Housing, water, electricity, gas and other fuels",Germany,2025-11-01,1.3,2025,163.99
"Housing, water, electricity, gas and other fuels",Germany,2025-12-01,1.2,2025,163.99
"Housing, water, electricity, gas and other fuels","Euro area (EA11-1999, EA12-2001, EA13-2007, EA15-2008, EA16-2009, EA17-2011, EA18-2014, EA19-2015, EA20-2023, EA21-2026)",2019-01-01,2.6,2019,165.34
"Housing, water, electricity, gas and other fuels","Euro area (EA11-1999, EA12-2001, EA13-2007, EA15-2008, EA16-2009, EA17-2011, EA18-2014, EA19-2015, EA20-2023, EA21-2026)",2019-02-01,2.6,2019,165.34
"Housing, water, electricity, gas and other fuels","Euro area (EA11-1999, EA12-2001, EA13-2007, EA15-2008, EA16-2009, EA17-2011, EA18-2014, EA19-2015, EA20-2023, EA21-2026)",2019-03-01,2.9,2019,165.34
"Housing, water, electricity, gas and other fuels","Euro area (EA11-1999, EA12-2001, EA13-2007, EA15-2008, EA16-2009, EA17-2011, EA18-2014, EA19-2015, EA20-2023, EA21-2026)",2019-04-01,2.8,2019,165.34
"Housing, water, electricity, gas and other fuels","Euro area (EA11-1999, EA12-2001, EA13-2007, EA15-2008, EA16-2009, EA17-2011, EA18-2014, EA19-2015, EA20-2023, EA21-2026)",2019-05-01,2.3,2019,165.34
"Housing, water, electricity, gas and other fuels","Euro area (EA11-1999, EA12-2001, EA13-2007, EA15-2008, EA16-2009, EA17-2011, EA18-2014, EA19-2015, EA20-2023, EA21-2026)",2019-06-01,2.3,2019,165.34
"Housing, water, electricity, gas and other fuels","Euro area (EA11-1999, EA12-2001, EA13-2007, EA15-2008, EA16-2009, EA17-2011, EA18-2014, EA19-2015, EA20-2023, EA21-2026)",2019-07-01,1.5,2019,165.34
"Housing, water, electricity, gas and other fuels","Euro area (EA11-1999, EA12-2001, EA13-2007, EA15-2008, EA16-2009, EA17-2011, EA18-2014, EA19-2015, EA20-2023, EA21-2026)",2019-08-01,1.3,2019,165.34
"Housing, water, electricity, gas and other fuels","Euro area (EA11-1999, EA12-2001, EA13-2007, EA15-2008, EA16-2009, EA17-2011, EA18-2014, EA19-2015, EA20-2023, EA21-2026)",2019-09-01,1.0,2019,165.34
"Housing, water, electricity, gas and other fuels","Euro area (EA11-1999, EA12-2001, EA13-2007, EA15-2008, EA16-2009, EA17-2011, EA18-2014, EA19-2015, EA20-2023, EA21-2026)",2019-10-01,0.4,2019,165.34
"Housing, water, electricity, gas and other fuels","Euro area (EA11-1999, EA12-2001, EA13-2007, EA15-2008, EA16-2009, EA17-2011, EA18-2014, EA19-2015, EA20-2023, EA21-2026)",2019-11-01,0.2,2019,165.34
"Housing, water, electricity, gas and other fuels","Euro area (EA11-1999, EA12-2001, EA13-2007, EA15-2008, EA16-2009, EA17-2011, EA18-2014, EA19-2015, EA20-2023, EA21-2026)",2019-12-01,0.7,2019,165.34
"Housing, water, electricity, gas and other fuels","Euro area (EA11-1999, EA12-2001, EA13-2007, EA15-2008, EA16-2009, EA17-2011, EA18-2014, EA19-2015, EA20-2023, EA21-2026)",2020-01-01,0.6,2020,160.92
"Housing, water, electricity, gas and other fuels","Euro area (EA11-1999, EA12-2001, EA13-2007, EA15-2008, EA16-2009, EA17-2011, EA18-2014, EA19-2015, EA20-2023, EA21-2026)",2020-02-01,0.2,2020,160.92
"Housing, water, electricity, gas and other fuels","Euro area (EA11-1999, EA12-2001, EA13-2007, EA15-2008, EA16-2009, EA17-2011, EA18-2014, EA19-2015, EA20-2023, EA21-2026)",2020-03-01,-0.4,2020,160.92
"Housing, water, electricity, gas and other fuels","Euro area (EA11-1999, EA12-2001, EA13-2007, EA15-2008, EA16-2009, EA17-2011, EA18-2014, EA19-2015, EA20-2023, EA21-2026)",2020-04-01,-1.0,2020,160.92
"Housing, water, electricity, gas and other fuels","Euro area (EA11-1999, EA12-2001, EA13-2007, EA15-2008, EA16-2009, EA17-2011, EA18-2014, EA19-2015, EA20-2023, EA21-2026)",2020-05-01,-1.3,2020,160.92
"Housing, water, electricity, gas and other fuels","Euro area (EA11-1999, EA12-2001, EA13-2007, EA15-2008, EA16-2009, EA17-2011, EA18-2014, EA19-2015, EA20-2023, EA21-2026)",2020-06-01,-1.1,2020,160.92
"Housing, water, electricity, gas and other fuels","Euro area (EA11-1999, EA12-2001, EA13-2007, EA15-2008, EA16-2009, EA17-2011, EA18-2014, EA19-2015, EA20-2023, EA21-2026)",2020-07-01,-1.2,2020,160.92
"Housing, water, electricity, gas and other fuels","Euro area (EA11-1999, EA12-2001, EA13-2007, EA15-2008, EA16-2009, EA17-2011, EA18-2014, EA19-2015, EA20-2023, EA21-2026)",2020-08-01,-1.1,2020,160.92
"Housing, water, electricity, gas and other fuels","Euro area (EA11-1999, EA12-2001, EA13-2007, EA15-2008, EA16-2009, EA17-2011, EA18-2014, EA19-2015, EA20-2023, EA21-2026)",2020-09-01,-1.2,2020,160.92
"Housing, water, electricity, gas and other fuels","Euro area (EA11-1999, EA12-2001, EA13-2007, EA15-2008, EA16-2009, EA17-2011, EA18-2014, EA19-2015, EA20-2023, EA21-2026)",2020-10-01,-1.2,2020,160.92
"Housing, water, electricity, gas and other fuels","Euro area (EA11-1999, EA12-2001, EA13-2007, EA15-2008, EA16-2009, EA17-2011, EA18-2014, EA19-2015, EA20-2023, EA21-2026)",2020-11-01,-1.0,2020,160.92
"Housing, water, electricity, gas and other fuels","Euro area (EA11-1999, EA12-2001, EA13-2007, EA15-2008, EA16-2009, EA17-2011, EA18-2014, EA19-2015, EA20-2023, EA21-2026)",2020-12-01,-0.6,2020,160.92
"Housing, water, electricity, gas and other fuels","Euro area (EA11-1999, EA12-2001, EA13-2007, EA15-2008, EA16-2009, EA17-2011, EA18-2014, EA19-2015, EA20-2023, EA21-2026)",2021-01-01,0.3,2021,177.47
"Housing, water, electricity, gas and other fuels","Euro area (EA11-1999, EA12-2001, EA13-2007, EA15-2008, EA16-2009, EA17-2011, EA18-2014, EA19-2015, EA20-2023, EA21-2026)",2021-02-01,0.5,2021,177.47
"Housing, water, electricity, gas and other fuels","Euro area (EA11-1999, EA12-2001, EA13-2007, EA15-2008, EA16-2009, EA17-2011, EA18-2014, EA19-2015, EA20-2023, EA21-2026)",2021-03-01,1.6,2021,177.47
"Housing, water, electricity, gas and other fuels","Euro area (EA11-1999, EA12-2001, EA13-2007, EA15-2008, EA16-2009, EA17-2011, EA18-2014, EA19-2015, EA20-2023, EA21-2026)",2021-04-01,3.0,2021,177.47
"Housing, water, electricity, gas and other fuels","Euro area (EA11-1999, EA12-2001, EA13-2007, EA15-2008, EA16-2009, EA17-2011, EA18-2014, EA19-2015, EA20-2023, EA21-2026)",2021-05-01,3.5,2021,177.47
"Housing, water, electricity, gas and other fuels","Euro area (EA11-1999, EA12-2001, EA13-2007, EA15-2008, EA16-2009, EA17-2011, EA18-2014, EA19-2015, EA20-2023, EA21-2026)",2021-06-01,3.7,2021,177.47
"Housing, water, electricity, gas and other fuels","Euro area (EA11-1999, EA12-2001, EA13-2007, EA15-2008, EA16-2009, EA17-2011, EA18-2014, EA19-2015, EA20-2023, EA21-2026)",2021-07-01,4.7,2021,177.47
"Housing, water, electricity, gas and other fuels","Euro area (EA11-1999, EA12-2001, EA13-2007, EA15-2008, EA16-2009, EA17-2011, EA18-2014, EA19-2015, EA20-2023, EA21-2026)",2021-08-01,5.2,2021,177.47
"Housing, water, electricity, gas and other fuels","Euro area (EA11-1999, EA12-2001, EA13-2007, EA15-2008, EA16-2009, EA17-2011, EA18-2014, EA19-2015, EA20-2023, EA21-2026)",2021-09-01,5.9,2021,177.47
"Housing, water, electricity, gas and other fuels","Euro area (EA11-1999, EA12-2001, EA13-2007, EA15-2008, EA16-2009, EA17-2011, EA18-2014, EA19-2015, EA20-2023, EA21-2026)",2021-10-01,8.0,2021,177.47
"Housing, water, electricity, gas and other fuels","Euro area (EA11-1999, EA12-2001, EA13-2007, EA15-2008, EA16-2009, EA17-2011, EA18-2014, EA19-2015, EA20-2023, EA21-2026)",2021-11-01,9.1,2021,177.47
"Housing, water, electricity, gas and other fuels","Euro area (EA11-1999, EA12-2001, EA13-2007, EA15-2008, EA16-2009, EA17-2011, EA18-2014, EA19-2015, EA20-2023, EA21-2026)",2021-12-01,9.7,2021,177.47
"Housing, water, electricity, gas and other fuels","Euro area (EA11-1999, EA12-2001, EA13-2007, EA15-2008, EA16-2009, EA17-2011, EA18-2014, EA19-2015, EA20-2023, EA21-2026)",2022-01-01,11.9,2022,178.61
"Housing, water, electricity, gas and other fuels","Euro area (EA11-1999, EA12-2001, EA13-2007, EA15-2008, EA16-2009, EA17-2011, EA18-2014, EA19-2015, EA20-2023, EA21-2026)",2022-02-01,13.4,2022,178.61
"Housing, water, electricity, gas and other fuels","Euro area (EA11-1999, EA12-2001, EA13-2007, EA15-2008, EA16-2009, EA17-2011, EA18-2014, EA19-2015, EA20-2023, EA21-2026)",2022-03-01,17.2,2022,178.61
"Housing, water, electricity, gas and other fuels","Euro area (EA11-1999, EA12-2001, EA13-2007, EA15-2008, EA16-2009, EA17-2011, EA18-2014, EA19-2015, EA20-2023, EA21-2026)",2022-04-01,15.9,2022,178.61
"Housing, water, electricity, gas and other fuels","Euro area (EA11-1999, EA12-2001, EA13-2007, EA15-2008, EA16-2009, EA17-2011, EA18-2014, EA19-2015, EA20-2023, EA21-2026)",2022-05-01,16.3,2022,178.61
"Housing, water, electricity, gas and other fuels","Euro area (EA11-1999, EA12-2001, EA13-2007, EA15-2008, EA16-2009, EA17-2011, EA18-2014, EA19-2015, EA20-2023, EA21-2026)",2022-06-01,16.9,2022,178.61
"Housing, water, electricity, gas and other fuels","Euro area (EA11-1999, EA12-2001, EA13-2007, EA15-2008, EA16-2009, EA17-2011, EA18-2014, EA19-2015, EA20-2023, EA21-2026)",2022-07-01,17.7,2022,178.61
"Housing, water, electricity, gas and other fuels","Euro area (EA11-1999, EA12-2001, EA13-2007, EA15-2008, EA16-2009, EA17-2011, EA18-2014, EA19-2015, EA20-2023, EA21-2026)",2022-08-01,19.7,2022,178.61
"Housing, water, electricity, gas and other fuels","Euro area (EA11-1999, EA12-2001, EA13-2007, EA15-2008, EA16-2009, EA17-2011, EA18-2014, EA19-2015, EA20-2023, EA21-2026)",2022-09-01,21.1,2022,178.61
"Housing, water, electricity, gas and other fuels","Euro area (EA11-1999, EA12-2001, EA13-2007, EA15-2008, EA16-2009, EA17-2011, EA18-2014, EA19-2015, EA20-2023, EA21-2026)",2022-10-01,23.2,2022,178.61
"Housing, water, electricity, gas and other fuels","Euro area (EA11-1999, EA12-2001, EA13-2007, EA15-2008, EA16-2009, EA17-2011, EA18-2014, EA19-2015, EA20-2023, EA21-2026)",2022-11-01,20.6,2022,178.61
"Housing, water, electricity, gas and other fuels","Euro area (EA11-1999, EA12-2001, EA13-2007, EA15-2008, EA16-2009, EA17-2011, EA18-2014, EA19-2015, EA20-2023, EA21-2026)",2022-12-01,16.3,2022,178.61
"Housing, water, electricity, gas and other fuels","Euro area (EA11-1999, EA12-2001, EA13-2007, EA15-2008, EA16-2009, EA17-2011, EA18-2014, EA19-2015, EA20-2023, EA21-2026)",2023-01-01,12.0,2023,151.61
"Housing, water, electricity, gas and other fuels","Euro area (EA11-1999, EA12-2001, EA13-2007, EA15-2008, EA16-2009, EA17-2011, EA18-2014, EA19-2015, EA20-2023, EA21-2026)",2023-02-01,10.1,2023,151.61
"Housing, water, electricity, gas and other fuels","Euro area (EA11-1999, EA12-2001, EA13-2007, EA15-2008, EA16-2009, EA17-2011, EA18-2014, EA19-2015, EA20-2023, EA21-2026)",2023-03-01,4.6,2023,151.61
"Housing, water, electricity, gas and other fuels","Euro area (EA11-1999, EA12-2001, EA13-2007, EA15-2008, EA16-2009, EA17-2011, EA18-2014, EA19-2015, EA20-2023, EA21-2026)",2023-04-01,4.8,2023,151.61
"Housing, water, electricity, gas and other fuels","Euro area (EA11-1999, EA12-2001, EA13-2007, EA15-2008, EA16-2009, EA17-2011, EA18-2014, EA19-2015, EA20-2023, EA21-2026)",2023-05-01,4.1,2023,151.61
"Housing, water, electricity, gas and other fuels","Euro area (EA11-1999, EA12-2001, EA13-2007, EA15-2008, EA16-2009, EA17-2011, EA18-2014, EA19-2015, EA20-2023, EA21-2026)",2023-06-01,2.5,2023,151.61
"Housing, water, electricity, gas and other fuels","Euro area (EA11-1999, EA12-2001, EA13-2007, EA15-2008, EA16-2009, EA17-2011, EA18-2014, EA19-2015, EA20-2023, EA21-2026)",2023-07-01,0.8,2023,151.61
"Housing, water, electricity, gas and other fuels","Euro area (EA11-1999, EA12-2001, EA13-2007, EA15-2008, EA16-2009, EA17-2011, EA18-2014, EA19-2015, EA20-2023, EA21-2026)",2023-08-01,-0.7,2023,151.61
"Housing, water, electricity, gas and other fuels","Euro area (EA11-1999, EA12-2001, EA13-2007, EA15-2008, EA16-2009, EA17-2011, EA18-2014, EA19-2015, EA20-2023, EA21-2026)",2023-09-01,-2.3,2023,151.61
"Housing, water, electricity, gas and other fuels","Euro area (EA11-1999, EA12-2001, EA13-2007, EA15-2008, EA16-2009, EA17-2011, EA18-2014, EA19-2015, EA20-2023, EA21-2026)",2023-10-01,-6.1,2023,151.61
"Housing, water, electricity, gas and other fuels","Euro area (EA11-1999, EA12-2001, EA13-2007, EA15-2008, EA16-2009, EA17-2011, EA18-2014, EA19-2015, EA20-2023, EA21-2026)",2023-11-01,-5.6,2023,151.61
"Housing, water, electricity, gas and other fuels","Euro area (EA11-1999, EA12-2001, EA13-2007, EA15-2008, EA16-2009, EA17-2011, EA18-2014, EA19-2015, EA20-2023, EA21-2026)",2023-12-01,-2.8,2023,151.61
"Housing, water, electricity, gas and other fuels","Euro area (EA11-1999, EA12-2001, EA13-2007, EA15-2008, EA16-2009, EA17-2011, EA18-2014, EA19-2015, EA20-2023, EA21-2026)",2024-01-01,-1.2,2024,147.3
"Housing, water, electricity, gas and other fuels","Euro area (EA11-1999, EA12-2001, EA13-2007, EA15-2008, EA16-2009, EA17-2011, EA18-2014, EA19-2015, EA20-2023, EA21-2026)",2024-02-01,-0.4,2024,147.3
"Housing, water, electricity, gas and other fuels","Euro area (EA11-1999, EA12-2001, EA13-2007, EA15-2008, EA16-2009, EA17-2011, EA18-2014, EA19-2015, EA20-2023, EA21-2026)",2024-03-01,0.6,2024,147.3
"Housing, water, electricity, gas and other fuels","Euro area (EA11-1999, EA12-2001, EA13-2007, EA15-2008, EA16-2009, EA17-2011, EA18-2014, EA19-2015, EA20-2023, EA21-2026)",2024-04-01,0.9,2024,147.3
"Housing, water, electricity, gas and other fuels","Euro area (EA11-1999, EA12-2001, EA13-2007, EA15-2008, EA16-2009, EA17-2011, EA18-2014, EA19-2015, EA20-2023, EA21-2026)",2024-05-01,1.0,2024,147.3
"Housing, water, electricity, gas and other fuels","Euro area (EA11-1999, EA12-2001, EA13-2007, EA15-2008, EA16-2009, EA17-2011, EA18-2014, EA19-2015, EA20-2023, EA21-2026)",2024-06-01,1.7,2024,147.3
"Housing, water, electricity, gas and other fuels","Euro area (EA11-1999, EA12-2001, EA13-2007, EA15-2008, EA16-2009, EA17-2011, EA18-2014, EA19-2015, EA20-2023, EA21-2026)",2024-07-01,2.6,2024,147.3
"Housing, water, electricity, gas and other fuels","Euro area (EA11-1999, EA12-2001, EA13-2007, EA15-2008, EA16-2009, EA17-2011, EA18-2014, EA19-2015, EA20-2023, EA21-2026)",2024-08-01,2.0,2024,147.3
"Housing, water, electricity, gas and other fuels","Euro area (EA11-1999, EA12-2001, EA13-2007, EA15-2008, EA16-2009, EA17-2011, EA18-2014, EA19-2015, EA20-2023, EA21-2026)",2024-09-01,1.8,2024,147.3
"Housing, water, electricity, gas and other fuels","Euro area (EA11-1999, EA12-2001, EA13-2007, EA15-2008, EA16-2009, EA17-2011, EA18-2014, EA19-2015, EA20-2023, EA21-2026)",2024-10-01,2.0,2024,147.3
"Housing, water, electricity, gas and other fuels","Euro area (EA11-1999, EA12-2001, EA13-2007, EA15-2008, EA16-2009, EA17-2011, EA18-2014, EA19-2015, EA20-2023, EA21-2026)",2024-11-01,2.7,2024,147.3
"Housing, water, electricity, gas and other fuels","Euro area (EA11-1999, EA12-2001, EA13-2007, EA15-2008, EA16-2009, EA17-2011, EA18-2014, EA19-2015, EA20-2023, EA21-2026)",2024-12-01,2.9,2024,147.3
"Housing, water, electricity, gas and other fuels","Euro area (EA11-1999, EA12-2001, EA13-2007, EA15-2008, EA16-2009, EA17-2011, EA18-2014, EA19-2015, EA20-2023, EA21-2026)",2025-01-01,3.1,2025,147.44
"Housing, water, electricity, gas and other fuels","Euro area (EA11-1999, EA12-2001, EA13-2007, EA15-2008, EA16-2009, EA17-2011, EA18-2014, EA19-2015, EA20-2023, EA21-2026)",2025-02-01,2.7,2025,147.44
"Housing, water, electricity, gas and other fuels","Euro area (EA11-1999, EA12-2001, EA13-2007, EA15-2008, EA16-2009, EA17-2011, EA18-2014, EA19-2015, EA20-2023, EA21-2026)",2025-03-01,2.9,2025,147.44
"Housing, water, electricity, gas and other fuels","Euro area (EA11-1999, EA12-2001, EA13-2007, EA15-2008, EA16-2009, EA17-2011, EA18-2014, EA19-2015, EA20-2023, EA21-2026)",2025-04-01,2.3,2025,147.44
"Housing, water, electricity, gas and other fuels","Euro area (EA11-1999, EA12-2001, EA13-2007, EA15-2008, EA16-2009, EA17-2011, EA18-2014, EA19-2015, EA20-2023, EA21-2026)",2025-05-01,2.2,2025,147.44
"Housing, water, electricity, gas and other fuels","Euro area (EA11-1999, EA12-2001, EA13-2007, EA15-2008, EA16-2009, EA17-2011, EA18-2014, EA19-2015, EA20-2023, EA21-2026)",2025-06-01,1.9,2025,147.44
"Housing, water, electricity, gas and other fuels","Euro area (EA11-1999, EA12-2001, EA13-2007, EA15-2008, EA16-2009, EA17-2011, EA18-2014, EA19-2015, EA20-2023, EA21-2026)",2025-07-01,1.9,2025,147.44
"Housing, water, electricity, gas and other fuels","Euro area (EA11-1999, EA12-2001, EA13-2007, EA15-2008, EA16-2009, EA17-2011, EA18-2014, EA19-2015, EA20-2023, EA21-2026)",2025-08-01,1.7,2025,147.44
"Housing, water, electricity, gas and other fuels","Euro area (EA11-1999, EA12-2001, EA13-2007, EA15-2008, EA16-2009, EA17-2011, EA18-2014, EA19-2015, EA20-2023, EA21-2026)",2025-09-01,1.7,2025,147.44
"Housing, water, electricity, gas and other fuels","Euro area (EA11-1999, EA12-2001, EA13-2007, EA15-2008, EA16-2009, EA17-2011, EA18-2014, EA19-2015, EA20-2023, EA21-2026)",2025-10-01,1.6,2025,147.44
"Housing, water, electricity, gas and other fuels","Euro area (EA11-1999, EA12-2001, EA13-2007, EA15-2008, EA16-2009, EA17-2011, EA18-2014, EA19-2015, EA20-2023, EA21-2026)",2025-11-01,1.5,2025,147.44
"Housing, water, electricity, gas and other fuels","Euro area (EA11-1999, EA12-2001, EA13-2007, EA15-2008, EA16-2009, EA17-2011, EA18-2014, EA19-2015, EA20-2023, EA21-2026)",2025-12-01,1.2,2025,147.44
"Housing, water, electricity, gas and other fuels",Spain,2019-01-01,2.4,2019,131.11
"Housing, water, electricity, gas and other fuels",Spain,2019-02-01,1.0,2019,131.11
"Housing, water, electricity, gas and other fuels",Spain,2019-03-01,2.1,2019,131.11
"Housing, water, electricity, gas and other fuels",Spain,2019-04-01,2.0,2019,131.11
"Housing, water, electricity, gas and other fuels",Spain,2019-05-01,-0.3,2019,131.11
"Housing, water, electricity, gas and other fuels",Spain,2019-06-01,-1.4,2019,131.11
"Housing, water, electricity, gas and other fuels",Spain,2019-07-01,-1.6,2019,131.11
"Housing, water, electricity, gas and other fuels",Spain,2019-08-01,-3.2,2019,131.11
"Housing, water, electricity, gas and other fuels",Spain,2019-09-01,-4.7,2019,131.11
"Housing, water, electricity, gas and other fuels",Spain,2019-10-01,-3.8,2019,131.11
"Housing, water, electricity, gas and other fuels",Spain,2019-11-01,-4.0,2019,131.11
"Housing, water, electricity, gas and other fuels",Spain,2019-12-01,-4.9,2019,131.11
"Housing, water, electricity, gas and other fuels",Spain,2020-01-01,-3.4,2020,130.09
"Housing, water, electricity, gas and other fuels",Spain,2020-02-01,-3.6,2020,130.09
"Housing, water, electricity, gas and other fuels",Spain,2020-03-01,-4.7,2020,130.09
"Housing, water, electricity, gas and other fuels",Spain,2020-04-01,-6.4,2020,130.09
"Housing, water, electricity, gas and other fuels",Spain,2020-05-01,-5.9,2020,130.09
"Housing, water, electricity, gas and other fuels",Spain,2020-06-01,-3.7,2020,130.09
"Housing, water, electricity, gas and other fuels",Spain,2020-07-01,-3.8,2020,130.09
"Housing, water, electricity, gas and other fuels",Spain,2020-08-01,-2.7,2020,130.09
"Housing, water, electricity, gas and other fuels",Spain,2020-09-01,-1.4,2020,130.09
"Housing, water, electricity, gas and other fuels",Spain,2020-10-01,-3.5,2020,130.09
"Housing, water, electricity, gas and other fuels",Spain,2020-11-01,-2.1,2020,130.09
"Housing, water, electricity, gas and other fuels",Spain,2020-12-01,-0.1,2020,130.09
"Housing, water, electricity, gas and other fuels",Spain,2021-01-01,3.1,2021,132.37
"Housing, water, electricity, gas and other fuels",Spain,2021-02-01,-1.0,2021,132.37
"Housing, water, electricity, gas and other fuels",Spain,2021-03-01,4.2,2021,132.37
"Housing, water, electricity, gas and other fuels",Spain,2021-04-01,9.9,2021,132.37
"Housing, water, electricity, gas and other fuels",Spain,2021-05-01,10.2,2021,132.37
"Housing, water, electricity, gas and other fuels",Spain,2021-06-01,10.7,2021,132.37
"Housing, water, electricity, gas and other fuels",Spain,2021-07-01,9.3,2021,132.37
"Housing, water, electricity, gas and other fuels",Spain,2021-08-01,11.4,2021,132.37
"Housing, water, electricity, gas and other fuels",Spain,2021-09-01,14.3,2021,132.37
"Housing, water, electricity, gas and other fuels",Spain,2021-10-01,20.1,2021,132.37
"Housing, water, electricity, gas and other fuels",Spain,2021-11-01,16.6,2021,132.37
"Housing, water, electricity, gas and other fuels",Spain,2021-12-01,22.9,2021,132.37
"Housing, water, electricity, gas and other fuels",Spain,2022-01-01,17.8,2022,139.44
"Housing, water, electricity, gas and other fuels",Spain,2022-02-01,25.0,2022,139.44
"Housing, water, electricity, gas and other fuels",Spain,2022-03-01,32.8,2022,139.44
"Housing, water, electricity, gas and other fuels",Spain,2022-04-01,18.6,2022,139.44
"Housing, water, electricity, gas and other fuels",Spain,2022-05-01,17.3,2022,139.44
"Housing, water, electricity, gas and other fuels",Spain,2022-06-01,18.8,2022,139.44
"Housing, water, electricity, gas and other fuels",Spain,2022-07-01,22.8,2022,139.44
"Housing, water, electricity, gas and other fuels",Spain,2022-08-01,24.5,2022,139.44
"Housing, water, electricity, gas and other fuels",Spain,2022-09-01,14.1,2022,139.44
"Housing, water, electricity, gas and other fuels",Spain,2022-10-01,2.6,2022,139.44
"Housing, water, electricity, gas and other fuels",Spain,2022-11-01,0.9,2022,139.44
"Housing, water, electricity, gas and other fuels",Spain,2022-12-01,-4.5,2022,139.44
"Housing, water, electricity, gas and other fuels",Spain,2023-01-01,-8.3,2023,126.59
"Housing, water, electricity, gas and other fuels",Spain,2023-02-01,-6.1,2023,126.59
"Housing, water, electricity, gas and other fuels",Spain,2023-03-01,-16.1,2023,126.59
"Housing, water, electricity, gas and other fuels",Spain,2023-04-01,-10.8,2023,126.59
"Housing, water, electricity, gas and other fuels",Spain,2023-05-01,-10.4,2023,126.59
"Housing, water, electricity, gas and other fuels",Spain,2023-06-01,-12.7,2023,126.59
"Housing, water, electricity, gas and other fuels",Spain,2023-07-01,-14.8,2023,126.59
"Housing, water, electricity, gas and other fuels",Spain,2023-08-01,-18.0,2023,126.59
"Housing, water, electricity, gas and other fuels",Spain,2023-09-01,-13.1,2023,126.59
"Housing, water, electricity, gas and other fuels",Spain,2023-10-01,-7.6,2023,126.59
"Housing, water, electricity, gas and other fuels",Spain,2023-11-01,-5.6,2023,126.59
"Housing, water, electricity, gas and other fuels",Spain,2023-12-01,-5.8,2023,126.59
"Housing, water, electricity, gas and other fuels",Spain,2024-01-01,1.5,2024,118.31
"Housing, water, electricity, gas and other fuels",Spain,2024-02-01,-2.7,2024,118.31
"Housing, water, electricity, gas and other fuels",Spain,2024-03-01,1.5,2024,118.31
"Housing, water, electricity, gas and other fuels",Spain,2024-04-01,3.9,2024,118.31
"Housing, water, electricity, gas and other fuels",Spain,2024-05-01,5.1,2024,118.31
"Housing, water, electricity, gas and other fuels",Spain,2024-06-01,5.1,2024,118.31
"Housing, water, electricity, gas and other fuels",Spain,2024-07-01,3.1,2024,118.31
"Housing, water, electricity, gas and other fuels",Spain,2024-08-01,4.0,2024,118.31
"Housing, water, electricity, gas and other fuels",Spain,2024-09-01,2.9,2024,118.31
"Housing, water, electricity, gas and other fuels",Spain,2024-10-01,4.2,2024,118.31
"Housing, water, electricity, gas and other fuels",Spain,2024-11-01,7.3,2024,118.31
"Housing, water, electricity, gas and other fuels",Spain,2024-12-01,7.4,2024,118.31
"Housing, water, electricity, gas and other fuels",Spain,2025-01-01,7.9,2025,119.45
"Housing, water, electricity, gas and other fuels",Spain,2025-02-01,9.7,2025,119.45
"Housing, water, electricity, gas and other fuels",Spain,2025-03-01,5.7,2025,119.45
"Housing, water, electricity, gas and other fuels",Spain,2025-04-01,4.2,2025,119.45
"Housing, water, electricity, gas and other fuels",Spain,2025-05-01,3.7,2025,119.45
"Housing, water, electricity, gas and other fuels",Spain,2025-06-01,4.2,2025,119.45
"Housing, water, electricity, gas and other fuels",Spain,2025-07-01,6.6,2025,119.45
"Housing, water, electricity, gas and other fuels",Spain,2025-08-01,5.9,2025,119.45
"Housing, water, electricity, gas and other fuels",Spain,2025-09-01,7.0,2025,119.45
"Housing, water, electricity, gas and other fuels",Spain,2025-10-01,7.5,2025,119.45
"Housing, water, electricity, gas and other fuels",Spain,2025-11-01,5.6,2025,119.45
"Housing, water, electricity, gas and other fuels",Spain,2025-12-01,5.6,2025,119.45
"Housing, water, electricity, gas and other fuels",France,2019-01-01,1.2,2019,157.12
"Housing, water, electricity, gas and other fuels",France,2019-02-01,1.5,2019,157.12
"Housing, water, electricity, gas and other fuels",France,2019-03-01,1.8,2019,157.12
"Housing, water, electricity, gas and other fuels",France,2019-04-01,1.7,2019,157.12
"Housing, water, electricity, gas and other fuels",France,2019-05-01,1.4,2019,157.12
"Housing, water, electricity, gas and other fuels",France,2019-06-01,2.5,2019,157.12
"Housing, water, electricity, gas and other fuels",France,2019-07-01,1.5,2019,157.12
"Housing, water, electricity, gas and other fuels",France,2019-08-01,1.8,2019,157.12
"Housing, water, electricity, gas and other fuels",France,2019-09-01,1.6,2019,157.12
"Housing, water, electricity, gas and other fuels",France,2019-10-01,1.0,2019,157.12
"Housing, water, electricity, gas and other fuels",France,2019-11-01,0.6,2019,157.12
"Housing, water, electricity, gas and other fuels",France,2019-12-01,1.2,2019,157.12
"Housing, water, electricity, gas and other fuels",France,2020-01-01,1.7,2020,156.66
"Housing, water, electricity, gas and other fuels",France,2020-02-01,1.1,2020,156.66
"Housing, water, electricity, gas and other fuels",France,2020-03-01,0.4,2020,156.66
"Housing, water, electricity, gas and other fuels",France,2020-04-01,-0.1,2020,156.66
"Housing, water, electricity, gas and other fuels",France,2020-05-01,-0.6,2020,156.66
"Housing, water, electricity, gas and other fuels",France,2020-06-01,-1.3,2020,156.66
"Housing, water, electricity, gas and other fuels",France,2020-07-01,-0.8,2020,156.66
"Housing, water, electricity, gas and other fuels",France,2020-08-01,-0.7,2020,156.66
"Housing, water, electricity, gas and other fuels",France,2020-09-01,-0.7,2020,156.66
"Housing, water, electricity, gas and other fuels",France,2020-10-01,-0.6,2020,156.66
"Housing, water, electricity, gas and other fuels",France,2020-11-01,-0.5,2020,156.66
"Housing, water, electricity, gas and other fuels",France,2020-12-01,-0.4,2020,156.66
"Housing, water, electricity, gas and other fuels",France,2021-01-01,-0.1,2021,171.93
"Housing, water, electricity, gas and other fuels",France,2021-02-01,0.9,2021,171.93
"Housing, water, electricity, gas and other fuels",France,2021-03-01,2.0,2021,171.93
"Housing, water, electricity, gas and other fuels",France,2021-04-01,2.4,2021,171.93
"Housing, water, electricity, gas and other fuels",France,2021-05-01,3.0,2021,171.93
"Housing, water, electricity, gas and other fuels",France,2021-06-01,3.2,2021,171.93
"Housing, water, electricity, gas and other fuels",France,2021-07-01,4.1,2021,171.93
"Housing, water, electricity, gas and other fuels",France,2021-08-01,4.2,2021,171.93
"Housing, water, electricity, gas and other fuels",France,2021-09-01,4.9,2021,171.93
"Housing, water, electricity, gas and other fuels",France,2021-10-01,6.4,2021,171.93
"Housing, water, electricity, gas and other fuels",France,2021-11-01,7.0,2021,171.93
"Housing, water, electricity, gas and other fuels",France,2021-12-01,6.8,2021,171.93
"Housing, water, electricity, gas and other fuels",France,2022-01-01,7.1,2022,174.41
"Housing, water, electricity, gas and other fuels",France,2022-02-01,7.4,2022,174.41
"Housing, water, electricity, gas and other fuels",France,2022-03-01,9.0,2022,174.41
"Housing, water, electricity, gas and other fuels",France,2022-04-01,9.8,2022,174.41
"Housing, water, electricity, gas and other fuels",France,2022-05-01,10.2,2022,174.41
"Housing, water, electricity, gas and other fuels",France,2022-06-01,10.6,2022,174.41
"Housing, water, electricity, gas and other fuels",France,2022-07-01,10.1,2022,174.41
"Housing, water, electricity, gas and other fuels",France,2022-08-01,9.3,2022,174.41
"Housing, water, electricity, gas and other fuels",France,2022-09-01,9.7,2022,174.41
"Housing, water, electricity, gas and other fuels",France,2022-10-01,10.4,2022,174.41
"Housing, water, electricity, gas and other fuels",France,2022-11-01,9.9,2022,174.41
"Housing, water, electricity, gas and other fuels",France,2022-12-01,8.2,2022,174.41
"Housing, water, electricity, gas and other fuels",France,2023-01-01,8.0,2023,164.05
"Housing, water, electricity, gas and other fuels",France,2023-02-01,8.7,2023,164.05
"Housing, water, electricity, gas and other fuels",France,2023-03-01,7.0,2023,164.05
"Housing, water, electricity, gas and other fuels",France,2023-04-01,6.1,2023,164.05
"Housing, water, electricity, gas and other fuels",France,2023-05-01,5.3,2023,164.05
"Housing, water, electricity, gas and other fuels",France,2023-06-01,4.5,2023,164.05
"Housing, water, electricity, gas and other fuels",France,2023-07-01,3.0,2023,164.05
"Housing, water, electricity, gas and other fuels",France,2023-08-01,5.7,2023,164.05
"Housing, water, electricity, gas and other fuels",France,2023-09-01,5.3,2023,164.05
"Housing, water, electricity, gas and other fuels",France,2023-10-01,3.4,2023,164.05
"Housing, water, electricity, gas and other fuels",France,2023-11-01,3.3,2023,164.05
"Housing, water, electricity, gas and other fuels",France,2023-12-01,4.8,2023,164.05
"Housing, water, electricity, gas and other fuels",France,2024-01-01,4.9,2024,166.89
"Housing, water, electricity, gas and other fuels",France,2024-02-01,4.9,2024,166.89
"Housing, water, electricity, gas and other fuels",France,2024-03-01,4.2,2024,166.89
"Housing, water, electricity, gas and other fuels",France,2024-04-01,4.2,2024,166.89
"Housing, water, electricity, gas and other fuels",France,2024-05-01,4.7,2024,166.89
"Housing, water, electricity, gas and other fuels",France,2024-06-01,4.8,2024,166.89
"Housing, water, electricity, gas and other fuels",France,2024-07-01,6.7,2024,166.89
"Housing, water, electricity, gas and other fuels",France,2024-08-01,4.3,2024,166.89
"Housing, water, electricity, gas and other fuels",France,2024-09-01,3.7,2024,166.89
"Housing, water, electricity, gas and other fuels",France,2024-10-01,3.8,2024,166.89
"Housing, water, electricity, gas and other fuels",France,2024-11-01,3.7,2024,166.89
"Housing, water, electricity, gas and other fuels",France,2024-12-01,3.9,2024,166.89
"Housing, water, electricity, gas and other fuels",France,2025-01-01,3.8,2025,169.08
"Housing, water, electricity, gas and other fuels",France,2025-02-01,-0.2,2025,169.08
"Housing, water, electricity, gas and other fuels",France,2025-03-01,0.1,2025,169.08
"Housing, water, electricity, gas and other fuels",France,2025-04-01,0.4,2025,169.08
"Housing, water, electricity, gas and other fuels",France,2025-05-01,-0.1,2025,169.08
"Housing, water, electricity, gas and other fuels",France,2025-06-01,-0.3,2025,169.08
"Housing, water, electricity, gas and other fuels",France,2025-07-01,-0.8,2025,169.08
"Housing, water, electricity, gas and other fuels",France,2025-08-01,-0.7,2025,169.08
"Housing, water, electricity, gas and other fuels",France,2025-09-01,-0.8,2025,169.08
"Housing, water, electricity, gas and other fuels",France,2025-10-01,-1.2,2025,169.08
"Housing, water, electricity, gas and other fuels",France,2025-11-01,-0.9,2025,169.08
"Housing, water, electricity, gas and other fuels",France,2025-12-01,-1.3,2025,169.08
"Housing, water, electricity, gas and other fuels",Italy,2019-01-01,3.8,2019,117.22
"Housing, water, electricity, gas and other fuels",Italy,2019-02-01,3.8,2019,117.22
"Housing, water, electricity, gas and other fuels",Italy,2019-03-01,3.8,2019,117.22
"Housing, water, electricity, gas and other fuels",Italy,2019-04-01,3.4,2019,117.22
"Housing, water, electricity, gas and other fuels",Italy,2019-05-01,3.3,2019,117.22
"Housing, water, electricity, gas and other fuels",Italy,2019-06-01,3.2,2019,117.22
"Housing, water, electricity, gas and other fuels",Italy,2019-07-01,-0.4,2019,117.22
"Housing, water, electricity, gas and other fuels",Italy,2019-08-01,-0.2,2019,117.22
"Housing, water, electricity, gas and other fuels",Italy,2019-09-01,-0.4,2019,117.22
"Housing, water, electricity, gas and other fuels",Italy,2019-10-01,-1.8,2019,117.22
"Housing, water, electricity, gas and other fuels",Italy,2019-11-01,-1.7,2019,117.22
"Housing, water, electricity, gas and other fuels",Italy,2019-12-01,-1.6,2019,117.22
"Housing, water, electricity, gas and other fuels",Italy,2020-01-01,-2.6,2020,106.0
"Housing, water, electricity, gas and other fuels",Italy,2020-02-01,-2.9,2020,106.0
"Housing, water, electricity, gas and other fuels",Italy,2020-03-01,-2.9,2020,106.0
"Housing, water, electricity, gas and other fuels",Italy,2020-04-01,-4.2,2020,106.0
"Housing, water, electricity, gas and other fuels",Italy,2020-05-01,-4.5,2020,106.0
"Housing, water, electricity, gas and other fuels",Italy,2020-06-01,-4.4,2020,106.0
"Housing, water, electricity, gas and other fuels",Italy,2020-07-01,-4.0,2020,106.0
"Housing, water, electricity, gas and other fuels",Italy,2020-08-01,-4.0,2020,106.0
"Housing, water, electricity, gas and other fuels",Italy,2020-09-01,-3.9,2020,106.0
"Housing, water, electricity, gas and other fuels",Italy,2020-10-01,-2.2,2020,106.0
"Housing, water, electricity, gas and other fuels",Italy,2020-11-01,-2.0,2020,106.0
"Housing, water, electricity, gas and other fuels",Italy,2020-12-01,-2.0,2020,106.0
"Housing, water, electricity, gas and other fuels",Italy,2021-01-01,-0.5,2021,119.32
"Housing, water, electricity, gas and other fuels",Italy,2021-02-01,-0.3,2021,119.32
"Housing, water, electricity, gas and other fuels",Italy,2021-03-01,-0.1,2021,119.32
"Housing, water, electricity, gas and other fuels",Italy,2021-04-01,5.0,2021,119.32
"Housing, water, electricity, gas and other fuels",Italy,2021-05-01,5.9,2021,119.32
"Housing, water, electricity, gas and other fuels",Italy,2021-06-01,5.9,2021,119.32
"Housing, water, electricity, gas and other fuels",Italy,2021-07-01,9.2,2021,119.32
"Housing, water, electricity, gas and other fuels",Italy,2021-08-01,9.6,2021,119.32
"Housing, water, electricity, gas and other fuels",Italy,2021-09-01,9.7,2021,119.32
"Housing, water, electricity, gas and other fuels",Italy,2021-10-01,11.4,2021,119.32
"Housing, water, electricity, gas and other fuels",Italy,2021-11-01,14.1,2021,119.32
"Housing, water, electricity, gas and other fuels",Italy,2021-12-01,14.4,2021,119.32
"Housing, water, electricity, gas and other fuels",Italy,2022-01-01,22.8,2022,116.18
"Housing, water, electricity, gas and other fuels",Italy,2022-02-01,27.3,2022,116.18
"Housing, water, electricity, gas and other fuels",Italy,2022-03-01,28.3,2022,116.18
"Housing, water, electricity, gas and other fuels",Italy,2022-04-01,24.6,2022,116.18
"Housing, water, electricity, gas and other fuels",Italy,2022-05-01,26.5,2022,116.18
"Housing, water, electricity, gas and other fuels",Italy,2022-06-01,28.0,2022,116.18
"Housing, water, electricity, gas and other fuels",Italy,2022-07-01,24.7,2022,116.18
"Housing, water, electricity, gas and other fuels",Italy,2022-08-01,31.6,2022,116.18
"Housing, water, electricity, gas and other fuels",Italy,2022-09-01,32.2,2022,116.18
"Housing, water, electricity, gas and other fuels",Italy,2022-10-01,57.2,2022,116.18
"Housing, water, electricity, gas and other fuels",Italy,2022-11-01,56.5,2022,116.18
"Housing, water, electricity, gas and other fuels",Italy,2022-12-01,54.4,2022,116.18
"Housing, water, electricity, gas and other fuels",Italy,2023-01-01,34.8,2023,128.7
"Housing, water, electricity, gas and other fuels",Italy,2023-02-01,24.5,2023,128.7
"Housing, water, electricity, gas and other fuels",Italy,2023-03-01,15.0,2023,128.7
"Housing, water, electricity, gas and other fuels",Italy,2023-04-01,16.6,2023,128.7
"Housing, water, electricity, gas and other fuels",Italy,2023-05-01,15.2,2023,128.7
"Housing, water, electricity, gas and other fuels",Italy,2023-06-01,10.2,2023,128.7
"Housing, water, electricity, gas and other fuels",Italy,2023-07-01,9.0,2023,128.7
"Housing, water, electricity, gas and other fuels",Italy,2023-08-01,2.1,2023,128.7
"Housing, water, electricity, gas and other fuels",Italy,2023-09-01,1.8,2023,128.7
"Housing, water, electricity, gas and other fuels",Italy,2023-10-01,-17.6,2023,128.7
"Housing, water, electricity, gas and other fuels",Italy,2023-11-01,-19.9,2023,128.7
"Housing, water, electricity, gas and other fuels",Italy,2023-12-01,-19.4,2023,128.7
"Housing, water, electricity, gas and other fuels",Italy,2024-01-01,-13.8,2024,119.03
"Housing, water, electricity, gas and other fuels",Italy,2024-02-01,-11.7,2024,119.03
"Housing, water, electricity, gas and other fuels",Italy,2024-03-01,-6.8,2024,119.03
"Housing, water, electricity, gas and other fuels",Italy,2024-04-01,-9.0,2024,119.03
"Housing, water, electricity, gas and other fuels",Italy,2024-05-01,-9.5,2024,119.03
"Housing, water, electricity, gas and other fuels",Italy,2024-06-01,-6.2,2024,119.03
"Housing, water, electricity, gas and other fuels",Italy,2024-07-01,-2.2,2024,119.03
"Housing, water, electricity, gas and other fuels",Italy,2024-08-01,-1.4,2024,119.03
"Housing, water, electricity, gas and other fuels",Italy,2024-09-01,-1.2,2024,119.03
"Housing, water, electricity, gas and other fuels",Italy,2024-10-01,-1.5,2024,119.03
"Housing, water, electricity, gas and other fuels",Italy,2024-11-01,-0.6,2024,119.03
"Housing, water, electricity, gas and other fuels",Italy,2024-12-01,0.1,2024,119.03
"Housing, water, electricity, gas and other fuels",Italy,2025-01-01,0.7,2025,126.0
"Housing, water, electricity, gas and other fuels",Italy,2025-02-01,3.1,2025,126.0
"Housing, water, electricity, gas and other fuels",Italy,2025-03-01,6.0,2025,126.0
"Housing, water, electricity, gas and other fuels",Italy,2025-04-01,4.6,2025,126.0
"Housing, water, electricity, gas and other fuels",Italy,2025-05-01,3.9,2025,126.0
"Housing, water, electricity, gas and other fuels",Italy,2025-06-01,2.4,2025,126.0
"Housing, water, electricity, gas and other fuels",Italy,2025-07-01,0.6,2025,126.0
"Housing, water, electricity, gas and other fuels",Italy,2025-08-01,-0.8,2025,126.0
"Housing, water, electricity, gas and other fuels",Italy,2025-09-01,-1.0,2025,126.0
"Housing, water, electricity, gas and other fuels",Italy,2025-10-01,-1.7,2025,126.0
"Housing, water, electricity, gas and other fuels",Italy,2025-11-01,-1.9,2025,126.0
"Housing, water, electricity, gas and other fuels",Italy,2025-12-01,-1.9,2025,126.0
"Housing, water, electricity, gas and other fuels",Portugal,2019-01-01,0.6,2019,91.33
"Housing, water, electricity, gas and other fuels",Portugal,2019-02-01,0.6,2019,91.33
"Housing, water, electricity, gas and other fuels",Portugal,2019-03-01,0.8,2019,91.33
"Housing, water, electricity, gas and other fuels",Portugal,2019-04-01,0.9,2019,91.33
"Housing, water, electricity, gas and other fuels",Portugal,2019-05-01,0.8,2019,91.33
"Housing, water, electricity, gas and other fuels",Portugal,2019-06-01,0.6,2019,91.33
"Housing, water, electricity, gas and other fuels",Portugal,2019-07-01,0.0,2019,91.33
"Housing, water, electricity, gas and other fuels",Portugal,2019-08-01,-0.1,2019,91.33
"Housing, water, electricity, gas and other fuels",Portugal,2019-09-01,-0.1,2019,91.33
"Housing, water, electricity, gas and other fuels",Portugal,2019-10-01,-0.2,2019,91.33
"Housing, water, electricity, gas and other fuels",Portugal,2019-11-01,-0.3,2019,91.33
"Housing, water, electricity, gas and other fuels",Portugal,2019-12-01,0.0,2019,91.33
"Housing, water, electricity, gas and other fuels",Portugal,2020-01-01,1.1,2020,84.67
"Housing, water, electricity, gas and other fuels",Portugal,2020-02-01,1.1,2020,84.67
"Housing, water, electricity, gas and other fuels",Portugal,2020-03-01,0.8,2020,84.67
"Housing, water, electricity, gas and other fuels",Portugal,2020-04-01,-0.7,2020,84.67
"Housing, water, electricity, gas and other fuels",Portugal,2020-05-01,-0.8,2020,84.67
"Housing, water, electricity, gas and other fuels",Portugal,2020-06-01,-0.9,2020,84.67
"Housing, water, electricity, gas and other fuels",Portugal,2020-07-01,0.1,2020,84.67
"Housing, water, electricity, gas and other fuels",Portugal,2020-08-01,0.1,2020,84.67
"Housing, water, electricity, gas and other fuels",Portugal,2020-09-01,0.0,2020,84.67
"Housing, water, electricity, gas and other fuels",Portugal,2020-10-01,0.0,2020,84.67
"Housing, water, electricity, gas and other fuels",Portugal,2020-11-01,0.0,2020,84.67
"Housing, water, electricity, gas and other fuels",Portugal,2020-12-01,-0.1,2020,84.67
"Housing, water, electricity, gas and other fuels",Portugal,2021-01-01,-0.1,2021,99.68
"Housing, water, electricity, gas and other fuels",Portugal,2021-02-01,-0.4,2021,99.68
"Housing, water, electricity, gas and other fuels",Portugal,2021-03-01,-0.1,2021,99.68
"Housing, water, electricity, gas and other fuels",Portugal,2021-04-01,1.4,2021,99.68
"Housing, water, electricity, gas and other fuels",Portugal,2021-05-01,1.5,2021,99.68
"Housing, water, electricity, gas and other fuels",Portugal,2021-06-01,1.8,2021,99.68
"Housing, water, electricity, gas and other fuels",Portugal,2021-07-01,1.6,2021,99.68
"Housing, water, electricity, gas and other fuels",Portugal,2021-08-01,2.3,2021,99.68
"Housing, water, electricity, gas and other fuels",Portugal,2021-09-01,2.4,2021,99.68
"Housing, water, electricity, gas and other fuels",Portugal,2021-10-01,3.1,2021,99.68
"Housing, water, electricity, gas and other fuels",Portugal,2021-11-01,3.2,2021,99.68
"Housing, water, electricity, gas and other fuels",Portugal,2021-12-01,3.3,2021,99.68
"Housing, water, electricity, gas and other fuels",Portugal,2022-01-01,4.5,2022,94.4
"Housing, water, electricity, gas and other fuels",Portugal,2022-02-01,5.1,2022,94.4
"Housing, water, electricity, gas and other fuels",Portugal,2022-03-01,5.4,2022,94.4
"Housing, water, electricity, gas and other fuels",Portugal,2022-04-01,10.2,2022,94.4
"Housing, water, electricity, gas and other fuels",Portugal,2022-05-01,13.4,2022,94.4
"Housing, water, electricity, gas and other fuels",Portugal,2022-06-01,13.5,2022,94.4
"Housing, water, electricity, gas and other fuels",Portugal,2022-07-01,16.6,2022,94.4
"Housing, water, electricity, gas and other fuels",Portugal,2022-08-01,14.9,2022,94.4
"Housing, water, electricity, gas and other fuels",Portugal,2022-09-01,14.6,2022,94.4
"Housing, water, electricity, gas and other fuels",Portugal,2022-10-01,18.5,2022,94.4
"Housing, water, electricity, gas and other fuels",Portugal,2022-11-01,18.5,2022,94.4
"Housing, water, electricity, gas and other fuels",Portugal,2022-12-01,18.4,2022,94.4
"Housing, water, electricity, gas and other fuels",Portugal,2023-01-01,8.1,2023,93.85
"Housing, water, electricity, gas and other fuels",Portugal,2023-02-01,6.9,2023,93.85
"Housing, water, electricity, gas and other fuels",Portugal,2023-03-01,6.7,2023,93.85
"Housing, water, electricity, gas and other fuels",Portugal,2023-04-01,0.0,2023,93.85
"Housing, water, electricity, gas and other fuels",Portugal,2023-05-01,-3.1,2023,93.85
"Housing, water, electricity, gas and other fuels",Portugal,2023-06-01,-3.6,2023,93.85
"Housing, water, electricity, gas and other fuels",Portugal,2023-07-01,-2.8,2023,93.85
"Housing, water, electricity, gas and other fuels",Portugal,2023-08-01,-1.7,2023,93.85
"Housing, water, electricity, gas and other fuels",Portugal,2023-09-01,-1.3,2023,93.85
"Housing, water, electricity, gas and other fuels",Portugal,2023-10-01,-5.9,2023,93.85
"Housing, water, electricity, gas and other fuels",Portugal,2023-11-01,-6.0,2023,93.85
"Housing, water, electricity, gas and other fuels",Portugal,2023-12-01,-6.1,2023,93.85
"Housing, water, electricity, gas and other fuels",Portugal,2024-01-01,4.3,2024,78.44
"Housing, water, electricity, gas and other fuels",Portugal,2024-02-01,5.7,2024,78.44
"Housing, water, electricity, gas and other fuels",Portugal,2024-03-01,5.8,2024,78.44
"Housing, water, electricity, gas and other fuels",Portugal,2024-04-01,7.3,2024,78.44
"Housing, water, electricity, gas and other fuels",Portugal,2024-05-01,7.2,2024,78.44
"Housing, water, electricity, gas and other fuels",Portugal,2024-06-01,9.8,2024,78.44
"Housing, water, electricity, gas and other fuels",Portugal,2024-07-01,6.0,2024,78.44
"Housing, water, electricity, gas and other fuels",Portugal,2024-08-01,5.8,2024,78.44
"Housing, water, electricity, gas and other fuels",Portugal,2024-09-01,5.7,2024,78.44
"Housing, water, electricity, gas and other fuels",Portugal,2024-10-01,6.9,2024,78.44
"Housing, water, electricity, gas and other fuels",Portugal,2024-11-01,7.0,2024,78.44
"Housing, water, electricity, gas and other fuels",Portugal,2024-12-01,7.1,2024,78.44
"Housing, water, electricity, gas and other fuels",Portugal,2025-01-01,3.5,2025,91.4
"Housing, water, electricity, gas and other fuels",Portugal,2025-02-01,3.6,2025,91.4
"Housing, water, electricity, gas and other fuels",Portugal,2025-03-01,3.5,2025,91.4
"Housing, water, electricity, gas and other fuels",Portugal,2025-04-01,4.4,2025,91.4
"Housing, water, electricity, gas and other fuels",Portugal,2025-05-01,4.1,2025,91.4
"Housing, water, electricity, gas and other fuels",Portugal,2025-06-01,2.1,2025,91.4
"Housing, water, electricity, gas and other fuels",Portugal,2025-07-01,2.2,2025,91.4
"Housing, water, electricity, gas and other fuels",Portugal,2025-08-01,2.2,2025,91.4
"Housing, water, electricity, gas and other fuels",Portugal,2025-09-01,2.2,2025,91.4
"Housing, water, electricity, gas and other fuels",Portugal,2025-10-01,1.9,2025,91.4
"Housing, water, electricity, gas and other fuels",Portugal,2025-11-01,1.5,2025,91.4
"Housing, water, electricity, gas and other fuels",Portugal,2025-12-01,1.5,2025,91.4
Electricity,Germany,2019-01-01,2.5,2019,28.57
Electricity,Germany,2019-02-01,2.9,2019,28.57
Electricity,Germany,2019-03-01,2.9,2019,28.57
Electricity,Germany,2019-04-01,3.1,2019,28.57
Electricity,Germany,2019-05-01,3.3,2019,28.57
Electricity,Germany,2019-06-01,3.4,2019,28.57
Electricity,Germany,2019-07-01,3.8,2019,28.57
Electricity,Germany,2019-08-01,3.8,2019,28.57
Electricity,Germany,2019-09-01,3.9,2019,28.57
Electricity,Germany,2019-10-01,3.8,2019,28.57
Electricity,Germany,2019-11-01,3.9,2019,28.57
Electricity,Germany,2019-12-01,4.1,2019,28.57
Electricity,Germany,2020-01-01,3.9,2020,28.3
Electricity,Germany,2020-02-01,4.5,2020,28.3
Electricity,Germany,2020-03-01,4.5,2020,28.3
Electricity,Germany,2020-04-01,4.4,2020,28.3
Electricity,Germany,2020-05-01,4.2,2020,28.3
Electricity,Germany,2020-06-01,4.1,2020,28.3
Electricity,Germany,2020-07-01,2.1,2020,28.3
Electricity,Germany,2020-08-01,2.0,2020,28.3
Electricity,Germany,2020-09-01,1.9,2020,28.3
Electricity,Germany,2020-10-01,1.9,2020,28.3
Electricity,Germany,2020-11-01,1.7,2020,28.3
Electricity,Germany,2020-12-01,1.4,2020,28.3
Electricity,Germany,2021-01-01,1.3,2021,29.85
Electricity,Germany,2021-02-01,0.3,2021,29.85
Electricity,Germany,2021-03-01,0.2,2021,29.85
Electricity,Germany,2021-04-01,-0.2,2021,29.85
Electricity,Germany,2021-05-01,-0.1,2021,29.85
Electricity,Germany,2021-06-01,0.0,2021,29.85
Electricity,Germany,2021-07-01,1.6,2021,29.85
Electricity,Germany,2021-08-01,1.7,2021,29.85
Electricity,Germany,2021-09-01,2.0,2021,29.85
Electricity,Germany,2021-10-01,2.5,2021,29.85
Electricity,Germany,2021-11-01,3.1,2021,29.85
Electricity,Germany,2021-12-01,3.7,2021,29.85
Electricity,Germany,2022-01-01,11.0,2022,30.0
Electricity,Germany,2022-02-01,12.9,2022,30.0
Electricity,Germany,2022-03-01,17.6,2022,30.0
Electricity,Germany,2022-04-01,19.3,2022,30.0
Electricity,Germany,2022-05-01,21.5,2022,30.0
Electricity,Germany,2022-06-01,22.1,2022,30.0
Electricity,Germany,2022-07-01,18.1,2022,30.0
Electricity,Germany,2022-08-01,16.6,2022,30.0
Electricity,Germany,2022-09-01,20.9,2022,30.0
Electricity,Germany,2022-10-01,26.0,2022,30.0
Electricity,Germany,2022-11-01,27.1,2022,30.0
Electricity,Germany,2022-12-01,27.0,2022,30.0
Electricity,Germany,2023-01-01,24.3,2023,29.63
Electricity,Germany,2023-02-01,22.7,2023,29.63
Electricity,Germany,2023-03-01,17.0,2023,29.63
Electricity,Germany,2023-04-01,15.2,2023,29.63
Electricity,Germany,2023-05-01,12.5,2023,29.63
Electricity,Germany,2023-06-01,10.7,2023,29.63
Electricity,Germany,2023-07-01,13.9,2023,29.63
Electricity,Germany,2023-08-01,15.5,2023,29.63
Electricity,Germany,2023-09-01,10.7,2023,29.63
Electricity,Germany,2023-10-01,4.5,2023,29.63
Electricity,Germany,2023-11-01,1.5,2023,29.63
Electricity,Germany,2023-12-01,0.1,2023,29.63
Electricity,Germany,2024-01-01,-6.8,2024,33.18
Electricity,Germany,2024-02-01,-7.9,2024,33.18
Electricity,Germany,2024-03-01,-8.0,2024,33.18
Electricity,Germany,2024-04-01,-7.8,2024,33.18
Electricity,Germany,2024-05-01,-7.4,2024,33.18
Electricity,Germany,2024-06-01,-6.3,2024,33.18
Electricity,Germany,2024-07-01,-6.2,2024,33.18
Electricity,Germany,2024-08-01,-6.7,2024,33.18
Electricity,Germany,2024-09-01,-6.4,2024,33.18
Electricity,Germany,2024-10-01,-5.5,2024,33.18
Electricity,Germany,2024-11-01,-4.1,2024,33.18
Electricity,Germany,2024-12-01,-2.9,2024,33.18
Electricity,Germany,2025-01-01,-3.6,2025,26.29
Electricity,Germany,2025-02-01,-3.0,2025,26.29
Electricity,Germany,2025-03-01,-2.1,2025,26.29
Electricity,Germany,2025-04-01,-2.5,2025,26.29
Electricity,Germany,2025-05-01,-2.3,2025,26.29
Electricity,Germany,2025-06-01,-2.4,2025,26.29
Electricity,Germany,2025-07-01,-2.0,2025,26.29
Electricity,Germany,2025-08-01,-1.7,2025,26.29
Electricity,Germany,2025-09-01,-1.6,2025,26.29
Electricity,Germany,2025-10-01,-1.4,2025,26.29
Electricity,Germany,2025-11-01,-1.5,2025,26.29
Electricity,Germany,2025-12-01,-1.9,2025,26.29
Electricity,"Euro area (EA11-1999, EA12-2001, EA13-2007, EA15-2008, EA16-2009, EA17-2011, EA18-2014, EA19-2015, EA20-2023, EA21-2026)",2019-01-01,4.2,2019,26.93
Electricity,"Euro area (EA11-1999, EA12-2001, EA13-2007, EA15-2008, EA16-2009, EA17-2011, EA18-2014, EA19-2015, EA20-2023, EA21-2026)",2019-02-01,3.1,2019,26.93
Electricity,"Euro area (EA11-1999, EA12-2001, EA13-2007, EA15-2008, EA16-2009, EA17-2011, EA18-2014, EA19-2015, EA20-2023, EA21-2026)",2019-03-01,3.7,2019,26.93
Electricity,"Euro area (EA11-1999, EA12-2001, EA13-2007, EA15-2008, EA16-2009, EA17-2011, EA18-2014, EA19-2015, EA20-2023, EA21-2026)",2019-04-01,4.0,2019,26.93
Electricity,"Euro area (EA11-1999, EA12-2001, EA13-2007, EA15-2008, EA16-2009, EA17-2011, EA18-2014, EA19-2015, EA20-2023, EA21-2026)",2019-05-01,2.6,2019,26.93
Electricity,"Euro area (EA11-1999, EA12-2001, EA13-2007, EA15-2008, EA16-2009, EA17-2011, EA18-2014, EA19-2015, EA20-2023, EA21-2026)",2019-06-01,3.5,2019,26.93
Electricity,"Euro area (EA11-1999, EA12-2001, EA13-2007, EA15-2008, EA16-2009, EA17-2011, EA18-2014, EA19-2015, EA20-2023, EA21-2026)",2019-07-01,2.6,2019,26.93
Electricity,"Euro area (EA11-1999, EA12-2001, EA13-2007, EA15-2008, EA16-2009, EA17-2011, EA18-2014, EA19-2015, EA20-2023, EA21-2026)",2019-08-01,2.0,2019,26.93
Electricity,"Euro area (EA11-1999, EA12-2001, EA13-2007, EA15-2008, EA16-2009, EA17-2011, EA18-2014, EA19-2015, EA20-2023, EA21-2026)",2019-09-01,1.3,2019,26.93
Electricity,"Euro area (EA11-1999, EA12-2001, EA13-2007, EA15-2008, EA16-2009, EA17-2011, EA18-2014, EA19-2015, EA20-2023, EA21-2026)",2019-10-01,1.2,2019,26.93
Electricity,"Euro area (EA11-1999, EA12-2001, EA13-2007, EA15-2008, EA16-2009, EA17-2011, EA18-2014, EA19-2015, EA20-2023, EA21-2026)",2019-11-01,1.0,2019,26.93
Electricity,"Euro area (EA11-1999, EA12-2001, EA13-2007, EA15-2008, EA16-2009, EA17-2011, EA18-2014, EA19-2015, EA20-2023, EA21-2026)",2019-12-01,0.5,2019,26.93
Electricity,"Euro area (EA11-1999, EA12-2001, EA13-2007, EA15-2008, EA16-2009, EA17-2011, EA18-2014, EA19-2015, EA20-2023, EA21-2026)",2020-01-01,-0.9,2020,26.33
Electricity,"Euro area (EA11-1999, EA12-2001, EA13-2007, EA15-2008, EA16-2009, EA17-2011, EA18-2014, EA19-2015, EA20-2023, EA21-2026)",2020-02-01,-0.3,2020,26.33
Electricity,"Euro area (EA11-1999, EA12-2001, EA13-2007, EA15-2008, EA16-2009, EA17-2011, EA18-2014, EA19-2015, EA20-2023, EA21-2026)",2020-03-01,-0.9,2020,26.33
Electricity,"Euro area (EA11-1999, EA12-2001, EA13-2007, EA15-2008, EA16-2009, EA17-2011, EA18-2014, EA19-2015, EA20-2023, EA21-2026)",2020-04-01,-2.4,2020,26.33
Electricity,"Euro area (EA11-1999, EA12-2001, EA13-2007, EA15-2008, EA16-2009, EA17-2011, EA18-2014, EA19-2015, EA20-2023, EA21-2026)",2020-05-01,-2.1,2020,26.33
Electricity,"Euro area (EA11-1999, EA12-2001, EA13-2007, EA15-2008, EA16-2009, EA17-2011, EA18-2014, EA19-2015, EA20-2023, EA21-2026)",2020-06-01,-2.3,2020,26.33
Electricity,"Euro area (EA11-1999, EA12-2001, EA13-2007, EA15-2008, EA16-2009, EA17-2011, EA18-2014, EA19-2015, EA20-2023, EA21-2026)",2020-07-01,-2.7,2020,26.33
Electricity,"Euro area (EA11-1999, EA12-2001, EA13-2007, EA15-2008, EA16-2009, EA17-2011, EA18-2014, EA19-2015, EA20-2023, EA21-2026)",2020-08-01,-1.8,2020,26.33
Electricity,"Euro area (EA11-1999, EA12-2001, EA13-2007, EA15-2008, EA16-2009, EA17-2011, EA18-2014, EA19-2015, EA20-2023, EA21-2026)",2020-09-01,-1.0,2020,26.33
Electricity,"Euro area (EA11-1999, EA12-2001, EA13-2007, EA15-2008, EA16-2009, EA17-2011, EA18-2014, EA19-2015, EA20-2023, EA21-2026)",2020-10-01,-1.2,2020,26.33
Electricity,"Euro area (EA11-1999, EA12-2001, EA13-2007, EA15-2008, EA16-2009, EA17-2011, EA18-2014, EA19-2015, EA20-2023, EA21-2026)",2020-11-01,-0.6,2020,26.33
Electricity,"Euro area (EA11-1999, EA12-2001, EA13-2007, EA15-2008, EA16-2009, EA17-2011, EA18-2014, EA19-2015, EA20-2023, EA21-2026)",2020-12-01,0.4,2020,26.33
Electricity,"Euro area (EA11-1999, EA12-2001, EA13-2007, EA15-2008, EA16-2009, EA17-2011, EA18-2014, EA19-2015, EA20-2023, EA21-2026)",2021-01-01,3.0,2021,28.75
Electricity,"Euro area (EA11-1999, EA12-2001, EA13-2007, EA15-2008, EA16-2009, EA17-2011, EA18-2014, EA19-2015, EA20-2023, EA21-2026)",2021-02-01,0.7,2021,28.75
Electricity,"Euro area (EA11-1999, EA12-2001, EA13-2007, EA15-2008, EA16-2009, EA17-2011, EA18-2014, EA19-2015, EA20-2023, EA21-2026)",2021-03-01,3.3,2021,28.75
Electricity,"Euro area (EA11-1999, EA12-2001, EA13-2007, EA15-2008, EA16-2009, EA17-2011, EA18-2014, EA19-2015, EA20-2023, EA21-2026)",2021-04-01,7.5,2021,28.75
Electricity,"Euro area (EA11-1999, EA12-2001, EA13-2007, EA15-2008, EA16-2009, EA17-2011, EA18-2014, EA19-2015, EA20-2023, EA21-2026)",2021-05-01,8.1,2021,28.75
Electricity,"Euro area (EA11-1999, EA12-2001, EA13-2007, EA15-2008, EA16-2009, EA17-2011, EA18-2014, EA19-2015, EA20-2023, EA21-2026)",2021-06-01,8.4,2021,28.75
Electricity,"Euro area (EA11-1999, EA12-2001, EA13-2007, EA15-2008, EA16-2009, EA17-2011, EA18-2014, EA19-2015, EA20-2023, EA21-2026)",2021-07-01,8.0,2021,28.75
Electricity,"Euro area (EA11-1999, EA12-2001, EA13-2007, EA15-2008, EA16-2009, EA17-2011, EA18-2014, EA19-2015, EA20-2023, EA21-2026)",2021-08-01,9.4,2021,28.75
Electricity,"Euro area (EA11-1999, EA12-2001, EA13-2007, EA15-2008, EA16-2009, EA17-2011, EA18-2014, EA19-2015, EA20-2023, EA21-2026)",2021-09-01,10.9,2021,28.75
Electricity,"Euro area (EA11-1999, EA12-2001, EA13-2007, EA15-2008, EA16-2009, EA17-2011, EA18-2014, EA19-2015, EA20-2023, EA21-2026)",2021-10-01,15.1,2021,28.75
Electricity,"Euro area (EA11-1999, EA12-2001, EA13-2007, EA15-2008, EA16-2009, EA17-2011, EA18-2014, EA19-2015, EA20-2023, EA21-2026)",2021-11-01,17.8,2021,28.75
Electricity,"Euro area (EA11-1999, EA12-2001, EA13-2007, EA15-2008, EA16-2009, EA17-2011, EA18-2014, EA19-2015, EA20-2023, EA21-2026)",2021-12-01,22.6,2021,28.75
Electricity,"Euro area (EA11-1999, EA12-2001, EA13-2007, EA15-2008, EA16-2009, EA17-2011, EA18-2014, EA19-2015, EA20-2023, EA21-2026)",2022-01-01,27.3,2022,31.2
Electricity,"Euro area (EA11-1999, EA12-2001, EA13-2007, EA15-2008, EA16-2009, EA17-2011, EA18-2014, EA19-2015, EA20-2023, EA21-2026)",2022-02-01,34.3,2022,31.2
Electricity,"Euro area (EA11-1999, EA12-2001, EA13-2007, EA15-2008, EA16-2009, EA17-2011, EA18-2014, EA19-2015, EA20-2023, EA21-2026)",2022-03-01,41.0,2022,31.2
Electricity,"Euro area (EA11-1999, EA12-2001, EA13-2007, EA15-2008, EA16-2009, EA17-2011, EA18-2014, EA19-2015, EA20-2023, EA21-2026)",2022-04-01,32.2,2022,31.2
Electricity,"Euro area (EA11-1999, EA12-2001, EA13-2007, EA15-2008, EA16-2009, EA17-2011, EA18-2014, EA19-2015, EA20-2023, EA21-2026)",2022-05-01,31.9,2022,31.2
Electricity,"Euro area (EA11-1999, EA12-2001, EA13-2007, EA15-2008, EA16-2009, EA17-2011, EA18-2014, EA19-2015, EA20-2023, EA21-2026)",2022-06-01,32.8,2022,31.2
Electricity,"Euro area (EA11-1999, EA12-2001, EA13-2007, EA15-2008, EA16-2009, EA17-2011, EA18-2014, EA19-2015, EA20-2023, EA21-2026)",2022-07-01,35.4,2022,31.2
Electricity,"Euro area (EA11-1999, EA12-2001, EA13-2007, EA15-2008, EA16-2009, EA17-2011, EA18-2014, EA19-2015, EA20-2023, EA21-2026)",2022-08-01,39.9,2022,31.2
Electricity,"Euro area (EA11-1999, EA12-2001, EA13-2007, EA15-2008, EA16-2009, EA17-2011, EA18-2014, EA19-2015, EA20-2023, EA21-2026)",2022-09-01,39.6,2022,31.2
Electricity,"Euro area (EA11-1999, EA12-2001, EA13-2007, EA15-2008, EA16-2009, EA17-2011, EA18-2014, EA19-2015, EA20-2023, EA21-2026)",2022-10-01,45.6,2022,31.2
Electricity,"Euro area (EA11-1999, EA12-2001, EA13-2007, EA15-2008, EA16-2009, EA17-2011, EA18-2014, EA19-2015, EA20-2023, EA21-2026)",2022-11-01,39.7,2022,31.2
Electricity,"Euro area (EA11-1999, EA12-2001, EA13-2007, EA15-2008, EA16-2009, EA17-2011, EA18-2014, EA19-2015, EA20-2023, EA21-2026)",2022-12-01,32.3,2022,31.2
Electricity,"Euro area (EA11-1999, EA12-2001, EA13-2007, EA15-2008, EA16-2009, EA17-2011, EA18-2014, EA19-2015, EA20-2023, EA21-2026)",2023-01-01,18.4,2023,31.36
Electricity,"Euro area (EA11-1999, EA12-2001, EA13-2007, EA15-2008, EA16-2009, EA17-2011, EA18-2014, EA19-2015, EA20-2023, EA21-2026)",2023-02-01,15.8,2023,31.36
Electricity,"Euro area (EA11-1999, EA12-2001, EA13-2007, EA15-2008, EA16-2009, EA17-2011, EA18-2014, EA19-2015, EA20-2023, EA21-2026)",2023-03-01,4.5,2023,31.36
Electricity,"Euro area (EA11-1999, EA12-2001, EA13-2007, EA15-2008, EA16-2009, EA17-2011, EA18-2014, EA19-2015, EA20-2023, EA21-2026)",2023-04-01,6.4,2023,31.36
Electricity,"Euro area (EA11-1999, EA12-2001, EA13-2007, EA15-2008, EA16-2009, EA17-2011, EA18-2014, EA19-2015, EA20-2023, EA21-2026)",2023-05-01,5.4,2023,31.36
Electricity,"Euro area (EA11-1999, EA12-2001, EA13-2007, EA15-2008, EA16-2009, EA17-2011, EA18-2014, EA19-2015, EA20-2023, EA21-2026)",2023-06-01,1.4,2023,31.36
Electricity,"Euro area (EA11-1999, EA12-2001, EA13-2007, EA15-2008, EA16-2009, EA17-2011, EA18-2014, EA19-2015, EA20-2023, EA21-2026)",2023-07-01,-0.5,2023,31.36
Electricity,"Euro area (EA11-1999, EA12-2001, EA13-2007, EA15-2008, EA16-2009, EA17-2011, EA18-2014, EA19-2015, EA20-2023, EA21-2026)",2023-08-01,-4.4,2023,31.36
Electricity,"Euro area (EA11-1999, EA12-2001, EA13-2007, EA15-2008, EA16-2009, EA17-2011, EA18-2014, EA19-2015, EA20-2023, EA21-2026)",2023-09-01,-5.8,2023,31.36
Electricity,"Euro area (EA11-1999, EA12-2001, EA13-2007, EA15-2008, EA16-2009, EA17-2011, EA18-2014, EA19-2015, EA20-2023, EA21-2026)",2023-10-01,-14.0,2023,31.36
Electricity,"Euro area (EA11-1999, EA12-2001, EA13-2007, EA15-2008, EA16-2009, EA17-2011, EA18-2014, EA19-2015, EA20-2023, EA21-2026)",2023-11-01,-14.2,2023,31.36
Electricity,"Euro area (EA11-1999, EA12-2001, EA13-2007, EA15-2008, EA16-2009, EA17-2011, EA18-2014, EA19-2015, EA20-2023, EA21-2026)",2023-12-01,-13.1,2023,31.36
Electricity,"Euro area (EA11-1999, EA12-2001, EA13-2007, EA15-2008, EA16-2009, EA17-2011, EA18-2014, EA19-2015, EA20-2023, EA21-2026)",2024-01-01,-7.6,2024,30.41
Electricity,"Euro area (EA11-1999, EA12-2001, EA13-2007, EA15-2008, EA16-2009, EA17-2011, EA18-2014, EA19-2015, EA20-2023, EA21-2026)",2024-02-01,-7.7,2024,30.41
Electricity,"Euro area (EA11-1999, EA12-2001, EA13-2007, EA15-2008, EA16-2009, EA17-2011, EA18-2014, EA19-2015, EA20-2023, EA21-2026)",2024-03-01,-4.5,2024,30.41
Electricity,"Euro area (EA11-1999, EA12-2001, EA13-2007, EA15-2008, EA16-2009, EA17-2011, EA18-2014, EA19-2015, EA20-2023, EA21-2026)",2024-04-01,-3.5,2024,30.41
Electricity,"Euro area (EA11-1999, EA12-2001, EA13-2007, EA15-2008, EA16-2009, EA17-2011, EA18-2014, EA19-2015, EA20-2023, EA21-2026)",2024-05-01,-2.9,2024,30.41
Electricity,"Euro area (EA11-1999, EA12-2001, EA13-2007, EA15-2008, EA16-2009, EA17-2011, EA18-2014, EA19-2015, EA20-2023, EA21-2026)",2024-06-01,-0.4,2024,30.41
Electricity,"Euro area (EA11-1999, EA12-2001, EA13-2007, EA15-2008, EA16-2009, EA17-2011, EA18-2014, EA19-2015, EA20-2023, EA21-2026)",2024-07-01,0.7,2024,30.41
Electricity,"Euro area (EA11-1999, EA12-2001, EA13-2007, EA15-2008, EA16-2009, EA17-2011, EA18-2014, EA19-2015, EA20-2023, EA21-2026)",2024-08-01,-0.3,2024,30.41
Electricity,"Euro area (EA11-1999, EA12-2001, EA13-2007, EA15-2008, EA16-2009, EA17-2011, EA18-2014, EA19-2015, EA20-2023, EA21-2026)",2024-09-01,-0.6,2024,30.41
Electricity,"Euro area (EA11-1999, EA12-2001, EA13-2007, EA15-2008, EA16-2009, EA17-2011, EA18-2014, EA19-2015, EA20-2023, EA21-2026)",2024-10-01,0.0,2024,30.41
Electricity,"Euro area (EA11-1999, EA12-2001, EA13-2007, EA15-2008, EA16-2009, EA17-2011, EA18-2014, EA19-2015, EA20-2023, EA21-2026)",2024-11-01,2.2,2024,30.41
Electricity,"Euro area (EA11-1999, EA12-2001, EA13-2007, EA15-2008, EA16-2009, EA17-2011, EA18-2014, EA19-2015, EA20-2023, EA21-2026)",2024-12-01,2.5,2024,30.41
Electricity,"Euro area (EA11-1999, EA12-2001, EA13-2007, EA15-2008, EA16-2009, EA17-2011, EA18-2014, EA19-2015, EA20-2023, EA21-2026)",2025-01-01,5.1,2025,29.61
Electricity,"Euro area (EA11-1999, EA12-2001, EA13-2007, EA15-2008, EA16-2009, EA17-2011, EA18-2014, EA19-2015, EA20-2023, EA21-2026)",2025-02-01,1.9,2025,29.61
Electricity,"Euro area (EA11-1999, EA12-2001, EA13-2007, EA15-2008, EA16-2009, EA17-2011, EA18-2014, EA19-2015, EA20-2023, EA21-2026)",2025-03-01,1.6,2025,29.61
Electricity,"Euro area (EA11-1999, EA12-2001, EA13-2007, EA15-2008, EA16-2009, EA17-2011, EA18-2014, EA19-2015, EA20-2023, EA21-2026)",2025-04-01,0.5,2025,29.61
Electricity,"Euro area (EA11-1999, EA12-2001, EA13-2007, EA15-2008, EA16-2009, EA17-2011, EA18-2014, EA19-2015, EA20-2023, EA21-2026)",2025-05-01,0.6,2025,29.61
Electricity,"Euro area (EA11-1999, EA12-2001, EA13-2007, EA15-2008, EA16-2009, EA17-2011, EA18-2014, EA19-2015, EA20-2023, EA21-2026)",2025-06-01,-0.3,2025,29.61
Electricity,"Euro area (EA11-1999, EA12-2001, EA13-2007, EA15-2008, EA16-2009, EA17-2011, EA18-2014, EA19-2015, EA20-2023, EA21-2026)",2025-07-01,0.0,2025,29.61
Electricity,"Euro area (EA11-1999, EA12-2001, EA13-2007, EA15-2008, EA16-2009, EA17-2011, EA18-2014, EA19-2015, EA20-2023, EA21-2026)",2025-08-01,-0.5,2025,29.61
Electricity,"Euro area (EA11-1999, EA12-2001, EA13-2007, EA15-2008, EA16-2009, EA17-2011, EA18-2014, EA19-2015, EA20-2023, EA21-2026)",2025-09-01,-0.7,2025,29.61
Electricity,"Euro area (EA11-1999, EA12-2001, EA13-2007, EA15-2008, EA16-2009, EA17-2011, EA18-2014, EA19-2015, EA20-2023, EA21-2026)",2025-10-01,-0.8,2025,29.61
Electricity,"Euro area (EA11-1999, EA12-2001, EA13-2007, EA15-2008, EA16-2009, EA17-2011, EA18-2014, EA19-2015, EA20-2023, EA21-2026)",2025-11-01,-1.1,2025,29.61
Electricity,"Euro area (EA11-1999, EA12-2001, EA13-2007, EA15-2008, EA16-2009, EA17-2011, EA18-2014, EA19-2015, EA20-2023, EA21-2026)",2025-12-01,-1.3,2025,29.61
Electricity,Spain,2019-01-01,5.7,2019,34.81
Electricity,Spain,2019-02-01,-1.0,2019,34.81
Electricity,Spain,2019-03-01,3.5,2019,34.81
Electricity,Spain,2019-04-01,3.7,2019,34.81
Electricity,Spain,2019-05-01,-4.9,2019,34.81
Electricity,Spain,2019-06-01,-7.8,2019,34.81
Electricity,Spain,2019-07-01,-7.1,2019,34.81
Electricity,Spain,2019-08-01,-12.7,2019,34.81
Electricity,Spain,2019-09-01,-17.0,2019,34.81
Electricity,Spain,2019-10-01,-11.1,2019,34.81
Electricity,Spain,2019-11-01,-11.6,2019,34.81
Electricity,Spain,2019-12-01,-16.4,2019,34.81
Electricity,Spain,2020-01-01,-12.5,2020,33.44
Electricity,Spain,2020-02-01,-12.1,2020,33.44
Electricity,Spain,2020-03-01,-14.2,2020,33.44
Electricity,Spain,2020-04-01,-19.9,2020,33.44
Electricity,Spain,2020-05-01,-17.0,2020,33.44
Electricity,Spain,2020-06-01,-10.8,2020,33.44
Electricity,Spain,2020-07-01,-10.6,2020,33.44
Electricity,Spain,2020-08-01,-5.9,2020,33.44
Electricity,Spain,2020-09-01,-0.1,2020,33.44
Electricity,Spain,2020-10-01,-6.5,2020,33.44
Electricity,Spain,2020-11-01,-1.7,2020,33.44
Electricity,Spain,2020-12-01,5.9,2020,33.44
Electricity,Spain,2021-01-01,15.1,2021,34.6
Electricity,Spain,2021-02-01,-3.1,2021,34.6
Electricity,Spain,2021-03-01,14.6,2021,34.6
Electricity,Spain,2021-04-01,36.9,2021,34.6
Electricity,Spain,2021-05-01,36.3,2021,34.6
Electricity,Spain,2021-06-01,37.1,2021,34.6
Electricity,Spain,2021-07-01,26.9,2021,34.6
Electricity,Spain,2021-08-01,34.9,2021,34.6
Electricity,Spain,2021-09-01,44.0,2021,34.6
Electricity,Spain,2021-10-01,62.8,2021,34.6
Electricity,Spain,2021-11-01,46.7,2021,34.6
Electricity,Spain,2021-12-01,72.0,2021,34.6
Electricity,Spain,2022-01-01,46.4,2022,40.6
Electricity,Spain,2022-02-01,80.5,2022,40.6
Electricity,Spain,2022-03-01,107.8,2022,40.6
Electricity,Spain,2022-04-01,34.9,2022,40.6
Electricity,Spain,2022-05-01,30.2,2022,40.6
Electricity,Spain,2022-06-01,33.4,2022,40.6
Electricity,Spain,2022-07-01,49.4,2022,40.6
Electricity,Spain,2022-08-01,60.6,2022,40.6
Electricity,Spain,2022-09-01,20.2,2022,40.6
Electricity,Spain,2022-10-01,-15.4,2022,40.6
Electricity,Spain,2022-11-01,-22.4,2022,40.6
Electricity,Spain,2022-12-01,-30.8,2022,40.6
Electricity,Spain,2023-01-01,-40.8,2023,35.18
Electricity,Spain,2023-02-01,-33.0,2023,35.18
Electricity,Spain,2023-03-01,-51.8,2023,35.18
Electricity,Spain,2023-04-01,-36.2,2023,35.18
Electricity,Spain,2023-05-01,-34.9,2023,35.18
Electricity,Spain,2023-06-01,-38.1,2023,35.18
Electricity,Spain,2023-07-01,-41.9,2023,35.18
Electricity,Spain,2023-08-01,-49.6,2023,35.18
Electricity,Spain,2023-09-01,-38.3,2023,35.18
Electricity,Spain,2023-10-01,-22.0,2023,35.18
Electricity,Spain,2023-11-01,-13.6,2023,35.18
Electricity,Spain,2023-12-01,-17.3,2023,35.18
Electricity,Spain,2024-01-01,9.6,2024,31.86
Electricity,Spain,2024-02-01,-7.7,2024,31.86
Electricity,Spain,2024-03-01,6.9,2024,31.86
Electricity,Spain,2024-04-01,10.2,2024,31.86
Electricity,Spain,2024-05-01,14.3,2024,31.86
Electricity,Spain,2024-06-01,14.0,2024,31.86
Electricity,Spain,2024-07-01,7.4,2024,31.86
Electricity,Spain,2024-08-01,9.2,2024,31.86
Electricity,Spain,2024-09-01,5.3,2024,31.86
Electricity,Spain,2024-10-01,8.0,2024,31.86
Electricity,Spain,2024-11-01,19.8,2024,31.86
Electricity,Spain,2024-12-01,18.6,2024,31.86
Electricity,Spain,2025-01-01,20.5,2025,33.2
Electricity,Spain,2025-02-01,28.1,2025,33.2
Electricity,Spain,2025-03-01,12.8,2025,33.2
Electricity,Spain,2025-04-01,10.7,2025,33.2
Electricity,Spain,2025-05-01,8.9,2025,33.2
Electricity,Spain,2025-06-01,9.0,2025,33.2
Electricity,Spain,2025-07-01,17.3,2025,33.2
Electricity,Spain,2025-08-01,14.7,2025,33.2
Electricity,Spain,2025-09-01,16.8,2025,33.2
Electricity,Spain,2025-10-01,18.7,2025,33.2
Electricity,Spain,2025-11-01,11.9,2025,33.2
Electricity,Spain,2025-12-01,12.6,2025,33.2
Electricity,France,2019-01-01,0.2,2019,27.36
Electricity,France,2019-02-01,-0.3,2019,27.36
Electricity,France,2019-03-01,-0.3,2019,27.36
Electricity,France,2019-04-01,-0.3,2019,27.36
Electricity,France,2019-05-01,-0.3,2019,27.36
Electricity,France,2019-06-01,5.6,2019,27.36
Electricity,France,2019-07-01,5.6,2019,27.36
Electricity,France,2019-08-01,7.3,2019,27.36
Electricity,France,2019-09-01,7.3,2019,27.36
Electricity,France,2019-10-01,7.3,2019,27.36
Electricity,France,2019-11-01,7.3,2019,27.36
Electricity,France,2019-12-01,7.3,2019,27.36
Electricity,France,2020-01-01,7.3,2020,28.37
Electricity,France,2020-02-01,9.7,2020,28.37
Electricity,France,2020-03-01,9.7,2020,28.37
Electricity,France,2020-04-01,9.7,2020,28.37
Electricity,France,2020-05-01,9.7,2020,28.37
Electricity,France,2020-06-01,3.6,2020,28.37
Electricity,France,2020-07-01,3.6,2020,28.37
Electricity,France,2020-08-01,3.9,2020,28.37
Electricity,France,2020-09-01,3.9,2020,28.37
Electricity,France,2020-10-01,3.8,2020,28.37
Electricity,France,2020-11-01,3.8,2020,28.37
Electricity,France,2020-12-01,3.8,2020,28.37
Electricity,France,2021-01-01,3.8,2021,32.07
Electricity,France,2021-02-01,3.0,2021,32.07
Electricity,France,2021-03-01,3.0,2021,32.07
Electricity,France,2021-04-01,3.0,2021,32.07
Electricity,France,2021-05-01,3.1,2021,32.07
Electricity,France,2021-06-01,3.1,2021,32.07
Electricity,France,2021-07-01,3.1,2021,32.07
Electricity,France,2021-08-01,2.2,2021,32.07
Electricity,France,2021-09-01,2.2,2021,32.07
Electricity,France,2021-10-01,2.6,2021,32.07
Electricity,France,2021-11-01,3.3,2021,32.07
Electricity,France,2021-12-01,3.1,2021,32.07
Electricity,France,2022-01-01,3.9,2022,32.51
Electricity,France,2022-02-01,4.9,2022,32.51
Electricity,France,2022-03-01,6.0,2022,32.51
Electricity,France,2022-04-01,6.9,2022,32.51
Electricity,France,2022-05-01,6.5,2022,32.51
Electricity,France,2022-06-01,7.6,2022,32.51
Electricity,France,2022-07-01,8.2,2022,32.51
Electricity,France,2022-08-01,7.7,2022,32.51
Electricity,France,2022-09-01,10.6,2022,32.51
Electricity,France,2022-10-01,8.8,2022,32.51
Electricity,France,2022-11-01,9.8,2022,32.51
Electricity,France,2022-12-01,7.3,2022,32.51
Electricity,France,2023-01-01,3.1,2023,28.21
Electricity,France,2023-02-01,10.1,2023,28.21
Electricity,France,2023-03-01,11.0,2023,28.21
Electricity,France,2023-04-01,11.3,2023,28.21
Electricity,France,2023-05-01,11.3,2023,28.21
Electricity,France,2023-06-01,10.1,2023,28.21
Electricity,France,2023-07-01,9.4,2023,28.21
Electricity,France,2023-08-01,18.1,2023,28.21
Electricity,France,2023-09-01,16.1,2023,28.21
Electricity,France,2023-10-01,18.5,2023,28.21
Electricity,France,2023-11-01,16.1,2023,28.21
Electricity,France,2023-12-01,18.9,2023,28.21
Electricity,France,2024-01-01,23.2,2024,31.75
Electricity,France,2024-02-01,23.1,2024,31.75
Electricity,France,2024-03-01,20.4,2024,31.75
Electricity,France,2024-04-01,19.2,2024,31.75
Electricity,France,2024-05-01,19.5,2024,31.75
Electricity,France,2024-06-01,19.4,2024,31.75
Electricity,France,2024-07-01,19.5,2024,31.75
Electricity,France,2024-08-01,10.5,2024,31.75
Electricity,France,2024-09-01,9.4,2024,31.75
Electricity,France,2024-10-01,9.0,2024,31.75
Electricity,France,2024-11-01,9.5,2024,31.75
Electricity,France,2024-12-01,9.8,2024,31.75
Electricity,France,2025-01-01,9.3,2025,34.42
Electricity,France,2025-02-01,-12.6,2025,34.42
Electricity,France,2025-03-01,-12.9,2025,34.42
Electricity,France,2025-04-01,-14.1,2025,34.42
Electricity,France,2025-05-01,-14.0,2025,34.42
Electricity,France,2025-06-01,-13.9,2025,34.42
Electricity,France,2025-07-01,-13.6,2025,34.42
Electricity,France,2025-08-01,-13.6,2025,34.42
Electricity,France,2025-09-01,-13.7,2025,34.42
Electricity,France,2025-10-01,-13.8,2025,34.42
Electricity,France,2025-11-01,-14.0,2025,34.42
Electricity,France,2025-12-01,-14.2,2025,34.42
Electricity,Italy,2019-01-01,7.0,2019,22.98
Electricity,Italy,2019-02-01,6.6,2019,22.98
Electricity,Italy,2019-03-01,6.5,2019,22.98
Electricity,Italy,2019-04-01,9.1,2019,22.98
Electricity,Italy,2019-05-01,8.6,2019,22.98
Electricity,Italy,2019-06-01,8.6,2019,22.98
Electricity,Italy,2019-07-01,4.2,2019,22.98
Electricity,Italy,2019-08-01,4.9,2019,22.98
Electricity,Italy,2019-09-01,4.5,2019,22.98
Electricity,Italy,2019-10-01,-0.1,2019,22.98
Electricity,Italy,2019-11-01,0.2,2019,22.98
Electricity,Italy,2019-12-01,0.4,2019,22.98
Electricity,Italy,2020-01-01,-3.4,2020,20.66
Electricity,Italy,2020-02-01,-3.8,2020,20.66
Electricity,Italy,2020-03-01,-4.0,2020,20.66
Electricity,Italy,2020-04-01,-8.2,2020,20.66
Electricity,Italy,2020-05-01,-9.9,2020,20.66
Electricity,Italy,2020-06-01,-9.8,2020,20.66
Electricity,Italy,2020-07-01,-8.8,2020,20.66
Electricity,Italy,2020-08-01,-8.3,2020,20.66
Electricity,Italy,2020-09-01,-7.9,2020,20.66
Electricity,Italy,2020-10-01,-3.5,2020,20.66
Electricity,Italy,2020-11-01,-3.5,2020,20.66
Electricity,Italy,2020-12-01,-3.5,2020,20.66
Electricity,Italy,2021-01-01,0.4,2021,22.68
Electricity,Italy,2021-02-01,0.6,2021,22.68
Electricity,Italy,2021-03-01,1.5,2021,22.68
Electricity,Italy,2021-04-01,12.5,2021,22.68
Electricity,Italy,2021-05-01,16.8,2021,22.68
Electricity,Italy,2021-06-01,16.8,2021,22.68
Electricity,Italy,2021-07-01,13.5,2021,22.68
Electricity,Italy,2021-08-01,15.7,2021,22.68
Electricity,Italy,2021-09-01,15.5,2021,22.68
Electricity,Italy,2021-10-01,17.9,2021,22.68
Electricity,Italy,2021-11-01,33.2,2021,22.68
Electricity,Italy,2021-12-01,35.0,2021,22.68
Electricity,Italy,2022-01-01,62.0,2022,23.87
Electricity,Italy,2022-02-01,81.9,2022,23.87
Electricity,Italy,2022-03-01,82.3,2022,23.87
Electricity,Italy,2022-04-01,68.6,2022,23.87
Electricity,Italy,2022-05-01,73.4,2022,23.87
Electricity,Italy,2022-06-01,81.3,2022,23.87
Electricity,Italy,2022-07-01,85.3,2022,23.87
Electricity,Italy,2022-08-01,102.9,2022,23.87
Electricity,Italy,2022-09-01,103.4,2022,23.87
Electricity,Italy,2022-10-01,199.0,2022,23.87
Electricity,Italy,2022-11-01,174.8,2022,23.87
Electricity,Italy,2022-12-01,165.4,2022,23.87
Electricity,Italy,2023-01-01,88.9,2023,33.15
Electricity,Italy,2023-02-01,58.2,2023,33.15
Electricity,Italy,2023-03-01,28.1,2023,33.15
Electricity,Italy,2023-04-01,20.1,2023,33.15
Electricity,Italy,2023-05-01,13.5,2023,33.15
Electricity,Italy,2023-06-01,1.4,2023,33.15
Electricity,Italy,2023-07-01,-3.5,2023,33.15
Electricity,Italy,2023-08-01,-14.8,2023,33.15
Electricity,Italy,2023-09-01,-15.2,2023,33.15
Electricity,Italy,2023-10-01,-47.5,2023,33.15
Electricity,Italy,2023-11-01,-50.6,2023,33.15
Electricity,Italy,2023-12-01,-49.9,2023,33.15
Electricity,Italy,2024-01-01,-43.2,2024,29.02
Electricity,Italy,2024-02-01,-41.2,2024,29.02
Electricity,Italy,2024-03-01,-30.6,2024,29.02
Electricity,Italy,2024-04-01,-29.2,2024,29.02
Electricity,Italy,2024-05-01,-29.2,2024,29.02
Electricity,Italy,2024-06-01,-24.7,2024,29.02
Electricity,Italy,2024-07-01,-11.4,2024,29.02
Electricity,Italy,2024-08-01,-10.8,2024,29.02
Electricity,Italy,2024-09-01,-9.9,2024,29.02
Electricity,Italy,2024-10-01,-9.8,2024,29.02
Electricity,Italy,2024-11-01,-9.3,2024,29.02
Electricity,Italy,2024-12-01,-8.3,2024,29.02
Electricity,Italy,2025-01-01,-0.8,2025,30.6
Electricity,Italy,2025-02-01,3.0,2025,30.6
Electricity,Italy,2025-03-01,8.2,2025,30.6
Electricity,Italy,2025-04-01,9.1,2025,30.6
Electricity,Italy,2025-05-01,9.4,2025,30.6
Electricity,Italy,2025-06-01,6.2,2025,30.6
Electricity,Italy,2025-07-01,-2.5,2025,30.6
Electricity,Italy,2025-08-01,-4.9,2025,30.6
Electricity,Italy,2025-09-01,-5.8,2025,30.6
Electricity,Italy,2025-10-01,-7.5,2025,30.6
Electricity,Italy,2025-11-01,-5.8,2025,30.6
Electricity,Italy,2025-12-01,-5.4,2025,30.6
Electricity,Portugal,2019-01-01,-3.3,2019,28.1
Electricity,Portugal,2019-02-01,-3.7,2019,28.1
Electricity,Portugal,2019-03-01,-3.5,2019,28.1
Electricity,Portugal,2019-04-01,-3.6,2019,28.1
Electricity,Portugal,2019-05-01,-3.6,2019,28.1
Electricity,Portugal,2019-06-01,-3.7,2019,28.1
Electricity,Portugal,2019-07-01,-4.8,2019,28.1
Electricity,Portugal,2019-08-01,-5.0,2019,28.1
Electricity,Portugal,2019-09-01,-5.0,2019,28.1
Electricity,Portugal,2019-10-01,-4.8,2019,28.1
Electricity,Portugal,2019-11-01,-5.0,2019,28.1
Electricity,Portugal,2019-12-01,-4.9,2019,28.1
Electricity,Portugal,2020-01-01,-2.0,2020,24.62
Electricity,Portugal,2020-02-01,-1.7,2020,24.62
Electricity,Portugal,2020-03-01,-1.7,2020,24.62
Electricity,Portugal,2020-04-01,-2.3,2020,24.62
Electricity,Portugal,2020-05-01,-2.3,2020,24.62
Electricity,Portugal,2020-06-01,-2.2,2020,24.62
Electricity,Portugal,2020-07-01,-1.4,2020,24.62
Electricity,Portugal,2020-08-01,-1.3,2020,24.62
Electricity,Portugal,2020-09-01,-1.3,2020,24.62
Electricity,Portugal,2020-10-01,-1.4,2020,24.62
Electricity,Portugal,2020-11-01,-1.2,2020,24.62
Electricity,Portugal,2020-12-01,-1.3,2020,24.62
Electricity,Portugal,2021-01-01,-1.2,2021,31.26
Electricity,Portugal,2021-02-01,-1.1,2021,31.26
Electricity,Portugal,2021-03-01,-0.9,2021,31.26
Electricity,Portugal,2021-04-01,-0.2,2021,31.26
Electricity,Portugal,2021-05-01,-0.2,2021,31.26
Electricity,Portugal,2021-06-01,-0.2,2021,31.26
Electricity,Portugal,2021-07-01,0.6,2021,31.26
Electricity,Portugal,2021-08-01,2.0,2021,31.26
Electricity,Portugal,2021-09-01,2.3,2021,31.26
Electricity,Portugal,2021-10-01,2.8,2021,31.26
Electricity,Portugal,2021-11-01,2.6,2021,31.26
Electricity,Portugal,2021-12-01,2.6,2021,31.26
Electricity,Portugal,2022-01-01,5.6,2022,27.4
Electricity,Portugal,2022-02-01,5.6,2022,27.4
Electricity,Portugal,2022-03-01,5.3,2022,27.4
Electricity,Portugal,2022-04-01,17.7,2022,27.4
Electricity,Portugal,2022-05-01,23.6,2022,27.4
Electricity,Portugal,2022-06-01,23.6,2022,27.4
Electricity,Portugal,2022-07-01,35.6,2022,27.4
Electricity,Portugal,2022-08-01,32.1,2022,27.4
Electricity,Portugal,2022-09-01,31.8,2022,27.4
Electricity,Portugal,2022-10-01,27.6,2022,27.4
Electricity,Portugal,2022-11-01,28.0,2022,27.4
Electricity,Portugal,2022-12-01,29.0,2022,27.4
Electricity,Portugal,2023-01-01,-2.8,2023,30.23
Electricity,Portugal,2023-02-01,-6.0,2023,30.23
Electricity,Portugal,2023-03-01,-5.3,2023,30.23
Electricity,Portugal,2023-04-01,-16.3,2023,30.23
Electricity,Portugal,2023-05-01,-20.3,2023,30.23
Electricity,Portugal,2023-06-01,-21.5,2023,30.23
Electricity,Portugal,2023-07-01,-17.9,2023,30.23
Electricity,Portugal,2023-08-01,-16.9,2023,30.23
Electricity,Portugal,2023-09-01,-16.9,2023,30.23
Electricity,Portugal,2023-10-01,-15.3,2023,30.23
Electricity,Portugal,2023-11-01,-15.6,2023,30.23
Electricity,Portugal,2023-12-01,-16.2,2023,30.23
Electricity,Portugal,2024-01-01,14.9,2024,21.51
Electricity,Portugal,2024-02-01,18.3,2024,21.51
Electricity,Portugal,2024-03-01,17.4,2024,21.51
Electricity,Portugal,2024-04-01,17.0,2024,21.51
Electricity,Portugal,2024-05-01,15.9,2024,21.51
Electricity,Portugal,2024-06-01,25.9,2024,21.51
Electricity,Portugal,2024-07-01,9.5,2024,21.51
Electricity,Portugal,2024-08-01,9.5,2024,21.51
Electricity,Portugal,2024-09-01,9.5,2024,21.51
Electricity,Portugal,2024-10-01,11.1,2024,21.51
Electricity,Portugal,2024-11-01,11.1,2024,21.51
Electricity,Portugal,2024-12-01,10.8,2024,21.51
Electricity,Portugal,2025-01-01,0.4,2025,28.65
Electricity,Portugal,2025-02-01,2.1,2025,28.65
Electricity,Portugal,2025-03-01,2.1,2025,28.65
Electricity,Portugal,2025-04-01,4.3,2025,28.65
Electricity,Portugal,2025-05-01,3.8,2025,28.65
Electricity,Portugal,2025-06-01,-3.0,2025,28.65
Electricity,Portugal,2025-07-01,-2.3,2025,28.65
Electricity,Portugal,2025-08-01,-2.3,2025,28.65
Electricity,Portugal,2025-09-01,-2.3,2025,28.65
Electricity,Portugal,2025-10-01,-3.2,2025,28.65
Electricity,Portugal,2025-11-01,-4.1,2025,28.65
Electricity,Portugal,2025-12-01,-3.8,2025,28.65
Gas,Germany,2019-01-01,0.5,2019,26.74
Gas,Germany,2019-02-01,1.0,2019,26.74
Gas,Germany,2019-03-01,1.3,2019,26.74
Gas,Germany,2019-04-01,1.8,2019,26.74
Gas,Germany,2019-05-01,1.9,2019,26.74
Gas,Germany,2019-06-01,2.5,2019,26.74
Gas,Germany,2019-07-01,2.6,2019,26.74
Gas,Germany,2019-08-01,2.8,2019,26.74
Gas,Germany,2019-09-01,3.0,2019,26.74
Gas,Germany,2019-10-01,3.3,2019,26.74
Gas,Germany,2019-11-01,3.7,2019,26.74
Gas,Germany,2019-12-01,4.2,2019,26.74
Gas,Germany,2020-01-01,3.1,2020,24.42
Gas,Germany,2020-02-01,3.0,2020,24.42
Gas,Germany,2020-03-01,2.7,2020,24.42
Gas,Germany,2020-04-01,2.2,2020,24.42
Gas,Germany,2020-05-01,2.1,2020,24.42
Gas,Germany,2020-06-01,2.1,2020,24.42
Gas,Germany,2020-07-01,0.8,2020,24.42
Gas,Germany,2020-08-01,0.7,2020,24.42
Gas,Germany,2020-09-01,0.4,2020,24.42
Gas,Germany,2020-10-01,0.0,2020,24.42
Gas,Germany,2020-11-01,-0.5,2020,24.42
Gas,Germany,2020-12-01,-0.7,2020,24.42
Gas,Germany,2021-01-01,1.5,2021,27.15
Gas,Germany,2021-02-01,1.6,2021,27.15
Gas,Germany,2021-03-01,1.9,2021,27.15
Gas,Germany,2021-04-01,1.9,2021,27.15
Gas,Germany,2021-05-01,1.9,2021,27.15
Gas,Germany,2021-06-01,1.8,2021,27.15
Gas,Germany,2021-07-01,3.4,2021,27.15
Gas,Germany,2021-08-01,3.7,2021,27.15
Gas,Germany,2021-09-01,4.2,2021,27.15
Gas,Germany,2021-10-01,5.8,2021,27.15
Gas,Germany,2021-11-01,7.4,2021,27.15
Gas,Germany,2021-12-01,8.9,2021,27.15
Gas,Germany,2022-01-01,19.9,2022,29.38
Gas,Germany,2022-02-01,22.9,2022,29.38
Gas,Germany,2022-03-01,28.4,2022,29.38
Gas,Germany,2022-04-01,33.3,2022,29.38
Gas,Germany,2022-05-01,38.7,2022,29.38
Gas,Germany,2022-06-01,42.9,2022,29.38
Gas,Germany,2022-07-01,52.4,2022,29.38
Gas,Germany,2022-08-01,59.1,2022,29.38
Gas,Germany,2022-09-01,67.7,2022,29.38
Gas,Germany,2022-10-01,78.0,2022,29.38
Gas,Germany,2022-11-01,82.0,2022,29.38
Gas,Germany,2022-12-01,39.8,2022,29.38
Gas,Germany,2023-01-01,48.9,2023,13.65
Gas,Germany,2023-02-01,47.8,2023,13.65
Gas,Germany,2023-03-01,43.7,2023,13.65
Gas,Germany,2023-04-01,40.2,2023,13.65
Gas,Germany,2023-05-01,35.8,2023,13.65
Gas,Germany,2023-06-01,32.3,2023,13.65
Gas,Germany,2023-07-01,24.0,2023,13.65
Gas,Germany,2023-08-01,18.4,2023,13.65
Gas,Germany,2023-09-01,11.6,2023,13.65
Gas,Germany,2023-10-01,2.9,2023,13.65
Gas,Germany,2023-11-01,-2.8,2023,13.65
Gas,Germany,2023-12-01,23.0,2023,13.65
Gas,Germany,2024-01-01,4.6,2024,18.01
Gas,Germany,2024-02-01,1.9,2024,18.01
Gas,Germany,2024-03-01,-1.0,2024,18.01
Gas,Germany,2024-04-01,-0.3,2024,18.01
Gas,Germany,2024-05-01,-1.9,2024,18.01
Gas,Germany,2024-06-01,-2.9,2024,18.01
Gas,Germany,2024-07-01,-3.5,2024,18.01
Gas,Germany,2024-08-01,-4.2,2024,18.01
Gas,Germany,2024-09-01,-4.3,2024,18.01
Gas,Germany,2024-10-01,-3.8,2024,18.01
Gas,Germany,2024-11-01,-1.9,2024,18.01
Gas,Germany,2024-12-01,-0.3,2024,18.01
Gas,Germany,2025-01-01,-3.0,2025,16.9
Gas,Germany,2025-02-01,-2.2,2025,16.9
Gas,Germany,2025-03-01,-1.2,2025,16.9
Gas,Germany,2025-04-01,-3.1,2025,16.9
Gas,Germany,2025-05-01,-2.7,2025,16.9
Gas,Germany,2025-06-01,-2.2,2025,16.9
Gas,Germany,2025-07-01,-1.8,2025,16.9
Gas,Germany,2025-08-01,-1.1,2025,16.9
Gas,Germany,2025-09-01,-0.7,2025,16.9
Gas,Germany,2025-10-01,-0.4,2025,16.9
Gas,Germany,2025-11-01,-0.4,2025,16.9
Gas,Germany,2025-12-01,-0.8,2025,16.9
Gas,"Euro area (EA11-1999, EA12-2001, EA13-2007, EA15-2008, EA16-2009, EA17-2011, EA18-2014, EA19-2015, EA20-2023, EA21-2026)",2019-01-01,6.5,2019,20.04
Gas,"Euro area (EA11-1999, EA12-2001, EA13-2007, EA15-2008, EA16-2009, EA17-2011, EA18-2014, EA19-2015, EA20-2023, EA21-2026)",2019-02-01,6.5,2019,20.04
Gas,"Euro area (EA11-1999, EA12-2001, EA13-2007, EA15-2008, EA16-2009, EA17-2011, EA18-2014, EA19-2015, EA20-2023, EA21-2026)",2019-03-01,7.0,2019,20.04
Gas,"Euro area (EA11-1999, EA12-2001, EA13-2007, EA15-2008, EA16-2009, EA17-2011, EA18-2014, EA19-2015, EA20-2023, EA21-2026)",2019-04-01,5.9,2019,20.04
Gas,"Euro area (EA11-1999, EA12-2001, EA13-2007, EA15-2008, EA16-2009, EA17-2011, EA18-2014, EA19-2015, EA20-2023, EA21-2026)",2019-05-01,5.8,2019,20.04
Gas,"Euro area (EA11-1999, EA12-2001, EA13-2007, EA15-2008, EA16-2009, EA17-2011, EA18-2014, EA19-2015, EA20-2023, EA21-2026)",2019-06-01,5.4,2019,20.04
Gas,"Euro area (EA11-1999, EA12-2001, EA13-2007, EA15-2008, EA16-2009, EA17-2011, EA18-2014, EA19-2015, EA20-2023, EA21-2026)",2019-07-01,-0.4,2019,20.04
Gas,"Euro area (EA11-1999, EA12-2001, EA13-2007, EA15-2008, EA16-2009, EA17-2011, EA18-2014, EA19-2015, EA20-2023, EA21-2026)",2019-08-01,-0.6,2019,20.04
Gas,"Euro area (EA11-1999, EA12-2001, EA13-2007, EA15-2008, EA16-2009, EA17-2011, EA18-2014, EA19-2015, EA20-2023, EA21-2026)",2019-09-01,-0.9,2019,20.04
Gas,"Euro area (EA11-1999, EA12-2001, EA13-2007, EA15-2008, EA16-2009, EA17-2011, EA18-2014, EA19-2015, EA20-2023, EA21-2026)",2019-10-01,-3.2,2019,20.04
Gas,"Euro area (EA11-1999, EA12-2001, EA13-2007, EA15-2008, EA16-2009, EA17-2011, EA18-2014, EA19-2015, EA20-2023, EA21-2026)",2019-11-01,-3.6,2019,20.04
Gas,"Euro area (EA11-1999, EA12-2001, EA13-2007, EA15-2008, EA16-2009, EA17-2011, EA18-2014, EA19-2015, EA20-2023, EA21-2026)",2019-12-01,-3.1,2019,20.04
Gas,"Euro area (EA11-1999, EA12-2001, EA13-2007, EA15-2008, EA16-2009, EA17-2011, EA18-2014, EA19-2015, EA20-2023, EA21-2026)",2020-01-01,-3.4,2020,17.85
Gas,"Euro area (EA11-1999, EA12-2001, EA13-2007, EA15-2008, EA16-2009, EA17-2011, EA18-2014, EA19-2015, EA20-2023, EA21-2026)",2020-02-01,-3.8,2020,17.85
Gas,"Euro area (EA11-1999, EA12-2001, EA13-2007, EA15-2008, EA16-2009, EA17-2011, EA18-2014, EA19-2015, EA20-2023, EA21-2026)",2020-03-01,-4.3,2020,17.85
Gas,"Euro area (EA11-1999, EA12-2001, EA13-2007, EA15-2008, EA16-2009, EA17-2011, EA18-2014, EA19-2015, EA20-2023, EA21-2026)",2020-04-01,-4.8,2020,17.85
Gas,"Euro area (EA11-1999, EA12-2001, EA13-2007, EA15-2008, EA16-2009, EA17-2011, EA18-2014, EA19-2015, EA20-2023, EA21-2026)",2020-05-01,-4.9,2020,17.85
Gas,"Euro area (EA11-1999, EA12-2001, EA13-2007, EA15-2008, EA16-2009, EA17-2011, EA18-2014, EA19-2015, EA20-2023, EA21-2026)",2020-06-01,-5.0,2020,17.85
Gas,"Euro area (EA11-1999, EA12-2001, EA13-2007, EA15-2008, EA16-2009, EA17-2011, EA18-2014, EA19-2015, EA20-2023, EA21-2026)",2020-07-01,-5.0,2020,17.85
Gas,"Euro area (EA11-1999, EA12-2001, EA13-2007, EA15-2008, EA16-2009, EA17-2011, EA18-2014, EA19-2015, EA20-2023, EA21-2026)",2020-08-01,-4.9,2020,17.85
Gas,"Euro area (EA11-1999, EA12-2001, EA13-2007, EA15-2008, EA16-2009, EA17-2011, EA18-2014, EA19-2015, EA20-2023, EA21-2026)",2020-09-01,-4.8,2020,17.85
Gas,"Euro area (EA11-1999, EA12-2001, EA13-2007, EA15-2008, EA16-2009, EA17-2011, EA18-2014, EA19-2015, EA20-2023, EA21-2026)",2020-10-01,-3.5,2020,17.85
Gas,"Euro area (EA11-1999, EA12-2001, EA13-2007, EA15-2008, EA16-2009, EA17-2011, EA18-2014, EA19-2015, EA20-2023, EA21-2026)",2020-11-01,-3.6,2020,17.85
Gas,"Euro area (EA11-1999, EA12-2001, EA13-2007, EA15-2008, EA16-2009, EA17-2011, EA18-2014, EA19-2015, EA20-2023, EA21-2026)",2020-12-01,-3.6,2020,17.85
Gas,"Euro area (EA11-1999, EA12-2001, EA13-2007, EA15-2008, EA16-2009, EA17-2011, EA18-2014, EA19-2015, EA20-2023, EA21-2026)",2021-01-01,-1.6,2021,19.13
Gas,"Euro area (EA11-1999, EA12-2001, EA13-2007, EA15-2008, EA16-2009, EA17-2011, EA18-2014, EA19-2015, EA20-2023, EA21-2026)",2021-02-01,-0.6,2021,19.13
Gas,"Euro area (EA11-1999, EA12-2001, EA13-2007, EA15-2008, EA16-2009, EA17-2011, EA18-2014, EA19-2015, EA20-2023, EA21-2026)",2021-03-01,0.8,2021,19.13
Gas,"Euro area (EA11-1999, EA12-2001, EA13-2007, EA15-2008, EA16-2009, EA17-2011, EA18-2014, EA19-2015, EA20-2023, EA21-2026)",2021-04-01,4.4,2021,19.13
Gas,"Euro area (EA11-1999, EA12-2001, EA13-2007, EA15-2008, EA16-2009, EA17-2011, EA18-2014, EA19-2015, EA20-2023, EA21-2026)",2021-05-01,4.9,2021,19.13
Gas,"Euro area (EA11-1999, EA12-2001, EA13-2007, EA15-2008, EA16-2009, EA17-2011, EA18-2014, EA19-2015, EA20-2023, EA21-2026)",2021-06-01,6.1,2021,19.13
Gas,"Euro area (EA11-1999, EA12-2001, EA13-2007, EA15-2008, EA16-2009, EA17-2011, EA18-2014, EA19-2015, EA20-2023, EA21-2026)",2021-07-01,13.8,2021,19.13
Gas,"Euro area (EA11-1999, EA12-2001, EA13-2007, EA15-2008, EA16-2009, EA17-2011, EA18-2014, EA19-2015, EA20-2023, EA21-2026)",2021-08-01,15.1,2021,19.13
Gas,"Euro area (EA11-1999, EA12-2001, EA13-2007, EA15-2008, EA16-2009, EA17-2011, EA18-2014, EA19-2015, EA20-2023, EA21-2026)",2021-09-01,16.9,2021,19.13
Gas,"Euro area (EA11-1999, EA12-2001, EA13-2007, EA15-2008, EA16-2009, EA17-2011, EA18-2014, EA19-2015, EA20-2023, EA21-2026)",2021-10-01,23.0,2021,19.13
Gas,"Euro area (EA11-1999, EA12-2001, EA13-2007, EA15-2008, EA16-2009, EA17-2011, EA18-2014, EA19-2015, EA20-2023, EA21-2026)",2021-11-01,27.2,2021,19.13
Gas,"Euro area (EA11-1999, EA12-2001, EA13-2007, EA15-2008, EA16-2009, EA17-2011, EA18-2014, EA19-2015, EA20-2023, EA21-2026)",2021-12-01,28.5,2021,19.13
Gas,"Euro area (EA11-1999, EA12-2001, EA13-2007, EA15-2008, EA16-2009, EA17-2011, EA18-2014, EA19-2015, EA20-2023, EA21-2026)",2022-01-01,40.6,2022,21.99
Gas,"Euro area (EA11-1999, EA12-2001, EA13-2007, EA15-2008, EA16-2009, EA17-2011, EA18-2014, EA19-2015, EA20-2023, EA21-2026)",2022-02-01,41.4,2022,21.99
Gas,"Euro area (EA11-1999, EA12-2001, EA13-2007, EA15-2008, EA16-2009, EA17-2011, EA18-2014, EA19-2015, EA20-2023, EA21-2026)",2022-03-01,50.0,2022,21.99
Gas,"Euro area (EA11-1999, EA12-2001, EA13-2007, EA15-2008, EA16-2009, EA17-2011, EA18-2014, EA19-2015, EA20-2023, EA21-2026)",2022-04-01,51.7,2022,21.99
Gas,"Euro area (EA11-1999, EA12-2001, EA13-2007, EA15-2008, EA16-2009, EA17-2011, EA18-2014, EA19-2015, EA20-2023, EA21-2026)",2022-05-01,52.9,2022,21.99
Gas,"Euro area (EA11-1999, EA12-2001, EA13-2007, EA15-2008, EA16-2009, EA17-2011, EA18-2014, EA19-2015, EA20-2023, EA21-2026)",2022-06-01,51.6,2022,21.99
Gas,"Euro area (EA11-1999, EA12-2001, EA13-2007, EA15-2008, EA16-2009, EA17-2011, EA18-2014, EA19-2015, EA20-2023, EA21-2026)",2022-07-01,52.9,2022,21.99
Gas,"Euro area (EA11-1999, EA12-2001, EA13-2007, EA15-2008, EA16-2009, EA17-2011, EA18-2014, EA19-2015, EA20-2023, EA21-2026)",2022-08-01,63.1,2022,21.99
Gas,"Euro area (EA11-1999, EA12-2001, EA13-2007, EA15-2008, EA16-2009, EA17-2011, EA18-2014, EA19-2015, EA20-2023, EA21-2026)",2022-09-01,72.2,2022,21.99
Gas,"Euro area (EA11-1999, EA12-2001, EA13-2007, EA15-2008, EA16-2009, EA17-2011, EA18-2014, EA19-2015, EA20-2023, EA21-2026)",2022-10-01,77.6,2022,21.99
Gas,"Euro area (EA11-1999, EA12-2001, EA13-2007, EA15-2008, EA16-2009, EA17-2011, EA18-2014, EA19-2015, EA20-2023, EA21-2026)",2022-11-01,67.0,2022,21.99
Gas,"Euro area (EA11-1999, EA12-2001, EA13-2007, EA15-2008, EA16-2009, EA17-2011, EA18-2014, EA19-2015, EA20-2023, EA21-2026)",2022-12-01,48.9,2022,21.99
Gas,"Euro area (EA11-1999, EA12-2001, EA13-2007, EA15-2008, EA16-2009, EA17-2011, EA18-2014, EA19-2015, EA20-2023, EA21-2026)",2023-01-01,29.1,2023,18.98
Gas,"Euro area (EA11-1999, EA12-2001, EA13-2007, EA15-2008, EA16-2009, EA17-2011, EA18-2014, EA19-2015, EA20-2023, EA21-2026)",2023-02-01,20.4,2023,18.98
Gas,"Euro area (EA11-1999, EA12-2001, EA13-2007, EA15-2008, EA16-2009, EA17-2011, EA18-2014, EA19-2015, EA20-2023, EA21-2026)",2023-03-01,8.2,2023,18.98
Gas,"Euro area (EA11-1999, EA12-2001, EA13-2007, EA15-2008, EA16-2009, EA17-2011, EA18-2014, EA19-2015, EA20-2023, EA21-2026)",2023-04-01,5.7,2023,18.98
Gas,"Euro area (EA11-1999, EA12-2001, EA13-2007, EA15-2008, EA16-2009, EA17-2011, EA18-2014, EA19-2015, EA20-2023, EA21-2026)",2023-05-01,5.2,2023,18.98
Gas,"Euro area (EA11-1999, EA12-2001, EA13-2007, EA15-2008, EA16-2009, EA17-2011, EA18-2014, EA19-2015, EA20-2023, EA21-2026)",2023-06-01,3.6,2023,18.98
Gas,"Euro area (EA11-1999, EA12-2001, EA13-2007, EA15-2008, EA16-2009, EA17-2011, EA18-2014, EA19-2015, EA20-2023, EA21-2026)",2023-07-01,-5.2,2023,18.98
Gas,"Euro area (EA11-1999, EA12-2001, EA13-2007, EA15-2008, EA16-2009, EA17-2011, EA18-2014, EA19-2015, EA20-2023, EA21-2026)",2023-08-01,-12.7,2023,18.98
Gas,"Euro area (EA11-1999, EA12-2001, EA13-2007, EA15-2008, EA16-2009, EA17-2011, EA18-2014, EA19-2015, EA20-2023, EA21-2026)",2023-09-01,-18.9,2023,18.98
Gas,"Euro area (EA11-1999, EA12-2001, EA13-2007, EA15-2008, EA16-2009, EA17-2011, EA18-2014, EA19-2015, EA20-2023, EA21-2026)",2023-10-01,-26.4,2023,18.98
Gas,"Euro area (EA11-1999, EA12-2001, EA13-2007, EA15-2008, EA16-2009, EA17-2011, EA18-2014, EA19-2015, EA20-2023, EA21-2026)",2023-11-01,-24.7,2023,18.98
Gas,"Euro area (EA11-1999, EA12-2001, EA13-2007, EA15-2008, EA16-2009, EA17-2011, EA18-2014, EA19-2015, EA20-2023, EA21-2026)",2023-12-01,-15.5,2023,18.98
Gas,"Euro area (EA11-1999, EA12-2001, EA13-2007, EA15-2008, EA16-2009, EA17-2011, EA18-2014, EA19-2015, EA20-2023, EA21-2026)",2024-01-01,-9.7,2024,17.07
Gas,"Euro area (EA11-1999, EA12-2001, EA13-2007, EA15-2008, EA16-2009, EA17-2011, EA18-2014, EA19-2015, EA20-2023, EA21-2026)",2024-02-01,-5.9,2024,17.07
Gas,"Euro area (EA11-1999, EA12-2001, EA13-2007, EA15-2008, EA16-2009, EA17-2011, EA18-2014, EA19-2015, EA20-2023, EA21-2026)",2024-03-01,-3.5,2024,17.07
Gas,"Euro area (EA11-1999, EA12-2001, EA13-2007, EA15-2008, EA16-2009, EA17-2011, EA18-2014, EA19-2015, EA20-2023, EA21-2026)",2024-04-01,-3.9,2024,17.07
Gas,"Euro area (EA11-1999, EA12-2001, EA13-2007, EA15-2008, EA16-2009, EA17-2011, EA18-2014, EA19-2015, EA20-2023, EA21-2026)",2024-05-01,-4.7,2024,17.07
Gas,"Euro area (EA11-1999, EA12-2001, EA13-2007, EA15-2008, EA16-2009, EA17-2011, EA18-2014, EA19-2015, EA20-2023, EA21-2026)",2024-06-01,-2.6,2024,17.07
Gas,"Euro area (EA11-1999, EA12-2001, EA13-2007, EA15-2008, EA16-2009, EA17-2011, EA18-2014, EA19-2015, EA20-2023, EA21-2026)",2024-07-01,1.6,2024,17.07
Gas,"Euro area (EA11-1999, EA12-2001, EA13-2007, EA15-2008, EA16-2009, EA17-2011, EA18-2014, EA19-2015, EA20-2023, EA21-2026)",2024-08-01,2.5,2024,17.07
Gas,"Euro area (EA11-1999, EA12-2001, EA13-2007, EA15-2008, EA16-2009, EA17-2011, EA18-2014, EA19-2015, EA20-2023, EA21-2026)",2024-09-01,3.1,2024,17.07
Gas,"Euro area (EA11-1999, EA12-2001, EA13-2007, EA15-2008, EA16-2009, EA17-2011, EA18-2014, EA19-2015, EA20-2023, EA21-2026)",2024-10-01,4.0,2024,17.07
Gas,"Euro area (EA11-1999, EA12-2001, EA13-2007, EA15-2008, EA16-2009, EA17-2011, EA18-2014, EA19-2015, EA20-2023, EA21-2026)",2024-11-01,4.9,2024,17.07
Gas,"Euro area (EA11-1999, EA12-2001, EA13-2007, EA15-2008, EA16-2009, EA17-2011, EA18-2014, EA19-2015, EA20-2023, EA21-2026)",2024-12-01,4.3,2024,17.07
Gas,"Euro area (EA11-1999, EA12-2001, EA13-2007, EA15-2008, EA16-2009, EA17-2011, EA18-2014, EA19-2015, EA20-2023, EA21-2026)",2025-01-01,1.5,2025,16.56
Gas,"Euro area (EA11-1999, EA12-2001, EA13-2007, EA15-2008, EA16-2009, EA17-2011, EA18-2014, EA19-2015, EA20-2023, EA21-2026)",2025-02-01,3.6,2025,16.56
Gas,"Euro area (EA11-1999, EA12-2001, EA13-2007, EA15-2008, EA16-2009, EA17-2011, EA18-2014, EA19-2015, EA20-2023, EA21-2026)",2025-03-01,6.4,2025,16.56
Gas,"Euro area (EA11-1999, EA12-2001, EA13-2007, EA15-2008, EA16-2009, EA17-2011, EA18-2014, EA19-2015, EA20-2023, EA21-2026)",2025-04-01,4.8,2025,16.56
Gas,"Euro area (EA11-1999, EA12-2001, EA13-2007, EA15-2008, EA16-2009, EA17-2011, EA18-2014, EA19-2015, EA20-2023, EA21-2026)",2025-05-01,3.2,2025,16.56
Gas,"Euro area (EA11-1999, EA12-2001, EA13-2007, EA15-2008, EA16-2009, EA17-2011, EA18-2014, EA19-2015, EA20-2023, EA21-2026)",2025-06-01,1.9,2025,16.56
Gas,"Euro area (EA11-1999, EA12-2001, EA13-2007, EA15-2008, EA16-2009, EA17-2011, EA18-2014, EA19-2015, EA20-2023, EA21-2026)",2025-07-01,1.0,2025,16.56
Gas,"Euro area (EA11-1999, EA12-2001, EA13-2007, EA15-2008, EA16-2009, EA17-2011, EA18-2014, EA19-2015, EA20-2023, EA21-2026)",2025-08-01,0.0,2025,16.56
Gas,"Euro area (EA11-1999, EA12-2001, EA13-2007, EA15-2008, EA16-2009, EA17-2011, EA18-2014, EA19-2015, EA20-2023, EA21-2026)",2025-09-01,-0.4,2025,16.56
Gas,"Euro area (EA11-1999, EA12-2001, EA13-2007, EA15-2008, EA16-2009, EA17-2011, EA18-2014, EA19-2015, EA20-2023, EA21-2026)",2025-10-01,-1.7,2025,16.56
Gas,"Euro area (EA11-1999, EA12-2001, EA13-2007, EA15-2008, EA16-2009, EA17-2011, EA18-2014, EA19-2015, EA20-2023, EA21-2026)",2025-11-01,-2.9,2025,16.56
Gas,"Euro area (EA11-1999, EA12-2001, EA13-2007, EA15-2008, EA16-2009, EA17-2011, EA18-2014, EA19-2015, EA20-2023, EA21-2026)",2025-12-01,-3.8,2025,16.56
Gas,Spain,2019-01-01,2.8,2019,14.37
Gas,Spain,2019-02-01,2.1,2019,14.37
Gas,Spain,2019-03-01,2.0,2019,14.37
Gas,Spain,2019-04-01,0.2,2019,14.37
Gas,Spain,2019-05-01,0.4,2019,14.37
Gas,Spain,2019-06-01,0.1,2019,14.37
Gas,Spain,2019-07-01,-3.2,2019,14.37
Gas,Spain,2019-08-01,-4.1,2019,14.37
Gas,Spain,2019-09-01,-5.2,2019,14.37
Gas,Spain,2019-10-01,-11.3,2019,14.37
Gas,Spain,2019-11-01,-11.3,2019,14.37
Gas,Spain,2019-12-01,-11.4,2019,14.37
Gas,Spain,2020-01-01,-10.0,2020,14.79
Gas,Spain,2020-02-01,-8.8,2020,14.79
Gas,Spain,2020-03-01,-8.3,2020,14.79
Gas,Spain,2020-04-01,-3.5,2020,14.79
Gas,Spain,2020-05-01,-3.0,2020,14.79
Gas,Spain,2020-06-01,-2.2,2020,14.79
Gas,Spain,2020-07-01,-5.7,2020,14.79
Gas,Spain,2020-08-01,-6.2,2020,14.79
Gas,Spain,2020-09-01,-6.3,2020,14.79
Gas,Spain,2020-10-01,-9.1,2020,14.79
Gas,Spain,2020-11-01,-9.0,2020,14.79
Gas,Spain,2020-12-01,-9.0,2020,14.79
Gas,Spain,2021-01-01,-2.8,2021,14.24
Gas,Spain,2021-02-01,-3.0,2021,14.24
Gas,Spain,2021-03-01,-2.4,2021,14.24
Gas,Spain,2021-04-01,-1.8,2021,14.24
Gas,Spain,2021-05-01,-1.3,2021,14.24
Gas,Spain,2021-06-01,-0.6,2021,14.24
Gas,Spain,2021-07-01,6.4,2021,14.24
Gas,Spain,2021-08-01,8.2,2021,14.24
Gas,Spain,2021-09-01,9.4,2021,14.24
Gas,Spain,2021-10-01,16.5,2021,14.24
Gas,Spain,2021-11-01,16.6,2021,14.24
Gas,Spain,2021-12-01,16.6,2021,14.24
Gas,Spain,2022-01-01,17.3,2022,15.44
Gas,Spain,2022-02-01,17.3,2022,15.44
Gas,Spain,2022-03-01,17.3,2022,15.44
Gas,Spain,2022-04-01,23.0,2022,15.44
Gas,Spain,2022-05-01,23.0,2022,15.44
Gas,Spain,2022-06-01,22.9,2022,15.44
Gas,Spain,2022-07-01,25.8,2022,15.44
Gas,Spain,2022-08-01,24.8,2022,15.44
Gas,Spain,2022-09-01,24.3,2022,15.44
Gas,Spain,2022-10-01,13.3,2022,15.44
Gas,Spain,2022-11-01,11.8,2022,15.44
Gas,Spain,2022-12-01,10.4,2022,15.44
Gas,Spain,2023-01-01,10.7,2023,12.34
Gas,Spain,2023-02-01,10.0,2023,12.34
Gas,Spain,2023-03-01,7.2,2023,12.34
Gas,Spain,2023-04-01,-7.4,2023,12.34
Gas,Spain,2023-05-01,-8.5,2023,12.34
Gas,Spain,2023-06-01,-10.4,2023,12.34
Gas,Spain,2023-07-01,-16.1,2023,12.34
Gas,Spain,2023-08-01,-21.2,2023,12.34
Gas,Spain,2023-09-01,-23.3,2023,12.34
Gas,Spain,2023-10-01,-20.6,2023,12.34
Gas,Spain,2023-11-01,-20.4,2023,12.34
Gas,Spain,2023-12-01,-20.0,2023,12.34
Gas,Spain,2024-01-01,-18.7,2024,11.31
Gas,Spain,2024-02-01,-19.1,2024,11.31
Gas,Spain,2024-03-01,-17.9,2024,11.31
Gas,Spain,2024-04-01,-5.2,2024,11.31
Gas,Spain,2024-05-01,-4.9,2024,11.31
Gas,Spain,2024-06-01,-6.2,2024,11.31
Gas,Spain,2024-07-01,-6.4,2024,11.31
Gas,Spain,2024-08-01,-0.9,2024,11.31
Gas,Spain,2024-09-01,2.3,2024,11.31
Gas,Spain,2024-10-01,8.8,2024,11.31
Gas,Spain,2024-11-01,9.7,2024,11.31
Gas,Spain,2024-12-01,10.1,2024,11.31
Gas,Spain,2025-01-01,6.1,2025,10.22
Gas,Spain,2025-02-01,6.6,2025,10.22
Gas,Spain,2025-03-01,7.8,2025,10.22
Gas,Spain,2025-04-01,-1.5,2025,10.22
Gas,Spain,2025-05-01,-1.1,2025,10.22
Gas,Spain,2025-06-01,2.2,2025,10.22
Gas,Spain,2025-07-01,2.3,2025,10.22
Gas,Spain,2025-08-01,2.6,2025,10.22
Gas,Spain,2025-09-01,1.7,2025,10.22
Gas,Spain,2025-10-01,1.6,2025,10.22
Gas,Spain,2025-11-01,1.0,2025,10.22
Gas,Spain,2025-12-01,0.4,2025,10.22
Gas,France,2019-01-01,12.2,2019,15.47
Gas,France,2019-02-01,11.5,2019,15.47
Gas,France,2019-03-01,14.4,2019,15.47
Gas,France,2019-04-01,13.0,2019,15.47
Gas,France,2019-05-01,12.2,2019,15.47
Gas,France,2019-06-01,9.9,2019,15.47
Gas,France,2019-07-01,-1.8,2019,15.47
Gas,France,2019-08-01,-2.2,2019,15.47
Gas,France,2019-09-01,-3.4,2019,15.47
Gas,France,2019-10-01,-7.8,2019,15.47
Gas,France,2019-11-01,-10.2,2019,15.47
Gas,France,2019-12-01,-8.1,2019,15.47
Gas,France,2020-01-01,-7.0,2020,13.01
Gas,France,2020-02-01,-9.4,2020,13.01
Gas,France,2020-03-01,-12.1,2020,13.01
Gas,France,2020-04-01,-13.2,2020,13.01
Gas,France,2020-05-01,-13.6,2020,13.01
Gas,France,2020-06-01,-14.3,2020,13.01
Gas,France,2020-07-01,-10.7,2020,13.01
Gas,France,2020-08-01,-9.8,2020,13.01
Gas,France,2020-09-01,-9.0,2020,13.01
Gas,France,2020-10-01,-4.1,2020,13.01
Gas,France,2020-11-01,-4.9,2020,13.01
Gas,France,2020-12-01,-4.4,2020,13.01
Gas,France,2021-01-01,-3.3,2021,13.18
Gas,France,2021-02-01,1.0,2021,13.18
Gas,France,2021-03-01,8.0,2021,13.18
Gas,France,2021-04-01,8.5,2021,13.18
Gas,France,2021-05-01,10.2,2021,13.18
Gas,France,2021-06-01,14.7,2021,13.18
Gas,France,2021-07-01,24.1,2021,13.18
Gas,France,2021-08-01,27.2,2021,13.18
Gas,France,2021-09-01,33.8,2021,13.18
Gas,France,2021-10-01,43.9,2021,13.18
Gas,France,2021-11-01,45.2,2021,13.18
Gas,France,2021-12-01,45.4,2021,13.18
Gas,France,2022-01-01,45.4,2022,18.71
Gas,France,2022-02-01,42.3,2022,18.71
Gas,France,2022-03-01,37.1,2022,18.71
Gas,France,2022-04-01,48.4,2022,18.71
Gas,France,2022-05-01,49.2,2022,18.71
Gas,France,2022-06-01,44.4,2022,18.71
Gas,France,2022-07-01,38.6,2022,18.71
Gas,France,2022-08-01,34.6,2022,18.71
Gas,France,2022-09-01,28.2,2022,18.71
Gas,France,2022-10-01,31.7,2022,18.71
Gas,France,2022-11-01,30.0,2022,18.71
Gas,France,2022-12-01,27.3,2022,18.71
Gas,France,2023-01-01,35.4,2023,18.59
Gas,France,2023-02-01,33.5,2023,18.59
Gas,France,2023-03-01,33.0,2023,18.59
Gas,France,2023-04-01,21.4,2023,18.59
Gas,France,2023-05-01,20.4,2023,18.59
Gas,France,2023-06-01,20.7,2023,18.59
Gas,France,2023-07-01,4.8,2023,18.59
Gas,France,2023-08-01,7.7,2023,18.59
Gas,France,2023-09-01,7.5,2023,18.59
Gas,France,2023-10-01,-4.6,2023,18.59
Gas,France,2023-11-01,-2.8,2023,18.59
Gas,France,2023-12-01,1.2,2023,18.59
Gas,France,2024-01-01,-2.2,2024,12.36
Gas,France,2024-02-01,-6.6,2024,12.36
Gas,France,2024-03-01,-9.9,2024,12.36
Gas,France,2024-04-01,-11.8,2024,12.36
Gas,France,2024-05-01,-11.3,2024,12.36
Gas,France,2024-06-01,-9.3,2024,12.36
Gas,France,2024-07-01,10.7,2024,12.36
Gas,France,2024-08-01,9.1,2024,12.36
Gas,France,2024-09-01,8.0,2024,12.36
Gas,France,2024-10-01,10.1,2024,12.36
Gas,France,2024-11-01,6.8,2024,12.36
Gas,France,2024-12-01,5.1,2024,12.36
Gas,France,2025-01-01,3.6,2025,12.69
Gas,France,2025-02-01,10.7,2025,12.69
Gas,France,2025-03-01,17.0,2025,12.69
Gas,France,2025-04-01,25.8,2025,12.69
Gas,France,2025-05-01,19.9,2025,12.69
Gas,France,2025-06-01,15.2,2025,12.69
Gas,France,2025-07-01,5.4,2025,12.69
Gas,France,2025-08-01,6.0,2025,12.69
Gas,France,2025-09-01,5.9,2025,12.69
Gas,France,2025-10-01,1.2,2025,12.69
Gas,France,2025-11-01,1.8,2025,12.69
Gas,France,2025-12-01,-0.4,2025,12.69
Gas,Italy,2019-01-01,9.5,2019,26.63
Gas,Italy,2019-02-01,9.5,2019,26.63
Gas,Italy,2019-03-01,9.4,2019,26.63
Gas,Italy,2019-04-01,5.0,2019,26.63
Gas,Italy,2019-05-01,5.2,2019,26.63
Gas,Italy,2019-06-01,5.0,2019,26.63
Gas,Italy,2019-07-01,-7.5,2019,26.63
Gas,Italy,2019-08-01,-7.4,2019,26.63
Gas,Italy,2019-09-01,-7.7,2019,26.63
Gas,Italy,2019-10-01,-9.6,2019,26.63
Gas,Italy,2019-11-01,-9.6,2019,26.63
Gas,Italy,2019-12-01,-9.5,2019,26.63
Gas,Italy,2020-01-01,-10.6,2020,20.86
Gas,Italy,2020-02-01,-10.5,2020,20.86
Gas,Italy,2020-03-01,-10.5,2020,20.86
Gas,Italy,2020-04-01,-13.5,2020,20.86
Gas,Italy,2020-05-01,-13.5,2020,20.86
Gas,Italy,2020-06-01,-13.5,2020,20.86
Gas,Italy,2020-07-01,-13.2,2020,20.86
Gas,Italy,2020-08-01,-13.3,2020,20.86
Gas,Italy,2020-09-01,-13.2,2020,20.86
Gas,Italy,2020-10-01,-8.3,2020,20.86
Gas,Italy,2020-11-01,-7.9,2020,20.86
Gas,Italy,2020-12-01,-8.0,2020,20.86
Gas,Italy,2021-01-01,-4.3,2021,22.52
Gas,Italy,2021-02-01,-4.4,2021,22.52
Gas,Italy,2021-03-01,-4.3,2021,22.52
Gas,Italy,2021-04-01,11.8,2021,22.52
Gas,Italy,2021-05-01,11.9,2021,22.52
Gas,Italy,2021-06-01,12.1,2021,22.52
Gas,Italy,2021-07-01,34.0,2021,22.52
Gas,Italy,2021-08-01,34.0,2021,22.52
Gas,Italy,2021-09-01,34.2,2021,22.52
Gas,Italy,2021-10-01,38.8,2021,22.52
Gas,Italy,2021-11-01,37.9,2021,22.52
Gas,Italy,2021-12-01,38.1,2021,22.52
Gas,Italy,2022-01-01,59.0,2022,22.9
Gas,Italy,2022-02-01,64.4,2022,22.9
Gas,Italy,2022-03-01,68.5,2022,22.9
Gas,Italy,2022-04-01,58.1,2022,22.9
Gas,Italy,2022-05-01,62.3,2022,22.9
Gas,Italy,2022-06-01,63.2,2022,22.9
Gas,Italy,2022-07-01,40.7,2022,22.9
Gas,Italy,2022-08-01,59.1,2022,22.9
Gas,Italy,2022-09-01,60.3,2022,22.9
Gas,Italy,2022-10-01,90.7,2022,22.9
Gas,Italy,2022-11-01,96.5,2022,22.9
Gas,Italy,2022-12-01,94.0,2022,22.9
Gas,Italy,2023-01-01,47.1,2023,28.2
Gas,Italy,2023-02-01,22.1,2023,28.2
Gas,Italy,2023-03-01,3.6,2023,28.2
Gas,Italy,2023-04-01,18.1,2023,28.2
Gas,Italy,2023-05-01,18.3,2023,28.2
Gas,Italy,2023-06-01,5.8,2023,28.2
Gas,Italy,2023-07-01,4.2,2023,28.2
Gas,Italy,2023-08-01,-12.1,2023,28.2
Gas,Italy,2023-09-01,-12.2,2023,28.2
Gas,Italy,2023-10-01,-32.6,2023,28.2
Gas,Italy,2023-11-01,-36.0,2023,28.2
Gas,Italy,2023-12-01,-36.4,2023,28.2
Gas,Italy,2024-01-01,-25.7,2024,27.57
Gas,Italy,2024-02-01,-18.1,2024,27.57
Gas,Italy,2024-03-01,-9.1,2024,27.57
Gas,Italy,2024-04-01,-20.0,2024,27.57
Gas,Italy,2024-05-01,-21.9,2024,27.57
Gas,Italy,2024-06-01,-11.2,2024,27.57
Gas,Italy,2024-07-01,-7.3,2024,27.57
Gas,Italy,2024-08-01,-1.9,2024,27.57
Gas,Italy,2024-09-01,-2.2,2024,27.57
Gas,Italy,2024-10-01,-3.1,2024,27.57
Gas,Italy,2024-11-01,1.0,2024,27.57
Gas,Italy,2024-12-01,3.3,2024,27.57
Gas,Italy,2025-01-01,-2.0,2025,28.88
Gas,Italy,2025-02-01,3.5,2025,28.88
Gas,Italy,2025-03-01,10.4,2025,28.88
Gas,Italy,2025-04-01,4.2,2025,28.88
Gas,Italy,2025-05-01,1.1,2025,28.88
Gas,Italy,2025-06-01,-2.3,2025,28.88
Gas,Italy,2025-07-01,-1.6,2025,28.88
Gas,Italy,2025-08-01,-5.6,2025,28.88
Gas,Italy,2025-09-01,-5.6,2025,28.88
Gas,Italy,2025-10-01,-7.5,2025,28.88
Gas,Italy,2025-11-01,-9.9,2025,28.88
Gas,Italy,2025-12-01,-10.5,2025,28.88
Gas,Portugal,2019-01-01,1.1,2019,9.74
Gas,Portugal,2019-02-01,1.0,2019,9.74
Gas,Portugal,2019-03-01,1.6,2019,9.74
Gas,Portugal,2019-04-01,2.4,2019,9.74
Gas,Portugal,2019-05-01,2.1,2019,9.74
Gas,Portugal,2019-06-01,1.4,2019,9.74
Gas,Portugal,2019-07-01,-0.5,2019,9.74
Gas,Portugal,2019-08-01,-1.1,2019,9.74
Gas,Portugal,2019-09-01,-1.5,2019,9.74
Gas,Portugal,2019-10-01,-2.9,2019,9.74
Gas,Portugal,2019-11-01,-2.9,2019,9.74
Gas,Portugal,2019-12-01,-2.4,2019,9.74
Gas,Portugal,2020-01-01,-1.0,2020,8.71
Gas,Portugal,2020-02-01,-0.6,2020,8.71
Gas,Portugal,2020-03-01,-1.1,2020,8.71
Gas,Portugal,2020-04-01,-7.8,2020,8.71
Gas,Portugal,2020-05-01,-4.9,2020,8.71
Gas,Portugal,2020-06-01,-5.3,2020,8.71
Gas,Portugal,2020-07-01,-2.7,2020,8.71
Gas,Portugal,2020-08-01,-3.8,2020,8.71
Gas,Portugal,2020-09-01,-3.4,2020,8.71
Gas,Portugal,2020-10-01,-3.1,2020,8.71
Gas,Portugal,2020-11-01,-3.1,2020,8.71
Gas,Portugal,2020-12-01,-3.3,2020,8.71
Gas,Portugal,2021-01-01,-3.9,2021,10.2
Gas,Portugal,2021-02-01,-6.4,2021,10.2
Gas,Portugal,2021-03-01,-5.5,2021,10.2
Gas,Portugal,2021-04-01,1.8,2021,10.2
Gas,Portugal,2021-05-01,-0.6,2021,10.2
Gas,Portugal,2021-06-01,0.5,2021,10.2
Gas,Portugal,2021-07-01,0.6,2021,10.2
Gas,Portugal,2021-08-01,3.3,2021,10.2
Gas,Portugal,2021-09-01,3.8,2021,10.2
Gas,Portugal,2021-10-01,7.5,2021,10.2
Gas,Portugal,2021-11-01,8.9,2021,10.2
Gas,Portugal,2021-12-01,9.6,2021,10.2
Gas,Portugal,2022-01-01,11.6,2022,10.13
Gas,Portugal,2022-02-01,15.8,2022,10.13
Gas,Portugal,2022-03-01,16.9,2022,10.13
Gas,Portugal,2022-04-01,27.1,2022,10.13
Gas,Portugal,2022-05-01,41.1,2022,10.13
Gas,Portugal,2022-06-01,39.8,2022,10.13
Gas,Portugal,2022-07-01,36.1,2022,10.13
Gas,Portugal,2022-08-01,29.6,2022,10.13
Gas,Portugal,2022-09-01,26.1,2022,10.13
Gas,Portugal,2022-10-01,74.2,2022,10.13
Gas,Portugal,2022-11-01,72.6,2022,10.13
Gas,Portugal,2022-12-01,70.2,2022,10.13
Gas,Portugal,2023-01-01,56.9,2023,14.1
Gas,Portugal,2023-02-01,54.7,2023,14.1
Gas,Portugal,2023-03-01,51.2,2023,14.1
Gas,Portugal,2023-04-01,22.7,2023,14.1
Gas,Portugal,2023-05-01,8.5,2023,14.1
Gas,Portugal,2023-06-01,7.9,2023,14.1
Gas,Portugal,2023-07-01,7.8,2023,14.1
Gas,Portugal,2023-08-01,12.1,2023,14.1
Gas,Portugal,2023-09-01,15.7,2023,14.1
Gas,Portugal,2023-10-01,-22.8,2023,14.1
Gas,Portugal,2023-11-01,-23.5,2023,14.1
Gas,Portugal,2023-12-01,-23.0,2023,14.1
Gas,Portugal,2024-01-01,-18.8,2024,6.29
Gas,Portugal,2024-02-01,-18.6,2024,6.29
Gas,Portugal,2024-03-01,-18.1,2024,6.29
Gas,Portugal,2024-04-01,-11.7,2024,6.29
Gas,Portugal,2024-05-01,-10.9,2024,6.29
Gas,Portugal,2024-06-01,-10.0,2024,6.29
Gas,Portugal,2024-07-01,-8.2,2024,6.29
Gas,Portugal,2024-08-01,-8.2,2024,6.29
Gas,Portugal,2024-09-01,-8.6,2024,6.29
Gas,Portugal,2024-10-01,-2.9,2024,6.29
Gas,Portugal,2024-11-01,-2.3,2024,6.29
Gas,Portugal,2024-12-01,-1.6,2024,6.29
Gas,Portugal,2025-01-01,-0.6,2025,7.35
Gas,Portugal,2025-02-01,0.5,2025,7.35
Gas,Portugal,2025-03-01,0.2,2025,7.35
Gas,Portugal,2025-04-01,5.9,2025,7.35
Gas,Portugal,2025-05-01,4.6,2025,7.35
Gas,Portugal,2025-06-01,3.8,2025,7.35
Gas,Portugal,2025-07-01,3.6,2025,7.35
Gas,Portugal,2025-08-01,3.4,2025,7.35
Gas,Portugal,2025-09-01,2.6,2025,7.35
Gas,Portugal,2025-10-01,2.2,2025,7.35
Gas,Portugal,2025-11-01,1.4,2025,7.35
Gas,Portugal,2025-12-01,0.6,2025,7.35
Diesel,Germany,2019-01-01,3.1,2019,10.61
Diesel,Germany,2019-02-01,4.9,2019,10.61
Diesel,Germany,2019-03-01,7.5,2019,10.61
Diesel,Germany,2019-04-01,5.6,2019,10.61
Diesel,Germany,2019-05-01,2.9,2019,10.61
Diesel,Germany,2019-06-01,-2.0,2019,10.61
Diesel,Germany,2019-07-01,-1.9,2019,10.61
Diesel,Germany,2019-08-01,-4.0,2019,10.61
Diesel,Germany,2019-09-01,-6.2,2019,10.61
Diesel,Germany,2019-10-01,-7.7,2019,10.61
Diesel,Germany,2019-11-01,-12.4,2019,10.61
Diesel,Germany,2019-12-01,-5.6,2019,10.61
Diesel,Germany,2020-01-01,6.1,2020,9.33
Diesel,Germany,2020-02-01,-0.3,2020,9.33
Diesel,Germany,2020-03-01,-6.8,2020,9.33
Diesel,Germany,2020-04-01,-13.2,2020,9.33
Diesel,Germany,2020-05-01,-18.9,2020,9.33
Diesel,Germany,2020-06-01,-13.5,2020,9.33
Diesel,Germany,2020-07-01,-13.1,2020,9.33
Diesel,Germany,2020-08-01,-11.8,2020,9.33
Diesel,Germany,2020-09-01,-15.4,2020,9.33
Diesel,Germany,2020-10-01,-16.0,2020,9.33
Diesel,Germany,2020-11-01,-15.9,2020,9.33
Diesel,Germany,2020-12-01,-12.1,2020,9.33
Diesel,Germany,2021-01-01,-5.5,2021,8.23
Diesel,Germany,2021-02-01,2.6,2021,8.23
Diesel,Germany,2021-03-01,12.9,2021,8.23
Diesel,Germany,2021-04-01,19.5,2021,8.23
Diesel,Germany,2021-05-01,26.6,2021,8.23
Diesel,Germany,2021-06-01,25.2,2021,8.23
Diesel,Germany,2021-07-01,27.7,2021,8.23
Diesel,Germany,2021-08-01,27.7,2021,8.23
Diesel,Germany,2021-09-01,32.6,2021,8.23
Diesel,Germany,2021-10-01,43.8,2021,8.23
Diesel,Germany,2021-11-01,48.5,2021,8.23
Diesel,Germany,2021-12-01,38.4,2021,8.23
Diesel,Germany,2022-01-01,28.3,2022,10.35
Diesel,Germany,2022-02-01,29.4,2022,10.35
Diesel,Germany,2022-03-01,62.6,2022,10.35
Diesel,Germany,2022-04-01,51.9,2022,10.35
Diesel,Germany,2022-05-01,52.0,2022,10.35
Diesel,Germany,2022-06-01,47.4,2022,10.35
Diesel,Germany,2022-07-01,40.3,2022,10.35
Diesel,Germany,2022-08-01,36.1,2022,10.35
Diesel,Germany,2022-09-01,48.2,2022,10.35
Diesel,Germany,2022-10-01,37.7,2022,10.35
Diesel,Germany,2022-11-01,26.8,2022,10.35
Diesel,Germany,2022-12-01,18.0,2022,10.35
Diesel,Germany,2023-01-01,14.7,2023,9.68
Diesel,Germany,2023-02-01,6.5,2023,9.68
Diesel,Germany,2023-03-01,-19.9,2023,9.68
Diesel,Germany,2023-04-01,-15.4,2023,9.68
Diesel,Germany,2023-05-01,-21.3,2023,9.68
Diesel,Germany,2023-06-01,-21.1,2023,9.68
Diesel,Germany,2023-07-01,-16.6,2023,9.68
Diesel,Germany,2023-08-01,-7.6,2023,9.68
Diesel,Germany,2023-09-01,-12.5,2023,9.68
Diesel,Germany,2023-10-01,-13.6,2023,9.68
Diesel,Germany,2023-11-01,-11.9,2023,9.68
Diesel,Germany,2023-12-01,-6.2,2023,9.68
Diesel,Germany,2024-01-01,-6.7,2024,9.55
Diesel,Germany,2024-02-01,-0.5,2024,9.55
Diesel,Germany,2024-03-01,0.0,2024,9.55
Diesel,Germany,2024-04-01,2.9,2024,9.55
Diesel,Germany,2024-05-01,4.5,2024,9.55
Diesel,Germany,2024-06-01,3.6,2024,9.55
Diesel,Germany,2024-07-01,2.1,2024,9.55
Diesel,Germany,2024-08-01,-8.7,2024,9.55
Diesel,Germany,2024-09-01,-15.0,2024,9.55
Diesel,Germany,2024-10-01,-13.1,2024,9.55
Diesel,Germany,2024-11-01,-9.2,2024,9.55
Diesel,Germany,2024-12-01,-5.6,2024,9.55
Diesel,Germany,2025-01-01,-1.0,2025,8.54
Diesel,Germany,2025-02-01,-3.3,2025,8.54
Diesel,Germany,2025-03-01,-5.6,2025,8.54
Diesel,Germany,2025-04-01,-8.3,2025,8.54
Diesel,Germany,2025-05-01,-6.1,2025,8.54
Diesel,Germany,2025-06-01,-4.4,2025,8.54
Diesel,Germany,2025-07-01,-2.5,2025,8.54
Diesel,Germany,2025-08-01,-0.4,2025,8.54
Diesel,Germany,2025-09-01,2.5,2025,8.54
Diesel,Germany,2025-10-01,1.2,2025,8.54
Diesel,Germany,2025-11-01,2.9,2025,8.54
Diesel,Germany,2025-12-01,0.2,2025,8.54
Diesel,"Euro area (EA11-1999, EA12-2001, EA13-2007, EA15-2008, EA16-2009, EA17-2011, EA18-2014, EA19-2015, EA20-2023, EA21-2026)",2019-01-01,1.3,2019,18.73
Diesel,"Euro area (EA11-1999, EA12-2001, EA13-2007, EA15-2008, EA16-2009, EA17-2011, EA18-2014, EA19-2015, EA20-2023, EA21-2026)",2019-02-01,4.5,2019,18.73
Diesel,"Euro area (EA11-1999, EA12-2001, EA13-2007, EA15-2008, EA16-2009, EA17-2011, EA18-2014, EA19-2015, EA20-2023, EA21-2026)",2019-03-01,7.3,2019,18.73
Diesel,"Euro area (EA11-1999, EA12-2001, EA13-2007, EA15-2008, EA16-2009, EA17-2011, EA18-2014, EA19-2015, EA20-2023, EA21-2026)",2019-04-01,5.7,2019,18.73
Diesel,"Euro area (EA11-1999, EA12-2001, EA13-2007, EA15-2008, EA16-2009, EA17-2011, EA18-2014, EA19-2015, EA20-2023, EA21-2026)",2019-05-01,3.1,2019,18.73
Diesel,"Euro area (EA11-1999, EA12-2001, EA13-2007, EA15-2008, EA16-2009, EA17-2011, EA18-2014, EA19-2015, EA20-2023, EA21-2026)",2019-06-01,-1.9,2019,18.73
Diesel,"Euro area (EA11-1999, EA12-2001, EA13-2007, EA15-2008, EA16-2009, EA17-2011, EA18-2014, EA19-2015, EA20-2023, EA21-2026)",2019-07-01,-1.5,2019,18.73
Diesel,"Euro area (EA11-1999, EA12-2001, EA13-2007, EA15-2008, EA16-2009, EA17-2011, EA18-2014, EA19-2015, EA20-2023, EA21-2026)",2019-08-01,-2.4,2019,18.73
Diesel,"Euro area (EA11-1999, EA12-2001, EA13-2007, EA15-2008, EA16-2009, EA17-2011, EA18-2014, EA19-2015, EA20-2023, EA21-2026)",2019-09-01,-3.3,2019,18.73
Diesel,"Euro area (EA11-1999, EA12-2001, EA13-2007, EA15-2008, EA16-2009, EA17-2011, EA18-2014, EA19-2015, EA20-2023, EA21-2026)",2019-10-01,-5.2,2019,18.73
Diesel,"Euro area (EA11-1999, EA12-2001, EA13-2007, EA15-2008, EA16-2009, EA17-2011, EA18-2014, EA19-2015, EA20-2023, EA21-2026)",2019-11-01,-4.9,2019,18.73
Diesel,"Euro area (EA11-1999, EA12-2001, EA13-2007, EA15-2008, EA16-2009, EA17-2011, EA18-2014, EA19-2015, EA20-2023, EA21-2026)",2019-12-01,1.4,2019,18.73
Diesel,"Euro area (EA11-1999, EA12-2001, EA13-2007, EA15-2008, EA16-2009, EA17-2011, EA18-2014, EA19-2015, EA20-2023, EA21-2026)",2020-01-01,5.9,2020,19.12
Diesel,"Euro area (EA11-1999, EA12-2001, EA13-2007, EA15-2008, EA16-2009, EA17-2011, EA18-2014, EA19-2015, EA20-2023, EA21-2026)",2020-02-01,-0.4,2020,19.12
Diesel,"Euro area (EA11-1999, EA12-2001, EA13-2007, EA15-2008, EA16-2009, EA17-2011, EA18-2014, EA19-2015, EA20-2023, EA21-2026)",2020-03-01,-8.1,2020,19.12
Diesel,"Euro area (EA11-1999, EA12-2001, EA13-2007, EA15-2008, EA16-2009, EA17-2011, EA18-2014, EA19-2015, EA20-2023, EA21-2026)",2020-04-01,-14.9,2020,19.12
Diesel,"Euro area (EA11-1999, EA12-2001, EA13-2007, EA15-2008, EA16-2009, EA17-2011, EA18-2014, EA19-2015, EA20-2023, EA21-2026)",2020-05-01,-19.2,2020,19.12
Diesel,"Euro area (EA11-1999, EA12-2001, EA13-2007, EA15-2008, EA16-2009, EA17-2011, EA18-2014, EA19-2015, EA20-2023, EA21-2026)",2020-06-01,-14.4,2020,19.12
Diesel,"Euro area (EA11-1999, EA12-2001, EA13-2007, EA15-2008, EA16-2009, EA17-2011, EA18-2014, EA19-2015, EA20-2023, EA21-2026)",2020-07-01,-12.1,2020,19.12
Diesel,"Euro area (EA11-1999, EA12-2001, EA13-2007, EA15-2008, EA16-2009, EA17-2011, EA18-2014, EA19-2015, EA20-2023, EA21-2026)",2020-08-01,-11.5,2020,19.12
Diesel,"Euro area (EA11-1999, EA12-2001, EA13-2007, EA15-2008, EA16-2009, EA17-2011, EA18-2014, EA19-2015, EA20-2023, EA21-2026)",2020-09-01,-14.0,2020,19.12
Diesel,"Euro area (EA11-1999, EA12-2001, EA13-2007, EA15-2008, EA16-2009, EA17-2011, EA18-2014, EA19-2015, EA20-2023, EA21-2026)",2020-10-01,-15.1,2020,19.12
Diesel,"Euro area (EA11-1999, EA12-2001, EA13-2007, EA15-2008, EA16-2009, EA17-2011, EA18-2014, EA19-2015, EA20-2023, EA21-2026)",2020-11-01,-14.9,2020,19.12
Diesel,"Euro area (EA11-1999, EA12-2001, EA13-2007, EA15-2008, EA16-2009, EA17-2011, EA18-2014, EA19-2015, EA20-2023, EA21-2026)",2020-12-01,-12.6,2020,19.12
Diesel,"Euro area (EA11-1999, EA12-2001, EA13-2007, EA15-2008, EA16-2009, EA17-2011, EA18-2014, EA19-2015, EA20-2023, EA21-2026)",2021-01-01,-10.1,2021,15.41
Diesel,"Euro area (EA11-1999, EA12-2001, EA13-2007, EA15-2008, EA16-2009, EA17-2011, EA18-2014, EA19-2015, EA20-2023, EA21-2026)",2021-02-01,-3.7,2021,15.41
Diesel,"Euro area (EA11-1999, EA12-2001, EA13-2007, EA15-2008, EA16-2009, EA17-2011, EA18-2014, EA19-2015, EA20-2023, EA21-2026)",2021-03-01,6.4,2021,15.41
Diesel,"Euro area (EA11-1999, EA12-2001, EA13-2007, EA15-2008, EA16-2009, EA17-2011, EA18-2014, EA19-2015, EA20-2023, EA21-2026)",2021-04-01,13.8,2021,15.41
Diesel,"Euro area (EA11-1999, EA12-2001, EA13-2007, EA15-2008, EA16-2009, EA17-2011, EA18-2014, EA19-2015, EA20-2023, EA21-2026)",2021-05-01,20.0,2021,15.41
Diesel,"Euro area (EA11-1999, EA12-2001, EA13-2007, EA15-2008, EA16-2009, EA17-2011, EA18-2014, EA19-2015, EA20-2023, EA21-2026)",2021-06-01,19.1,2021,15.41
Diesel,"Euro area (EA11-1999, EA12-2001, EA13-2007, EA15-2008, EA16-2009, EA17-2011, EA18-2014, EA19-2015, EA20-2023, EA21-2026)",2021-07-01,18.9,2021,15.41
Diesel,"Euro area (EA11-1999, EA12-2001, EA13-2007, EA15-2008, EA16-2009, EA17-2011, EA18-2014, EA19-2015, EA20-2023, EA21-2026)",2021-08-01,19.0,2021,15.41
Diesel,"Euro area (EA11-1999, EA12-2001, EA13-2007, EA15-2008, EA16-2009, EA17-2011, EA18-2014, EA19-2015, EA20-2023, EA21-2026)",2021-09-01,22.4,2021,15.41
Diesel,"Euro area (EA11-1999, EA12-2001, EA13-2007, EA15-2008, EA16-2009, EA17-2011, EA18-2014, EA19-2015, EA20-2023, EA21-2026)",2021-10-01,30.7,2021,15.41
Diesel,"Euro area (EA11-1999, EA12-2001, EA13-2007, EA15-2008, EA16-2009, EA17-2011, EA18-2014, EA19-2015, EA20-2023, EA21-2026)",2021-11-01,33.7,2021,15.41
Diesel,"Euro area (EA11-1999, EA12-2001, EA13-2007, EA15-2008, EA16-2009, EA17-2011, EA18-2014, EA19-2015, EA20-2023, EA21-2026)",2021-12-01,26.4,2021,15.41
Diesel,"Euro area (EA11-1999, EA12-2001, EA13-2007, EA15-2008, EA16-2009, EA17-2011, EA18-2014, EA19-2015, EA20-2023, EA21-2026)",2022-01-01,25.0,2022,17.98
Diesel,"Euro area (EA11-1999, EA12-2001, EA13-2007, EA15-2008, EA16-2009, EA17-2011, EA18-2014, EA19-2015, EA20-2023, EA21-2026)",2022-02-01,27.3,2022,17.98
Diesel,"Euro area (EA11-1999, EA12-2001, EA13-2007, EA15-2008, EA16-2009, EA17-2011, EA18-2014, EA19-2015, EA20-2023, EA21-2026)",2022-03-01,45.7,2022,17.98
Diesel,"Euro area (EA11-1999, EA12-2001, EA13-2007, EA15-2008, EA16-2009, EA17-2011, EA18-2014, EA19-2015, EA20-2023, EA21-2026)",2022-04-01,36.6,2022,17.98
Diesel,"Euro area (EA11-1999, EA12-2001, EA13-2007, EA15-2008, EA16-2009, EA17-2011, EA18-2014, EA19-2015, EA20-2023, EA21-2026)",2022-05-01,37.5,2022,17.98
Diesel,"Euro area (EA11-1999, EA12-2001, EA13-2007, EA15-2008, EA16-2009, EA17-2011, EA18-2014, EA19-2015, EA20-2023, EA21-2026)",2022-06-01,44.1,2022,17.98
Diesel,"Euro area (EA11-1999, EA12-2001, EA13-2007, EA15-2008, EA16-2009, EA17-2011, EA18-2014, EA19-2015, EA20-2023, EA21-2026)",2022-07-01,37.8,2022,17.98
Diesel,"Euro area (EA11-1999, EA12-2001, EA13-2007, EA15-2008, EA16-2009, EA17-2011, EA18-2014, EA19-2015, EA20-2023, EA21-2026)",2022-08-01,29.0,2022,17.98
Diesel,"Euro area (EA11-1999, EA12-2001, EA13-2007, EA15-2008, EA16-2009, EA17-2011, EA18-2014, EA19-2015, EA20-2023, EA21-2026)",2022-09-01,28.7,2022,17.98
Diesel,"Euro area (EA11-1999, EA12-2001, EA13-2007, EA15-2008, EA16-2009, EA17-2011, EA18-2014, EA19-2015, EA20-2023, EA21-2026)",2022-10-01,25.9,2022,17.98
Diesel,"Euro area (EA11-1999, EA12-2001, EA13-2007, EA15-2008, EA16-2009, EA17-2011, EA18-2014, EA19-2015, EA20-2023, EA21-2026)",2022-11-01,20.7,2022,17.98
Diesel,"Euro area (EA11-1999, EA12-2001, EA13-2007, EA15-2008, EA16-2009, EA17-2011, EA18-2014, EA19-2015, EA20-2023, EA21-2026)",2022-12-01,12.9,2022,17.98
Diesel,"Euro area (EA11-1999, EA12-2001, EA13-2007, EA15-2008, EA16-2009, EA17-2011, EA18-2014, EA19-2015, EA20-2023, EA21-2026)",2023-01-01,14.2,2023,16.94
Diesel,"Euro area (EA11-1999, EA12-2001, EA13-2007, EA15-2008, EA16-2009, EA17-2011, EA18-2014, EA19-2015, EA20-2023, EA21-2026)",2023-02-01,6.1,2023,16.94
Diesel,"Euro area (EA11-1999, EA12-2001, EA13-2007, EA15-2008, EA16-2009, EA17-2011, EA18-2014, EA19-2015, EA20-2023, EA21-2026)",2023-03-01,-12.6,2023,16.94
Diesel,"Euro area (EA11-1999, EA12-2001, EA13-2007, EA15-2008, EA16-2009, EA17-2011, EA18-2014, EA19-2015, EA20-2023, EA21-2026)",2023-04-01,-8.5,2023,16.94
Diesel,"Euro area (EA11-1999, EA12-2001, EA13-2007, EA15-2008, EA16-2009, EA17-2011, EA18-2014, EA19-2015, EA20-2023, EA21-2026)",2023-05-01,-15.3,2023,16.94
Diesel,"Euro area (EA11-1999, EA12-2001, EA13-2007, EA15-2008, EA16-2009, EA17-2011, EA18-2014, EA19-2015, EA20-2023, EA21-2026)",2023-06-01,-20.2,2023,16.94
Diesel,"Euro area (EA11-1999, EA12-2001, EA13-2007, EA15-2008, EA16-2009, EA17-2011, EA18-2014, EA19-2015, EA20-2023, EA21-2026)",2023-07-01,-16.7,2023,16.94
Diesel,"Euro area (EA11-1999, EA12-2001, EA13-2007, EA15-2008, EA16-2009, EA17-2011, EA18-2014, EA19-2015, EA20-2023, EA21-2026)",2023-08-01,-4.0,2023,16.94
Diesel,"Euro area (EA11-1999, EA12-2001, EA13-2007, EA15-2008, EA16-2009, EA17-2011, EA18-2014, EA19-2015, EA20-2023, EA21-2026)",2023-09-01,-0.5,2023,16.94
Diesel,"Euro area (EA11-1999, EA12-2001, EA13-2007, EA15-2008, EA16-2009, EA17-2011, EA18-2014, EA19-2015, EA20-2023, EA21-2026)",2023-10-01,-4.2,2023,16.94
Diesel,"Euro area (EA11-1999, EA12-2001, EA13-2007, EA15-2008, EA16-2009, EA17-2011, EA18-2014, EA19-2015, EA20-2023, EA21-2026)",2023-11-01,-6.2,2023,16.94
Diesel,"Euro area (EA11-1999, EA12-2001, EA13-2007, EA15-2008, EA16-2009, EA17-2011, EA18-2014, EA19-2015, EA20-2023, EA21-2026)",2023-12-01,-1.7,2023,16.94
Diesel,"Euro area (EA11-1999, EA12-2001, EA13-2007, EA15-2008, EA16-2009, EA17-2011, EA18-2014, EA19-2015, EA20-2023, EA21-2026)",2024-01-01,-6.7,2024,17.72
Diesel,"Euro area (EA11-1999, EA12-2001, EA13-2007, EA15-2008, EA16-2009, EA17-2011, EA18-2014, EA19-2015, EA20-2023, EA21-2026)",2024-02-01,-0.7,2024,17.72
Diesel,"Euro area (EA11-1999, EA12-2001, EA13-2007, EA15-2008, EA16-2009, EA17-2011, EA18-2014, EA19-2015, EA20-2023, EA21-2026)",2024-03-01,0.7,2024,17.72
Diesel,"Euro area (EA11-1999, EA12-2001, EA13-2007, EA15-2008, EA16-2009, EA17-2011, EA18-2014, EA19-2015, EA20-2023, EA21-2026)",2024-04-01,2.8,2024,17.72
Diesel,"Euro area (EA11-1999, EA12-2001, EA13-2007, EA15-2008, EA16-2009, EA17-2011, EA18-2014, EA19-2015, EA20-2023, EA21-2026)",2024-05-01,5.1,2024,17.72
Diesel,"Euro area (EA11-1999, EA12-2001, EA13-2007, EA15-2008, EA16-2009, EA17-2011, EA18-2014, EA19-2015, EA20-2023, EA21-2026)",2024-06-01,2.8,2024,17.72
Diesel,"Euro area (EA11-1999, EA12-2001, EA13-2007, EA15-2008, EA16-2009, EA17-2011, EA18-2014, EA19-2015, EA20-2023, EA21-2026)",2024-07-01,2.3,2024,17.72
Diesel,"Euro area (EA11-1999, EA12-2001, EA13-2007, EA15-2008, EA16-2009, EA17-2011, EA18-2014, EA19-2015, EA20-2023, EA21-2026)",2024-08-01,-8.0,2024,17.72
Diesel,"Euro area (EA11-1999, EA12-2001, EA13-2007, EA15-2008, EA16-2009, EA17-2011, EA18-2014, EA19-2015, EA20-2023, EA21-2026)",2024-09-01,-14.9,2024,17.72
Diesel,"Euro area (EA11-1999, EA12-2001, EA13-2007, EA15-2008, EA16-2009, EA17-2011, EA18-2014, EA19-2015, EA20-2023, EA21-2026)",2024-10-01,-14.3,2024,17.72
Diesel,"Euro area (EA11-1999, EA12-2001, EA13-2007, EA15-2008, EA16-2009, EA17-2011, EA18-2014, EA19-2015, EA20-2023, EA21-2026)",2024-11-01,-9.9,2024,17.72
Diesel,"Euro area (EA11-1999, EA12-2001, EA13-2007, EA15-2008, EA16-2009, EA17-2011, EA18-2014, EA19-2015, EA20-2023, EA21-2026)",2024-12-01,-5.1,2024,17.72
Diesel,"Euro area (EA11-1999, EA12-2001, EA13-2007, EA15-2008, EA16-2009, EA17-2011, EA18-2014, EA19-2015, EA20-2023, EA21-2026)",2025-01-01,-1.1,2025,16.15
Diesel,"Euro area (EA11-1999, EA12-2001, EA13-2007, EA15-2008, EA16-2009, EA17-2011, EA18-2014, EA19-2015, EA20-2023, EA21-2026)",2025-02-01,-4.2,2025,16.15
Diesel,"Euro area (EA11-1999, EA12-2001, EA13-2007, EA15-2008, EA16-2009, EA17-2011, EA18-2014, EA19-2015, EA20-2023, EA21-2026)",2025-03-01,-6.3,2025,16.15
Diesel,"Euro area (EA11-1999, EA12-2001, EA13-2007, EA15-2008, EA16-2009, EA17-2011, EA18-2014, EA19-2015, EA20-2023, EA21-2026)",2025-04-01,-9.3,2025,16.15
Diesel,"Euro area (EA11-1999, EA12-2001, EA13-2007, EA15-2008, EA16-2009, EA17-2011, EA18-2014, EA19-2015, EA20-2023, EA21-2026)",2025-05-01,-8.3,2025,16.15
Diesel,"Euro area (EA11-1999, EA12-2001, EA13-2007, EA15-2008, EA16-2009, EA17-2011, EA18-2014, EA19-2015, EA20-2023, EA21-2026)",2025-06-01,-5.3,2025,16.15
Diesel,"Euro area (EA11-1999, EA12-2001, EA13-2007, EA15-2008, EA16-2009, EA17-2011, EA18-2014, EA19-2015, EA20-2023, EA21-2026)",2025-07-01,-3.8,2025,16.15
Diesel,"Euro area (EA11-1999, EA12-2001, EA13-2007, EA15-2008, EA16-2009, EA17-2011, EA18-2014, EA19-2015, EA20-2023, EA21-2026)",2025-08-01,-2.3,2025,16.15
Diesel,"Euro area (EA11-1999, EA12-2001, EA13-2007, EA15-2008, EA16-2009, EA17-2011, EA18-2014, EA19-2015, EA20-2023, EA21-2026)",2025-09-01,1.0,2025,16.15
Diesel,"Euro area (EA11-1999, EA12-2001, EA13-2007, EA15-2008, EA16-2009, EA17-2011, EA18-2014, EA19-2015, EA20-2023, EA21-2026)",2025-10-01,0.1,2025,16.15
Diesel,"Euro area (EA11-1999, EA12-2001, EA13-2007, EA15-2008, EA16-2009, EA17-2011, EA18-2014, EA19-2015, EA20-2023, EA21-2026)",2025-11-01,2.3,2025,16.15
Diesel,"Euro area (EA11-1999, EA12-2001, EA13-2007, EA15-2008, EA16-2009, EA17-2011, EA18-2014, EA19-2015, EA20-2023, EA21-2026)",2025-12-01,-1.1,2025,16.15
Diesel,Spain,2019-01-01,0.1,2019,34.63
Diesel,Spain,2019-02-01,6.1,2019,34.63
Diesel,Spain,2019-03-01,8.6,2019,34.63
Diesel,Spain,2019-04-01,6.8,2019,34.63
Diesel,Spain,2019-05-01,3.4,2019,34.63
Diesel,Spain,2019-06-01,-1.6,2019,34.63
Diesel,Spain,2019-07-01,-0.8,2019,34.63
Diesel,Spain,2019-08-01,-1.5,2019,34.63
Diesel,Spain,2019-09-01,-2.2,2019,34.63
Diesel,Spain,2019-10-01,-4.4,2019,34.63
Diesel,Spain,2019-11-01,-1.7,2019,34.63
Diesel,Spain,2019-12-01,6.9,2019,34.63
Diesel,Spain,2020-01-01,7.6,2020,35.1
Diesel,Spain,2020-02-01,0.5,2020,35.1
Diesel,Spain,2020-03-01,-9.3,2020,35.1
Diesel,Spain,2020-04-01,-18.2,2020,35.1
Diesel,Spain,2020-05-01,-20.3,2020,35.1
Diesel,Spain,2020-06-01,-14.2,2020,35.1
Diesel,Spain,2020-07-01,-11.7,2020,35.1
Diesel,Spain,2020-08-01,-11.2,2020,35.1
Diesel,Spain,2020-09-01,-13.9,2020,35.1
Diesel,Spain,2020-10-01,-14.6,2020,35.1
Diesel,Spain,2020-11-01,-14.7,2020,35.1
Diesel,Spain,2020-12-01,-12.4,2020,35.1
Diesel,Spain,2021-01-01,-11.4,2021,28.9
Diesel,Spain,2021-02-01,-5.4,2021,28.9
Diesel,Spain,2021-03-01,6.8,2021,28.9
Diesel,Spain,2021-04-01,16.5,2021,28.9
Diesel,Spain,2021-05-01,21.4,2021,28.9
Diesel,Spain,2021-06-01,20.4,2021,28.9
Diesel,Spain,2021-07-01,18.7,2021,28.9
Diesel,Spain,2021-08-01,18.5,2021,28.9
Diesel,Spain,2021-09-01,23.0,2021,28.9
Diesel,Spain,2021-10-01,30.5,2021,28.9
Diesel,Spain,2021-11-01,32.8,2021,28.9
Diesel,Spain,2021-12-01,24.6,2021,28.9
Diesel,Spain,2022-01-01,25.7,2022,30.8
Diesel,Spain,2022-02-01,28.4,2022,30.8
Diesel,Spain,2022-03-01,45.6,2022,30.8
Diesel,Spain,2022-04-01,32.1,2022,30.8
Diesel,Spain,2022-05-01,33.9,2022,30.8
Diesel,Spain,2022-06-01,42.7,2022,30.8
Diesel,Spain,2022-07-01,35.0,2022,30.8
Diesel,Spain,2022-08-01,26.4,2022,30.8
Diesel,Spain,2022-09-01,26.1,2022,30.8
Diesel,Spain,2022-10-01,24.3,2022,30.8
Diesel,Spain,2022-11-01,18.9,2022,30.8
Diesel,Spain,2022-12-01,7.0,2022,30.8
Diesel,Spain,2023-01-01,13.8,2023,26.5
Diesel,Spain,2023-02-01,2.7,2023,26.5
Diesel,Spain,2023-03-01,-15.2,2023,26.5
Diesel,Spain,2023-04-01,-7.0,2023,26.5
Diesel,Spain,2023-05-01,-15.5,2023,26.5
Diesel,Spain,2023-06-01,-21.6,2023,26.5
Diesel,Spain,2023-07-01,-16.4,2023,26.5
Diesel,Spain,2023-08-01,-2.9,2023,26.5
Diesel,Spain,2023-09-01,-0.3,2023,26.5
Diesel,Spain,2023-10-01,-3.9,2023,26.5
Diesel,Spain,2023-11-01,-5.7,2023,26.5
Diesel,Spain,2023-12-01,2.7,2023,26.5
Diesel,Spain,2024-01-01,-7.5,2024,25.21
Diesel,Spain,2024-02-01,0.6,2024,25.21
Diesel,Spain,2024-03-01,2.8,2024,25.21
Diesel,Spain,2024-04-01,4.4,2024,25.21
Diesel,Spain,2024-05-01,6.6,2024,25.21
Diesel,Spain,2024-06-01,3.2,2024,25.21
Diesel,Spain,2024-07-01,2.1,2024,25.21
Diesel,Spain,2024-08-01,-9.0,2024,25.21
Diesel,Spain,2024-09-01,-16.3,2024,25.21
Diesel,Spain,2024-10-01,-15.7,2024,25.21
Diesel,Spain,2024-11-01,-10.7,2024,25.21
Diesel,Spain,2024-12-01,-5.1,2024,25.21
Diesel,Spain,2025-01-01,-0.9,2025,24.36
Diesel,Spain,2025-02-01,-3.9,2025,24.36
Diesel,Spain,2025-03-01,-6.1,2025,24.36
Diesel,Spain,2025-04-01,-9.9,2025,24.36
Diesel,Spain,2025-05-01,-9.1,2025,24.36
Diesel,Spain,2025-06-01,-6.2,2025,24.36
Diesel,Spain,2025-07-01,-4.4,2025,24.36
Diesel,Spain,2025-08-01,-2.3,2025,24.36
Diesel,Spain,2025-09-01,1.7,2025,24.36
Diesel,Spain,2025-10-01,0.7,2025,24.36
Diesel,Spain,2025-11-01,2.3,2025,24.36
Diesel,Spain,2025-12-01,-1.1,2025,24.36
Diesel,France,2019-01-01,0.9,2019,24.12
Diesel,France,2019-02-01,4.1,2019,24.12
Diesel,France,2019-03-01,6.7,2019,24.12
Diesel,France,2019-04-01,5.0,2019,24.12
Diesel,France,2019-05-01,2.3,2019,24.12
Diesel,France,2019-06-01,-2.5,2019,24.12
Diesel,France,2019-07-01,-1.9,2019,24.12
Diesel,France,2019-08-01,-2.6,2019,24.12
Diesel,France,2019-09-01,-2.9,2019,24.12
Diesel,France,2019-10-01,-5.4,2019,24.12
Diesel,France,2019-11-01,-2.9,2019,24.12
Diesel,France,2019-12-01,2.7,2019,24.12
Diesel,France,2020-01-01,5.3,2020,23.52
Diesel,France,2020-02-01,-2.3,2020,23.52
Diesel,France,2020-03-01,-10.8,2020,23.52
Diesel,France,2020-04-01,-17.1,2020,23.52
Diesel,France,2020-05-01,-21.3,2020,23.52
Diesel,France,2020-06-01,-15.6,2020,23.52
Diesel,France,2020-07-01,-13.0,2020,23.52
Diesel,France,2020-08-01,-12.8,2020,23.52
Diesel,France,2020-09-01,-16.1,2020,23.52
Diesel,France,2020-10-01,-16.8,2020,23.52
Diesel,France,2020-11-01,-16.2,2020,23.52
Diesel,France,2020-12-01,-14.3,2020,23.52
Diesel,France,2021-01-01,-12.5,2021,17.73
Diesel,France,2021-02-01,-4.9,2021,17.73
Diesel,France,2021-03-01,5.3,2021,17.73
Diesel,France,2021-04-01,12.0,2021,17.73
Diesel,France,2021-05-01,18.0,2021,17.73
Diesel,France,2021-06-01,16.2,2021,17.73
Diesel,France,2021-07-01,15.6,2021,17.73
Diesel,France,2021-08-01,15.3,2021,17.73
Diesel,France,2021-09-01,19.3,2021,17.73
Diesel,France,2021-10-01,27.4,2021,17.73
Diesel,France,2021-11-01,27.9,2021,17.73
Diesel,France,2021-12-01,21.1,2021,17.73
Diesel,France,2022-01-01,23.8,2022,22.43
Diesel,France,2022-02-01,26.3,2022,22.43
Diesel,France,2022-03-01,43.5,2022,22.43
Diesel,France,2022-04-01,34.3,2022,22.43
Diesel,France,2022-05-01,35.2,2022,22.43
Diesel,France,2022-06-01,45.9,2022,22.43
Diesel,France,2022-07-01,37.6,2022,22.43
Diesel,France,2022-08-01,29.4,2022,22.43
Diesel,France,2022-09-01,19.1,2022,22.43
Diesel,France,2022-10-01,20.3,2022,22.43
Diesel,France,2022-11-01,19.3,2022,22.43
Diesel,France,2022-12-01,15.6,2022,22.43
Diesel,France,2023-01-01,17.5,2023,21.78
Diesel,France,2023-02-01,8.0,2023,21.78
Diesel,France,2023-03-01,-8.5,2023,21.78
Diesel,France,2023-04-01,-3.6,2023,21.78
Diesel,France,2023-05-01,-11.3,2023,21.78
Diesel,France,2023-06-01,-18.7,2023,21.78
Diesel,France,2023-07-01,-14.8,2023,21.78
Diesel,France,2023-08-01,-1.8,2023,21.78
Diesel,France,2023-09-01,10.0,2023,21.78
Diesel,France,2023-10-01,1.6,2023,21.78
Diesel,France,2023-11-01,-2.5,2023,21.78
Diesel,France,2023-12-01,-1.1,2023,21.78
Diesel,France,2024-01-01,-8.7,2024,26.5
Diesel,France,2024-02-01,-2.0,2024,26.5
Diesel,France,2024-03-01,-2.3,2024,26.5
Diesel,France,2024-04-01,-0.8,2024,26.5
Diesel,France,2024-05-01,2.5,2024,26.5
Diesel,France,2024-06-01,0.6,2024,26.5
Diesel,France,2024-07-01,0.8,2024,26.5
Diesel,France,2024-08-01,-9.6,2024,26.5
Diesel,France,2024-09-01,-16.2,2024,26.5
Diesel,France,2024-10-01,-14.8,2024,26.5
Diesel,France,2024-11-01,-10.7,2024,26.5
Diesel,France,2024-12-01,-6.3,2024,26.5
Diesel,France,2025-01-01,-2.0,2025,21.31
Diesel,France,2025-02-01,-5.9,2025,21.31
Diesel,France,2025-03-01,-7.8,2025,21.31
Diesel,France,2025-04-01,-10.9,2025,21.31
Diesel,France,2025-05-01,-9.6,2025,21.31
Diesel,France,2025-06-01,-6.1,2025,21.31
Diesel,France,2025-07-01,-4.6,2025,21.31
Diesel,France,2025-08-01,-2.9,2025,21.31
Diesel,France,2025-09-01,0.7,2025,21.31
Diesel,France,2025-10-01,-0.6,2025,21.31
Diesel,France,2025-11-01,2.5,2025,21.31
Diesel,France,2025-12-01,-2.9,2025,21.31
Diesel,Italy,2019-01-01,0.6,2019,19.38
Diesel,Italy,2019-02-01,1.7,2019,19.38
Diesel,Italy,2019-03-01,5.3,2019,19.38
Diesel,Italy,2019-04-01,4.4,2019,19.38
Diesel,Italy,2019-05-01,2.9,2019,19.38
Diesel,Italy,2019-06-01,-1.3,2019,19.38
Diesel,Italy,2019-07-01,-1.4,2019,19.38
Diesel,Italy,2019-08-01,-1.8,2019,19.38
Diesel,Italy,2019-09-01,-3.5,2019,19.38
Diesel,Italy,2019-10-01,-3.9,2019,19.38
Diesel,Italy,2019-11-01,-4.7,2019,19.38
Diesel,Italy,2019-12-01,0.3,2019,19.38
Diesel,Italy,2020-01-01,3.9,2020,23.69
Diesel,Italy,2020-02-01,0.6,2020,23.69
Diesel,Italy,2020-03-01,-4.9,2020,23.69
Diesel,Italy,2020-04-01,-10.6,2020,23.69
Diesel,Italy,2020-05-01,-16.2,2020,23.69
Diesel,Italy,2020-06-01,-14.9,2020,23.69
Diesel,Italy,2020-07-01,-12.1,2020,23.69
Diesel,Italy,2020-08-01,-11.7,2020,23.69
Diesel,Italy,2020-09-01,-11.7,2020,23.69
Diesel,Italy,2020-10-01,-13.9,2020,23.69
Diesel,Italy,2020-11-01,-13.9,2020,23.69
Diesel,Italy,2020-12-01,-11.8,2020,23.69
Diesel,Italy,2021-01-01,-9.5,2021,19.37
Diesel,Italy,2021-02-01,-5.6,2021,19.37
Diesel,Italy,2021-03-01,1.7,2021,19.37
Diesel,Italy,2021-04-01,8.2,2021,19.37
Diesel,Italy,2021-05-01,15.1,2021,19.37
Diesel,Italy,2021-06-01,15.6,2021,19.37
Diesel,Italy,2021-07-01,16.3,2021,19.37
Diesel,Italy,2021-08-01,17.0,2021,19.37
Diesel,Italy,2021-09-01,17.8,2021,19.37
Diesel,Italy,2021-10-01,23.6,2021,19.37
Diesel,Italy,2021-11-01,27.9,2021,19.37
Diesel,Italy,2021-12-01,23.0,2021,19.37
Diesel,Italy,2022-01-01,20.0,2022,20.38
Diesel,Italy,2022-02-01,24.0,2022,20.38
Diesel,Italy,2022-03-01,34.5,2022,20.38
Diesel,Italy,2022-04-01,23.1,2022,20.38
Diesel,Italy,2022-05-01,25.1,2022,20.38
Diesel,Italy,2022-06-01,32.4,2022,20.38
Diesel,Italy,2022-07-01,30.8,2022,20.38
Diesel,Italy,2022-08-01,18.2,2022,20.38
Diesel,Italy,2022-09-01,19.9,2022,20.38
Diesel,Italy,2022-10-01,16.7,2022,20.38
Diesel,Italy,2022-11-01,13.4,2022,20.38
Diesel,Italy,2022-12-01,9.5,2022,20.38
Diesel,Italy,2023-01-01,13.9,2023,19.19
Diesel,Italy,2023-02-01,8.8,2023,19.19
Diesel,Italy,2023-03-01,-6.9,2023,19.19
Diesel,Italy,2023-04-01,-1.8,2023,19.19
Diesel,Italy,2023-05-01,-8.7,2023,19.19
Diesel,Italy,2023-06-01,-14.4,2023,19.19
Diesel,Italy,2023-07-01,-14.7,2023,19.19
Diesel,Italy,2023-08-01,0.6,2023,19.19
Diesel,Italy,2023-09-01,3.4,2023,19.19
Diesel,Italy,2023-10-01,3.3,2023,19.19
Diesel,Italy,2023-11-01,-1.3,2023,19.19
Diesel,Italy,2023-12-01,-0.5,2023,19.19
Diesel,Italy,2024-01-01,-6.0,2024,21.88
Diesel,Italy,2024-02-01,-2.8,2024,21.88
Diesel,Italy,2024-03-01,-0.1,2024,21.88
Diesel,Italy,2024-04-01,2.4,2024,21.88
Diesel,Italy,2024-05-01,4.9,2024,21.88
Diesel,Italy,2024-06-01,2.3,2024,21.88
Diesel,Italy,2024-07-01,3.1,2024,21.88
Diesel,Italy,2024-08-01,-5.8,2024,21.88
Diesel,Italy,2024-09-01,-12.6,2024,21.88
Diesel,Italy,2024-10-01,-14.0,2024,21.88
Diesel,Italy,2024-11-01,-9.6,2024,21.88
Diesel,Italy,2024-12-01,-5.2,2024,21.88
Diesel,Italy,2025-01-01,-1.8,2025,22.12
Diesel,Italy,2025-02-01,-4.4,2025,22.12
Diesel,Italy,2025-03-01,-6.0,2025,22.12
Diesel,Italy,2025-04-01,-8.9,2025,22.12
Diesel,Italy,2025-05-01,-9.0,2025,22.12
Diesel,Italy,2025-06-01,-5.2,2025,22.12
Diesel,Italy,2025-07-01,-4.2,2025,22.12
Diesel,Italy,2025-08-01,-3.5,2025,22.12
Diesel,Italy,2025-09-01,-0.4,2025,22.12
Diesel,Italy,2025-10-01,0.0,2025,22.12
Diesel,Italy,2025-11-01,2.0,2025,22.12
Diesel,Italy,2025-12-01,1.1,2025,22.12
Diesel,Portugal,2019-01-01,0.7,2019,20.48
Diesel,Portugal,2019-02-01,5.4,2019,20.48
Diesel,Portugal,2019-03-01,9.1,2019,20.48
Diesel,Portugal,2019-04-01,6.4,2019,20.48
Diesel,Portugal,2019-05-01,3.5,2019,20.48
Diesel,Portugal,2019-06-01,-1.7,2019,20.48
Diesel,Portugal,2019-07-01,-0.6,2019,20.48
Diesel,Portugal,2019-08-01,-1.3,2019,20.48
Diesel,Portugal,2019-09-01,-1.4,2019,20.48
Diesel,Portugal,2019-10-01,-3.4,2019,20.48
Diesel,Portugal,2019-11-01,-2.0,2019,20.48
Diesel,Portugal,2019-12-01,4.8,2019,20.48
Diesel,Portugal,2020-01-01,7.4,2020,23.96
Diesel,Portugal,2020-02-01,1.3,2020,23.96
Diesel,Portugal,2020-03-01,-6.9,2020,23.96
Diesel,Portugal,2020-04-01,-13.0,2020,23.96
Diesel,Portugal,2020-05-01,-17.9,2020,23.96
Diesel,Portugal,2020-06-01,-11.4,2020,23.96
Diesel,Portugal,2020-07-01,-8.7,2020,23.96
Diesel,Portugal,2020-08-01,-7.8,2020,23.96
Diesel,Portugal,2020-09-01,-10.4,2020,23.96
Diesel,Portugal,2020-10-01,-11.9,2020,23.96
Diesel,Portugal,2020-11-01,-11.5,2020,23.96
Diesel,Portugal,2020-12-01,-8.9,2020,23.96
Diesel,Portugal,2021-01-01,-7.2,2021,21.44
Diesel,Portugal,2021-02-01,-3.6,2021,21.44
Diesel,Portugal,2021-03-01,6.0,2021,21.44
Diesel,Portugal,2021-04-01,13.2,2021,21.44
Diesel,Portugal,2021-05-01,21.0,2021,21.44
Diesel,Portugal,2021-06-01,19.5,2021,21.44
Diesel,Portugal,2021-07-01,18.1,2021,21.44
Diesel,Portugal,2021-08-01,16.6,2021,21.44
Diesel,Portugal,2021-09-01,20.1,2021,21.44
Diesel,Portugal,2021-10-01,26.1,2021,21.44
Diesel,Portugal,2021-11-01,27.0,2021,21.44
Diesel,Portugal,2021-12-01,20.0,2021,21.44
Diesel,Portugal,2022-01-01,18.5,2022,24.52
Diesel,Portugal,2022-02-01,24.2,2022,24.52
Diesel,Portugal,2022-03-01,36.0,2022,24.52
Diesel,Portugal,2022-04-01,39.8,2022,24.52
Diesel,Portugal,2022-05-01,30.0,2022,24.52
Diesel,Portugal,2022-06-01,38.6,2022,24.52
Diesel,Portugal,2022-07-01,32.1,2022,24.52
Diesel,Portugal,2022-08-01,22.8,2022,24.52
Diesel,Portugal,2022-09-01,22.5,2022,24.52
Diesel,Portugal,2022-10-01,23.0,2022,24.52
Diesel,Portugal,2022-11-01,16.6,2022,24.52
Diesel,Portugal,2022-12-01,6.8,2022,24.52
Diesel,Portugal,2023-01-01,4.0,2023,21.15
Diesel,Portugal,2023-02-01,-5.0,2023,21.15
Diesel,Portugal,2023-03-01,-17.4,2023,21.15
Diesel,Portugal,2023-04-01,-21.8,2023,21.15
Diesel,Portugal,2023-05-01,-20.8,2023,21.15
Diesel,Portugal,2023-06-01,-25.5,2023,21.15
Diesel,Portugal,2023-07-01,-20.8,2023,21.15
Diesel,Portugal,2023-08-01,-5.2,2023,21.15
Diesel,Portugal,2023-09-01,-2.2,2023,21.15
Diesel,Portugal,2023-10-01,-7.7,2023,21.15
Diesel,Portugal,2023-11-01,-7.8,2023,21.15
Diesel,Portugal,2023-12-01,-1.9,2023,21.15
Diesel,Portugal,2024-01-01,-3.5,2024,17.1
Diesel,Portugal,2024-02-01,4.8,2024,17.1
Diesel,Portugal,2024-03-01,5.5,2024,17.1
Diesel,Portugal,2024-04-01,8.7,2024,17.1
Diesel,Portugal,2024-05-01,9.0,2024,17.1
Diesel,Portugal,2024-06-01,5.2,2024,17.1
Diesel,Portugal,2024-07-01,3.6,2024,17.1
Diesel,Portugal,2024-08-01,-9.0,2024,17.1
Diesel,Portugal,2024-09-01,-13.0,2024,17.1
Diesel,Portugal,2024-10-01,-10.1,2024,17.1
Diesel,Portugal,2024-11-01,-5.0,2024,17.1
Diesel,Portugal,2024-12-01,0.8,2024,17.1
Diesel,Portugal,2025-01-01,5.1,2025,20.48
Diesel,Portugal,2025-02-01,0.7,2025,20.48
Diesel,Portugal,2025-03-01,-1.1,2025,20.48
Diesel,Portugal,2025-04-01,-4.0,2025,20.48
Diesel,Portugal,2025-05-01,-3.0,2025,20.48
Diesel,Portugal,2025-06-01,-0.5,2025,20.48
Diesel,Portugal,2025-07-01,0.4,2025,20.48
Diesel,Portugal,2025-08-01,1.6,2025,20.48
Diesel,Portugal,2025-09-01,1.8,2025,20.48
Diesel,Portugal,2025-10-01,-1.0,2025,20.48
Diesel,Portugal,2025-11-01,1.8,2025,20.48
Diesel,Portugal,2025-12-01,-2.4,2025,20.48
Petrol,Germany,2019-01-01,-0.8,2019,29.28
Petrol,Germany,2019-02-01,-1.8,2019,29.28
Petrol,Germany,2019-03-01,2.2,2019,29.28
Petrol,Germany,2019-04-01,5.2,2019,29.28
Petrol,Germany,2019-05-01,5.2,2019,29.28
Petrol,Germany,2019-06-01,2.3,2019,29.28
Petrol,Germany,2019-07-01,0.9,2019,29.28
Petrol,Germany,2019-08-01,-3.3,2019,29.28
Petrol,Germany,2019-09-01,-7.0,2019,29.28
Petrol,Germany,2019-10-01,-7.5,2019,29.28
Petrol,Germany,2019-11-01,-9.6,2019,29.28
Petrol,Germany,2019-12-01,-4.2,2019,29.28
Petrol,Germany,2020-01-01,5.0,2020,27.29
Petrol,Germany,2020-02-01,4.4,2020,27.29
Petrol,Germany,2020-03-01,-1.8,2020,27.29
Petrol,Germany,2020-04-01,-16.5,2020,27.29
Petrol,Germany,2020-05-01,-21.7,2020,27.29
Petrol,Germany,2020-06-01,-15.9,2020,27.29
Petrol,Germany,2020-07-01,-13.0,2020,27.29
Petrol,Germany,2020-08-01,-11.3,2020,27.29
Petrol,Germany,2020-09-01,-10.1,2020,27.29
Petrol,Germany,2020-10-01,-8.9,2020,27.29
Petrol,Germany,2020-11-01,-12.2,2020,27.29
Petrol,Germany,2020-12-01,-10.0,2020,27.29
Petrol,Germany,2021-01-01,-2.0,2021,24.3
Petrol,Germany,2021-02-01,2.3,2021,24.3
Petrol,Germany,2021-03-01,12.6,2021,24.3
Petrol,Germany,2021-04-01,24.8,2021,24.3
Petrol,Germany,2021-05-01,28.2,2021,24.3
Petrol,Germany,2021-06-01,22.9,2021,24.3
Petrol,Germany,2021-07-01,23.8,2021,24.3
Petrol,Germany,2021-08-01,26.4,2021,24.3
Petrol,Germany,2021-09-01,27.0,2021,24.3
Petrol,Germany,2021-10-01,32.1,2021,24.3
Petrol,Germany,2021-11-01,41.2,2021,24.3
Petrol,Germany,2021-12-01,31.8,2021,24.3
Petrol,Germany,2022-01-01,23.2,2022,29.56
Petrol,Germany,2022-02-01,24.1,2022,29.56
Petrol,Germany,2022-03-01,42.1,2022,29.56
Petrol,Germany,2022-04-01,33.1,2022,29.56
Petrol,Germany,2022-05-01,36.5,2022,29.56
Petrol,Germany,2022-06-01,27.7,2022,29.56
Petrol,Germany,2022-07-01,16.5,2022,29.56
Petrol,Germany,2022-08-01,9.0,2022,29.56
Petrol,Germany,2022-09-01,23.8,2022,29.56
Petrol,Germany,2022-10-01,16.2,2022,29.56
Petrol,Germany,2022-11-01,9.7,2022,29.56
Petrol,Germany,2022-12-01,5.0,2022,29.56
Petrol,Germany,2023-01-01,4.3,2023,31.79
Petrol,Germany,2023-02-01,1.9,2023,31.79
Petrol,Germany,2023-03-01,-15.3,2023,31.79
Petrol,Germany,2023-04-01,-7.5,2023,31.79
Petrol,Germany,2023-05-01,-12.1,2023,31.79
Petrol,Germany,2023-06-01,-6.9,2023,31.79
Petrol,Germany,2023-07-01,-0.9,2023,31.79
Petrol,Germany,2023-08-01,7.9,2023,31.79
Petrol,Germany,2023-09-01,-3.7,2023,31.79
Petrol,Germany,2023-10-01,-5.6,2023,31.79
Petrol,Germany,2023-11-01,-5.1,2023,31.79
Petrol,Germany,2023-12-01,0.8,2023,31.79
Petrol,Germany,2024-01-01,-0.4,2024,32.89
Petrol,Germany,2024-02-01,-0.4,2024,32.89
Petrol,Germany,2024-03-01,0.5,2024,32.89
Petrol,Germany,2024-04-01,1.9,2024,32.89
Petrol,Germany,2024-05-01,1.7,2024,32.89
Petrol,Germany,2024-06-01,-1.7,2024,32.89
Petrol,Germany,2024-07-01,-1.1,2024,32.89
Petrol,Germany,2024-08-01,-6.5,2024,32.89
Petrol,Germany,2024-09-01,-12.0,2024,32.89
Petrol,Germany,2024-10-01,-7.7,2024,32.89
Petrol,Germany,2024-11-01,-5.9,2024,32.89
Petrol,Germany,2024-12-01,-2.7,2024,32.89
Petrol,Germany,2025-01-01,0.2,2025,28.36
Petrol,Germany,2025-02-01,0.2,2025,28.36
Petrol,Germany,2025-03-01,-4.3,2025,28.36
Petrol,Germany,2025-04-01,-8.5,2025,28.36
Petrol,Germany,2025-05-01,-7.2,2025,28.36
Petrol,Germany,2025-06-01,-4.7,2025,28.36
Petrol,Germany,2025-07-01,-5.3,2025,28.36
Petrol,Germany,2025-08-01,-3.2,2025,28.36
Petrol,Germany,2025-09-01,0.7,2025,28.36
Petrol,Germany,2025-10-01,0.1,2025,28.36
Petrol,Germany,2025-11-01,1.3,2025,28.36
Petrol,Germany,2025-12-01,-1.0,2025,28.36
Petrol,"Euro area (EA11-1999, EA12-2001, EA13-2007, EA15-2008, EA16-2009, EA17-2011, EA18-2014, EA19-2015, EA20-2023, EA21-2026)",2019-01-01,-2.4,2019,22.49
Petrol,"Euro area (EA11-1999, EA12-2001, EA13-2007, EA15-2008, EA16-2009, EA17-2011, EA18-2014, EA19-2015, EA20-2023, EA21-2026)",2019-02-01,-1.4,2019,22.49
Petrol,"Euro area (EA11-1999, EA12-2001, EA13-2007, EA15-2008, EA16-2009, EA17-2011, EA18-2014, EA19-2015, EA20-2023, EA21-2026)",2019-03-01,2.4,2019,22.49
Petrol,"Euro area (EA11-1999, EA12-2001, EA13-2007, EA15-2008, EA16-2009, EA17-2011, EA18-2014, EA19-2015, EA20-2023, EA21-2026)",2019-04-01,4.7,2019,22.49
Petrol,"Euro area (EA11-1999, EA12-2001, EA13-2007, EA15-2008, EA16-2009, EA17-2011, EA18-2014, EA19-2015, EA20-2023, EA21-2026)",2019-05-01,3.8,2019,22.49
Petrol,"Euro area (EA11-1999, EA12-2001, EA13-2007, EA15-2008, EA16-2009, EA17-2011, EA18-2014, EA19-2015, EA20-2023, EA21-2026)",2019-06-01,0.1,2019,22.49
Petrol,"Euro area (EA11-1999, EA12-2001, EA13-2007, EA15-2008, EA16-2009, EA17-2011, EA18-2014, EA19-2015, EA20-2023, EA21-2026)",2019-07-01,-0.2,2019,22.49
Petrol,"Euro area (EA11-1999, EA12-2001, EA13-2007, EA15-2008, EA16-2009, EA17-2011, EA18-2014, EA19-2015, EA20-2023, EA21-2026)",2019-08-01,-2.3,2019,22.49
Petrol,"Euro area (EA11-1999, EA12-2001, EA13-2007, EA15-2008, EA16-2009, EA17-2011, EA18-2014, EA19-2015, EA20-2023, EA21-2026)",2019-09-01,-4.4,2019,22.49
Petrol,"Euro area (EA11-1999, EA12-2001, EA13-2007, EA15-2008, EA16-2009, EA17-2011, EA18-2014, EA19-2015, EA20-2023, EA21-2026)",2019-10-01,-4.9,2019,22.49
Petrol,"Euro area (EA11-1999, EA12-2001, EA13-2007, EA15-2008, EA16-2009, EA17-2011, EA18-2014, EA19-2015, EA20-2023, EA21-2026)",2019-11-01,-3.7,2019,22.49
Petrol,"Euro area (EA11-1999, EA12-2001, EA13-2007, EA15-2008, EA16-2009, EA17-2011, EA18-2014, EA19-2015, EA20-2023, EA21-2026)",2019-12-01,2.3,2019,22.49
Petrol,"Euro area (EA11-1999, EA12-2001, EA13-2007, EA15-2008, EA16-2009, EA17-2011, EA18-2014, EA19-2015, EA20-2023, EA21-2026)",2020-01-01,7.2,2020,22.98
Petrol,"Euro area (EA11-1999, EA12-2001, EA13-2007, EA15-2008, EA16-2009, EA17-2011, EA18-2014, EA19-2015, EA20-2023, EA21-2026)",2020-02-01,4.5,2020,22.98
Petrol,"Euro area (EA11-1999, EA12-2001, EA13-2007, EA15-2008, EA16-2009, EA17-2011, EA18-2014, EA19-2015, EA20-2023, EA21-2026)",2020-03-01,-3.1,2020,22.98
Petrol,"Euro area (EA11-1999, EA12-2001, EA13-2007, EA15-2008, EA16-2009, EA17-2011, EA18-2014, EA19-2015, EA20-2023, EA21-2026)",2020-04-01,-15.4,2020,22.98
Petrol,"Euro area (EA11-1999, EA12-2001, EA13-2007, EA15-2008, EA16-2009, EA17-2011, EA18-2014, EA19-2015, EA20-2023, EA21-2026)",2020-05-01,-19.4,2020,22.98
Petrol,"Euro area (EA11-1999, EA12-2001, EA13-2007, EA15-2008, EA16-2009, EA17-2011, EA18-2014, EA19-2015, EA20-2023, EA21-2026)",2020-06-01,-14.1,2020,22.98
Petrol,"Euro area (EA11-1999, EA12-2001, EA13-2007, EA15-2008, EA16-2009, EA17-2011, EA18-2014, EA19-2015, EA20-2023, EA21-2026)",2020-07-01,-11.5,2020,22.98
Petrol,"Euro area (EA11-1999, EA12-2001, EA13-2007, EA15-2008, EA16-2009, EA17-2011, EA18-2014, EA19-2015, EA20-2023, EA21-2026)",2020-08-01,-10.5,2020,22.98
Petrol,"Euro area (EA11-1999, EA12-2001, EA13-2007, EA15-2008, EA16-2009, EA17-2011, EA18-2014, EA19-2015, EA20-2023, EA21-2026)",2020-09-01,-9.7,2020,22.98
Petrol,"Euro area (EA11-1999, EA12-2001, EA13-2007, EA15-2008, EA16-2009, EA17-2011, EA18-2014, EA19-2015, EA20-2023, EA21-2026)",2020-10-01,-9.5,2020,22.98
Petrol,"Euro area (EA11-1999, EA12-2001, EA13-2007, EA15-2008, EA16-2009, EA17-2011, EA18-2014, EA19-2015, EA20-2023, EA21-2026)",2020-11-01,-11.2,2020,22.98
Petrol,"Euro area (EA11-1999, EA12-2001, EA13-2007, EA15-2008, EA16-2009, EA17-2011, EA18-2014, EA19-2015, EA20-2023, EA21-2026)",2020-12-01,-9.6,2020,22.98
Petrol,"Euro area (EA11-1999, EA12-2001, EA13-2007, EA15-2008, EA16-2009, EA17-2011, EA18-2014, EA19-2015, EA20-2023, EA21-2026)",2021-01-01,-5.6,2021,19.99
Petrol,"Euro area (EA11-1999, EA12-2001, EA13-2007, EA15-2008, EA16-2009, EA17-2011, EA18-2014, EA19-2015, EA20-2023, EA21-2026)",2021-02-01,-1.0,2021,19.99
Petrol,"Euro area (EA11-1999, EA12-2001, EA13-2007, EA15-2008, EA16-2009, EA17-2011, EA18-2014, EA19-2015, EA20-2023, EA21-2026)",2021-03-01,9.1,2021,19.99
Petrol,"Euro area (EA11-1999, EA12-2001, EA13-2007, EA15-2008, EA16-2009, EA17-2011, EA18-2014, EA19-2015, EA20-2023, EA21-2026)",2021-04-01,19.8,2021,19.99
Petrol,"Euro area (EA11-1999, EA12-2001, EA13-2007, EA15-2008, EA16-2009, EA17-2011, EA18-2014, EA19-2015, EA20-2023, EA21-2026)",2021-05-01,23.6,2021,19.99
Petrol,"Euro area (EA11-1999, EA12-2001, EA13-2007, EA15-2008, EA16-2009, EA17-2011, EA18-2014, EA19-2015, EA20-2023, EA21-2026)",2021-06-01,19.9,2021,19.99
Petrol,"Euro area (EA11-1999, EA12-2001, EA13-2007, EA15-2008, EA16-2009, EA17-2011, EA18-2014, EA19-2015, EA20-2023, EA21-2026)",2021-07-01,20.1,2021,19.99
Petrol,"Euro area (EA11-1999, EA12-2001, EA13-2007, EA15-2008, EA16-2009, EA17-2011, EA18-2014, EA19-2015, EA20-2023, EA21-2026)",2021-08-01,21.5,2021,19.99
Petrol,"Euro area (EA11-1999, EA12-2001, EA13-2007, EA15-2008, EA16-2009, EA17-2011, EA18-2014, EA19-2015, EA20-2023, EA21-2026)",2021-09-01,22.1,2021,19.99
Petrol,"Euro area (EA11-1999, EA12-2001, EA13-2007, EA15-2008, EA16-2009, EA17-2011, EA18-2014, EA19-2015, EA20-2023, EA21-2026)",2021-10-01,27.0,2021,19.99
Petrol,"Euro area (EA11-1999, EA12-2001, EA13-2007, EA15-2008, EA16-2009, EA17-2011, EA18-2014, EA19-2015, EA20-2023, EA21-2026)",2021-11-01,32.7,2021,19.99
Petrol,"Euro area (EA11-1999, EA12-2001, EA13-2007, EA15-2008, EA16-2009, EA17-2011, EA18-2014, EA19-2015, EA20-2023, EA21-2026)",2021-12-01,26.1,2021,19.99
Petrol,"Euro area (EA11-1999, EA12-2001, EA13-2007, EA15-2008, EA16-2009, EA17-2011, EA18-2014, EA19-2015, EA20-2023, EA21-2026)",2022-01-01,22.5,2022,24.49
Petrol,"Euro area (EA11-1999, EA12-2001, EA13-2007, EA15-2008, EA16-2009, EA17-2011, EA18-2014, EA19-2015, EA20-2023, EA21-2026)",2022-02-01,23.8,2022,24.49
Petrol,"Euro area (EA11-1999, EA12-2001, EA13-2007, EA15-2008, EA16-2009, EA17-2011, EA18-2014, EA19-2015, EA20-2023, EA21-2026)",2022-03-01,34.7,2022,24.49
Petrol,"Euro area (EA11-1999, EA12-2001, EA13-2007, EA15-2008, EA16-2009, EA17-2011, EA18-2014, EA19-2015, EA20-2023, EA21-2026)",2022-04-01,24.2,2022,24.49
Petrol,"Euro area (EA11-1999, EA12-2001, EA13-2007, EA15-2008, EA16-2009, EA17-2011, EA18-2014, EA19-2015, EA20-2023, EA21-2026)",2022-05-01,28.6,2022,24.49
Petrol,"Euro area (EA11-1999, EA12-2001, EA13-2007, EA15-2008, EA16-2009, EA17-2011, EA18-2014, EA19-2015, EA20-2023, EA21-2026)",2022-06-01,32.8,2022,24.49
Petrol,"Euro area (EA11-1999, EA12-2001, EA13-2007, EA15-2008, EA16-2009, EA17-2011, EA18-2014, EA19-2015, EA20-2023, EA21-2026)",2022-07-01,23.2,2022,24.49
Petrol,"Euro area (EA11-1999, EA12-2001, EA13-2007, EA15-2008, EA16-2009, EA17-2011, EA18-2014, EA19-2015, EA20-2023, EA21-2026)",2022-08-01,12.4,2022,24.49
Petrol,"Euro area (EA11-1999, EA12-2001, EA13-2007, EA15-2008, EA16-2009, EA17-2011, EA18-2014, EA19-2015, EA20-2023, EA21-2026)",2022-09-01,12.0,2022,24.49
Petrol,"Euro area (EA11-1999, EA12-2001, EA13-2007, EA15-2008, EA16-2009, EA17-2011, EA18-2014, EA19-2015, EA20-2023, EA21-2026)",2022-10-01,8.2,2022,24.49
Petrol,"Euro area (EA11-1999, EA12-2001, EA13-2007, EA15-2008, EA16-2009, EA17-2011, EA18-2014, EA19-2015, EA20-2023, EA21-2026)",2022-11-01,4.9,2022,24.49
Petrol,"Euro area (EA11-1999, EA12-2001, EA13-2007, EA15-2008, EA16-2009, EA17-2011, EA18-2014, EA19-2015, EA20-2023, EA21-2026)",2022-12-01,0.8,2022,24.49
Petrol,"Euro area (EA11-1999, EA12-2001, EA13-2007, EA15-2008, EA16-2009, EA17-2011, EA18-2014, EA19-2015, EA20-2023, EA21-2026)",2023-01-01,3.1,2023,23.48
Petrol,"Euro area (EA11-1999, EA12-2001, EA13-2007, EA15-2008, EA16-2009, EA17-2011, EA18-2014, EA19-2015, EA20-2023, EA21-2026)",2023-02-01,0.7,2023,23.48
Petrol,"Euro area (EA11-1999, EA12-2001, EA13-2007, EA15-2008, EA16-2009, EA17-2011, EA18-2014, EA19-2015, EA20-2023, EA21-2026)",2023-03-01,-11.5,2023,23.48
Petrol,"Euro area (EA11-1999, EA12-2001, EA13-2007, EA15-2008, EA16-2009, EA17-2011, EA18-2014, EA19-2015, EA20-2023, EA21-2026)",2023-04-01,-2.7,2023,23.48
Petrol,"Euro area (EA11-1999, EA12-2001, EA13-2007, EA15-2008, EA16-2009, EA17-2011, EA18-2014, EA19-2015, EA20-2023, EA21-2026)",2023-05-01,-9.5,2023,23.48
Petrol,"Euro area (EA11-1999, EA12-2001, EA13-2007, EA15-2008, EA16-2009, EA17-2011, EA18-2014, EA19-2015, EA20-2023, EA21-2026)",2023-06-01,-12.8,2023,23.48
Petrol,"Euro area (EA11-1999, EA12-2001, EA13-2007, EA15-2008, EA16-2009, EA17-2011, EA18-2014, EA19-2015, EA20-2023, EA21-2026)",2023-07-01,-7.7,2023,23.48
Petrol,"Euro area (EA11-1999, EA12-2001, EA13-2007, EA15-2008, EA16-2009, EA17-2011, EA18-2014, EA19-2015, EA20-2023, EA21-2026)",2023-08-01,4.5,2023,23.48
Petrol,"Euro area (EA11-1999, EA12-2001, EA13-2007, EA15-2008, EA16-2009, EA17-2011, EA18-2014, EA19-2015, EA20-2023, EA21-2026)",2023-09-01,6.4,2023,23.48
Petrol,"Euro area (EA11-1999, EA12-2001, EA13-2007, EA15-2008, EA16-2009, EA17-2011, EA18-2014, EA19-2015, EA20-2023, EA21-2026)",2023-10-01,2.3,2023,23.48
Petrol,"Euro area (EA11-1999, EA12-2001, EA13-2007, EA15-2008, EA16-2009, EA17-2011, EA18-2014, EA19-2015, EA20-2023, EA21-2026)",2023-11-01,-0.3,2023,23.48
Petrol,"Euro area (EA11-1999, EA12-2001, EA13-2007, EA15-2008, EA16-2009, EA17-2011, EA18-2014, EA19-2015, EA20-2023, EA21-2026)",2023-12-01,3.5,2023,23.48
Petrol,"Euro area (EA11-1999, EA12-2001, EA13-2007, EA15-2008, EA16-2009, EA17-2011, EA18-2014, EA19-2015, EA20-2023, EA21-2026)",2024-01-01,-1.0,2024,24.37
Petrol,"Euro area (EA11-1999, EA12-2001, EA13-2007, EA15-2008, EA16-2009, EA17-2011, EA18-2014, EA19-2015, EA20-2023, EA21-2026)",2024-02-01,-0.1,2024,24.37
Petrol,"Euro area (EA11-1999, EA12-2001, EA13-2007, EA15-2008, EA16-2009, EA17-2011, EA18-2014, EA19-2015, EA20-2023, EA21-2026)",2024-03-01,1.4,2024,24.37
Petrol,"Euro area (EA11-1999, EA12-2001, EA13-2007, EA15-2008, EA16-2009, EA17-2011, EA18-2014, EA19-2015, EA20-2023, EA21-2026)",2024-04-01,2.6,2024,24.37
Petrol,"Euro area (EA11-1999, EA12-2001, EA13-2007, EA15-2008, EA16-2009, EA17-2011, EA18-2014, EA19-2015, EA20-2023, EA21-2026)",2024-05-01,3.8,2024,24.37
Petrol,"Euro area (EA11-1999, EA12-2001, EA13-2007, EA15-2008, EA16-2009, EA17-2011, EA18-2014, EA19-2015, EA20-2023, EA21-2026)",2024-06-01,0.4,2024,24.37
Petrol,"Euro area (EA11-1999, EA12-2001, EA13-2007, EA15-2008, EA16-2009, EA17-2011, EA18-2014, EA19-2015, EA20-2023, EA21-2026)",2024-07-01,0.0,2024,24.37
Petrol,"Euro area (EA11-1999, EA12-2001, EA13-2007, EA15-2008, EA16-2009, EA17-2011, EA18-2014, EA19-2015, EA20-2023, EA21-2026)",2024-08-01,-6.2,2024,24.37
Petrol,"Euro area (EA11-1999, EA12-2001, EA13-2007, EA15-2008, EA16-2009, EA17-2011, EA18-2014, EA19-2015, EA20-2023, EA21-2026)",2024-09-01,-11.8,2024,24.37
Petrol,"Euro area (EA11-1999, EA12-2001, EA13-2007, EA15-2008, EA16-2009, EA17-2011, EA18-2014, EA19-2015, EA20-2023, EA21-2026)",2024-10-01,-8.2,2024,24.37
Petrol,"Euro area (EA11-1999, EA12-2001, EA13-2007, EA15-2008, EA16-2009, EA17-2011, EA18-2014, EA19-2015, EA20-2023, EA21-2026)",2024-11-01,-5.2,2024,24.37
Petrol,"Euro area (EA11-1999, EA12-2001, EA13-2007, EA15-2008, EA16-2009, EA17-2011, EA18-2014, EA19-2015, EA20-2023, EA21-2026)",2024-12-01,-1.7,2024,24.37
Petrol,"Euro area (EA11-1999, EA12-2001, EA13-2007, EA15-2008, EA16-2009, EA17-2011, EA18-2014, EA19-2015, EA20-2023, EA21-2026)",2025-01-01,0.9,2025,23.11
Petrol,"Euro area (EA11-1999, EA12-2001, EA13-2007, EA15-2008, EA16-2009, EA17-2011, EA18-2014, EA19-2015, EA20-2023, EA21-2026)",2025-02-01,-0.7,2025,23.11
Petrol,"Euro area (EA11-1999, EA12-2001, EA13-2007, EA15-2008, EA16-2009, EA17-2011, EA18-2014, EA19-2015, EA20-2023, EA21-2026)",2025-03-01,-5.1,2025,23.11
Petrol,"Euro area (EA11-1999, EA12-2001, EA13-2007, EA15-2008, EA16-2009, EA17-2011, EA18-2014, EA19-2015, EA20-2023, EA21-2026)",2025-04-01,-9.3,2025,23.11
Petrol,"Euro area (EA11-1999, EA12-2001, EA13-2007, EA15-2008, EA16-2009, EA17-2011, EA18-2014, EA19-2015, EA20-2023, EA21-2026)",2025-05-01,-9.2,2025,23.11
Petrol,"Euro area (EA11-1999, EA12-2001, EA13-2007, EA15-2008, EA16-2009, EA17-2011, EA18-2014, EA19-2015, EA20-2023, EA21-2026)",2025-06-01,-6.2,2025,23.11
Petrol,"Euro area (EA11-1999, EA12-2001, EA13-2007, EA15-2008, EA16-2009, EA17-2011, EA18-2014, EA19-2015, EA20-2023, EA21-2026)",2025-07-01,-6.3,2025,23.11
Petrol,"Euro area (EA11-1999, EA12-2001, EA13-2007, EA15-2008, EA16-2009, EA17-2011, EA18-2014, EA19-2015, EA20-2023, EA21-2026)",2025-08-01,-4.5,2025,23.11
Petrol,"Euro area (EA11-1999, EA12-2001, EA13-2007, EA15-2008, EA16-2009, EA17-2011, EA18-2014, EA19-2015, EA20-2023, EA21-2026)",2025-09-01,-0.3,2025,23.11
Petrol,"Euro area (EA11-1999, EA12-2001, EA13-2007, EA15-2008, EA16-2009, EA17-2011, EA18-2014, EA19-2015, EA20-2023, EA21-2026)",2025-10-01,-1.0,2025,23.11
Petrol,"Euro area (EA11-1999, EA12-2001, EA13-2007, EA15-2008, EA16-2009, EA17-2011, EA18-2014, EA19-2015, EA20-2023, EA21-2026)",2025-11-01,-0.2,2025,23.11
Petrol,"Euro area (EA11-1999, EA12-2001, EA13-2007, EA15-2008, EA16-2009, EA17-2011, EA18-2014, EA19-2015, EA20-2023, EA21-2026)",2025-12-01,-2.1,2025,23.11
Petrol,Spain,2019-01-01,-3.0,2019,26.92
Petrol,Spain,2019-02-01,1.4,2019,26.92
Petrol,Spain,2019-03-01,4.5,2019,26.92
Petrol,Spain,2019-04-01,5.9,2019,26.92
Petrol,Spain,2019-05-01,3.5,2019,26.92
Petrol,Spain,2019-06-01,-0.7,2019,26.92
Petrol,Spain,2019-07-01,0.5,2019,26.92
Petrol,Spain,2019-08-01,-0.4,2019,26.92
Petrol,Spain,2019-09-01,-1.5,2019,26.92
Petrol,Spain,2019-10-01,-2.7,2019,26.92
Petrol,Spain,2019-11-01,0.6,2019,26.92
Petrol,Spain,2019-12-01,8.9,2019,26.92
Petrol,Spain,2020-01-01,9.5,2020,27.06
Petrol,Spain,2020-02-01,4.8,2020,27.06
Petrol,Spain,2020-03-01,-4.9,2020,27.06
Petrol,Spain,2020-04-01,-17.2,2020,27.06
Petrol,Spain,2020-05-01,-19.3,2020,27.06
Petrol,Spain,2020-06-01,-13.1,2020,27.06
Petrol,Spain,2020-07-01,-11.0,2020,27.06
Petrol,Spain,2020-08-01,-10.6,2020,27.06
Petrol,Spain,2020-09-01,-10.1,2020,27.06
Petrol,Spain,2020-10-01,-10.1,2020,27.06
Petrol,Spain,2020-11-01,-10.2,2020,27.06
Petrol,Spain,2020-12-01,-8.3,2020,27.06
Petrol,Spain,2021-01-01,-7.2,2021,22.69
Petrol,Spain,2021-02-01,-2.8,2021,22.69
Petrol,Spain,2021-03-01,8.9,2021,22.69
Petrol,Spain,2021-04-01,20.2,2021,22.69
Petrol,Spain,2021-05-01,24.2,2021,22.69
Petrol,Spain,2021-06-01,21.4,2021,22.69
Petrol,Spain,2021-07-01,20.1,2021,22.69
Petrol,Spain,2021-08-01,20.9,2021,22.69
Petrol,Spain,2021-09-01,22.1,2021,22.69
Petrol,Spain,2021-10-01,26.5,2021,22.69
Petrol,Spain,2021-11-01,29.4,2021,22.69
Petrol,Spain,2021-12-01,23.0,2021,22.69
Petrol,Spain,2022-01-01,23.1,2022,24.56
Petrol,Spain,2022-02-01,25.1,2022,24.56
Petrol,Spain,2022-03-01,33.6,2022,24.56
Petrol,Spain,2022-04-01,16.3,2022,24.56
Petrol,Spain,2022-05-01,23.5,2022,24.56
Petrol,Spain,2022-06-01,34.4,2022,24.56
Petrol,Spain,2022-07-01,23.9,2022,24.56
Petrol,Spain,2022-08-01,9.6,2022,24.56
Petrol,Spain,2022-09-01,2.0,2022,24.56
Petrol,Spain,2022-10-01,1.1,2022,24.56
Petrol,Spain,2022-11-01,0.4,2022,24.56
Petrol,Spain,2022-12-01,-7.7,2022,24.56
Petrol,Spain,2023-01-01,1.3,2023,21.12
Petrol,Spain,2023-02-01,-3.0,2023,21.12
Petrol,Spain,2023-03-01,-12.6,2023,21.12
Petrol,Spain,2023-04-01,3.2,2023,21.12
Petrol,Spain,2023-05-01,-8.4,2023,21.12
Petrol,Spain,2023-06-01,-16.7,2023,21.12
Petrol,Spain,2023-07-01,-10.1,2023,21.12
Petrol,Spain,2023-08-01,6.7,2023,21.12
Petrol,Spain,2023-09-01,15.8,2023,21.12
Petrol,Spain,2023-10-01,8.6,2023,21.12
Petrol,Spain,2023-11-01,2.7,2023,21.12
Petrol,Spain,2023-12-01,10.3,2023,21.12
Petrol,Spain,2024-01-01,-1.7,2024,22.59
Petrol,Spain,2024-02-01,1.3,2024,22.59
Petrol,Spain,2024-03-01,3.7,2024,22.59
Petrol,Spain,2024-04-01,3.5,2024,22.59
Petrol,Spain,2024-05-01,6.1,2024,22.59
Petrol,Spain,2024-06-01,2.6,2024,22.59
Petrol,Spain,2024-07-01,0.7,2024,22.59
Petrol,Spain,2024-08-01,-7.3,2024,22.59
Petrol,Spain,2024-09-01,-13.5,2024,22.59
Petrol,Spain,2024-10-01,-9.5,2024,22.59
Petrol,Spain,2024-11-01,-5.2,2024,22.59
Petrol,Spain,2024-12-01,-1.2,2024,22.59
Petrol,Spain,2025-01-01,1.3,2025,22.83
Petrol,Spain,2025-02-01,-1.5,2025,22.83
Petrol,Spain,2025-03-01,-6.9,2025,22.83
Petrol,Spain,2025-04-01,-11.7,2025,22.83
Petrol,Spain,2025-05-01,-12.5,2025,22.83
Petrol,Spain,2025-06-01,-9.2,2025,22.83
Petrol,Spain,2025-07-01,-7.8,2025,22.83
Petrol,Spain,2025-08-01,-5.9,2025,22.83
Petrol,Spain,2025-09-01,-1.3,2025,22.83
Petrol,Spain,2025-10-01,-2.1,2025,22.83
Petrol,Spain,2025-11-01,-1.4,2025,22.83
Petrol,Spain,2025-12-01,-3.5,2025,22.83
Petrol,France,2019-01-01,-3.2,2019,14.26
Petrol,France,2019-02-01,-1.4,2019,14.26
Petrol,France,2019-03-01,1.8,2019,14.26
Petrol,France,2019-04-01,4.7,2019,14.26
Petrol,France,2019-05-01,3.3,2019,14.26
Petrol,France,2019-06-01,-1.1,2019,14.26
Petrol,France,2019-07-01,-1.1,2019,14.26
Petrol,France,2019-08-01,-2.7,2019,14.26
Petrol,France,2019-09-01,-3.6,2019,14.26
Petrol,France,2019-10-01,-4.0,2019,14.26
Petrol,France,2019-11-01,1.6,2019,14.26
Petrol,France,2019-12-01,6.5,2019,14.26
Petrol,France,2020-01-01,8.2,2020,16.19
Petrol,France,2020-02-01,3.4,2020,16.19
Petrol,France,2020-03-01,-5.7,2020,16.19
Petrol,France,2020-04-01,-17.7,2020,16.19
Petrol,France,2020-05-01,-20.9,2020,16.19
Petrol,France,2020-06-01,-14.3,2020,16.19
Petrol,France,2020-07-01,-11.3,2020,16.19
Petrol,France,2020-08-01,-11.1,2020,16.19
Petrol,France,2020-09-01,-10.9,2020,16.19
Petrol,France,2020-10-01,-10.7,2020,16.19
Petrol,France,2020-11-01,-11.8,2020,16.19
Petrol,France,2020-12-01,-11.1,2020,16.19
Petrol,France,2021-01-01,-8.9,2021,12.99
Petrol,France,2021-02-01,-3.2,2021,12.99
Petrol,France,2021-03-01,7.3,2021,12.99
Petrol,France,2021-04-01,18.3,2021,12.99
Petrol,France,2021-05-01,21.7,2021,12.99
Petrol,France,2021-06-01,16.8,2021,12.99
Petrol,France,2021-07-01,16.6,2021,12.99
Petrol,France,2021-08-01,17.9,2021,12.99
Petrol,France,2021-09-01,18.3,2021,12.99
Petrol,France,2021-10-01,22.2,2021,12.99
Petrol,France,2021-11-01,24.4,2021,12.99
Petrol,France,2021-12-01,19.6,2021,12.99
Petrol,France,2022-01-01,20.7,2022,17.34
Petrol,France,2022-02-01,22.4,2022,17.34
Petrol,France,2022-03-01,30.5,2022,17.34
Petrol,France,2022-04-01,17.4,2022,17.34
Petrol,France,2022-05-01,24.1,2022,17.34
Petrol,France,2022-06-01,35.9,2022,17.34
Petrol,France,2022-07-01,25.5,2022,17.34
Petrol,France,2022-08-01,13.4,2022,17.34
Petrol,France,2022-09-01,-2.3,2022,17.34
Petrol,France,2022-10-01,0.3,2022,17.34
Petrol,France,2022-11-01,2.6,2022,17.34
Petrol,France,2022-12-01,3.0,2022,17.34
Petrol,France,2023-01-01,9.3,2023,16.86
Petrol,France,2023-02-01,6.4,2023,16.86
Petrol,France,2023-03-01,-3.5,2023,16.86
Petrol,France,2023-04-01,7.9,2023,16.86
Petrol,France,2023-05-01,-2.4,2023,16.86
Petrol,France,2023-06-01,-11.3,2023,16.86
Petrol,France,2023-07-01,-7.2,2023,16.86
Petrol,France,2023-08-01,6.9,2023,16.86
Petrol,France,2023-09-01,25.8,2023,16.86
Petrol,France,2023-10-01,13.6,2023,16.86
Petrol,France,2023-11-01,7.5,2023,16.86
Petrol,France,2023-12-01,6.8,2023,16.86
Petrol,France,2024-01-01,-3.6,2024,17.55
Petrol,France,2024-02-01,-3.1,2024,17.55
Petrol,France,2024-03-01,-2.0,2024,17.55
Petrol,France,2024-04-01,-0.9,2024,17.55
Petrol,France,2024-05-01,1.8,2024,17.55
Petrol,France,2024-06-01,-1.3,2024,17.55
Petrol,France,2024-07-01,-0.4,2024,17.55
Petrol,France,2024-08-01,-6.9,2024,17.55
Petrol,France,2024-09-01,-12.0,2024,17.55
Petrol,France,2024-10-01,-7.5,2024,17.55
Petrol,France,2024-11-01,-5.6,2024,17.55
Petrol,France,2024-12-01,-2.9,2024,17.55
Petrol,France,2025-01-01,-0.3,2025,17.89
Petrol,France,2025-02-01,-2.8,2025,17.89
Petrol,France,2025-03-01,-7.1,2025,17.89
Petrol,France,2025-04-01,-10.8,2025,17.89
Petrol,France,2025-05-01,-10.6,2025,17.89
Petrol,France,2025-06-01,-6.9,2025,17.89
Petrol,France,2025-07-01,-7.3,2025,17.89
Petrol,France,2025-08-01,-5.1,2025,17.89
Petrol,France,2025-09-01,-0.4,2025,17.89
Petrol,France,2025-10-01,-1.9,2025,17.89
Petrol,France,2025-11-01,-0.9,2025,17.89
Petrol,France,2025-12-01,-3.3,2025,17.89
Petrol,Italy,2019-01-01,-3.9,2019,16.47
Petrol,Italy,2019-02-01,-3.1,2019,16.47
Petrol,Italy,2019-03-01,0.3,2019,16.47
Petrol,Italy,2019-04-01,1.7,2019,16.47
Petrol,Italy,2019-05-01,1.5,2019,16.47
Petrol,Italy,2019-06-01,-2.0,2019,16.47
Petrol,Italy,2019-07-01,-2.1,2019,16.47
Petrol,Italy,2019-08-01,-2.3,2019,16.47
Petrol,Italy,2019-09-01,-4.1,2019,16.47
Petrol,Italy,2019-10-01,-4.0,2019,16.47
Petrol,Italy,2019-11-01,-3.2,2019,16.47
Petrol,Italy,2019-12-01,3.2,2019,16.47
Petrol,Italy,2020-01-01,6.7,2020,19.22
Petrol,Italy,2020-02-01,3.8,2020,19.22
Petrol,Italy,2020-03-01,-1.4,2020,19.22
Petrol,Italy,2020-04-01,-9.0,2020,19.22
Petrol,Italy,2020-05-01,-15.2,2020,19.22
Petrol,Italy,2020-06-01,-13.8,2020,19.22
Petrol,Italy,2020-07-01,-11.0,2020,19.22
Petrol,Italy,2020-08-01,-10.8,2020,19.22
Petrol,Italy,2020-09-01,-10.3,2020,19.22
Petrol,Italy,2020-10-01,-11.4,2020,19.22
Petrol,Italy,2020-11-01,-11.3,2020,19.22
Petrol,Italy,2020-12-01,-9.7,2020,19.22
Petrol,Italy,2021-01-01,-7.6,2021,18.3
Petrol,Italy,2021-02-01,-4.0,2021,18.3
Petrol,Italy,2021-03-01,2.7,2021,18.3
Petrol,Italy,2021-04-01,9.6,2021,18.3
Petrol,Italy,2021-05-01,16.0,2021,18.3
Petrol,Italy,2021-06-01,16.2,2021,18.3
Petrol,Italy,2021-07-01,16.5,2021,18.3
Petrol,Italy,2021-08-01,17.6,2021,18.3
Petrol,Italy,2021-09-01,18.4,2021,18.3
Petrol,Italy,2021-10-01,22.1,2021,18.3
Petrol,Italy,2021-11-01,25.3,2021,18.3
Petrol,Italy,2021-12-01,21.2,2021,18.3
Petrol,Italy,2022-01-01,18.7,2022,24.05
Petrol,Italy,2022-02-01,21.9,2022,24.05
Petrol,Italy,2022-03-01,26.5,2022,24.05
Petrol,Italy,2022-04-01,13.0,2022,24.05
Petrol,Italy,2022-05-01,15.2,2022,24.05
Petrol,Italy,2022-06-01,25.4,2022,24.05
Petrol,Italy,2022-07-01,22.3,2022,24.05
Petrol,Italy,2022-08-01,8.7,2022,24.05
Petrol,Italy,2022-09-01,3.2,2022,24.05
Petrol,Italy,2022-10-01,-2.3,2022,24.05
Petrol,Italy,2022-11-01,-3.2,2022,24.05
Petrol,Italy,2022-12-01,-2.7,2022,24.05
Petrol,Italy,2023-01-01,2.5,2023,20.45
Petrol,Italy,2023-02-01,1.5,2023,20.45
Petrol,Italy,2023-03-01,-6.6,2023,20.45
Petrol,Italy,2023-04-01,4.0,2023,20.45
Petrol,Italy,2023-05-01,-1.3,2023,20.45
Petrol,Italy,2023-06-01,-9.6,2023,20.45
Petrol,Italy,2023-07-01,-8.9,2023,20.45
Petrol,Italy,2023-08-01,6.3,2023,20.45
Petrol,Italy,2023-09-01,14.0,2023,20.45
Petrol,Italy,2023-10-01,14.8,2023,20.45
Petrol,Italy,2023-11-01,7.5,2023,20.45
Petrol,Italy,2023-12-01,5.1,2023,20.45
Petrol,Italy,2024-01-01,-1.2,2024,23.94
Petrol,Italy,2024-02-01,-1.1,2024,23.94
Petrol,Italy,2024-03-01,0.2,2024,23.94
Petrol,Italy,2024-04-01,1.8,2024,23.94
Petrol,Italy,2024-05-01,3.8,2024,23.94
Petrol,Italy,2024-06-01,1.0,2024,23.94
Petrol,Italy,2024-07-01,0.7,2024,23.94
Petrol,Italy,2024-08-01,-5.3,2024,23.94
Petrol,Italy,2024-09-01,-10.3,2024,23.94
Petrol,Italy,2024-10-01,-9.5,2024,23.94
Petrol,Italy,2024-11-01,-4.3,2024,23.94
Petrol,Italy,2024-12-01,-1.4,2024,23.94
Petrol,Italy,2025-01-01,1.2,2025,24.74
Petrol,Italy,2025-02-01,-1.3,2025,24.74
Petrol,Italy,2025-03-01,-3.8,2025,24.74
Petrol,Italy,2025-04-01,-8.6,2025,24.74
Petrol,Italy,2025-05-01,-10.2,2025,24.74
Petrol,Italy,2025-06-01,-7.4,2025,24.74
Petrol,Italy,2025-07-01,-6.8,2025,24.74
Petrol,Italy,2025-08-01,-6.3,2025,24.74
Petrol,Italy,2025-09-01,-3.2,2025,24.74
Petrol,Italy,2025-10-01,-2.7,2025,24.74
Petrol,Italy,2025-11-01,-2.2,2025,24.74
Petrol,Italy,2025-12-01,-2.5,2025,24.74
Petrol,Portugal,2019-01-01,-6.1,2019,16.5
Petrol,Portugal,2019-02-01,-4.4,2019,16.5
Petrol,Portugal,2019-03-01,-0.5,2019,16.5
Petrol,Portugal,2019-04-01,1.4,2019,16.5
Petrol,Portugal,2019-05-01,0.6,2019,16.5
Petrol,Portugal,2019-06-01,-3.7,2019,16.5
Petrol,Portugal,2019-07-01,-3.5,2019,16.5
Petrol,Portugal,2019-08-01,-5.3,2019,16.5
Petrol,Portugal,2019-09-01,-6.2,2019,16.5
Petrol,Portugal,2019-10-01,-5.9,2019,16.5
Petrol,Portugal,2019-11-01,-2.0,2019,16.5
Petrol,Portugal,2019-12-01,3.6,2019,16.5
Petrol,Portugal,2020-01-01,8.5,2020,15.9
Petrol,Portugal,2020-02-01,6.1,2020,15.9
Petrol,Portugal,2020-03-01,-3.4,2020,15.9
Petrol,Portugal,2020-04-01,-16.8,2020,15.9
Petrol,Portugal,2020-05-01,-18.1,2020,15.9
Petrol,Portugal,2020-06-01,-11.0,2020,15.9
Petrol,Portugal,2020-07-01,-7.8,2020,15.9
Petrol,Portugal,2020-08-01,-7.1,2020,15.9
Petrol,Portugal,2020-09-01,-6.3,2020,15.9
Petrol,Portugal,2020-10-01,-6.3,2020,15.9
Petrol,Portugal,2020-11-01,-7.4,2020,15.9
Petrol,Portugal,2020-12-01,-5.7,2020,15.9
Petrol,Portugal,2021-01-01,-4.2,2021,14.34
Petrol,Portugal,2021-02-01,-1.4,2021,14.34
Petrol,Portugal,2021-03-01,10.0,2021,14.34
Petrol,Portugal,2021-04-01,23.5,2021,14.34
Petrol,Portugal,2021-05-01,23.7,2021,14.34
Petrol,Portugal,2021-06-01,19.8,2021,14.34
Petrol,Portugal,2021-07-01,19.0,2021,14.34
Petrol,Portugal,2021-08-01,19.2,2021,14.34
Petrol,Portugal,2021-09-01,19.4,2021,14.34
Petrol,Portugal,2021-10-01,22.0,2021,14.34
Petrol,Portugal,2021-11-01,24.3,2021,14.34
Petrol,Portugal,2021-12-01,18.1,2021,14.34
Petrol,Portugal,2022-01-01,16.3,2022,16.14
Petrol,Portugal,2022-02-01,19.7,2022,16.14
Petrol,Portugal,2022-03-01,24.4,2022,16.14
Petrol,Portugal,2022-04-01,24.5,2022,16.14
Petrol,Portugal,2022-05-01,21.7,2022,16.14
Petrol,Portugal,2022-06-01,30.2,2022,16.14
Petrol,Portugal,2022-07-01,19.0,2022,16.14
Petrol,Portugal,2022-08-01,8.1,2022,16.14
Petrol,Portugal,2022-09-01,2.3,2022,16.14
Petrol,Portugal,2022-10-01,6.2,2022,16.14
Petrol,Portugal,2022-11-01,2.1,2022,16.14
Petrol,Portugal,2022-12-01,-3.0,2022,16.14
Petrol,Portugal,2023-01-01,-2.0,2023,13.24
Petrol,Portugal,2023-02-01,-5.9,2023,13.24
Petrol,Portugal,2023-03-01,-13.7,2023,13.24
Petrol,Portugal,2023-04-01,-14.0,2023,13.24
Petrol,Portugal,2023-05-01,-15.4,2023,13.24
Petrol,Portugal,2023-06-01,-20.6,2023,13.24
Petrol,Portugal,2023-07-01,-14.9,2023,13.24
Petrol,Portugal,2023-08-01,1.1,2023,13.24
Petrol,Portugal,2023-09-01,8.3,2023,13.24
Petrol,Portugal,2023-10-01,-1.4,2023,13.24
Petrol,Portugal,2023-11-01,-1.8,2023,13.24
Petrol,Portugal,2023-12-01,1.8,2023,13.24
Petrol,Portugal,2024-01-01,-1.8,2024,11.94
Petrol,Portugal,2024-02-01,1.5,2024,11.94
Petrol,Portugal,2024-03-01,4.0,2024,11.94
Petrol,Portugal,2024-04-01,6.7,2024,11.94
Petrol,Portugal,2024-05-01,7.2,2024,11.94
Petrol,Portugal,2024-06-01,1.9,2024,11.94
Petrol,Portugal,2024-07-01,2.3,2024,11.94
Petrol,Portugal,2024-08-01,-7.5,2024,11.94
Petrol,Portugal,2024-09-01,-10.8,2024,11.94
Petrol,Portugal,2024-10-01,-5.6,2024,11.94
Petrol,Portugal,2024-11-01,-2.1,2024,11.94
Petrol,Portugal,2024-12-01,3.6,2024,11.94
Petrol,Portugal,2025-01-01,6.0,2025,12.67
Petrol,Portugal,2025-02-01,3.2,2025,12.67
Petrol,Portugal,2025-03-01,-1.9,2025,12.67
Petrol,Portugal,2025-04-01,-5.7,2025,12.67
Petrol,Portugal,2025-05-01,-5.0,2025,12.67
Petrol,Portugal,2025-06-01,-1.5,2025,12.67
Petrol,Portugal,2025-07-01,-2.8,2025,12.67
Petrol,Portugal,2025-08-01,0.1,2025,12.67
Petrol,Portugal,2025-09-01,3.0,2025,12.67
Petrol,Portugal,2025-10-01,0.5,2025,12.67
Petrol,Portugal,2025-11-01,1.3,2025,12.67
Petrol,Portugal,2025-12-01,-1.3,2025,12.67
Veterinary and other services for pets,Germany,2019-01-01,0.0,2019,1.72
Veterinary and other services for pets,Germany,2019-02-01,0.0,2019,1.72
Veterinary and other services for pets,Germany,2019-03-01,0.0,2019,1.72
Veterinary and other services for pets,Germany,2019-04-01,0.0,2019,1.72
Veterinary and other services for pets,Germany,2019-05-01,0.0,2019,1.72
Veterinary and other services for pets,Germany,2019-06-01,0.0,2019,1.72
Veterinary and other services for pets,Germany,2019-07-01,0.0,2019,1.72
Veterinary and other services for pets,Germany,2019-08-01,0.0,2019,1.72
Veterinary and other services for pets,Germany,2019-09-01,0.0,2019,1.72
Veterinary and other services for pets,Germany,2019-10-01,0.0,2019,1.72
Veterinary and other services for pets,Germany,2019-11-01,0.0,2019,1.72
Veterinary and other services for pets,Germany,2019-12-01,0.0,2019,1.72
Veterinary and other services for pets,Germany,2020-01-01,0.0,2020,1.65
Veterinary and other services for pets,Germany,2020-02-01,0.0,2020,1.65
Veterinary and other services for pets,Germany,2020-03-01,0.0,2020,1.65
Veterinary and other services for pets,Germany,2020-04-01,0.0,2020,1.65
Veterinary and other services for pets,Germany,2020-05-01,0.0,2020,1.65
Veterinary and other services for pets,Germany,2020-06-01,0.0,2020,1.65
Veterinary and other services for pets,Germany,2020-07-01,-2.5,2020,1.65
Veterinary and other services for pets,Germany,2020-08-01,-2.5,2020,1.65
Veterinary and other services for pets,Germany,2020-09-01,-2.5,2020,1.65
Veterinary and other services for pets,Germany,2020-10-01,-2.5,2020,1.65
Veterinary and other services for pets,Germany,2020-11-01,-2.5,2020,1.65
Veterinary and other services for pets,Germany,2020-12-01,-2.5,2020,1.65
Veterinary and other services for pets,Germany,2021-01-01,0.0,2021,1.84
Veterinary and other services for pets,Germany,2021-02-01,0.0,2021,1.84
Veterinary and other services for pets,Germany,2021-03-01,0.0,2021,1.84
Veterinary and other services for pets,Germany,2021-04-01,0.0,2021,1.84
Veterinary and other services for pets,Germany,2021-05-01,0.0,2021,1.84
Veterinary and other services for pets,Germany,2021-06-01,0.0,2021,1.84
Veterinary and other services for pets,Germany,2021-07-01,2.6,2021,1.84
Veterinary and other services for pets,Germany,2021-08-01,2.6,2021,1.84
Veterinary and other services for pets,Germany,2021-09-01,2.6,2021,1.84
Veterinary and other services for pets,Germany,2021-10-01,2.6,2021,1.84
Veterinary and other services for pets,Germany,2021-11-01,2.6,2021,1.84
Veterinary and other services for pets,Germany,2021-12-01,2.6,2021,1.84
Veterinary and other services for pets,Germany,2022-01-01,0.0,2022,1.87
Veterinary and other services for pets,Germany,2022-02-01,0.0,2022,1.87
Veterinary and other services for pets,Germany,2022-03-01,0.0,2022,1.87
Veterinary and other services for pets,Germany,2022-04-01,0.0,2022,1.87
Veterinary and other services for pets,Germany,2022-05-01,0.0,2022,1.87
Veterinary and other services for pets,Germany,2022-06-01,0.0,2022,1.87
Veterinary and other services for pets,Germany,2022-07-01,0.0,2022,1.87
Veterinary and other services for pets,Germany,2022-08-01,0.0,2022,1.87
Veterinary and other services for pets,Germany,2022-09-01,0.0,2022,1.87
Veterinary and other services for pets,Germany,2022-10-01,0.0,2022,1.87
Veterinary and other services for pets,Germany,2022-11-01,11.4,2022,1.87
Veterinary and other services for pets,Germany,2022-12-01,38.2,2022,1.87
Veterinary and other services for pets,Germany,2023-01-01,38.2,2023,3.21
Veterinary and other services for pets,Germany,2023-02-01,38.2,2023,3.21
Veterinary and other services for pets,Germany,2023-03-01,38.2,2023,3.21
Veterinary and other services for pets,Germany,2023-04-01,38.2,2023,3.21
Veterinary and other services for pets,Germany,2023-05-01,38.2,2023,3.21
Veterinary and other services for pets,Germany,2023-06-01,38.2,2023,3.21
Veterinary and other services for pets,Germany,2023-07-01,38.2,2023,3.21
Veterinary and other services for pets,Germany,2023-08-01,38.2,2023,3.21
Veterinary and other services for pets,Germany,2023-09-01,38.2,2023,3.21
Veterinary and other services for pets,Germany,2023-10-01,38.2,2023,3.21
Veterinary and other services for pets,Germany,2023-11-01,24.0,2023,3.21
Veterinary and other services for pets,Germany,2023-12-01,0.0,2023,3.21
Veterinary and other services for pets,Germany,2024-01-01,0.0,2024,2.58
Veterinary and other services for pets,Germany,2024-02-01,0.0,2024,2.58
Veterinary and other services for pets,Germany,2024-03-01,0.0,2024,2.58
Veterinary and other services for pets,Germany,2024-04-01,0.0,2024,2.58
Veterinary and other services for pets,Germany,2024-05-01,0.0,2024,2.58
Veterinary and other services for pets,Germany,2024-06-01,0.0,2024,2.58
Veterinary and other services for pets,Germany,2024-07-01,0.0,2024,2.58
Veterinary and other services for pets,Germany,2024-08-01,0.0,2024,2.58
Veterinary and other services for pets,Germany,2024-09-01,0.0,2024,2.58
Veterinary and other services for pets,Germany,2024-10-01,0.0,2024,2.58
Veterinary and other services for pets,Germany,2024-11-01,0.0,2024,2.58
Veterinary and other services for pets,Germany,2024-12-01,0.0,2024,2.58
Veterinary and other services for pets,Germany,2025-01-01,0.1,2025,2.61
Veterinary and other services for pets,Germany,2025-02-01,0.1,2025,2.61
Veterinary and other services for pets,Germany,2025-03-01,0.1,2025,2.61
Veterinary and other services for pets,Germany,2025-04-01,0.1,2025,2.61
Veterinary and other services for pets,Germany,2025-05-01,0.2,2025,2.61
Veterinary and other services for pets,Germany,2025-06-01,0.2,2025,2.61
Veterinary and other services for pets,Germany,2025-07-01,0.2,2025,2.61
Veterinary and other services for pets,Germany,2025-08-01,0.2,2025,2.61
Veterinary and other services for pets,Germany,2025-09-01,0.3,2025,2.61
Veterinary and other services for pets,Germany,2025-10-01,0.3,2025,2.61
Veterinary and other services for pets,Germany,2025-11-01,0.3,2025,2.61
Veterinary and other services for pets,Germany,2025-12-01,0.3,2025,2.61
Veterinary and other services for pets,"Euro area (EA11-1999, EA12-2001, EA13-2007, EA15-2008, EA16-2009, EA17-2011, EA18-2014, EA19-2015, EA20-2023, EA21-2026)",2019-01-01,0.8,2019,1.98
Veterinary and other services for pets,"Euro area (EA11-1999, EA12-2001, EA13-2007, EA15-2008, EA16-2009, EA17-2011, EA18-2014, EA19-2015, EA20-2023, EA21-2026)",2019-02-01,0.8,2019,1.98
Veterinary and other services for pets,"Euro area (EA11-1999, EA12-2001, EA13-2007, EA15-2008, EA16-2009, EA17-2011, EA18-2014, EA19-2015, EA20-2023, EA21-2026)",2019-03-01,0.7,2019,1.98
Veterinary and other services for pets,"Euro area (EA11-1999, EA12-2001, EA13-2007, EA15-2008, EA16-2009, EA17-2011, EA18-2014, EA19-2015, EA20-2023, EA21-2026)",2019-04-01,0.8,2019,1.98
Veterinary and other services for pets,"Euro area (EA11-1999, EA12-2001, EA13-2007, EA15-2008, EA16-2009, EA17-2011, EA18-2014, EA19-2015, EA20-2023, EA21-2026)",2019-05-01,0.8,2019,1.98
Veterinary and other services for pets,"Euro area (EA11-1999, EA12-2001, EA13-2007, EA15-2008, EA16-2009, EA17-2011, EA18-2014, EA19-2015, EA20-2023, EA21-2026)",2019-06-01,0.8,2019,1.98
Veterinary and other services for pets,"Euro area (EA11-1999, EA12-2001, EA13-2007, EA15-2008, EA16-2009, EA17-2011, EA18-2014, EA19-2015, EA20-2023, EA21-2026)",2019-07-01,0.8,2019,1.98
Veterinary and other services for pets,"Euro area (EA11-1999, EA12-2001, EA13-2007, EA15-2008, EA16-2009, EA17-2011, EA18-2014, EA19-2015, EA20-2023, EA21-2026)",2019-08-01,0.9,2019,1.98
Veterinary and other services for pets,"Euro area (EA11-1999, EA12-2001, EA13-2007, EA15-2008, EA16-2009, EA17-2011, EA18-2014, EA19-2015, EA20-2023, EA21-2026)",2019-09-01,0.9,2019,1.98
Veterinary and other services for pets,"Euro area (EA11-1999, EA12-2001, EA13-2007, EA15-2008, EA16-2009, EA17-2011, EA18-2014, EA19-2015, EA20-2023, EA21-2026)",2019-10-01,0.9,2019,1.98
Veterinary and other services for pets,"Euro area (EA11-1999, EA12-2001, EA13-2007, EA15-2008, EA16-2009, EA17-2011, EA18-2014, EA19-2015, EA20-2023, EA21-2026)",2019-11-01,0.9,2019,1.98
Veterinary and other services for pets,"Euro area (EA11-1999, EA12-2001, EA13-2007, EA15-2008, EA16-2009, EA17-2011, EA18-2014, EA19-2015, EA20-2023, EA21-2026)",2019-12-01,0.9,2019,1.98
Veterinary and other services for pets,"Euro area (EA11-1999, EA12-2001, EA13-2007, EA15-2008, EA16-2009, EA17-2011, EA18-2014, EA19-2015, EA20-2023, EA21-2026)",2020-01-01,1.1,2020,2.05
Veterinary and other services for pets,"Euro area (EA11-1999, EA12-2001, EA13-2007, EA15-2008, EA16-2009, EA17-2011, EA18-2014, EA19-2015, EA20-2023, EA21-2026)",2020-02-01,1.4,2020,2.05
Veterinary and other services for pets,"Euro area (EA11-1999, EA12-2001, EA13-2007, EA15-2008, EA16-2009, EA17-2011, EA18-2014, EA19-2015, EA20-2023, EA21-2026)",2020-03-01,1.3,2020,2.05
Veterinary and other services for pets,"Euro area (EA11-1999, EA12-2001, EA13-2007, EA15-2008, EA16-2009, EA17-2011, EA18-2014, EA19-2015, EA20-2023, EA21-2026)",2020-04-01,1.3,2020,2.05
Veterinary and other services for pets,"Euro area (EA11-1999, EA12-2001, EA13-2007, EA15-2008, EA16-2009, EA17-2011, EA18-2014, EA19-2015, EA20-2023, EA21-2026)",2020-05-01,1.5,2020,2.05
Veterinary and other services for pets,"Euro area (EA11-1999, EA12-2001, EA13-2007, EA15-2008, EA16-2009, EA17-2011, EA18-2014, EA19-2015, EA20-2023, EA21-2026)",2020-06-01,1.4,2020,2.05
Veterinary and other services for pets,"Euro area (EA11-1999, EA12-2001, EA13-2007, EA15-2008, EA16-2009, EA17-2011, EA18-2014, EA19-2015, EA20-2023, EA21-2026)",2020-07-01,0.8,2020,2.05
Veterinary and other services for pets,"Euro area (EA11-1999, EA12-2001, EA13-2007, EA15-2008, EA16-2009, EA17-2011, EA18-2014, EA19-2015, EA20-2023, EA21-2026)",2020-08-01,0.9,2020,2.05
Veterinary and other services for pets,"Euro area (EA11-1999, EA12-2001, EA13-2007, EA15-2008, EA16-2009, EA17-2011, EA18-2014, EA19-2015, EA20-2023, EA21-2026)",2020-09-01,0.9,2020,2.05
Veterinary and other services for pets,"Euro area (EA11-1999, EA12-2001, EA13-2007, EA15-2008, EA16-2009, EA17-2011, EA18-2014, EA19-2015, EA20-2023, EA21-2026)",2020-10-01,1.0,2020,2.05
Veterinary and other services for pets,"Euro area (EA11-1999, EA12-2001, EA13-2007, EA15-2008, EA16-2009, EA17-2011, EA18-2014, EA19-2015, EA20-2023, EA21-2026)",2020-11-01,1.1,2020,2.05
Veterinary and other services for pets,"Euro area (EA11-1999, EA12-2001, EA13-2007, EA15-2008, EA16-2009, EA17-2011, EA18-2014, EA19-2015, EA20-2023, EA21-2026)",2020-12-01,1.0,2020,2.05
Veterinary and other services for pets,"Euro area (EA11-1999, EA12-2001, EA13-2007, EA15-2008, EA16-2009, EA17-2011, EA18-2014, EA19-2015, EA20-2023, EA21-2026)",2021-01-01,1.5,2021,2.34
Veterinary and other services for pets,"Euro area (EA11-1999, EA12-2001, EA13-2007, EA15-2008, EA16-2009, EA17-2011, EA18-2014, EA19-2015, EA20-2023, EA21-2026)",2021-02-01,1.4,2021,2.34
Veterinary and other services for pets,"Euro area (EA11-1999, EA12-2001, EA13-2007, EA15-2008, EA16-2009, EA17-2011, EA18-2014, EA19-2015, EA20-2023, EA21-2026)",2021-03-01,1.4,2021,2.34
Veterinary and other services for pets,"Euro area (EA11-1999, EA12-2001, EA13-2007, EA15-2008, EA16-2009, EA17-2011, EA18-2014, EA19-2015, EA20-2023, EA21-2026)",2021-04-01,1.5,2021,2.34
Veterinary and other services for pets,"Euro area (EA11-1999, EA12-2001, EA13-2007, EA15-2008, EA16-2009, EA17-2011, EA18-2014, EA19-2015, EA20-2023, EA21-2026)",2021-05-01,1.4,2021,2.34
Veterinary and other services for pets,"Euro area (EA11-1999, EA12-2001, EA13-2007, EA15-2008, EA16-2009, EA17-2011, EA18-2014, EA19-2015, EA20-2023, EA21-2026)",2021-06-01,1.6,2021,2.34
Veterinary and other services for pets,"Euro area (EA11-1999, EA12-2001, EA13-2007, EA15-2008, EA16-2009, EA17-2011, EA18-2014, EA19-2015, EA20-2023, EA21-2026)",2021-07-01,2.2,2021,2.34
Veterinary and other services for pets,"Euro area (EA11-1999, EA12-2001, EA13-2007, EA15-2008, EA16-2009, EA17-2011, EA18-2014, EA19-2015, EA20-2023, EA21-2026)",2021-08-01,2.1,2021,2.34
Veterinary and other services for pets,"Euro area (EA11-1999, EA12-2001, EA13-2007, EA15-2008, EA16-2009, EA17-2011, EA18-2014, EA19-2015, EA20-2023, EA21-2026)",2021-09-01,2.2,2021,2.34
Veterinary and other services for pets,"Euro area (EA11-1999, EA12-2001, EA13-2007, EA15-2008, EA16-2009, EA17-2011, EA18-2014, EA19-2015, EA20-2023, EA21-2026)",2021-10-01,2.2,2021,2.34
Veterinary and other services for pets,"Euro area (EA11-1999, EA12-2001, EA13-2007, EA15-2008, EA16-2009, EA17-2011, EA18-2014, EA19-2015, EA20-2023, EA21-2026)",2021-11-01,2.2,2021,2.34
Veterinary and other services for pets,"Euro area (EA11-1999, EA12-2001, EA13-2007, EA15-2008, EA16-2009, EA17-2011, EA18-2014, EA19-2015, EA20-2023, EA21-2026)",2021-12-01,2.3,2021,2.34
Veterinary and other services for pets,"Euro area (EA11-1999, EA12-2001, EA13-2007, EA15-2008, EA16-2009, EA17-2011, EA18-2014, EA19-2015, EA20-2023, EA21-2026)",2022-01-01,2.1,2022,2.41
Veterinary and other services for pets,"Euro area (EA11-1999, EA12-2001, EA13-2007, EA15-2008, EA16-2009, EA17-2011, EA18-2014, EA19-2015, EA20-2023, EA21-2026)",2022-02-01,2.2,2022,2.41
Veterinary and other services for pets,"Euro area (EA11-1999, EA12-2001, EA13-2007, EA15-2008, EA16-2009, EA17-2011, EA18-2014, EA19-2015, EA20-2023, EA21-2026)",2022-03-01,2.3,2022,2.41
Veterinary and other services for pets,"Euro area (EA11-1999, EA12-2001, EA13-2007, EA15-2008, EA16-2009, EA17-2011, EA18-2014, EA19-2015, EA20-2023, EA21-2026)",2022-04-01,2.3,2022,2.41
Veterinary and other services for pets,"Euro area (EA11-1999, EA12-2001, EA13-2007, EA15-2008, EA16-2009, EA17-2011, EA18-2014, EA19-2015, EA20-2023, EA21-2026)",2022-05-01,2.1,2022,2.41
Veterinary and other services for pets,"Euro area (EA11-1999, EA12-2001, EA13-2007, EA15-2008, EA16-2009, EA17-2011, EA18-2014, EA19-2015, EA20-2023, EA21-2026)",2022-06-01,2.3,2022,2.41
Veterinary and other services for pets,"Euro area (EA11-1999, EA12-2001, EA13-2007, EA15-2008, EA16-2009, EA17-2011, EA18-2014, EA19-2015, EA20-2023, EA21-2026)",2022-07-01,2.3,2022,2.41
Veterinary and other services for pets,"Euro area (EA11-1999, EA12-2001, EA13-2007, EA15-2008, EA16-2009, EA17-2011, EA18-2014, EA19-2015, EA20-2023, EA21-2026)",2022-08-01,2.6,2022,2.41
Veterinary and other services for pets,"Euro area (EA11-1999, EA12-2001, EA13-2007, EA15-2008, EA16-2009, EA17-2011, EA18-2014, EA19-2015, EA20-2023, EA21-2026)",2022-09-01,2.6,2022,2.41
Veterinary and other services for pets,"Euro area (EA11-1999, EA12-2001, EA13-2007, EA15-2008, EA16-2009, EA17-2011, EA18-2014, EA19-2015, EA20-2023, EA21-2026)",2022-10-01,2.6,2022,2.41
Veterinary and other services for pets,"Euro area (EA11-1999, EA12-2001, EA13-2007, EA15-2008, EA16-2009, EA17-2011, EA18-2014, EA19-2015, EA20-2023, EA21-2026)",2022-11-01,5.2,2022,2.41
Veterinary and other services for pets,"Euro area (EA11-1999, EA12-2001, EA13-2007, EA15-2008, EA16-2009, EA17-2011, EA18-2014, EA19-2015, EA20-2023, EA21-2026)",2022-12-01,11.2,2022,2.41
Veterinary and other services for pets,"Euro area (EA11-1999, EA12-2001, EA13-2007, EA15-2008, EA16-2009, EA17-2011, EA18-2014, EA19-2015, EA20-2023, EA21-2026)",2023-01-01,11.3,2023,3.05
Veterinary and other services for pets,"Euro area (EA11-1999, EA12-2001, EA13-2007, EA15-2008, EA16-2009, EA17-2011, EA18-2014, EA19-2015, EA20-2023, EA21-2026)",2023-02-01,11.6,2023,3.05
Veterinary and other services for pets,"Euro area (EA11-1999, EA12-2001, EA13-2007, EA15-2008, EA16-2009, EA17-2011, EA18-2014, EA19-2015, EA20-2023, EA21-2026)",2023-03-01,11.8,2023,3.05
Veterinary and other services for pets,"Euro area (EA11-1999, EA12-2001, EA13-2007, EA15-2008, EA16-2009, EA17-2011, EA18-2014, EA19-2015, EA20-2023, EA21-2026)",2023-04-01,11.9,2023,3.05
Veterinary and other services for pets,"Euro area (EA11-1999, EA12-2001, EA13-2007, EA15-2008, EA16-2009, EA17-2011, EA18-2014, EA19-2015, EA20-2023, EA21-2026)",2023-05-01,12.3,2023,3.05
Veterinary and other services for pets,"Euro area (EA11-1999, EA12-2001, EA13-2007, EA15-2008, EA16-2009, EA17-2011, EA18-2014, EA19-2015, EA20-2023, EA21-2026)",2023-06-01,12.2,2023,3.05
Veterinary and other services for pets,"Euro area (EA11-1999, EA12-2001, EA13-2007, EA15-2008, EA16-2009, EA17-2011, EA18-2014, EA19-2015, EA20-2023, EA21-2026)",2023-07-01,12.1,2023,3.05
Veterinary and other services for pets,"Euro area (EA11-1999, EA12-2001, EA13-2007, EA15-2008, EA16-2009, EA17-2011, EA18-2014, EA19-2015, EA20-2023, EA21-2026)",2023-08-01,11.9,2023,3.05
Veterinary and other services for pets,"Euro area (EA11-1999, EA12-2001, EA13-2007, EA15-2008, EA16-2009, EA17-2011, EA18-2014, EA19-2015, EA20-2023, EA21-2026)",2023-09-01,12.0,2023,3.05
Veterinary and other services for pets,"Euro area (EA11-1999, EA12-2001, EA13-2007, EA15-2008, EA16-2009, EA17-2011, EA18-2014, EA19-2015, EA20-2023, EA21-2026)",2023-10-01,12.2,2023,3.05
Veterinary and other services for pets,"Euro area (EA11-1999, EA12-2001, EA13-2007, EA15-2008, EA16-2009, EA17-2011, EA18-2014, EA19-2015, EA20-2023, EA21-2026)",2023-11-01,9.6,2023,3.05
Veterinary and other services for pets,"Euro area (EA11-1999, EA12-2001, EA13-2007, EA15-2008, EA16-2009, EA17-2011, EA18-2014, EA19-2015, EA20-2023, EA21-2026)",2023-12-01,3.7,2023,3.05
Veterinary and other services for pets,"Euro area (EA11-1999, EA12-2001, EA13-2007, EA15-2008, EA16-2009, EA17-2011, EA18-2014, EA19-2015, EA20-2023, EA21-2026)",2024-01-01,3.5,2024,3.0
Veterinary and other services for pets,"Euro area (EA11-1999, EA12-2001, EA13-2007, EA15-2008, EA16-2009, EA17-2011, EA18-2014, EA19-2015, EA20-2023, EA21-2026)",2024-02-01,3.5,2024,3.0
Veterinary and other services for pets,"Euro area (EA11-1999, EA12-2001, EA13-2007, EA15-2008, EA16-2009, EA17-2011, EA18-2014, EA19-2015, EA20-2023, EA21-2026)",2024-03-01,3.4,2024,3.0
Veterinary and other services for pets,"Euro area (EA11-1999, EA12-2001, EA13-2007, EA15-2008, EA16-2009, EA17-2011, EA18-2014, EA19-2015, EA20-2023, EA21-2026)",2024-04-01,3.4,2024,3.0
Veterinary and other services for pets,"Euro area (EA11-1999, EA12-2001, EA13-2007, EA15-2008, EA16-2009, EA17-2011, EA18-2014, EA19-2015, EA20-2023, EA21-2026)",2024-05-01,3.2,2024,3.0
Veterinary and other services for pets,"Euro area (EA11-1999, EA12-2001, EA13-2007, EA15-2008, EA16-2009, EA17-2011, EA18-2014, EA19-2015, EA20-2023, EA21-2026)",2024-06-01,3.1,2024,3.0
Veterinary and other services for pets,"Euro area (EA11-1999, EA12-2001, EA13-2007, EA15-2008, EA16-2009, EA17-2011, EA18-2014, EA19-2015, EA20-2023, EA21-2026)",2024-07-01,3.0,2024,3.0
Veterinary and other services for pets,"Euro area (EA11-1999, EA12-2001, EA13-2007, EA15-2008, EA16-2009, EA17-2011, EA18-2014, EA19-2015, EA20-2023, EA21-2026)",2024-08-01,3.1,2024,3.0
Veterinary and other services for pets,"Euro area (EA11-1999, EA12-2001, EA13-2007, EA15-2008, EA16-2009, EA17-2011, EA18-2014, EA19-2015, EA20-2023, EA21-2026)",2024-09-01,3.0,2024,3.0
Veterinary and other services for pets,"Euro area (EA11-1999, EA12-2001, EA13-2007, EA15-2008, EA16-2009, EA17-2011, EA18-2014, EA19-2015, EA20-2023, EA21-2026)",2024-10-01,2.8,2024,3.0
Veterinary and other services for pets,"Euro area (EA11-1999, EA12-2001, EA13-2007, EA15-2008, EA16-2009, EA17-2011, EA18-2014, EA19-2015, EA20-2023, EA21-2026)",2024-11-01,2.7,2024,3.0
Veterinary and other services for pets,"Euro area (EA11-1999, EA12-2001, EA13-2007, EA15-2008, EA16-2009, EA17-2011, EA18-2014, EA19-2015, EA20-2023, EA21-2026)",2024-12-01,2.7,2024,3.0
Veterinary and other services for pets,"Euro area (EA11-1999, EA12-2001, EA13-2007, EA15-2008, EA16-2009, EA17-2011, EA18-2014, EA19-2015, EA20-2023, EA21-2026)",2025-01-01,2.8,2025,3.11
Veterinary and other services for pets,"Euro area (EA11-1999, EA12-2001, EA13-2007, EA15-2008, EA16-2009, EA17-2011, EA18-2014, EA19-2015, EA20-2023, EA21-2026)",2025-02-01,2.6,2025,3.11
Veterinary and other services for pets,"Euro area (EA11-1999, EA12-2001, EA13-2007, EA15-2008, EA16-2009, EA17-2011, EA18-2014, EA19-2015, EA20-2023, EA21-2026)",2025-03-01,2.8,2025,3.11
Veterinary and other services for pets,"Euro area (EA11-1999, EA12-2001, EA13-2007, EA15-2008, EA16-2009, EA17-2011, EA18-2014, EA19-2015, EA20-2023, EA21-2026)",2025-04-01,2.6,2025,3.11
Veterinary and other services for pets,"Euro area (EA11-1999, EA12-2001, EA13-2007, EA15-2008, EA16-2009, EA17-2011, EA18-2014, EA19-2015, EA20-2023, EA21-2026)",2025-05-01,3.0,2025,3.11
Veterinary and other services for pets,"Euro area (EA11-1999, EA12-2001, EA13-2007, EA15-2008, EA16-2009, EA17-2011, EA18-2014, EA19-2015, EA20-2023, EA21-2026)",2025-06-01,3.1,2025,3.11
Veterinary and other services for pets,"Euro area (EA11-1999, EA12-2001, EA13-2007, EA15-2008, EA16-2009, EA17-2011, EA18-2014, EA19-2015, EA20-2023, EA21-2026)",2025-07-01,3.1,2025,3.11
Veterinary and other services for pets,"Euro area (EA11-1999, EA12-2001, EA13-2007, EA15-2008, EA16-2009, EA17-2011, EA18-2014, EA19-2015, EA20-2023, EA21-2026)",2025-08-01,3.1,2025,3.11
Veterinary and other services for pets,"Euro area (EA11-1999, EA12-2001, EA13-2007, EA15-2008, EA16-2009, EA17-2011, EA18-2014, EA19-2015, EA20-2023, EA21-2026)",2025-09-01,3.0,2025,3.11
Veterinary and other services for pets,"Euro area (EA11-1999, EA12-2001, EA13-2007, EA15-2008, EA16-2009, EA17-2011, EA18-2014, EA19-2015, EA20-2023, EA21-2026)",2025-10-01,3.1,2025,3.11
Veterinary and other services for pets,"Euro area (EA11-1999, EA12-2001, EA13-2007, EA15-2008, EA16-2009, EA17-2011, EA18-2014, EA19-2015, EA20-2023, EA21-2026)",2025-11-01,3.2,2025,3.11
Veterinary and other services for pets,"Euro area (EA11-1999, EA12-2001, EA13-2007, EA15-2008, EA16-2009, EA17-2011, EA18-2014, EA19-2015, EA20-2023, EA21-2026)",2025-12-01,3.2,2025,3.11
Veterinary and other services for pets,Spain,2019-01-01,0.9,2019,1.12
Veterinary and other services for pets,Spain,2019-02-01,1.1,2019,1.12
Veterinary and other services for pets,Spain,2019-03-01,1.2,2019,1.12
Veterinary and other services for pets,Spain,2019-04-01,1.9,2019,1.12
Veterinary and other services for pets,Spain,2019-05-01,1.8,2019,1.12
Veterinary and other services for pets,Spain,2019-06-01,1.5,2019,1.12
Veterinary and other services for pets,Spain,2019-07-01,1.4,2019,1.12
Veterinary and other services for pets,Spain,2019-08-01,1.4,2019,1.12
Veterinary and other services for pets,Spain,2019-09-01,0.9,2019,1.12
Veterinary and other services for pets,Spain,2019-10-01,1.0,2019,1.12
Veterinary and other services for pets,Spain,2019-11-01,0.9,2019,1.12
Veterinary and other services for pets,Spain,2019-12-01,1.5,2019,1.12
Veterinary and other services for pets,Spain,2020-01-01,1.6,2020,1.17
Veterinary and other services for pets,Spain,2020-02-01,1.6,2020,1.17
Veterinary and other services for pets,Spain,2020-03-01,1.5,2020,1.17
Veterinary and other services for pets,Spain,2020-04-01,1.3,2020,1.17
Veterinary and other services for pets,Spain,2020-05-01,1.2,2020,1.17
Veterinary and other services for pets,Spain,2020-06-01,0.9,2020,1.17
Veterinary and other services for pets,Spain,2020-07-01,0.9,2020,1.17
Veterinary and other services for pets,Spain,2020-08-01,0.9,2020,1.17
Veterinary and other services for pets,Spain,2020-09-01,1.4,2020,1.17
Veterinary and other services for pets,Spain,2020-10-01,1.5,2020,1.17
Veterinary and other services for pets,Spain,2020-11-01,1.5,2020,1.17
Veterinary and other services for pets,Spain,2020-12-01,0.9,2020,1.17
Veterinary and other services for pets,Spain,2021-01-01,0.7,2021,1.08
Veterinary and other services for pets,Spain,2021-02-01,0.7,2021,1.08
Veterinary and other services for pets,Spain,2021-03-01,1.4,2021,1.08
Veterinary and other services for pets,Spain,2021-04-01,1.6,2021,1.08
Veterinary and other services for pets,Spain,2021-05-01,1.7,2021,1.08
Veterinary and other services for pets,Spain,2021-06-01,3.3,2021,1.08
Veterinary and other services for pets,Spain,2021-07-01,3.5,2021,1.08
Veterinary and other services for pets,Spain,2021-08-01,3.4,2021,1.08
Veterinary and other services for pets,Spain,2021-09-01,2.5,2021,1.08
Veterinary and other services for pets,Spain,2021-10-01,2.3,2021,1.08
Veterinary and other services for pets,Spain,2021-11-01,2.4,2021,1.08
Veterinary and other services for pets,Spain,2021-12-01,3.1,2021,1.08
Veterinary and other services for pets,Spain,2022-01-01,3.3,2022,1.38
Veterinary and other services for pets,Spain,2022-02-01,3.4,2022,1.38
Veterinary and other services for pets,Spain,2022-03-01,3.6,2022,1.38
Veterinary and other services for pets,Spain,2022-04-01,3.4,2022,1.38
Veterinary and other services for pets,Spain,2022-05-01,3.4,2022,1.38
Veterinary and other services for pets,Spain,2022-06-01,2.8,2022,1.38
Veterinary and other services for pets,Spain,2022-07-01,2.9,2022,1.38
Veterinary and other services for pets,Spain,2022-08-01,3.0,2022,1.38
Veterinary and other services for pets,Spain,2022-09-01,3.2,2022,1.38
Veterinary and other services for pets,Spain,2022-10-01,3.2,2022,1.38
Veterinary and other services for pets,Spain,2022-11-01,3.2,2022,1.38
Veterinary and other services for pets,Spain,2022-12-01,3.0,2022,1.38
Veterinary and other services for pets,Spain,2023-01-01,3.4,2023,3.88
Veterinary and other services for pets,Spain,2023-02-01,3.3,2023,3.88
Veterinary and other services for pets,Spain,2023-03-01,2.8,2023,3.88
Veterinary and other services for pets,Spain,2023-04-01,3.0,2023,3.88
Veterinary and other services for pets,Spain,2023-05-01,3.0,2023,3.88
Veterinary and other services for pets,Spain,2023-06-01,3.3,2023,3.88
Veterinary and other services for pets,Spain,2023-07-01,3.5,2023,3.88
Veterinary and other services for pets,Spain,2023-08-01,3.3,2023,3.88
Veterinary and other services for pets,Spain,2023-09-01,3.6,2023,3.88
Veterinary and other services for pets,Spain,2023-10-01,3.6,2023,3.88
Veterinary and other services for pets,Spain,2023-11-01,3.8,2023,3.88
Veterinary and other services for pets,Spain,2023-12-01,3.4,2023,3.88
Veterinary and other services for pets,Spain,2024-01-01,3.2,2024,3.95
Veterinary and other services for pets,Spain,2024-02-01,3.3,2024,3.95
Veterinary and other services for pets,Spain,2024-03-01,3.3,2024,3.95
Veterinary and other services for pets,Spain,2024-04-01,3.4,2024,3.95
Veterinary and other services for pets,Spain,2024-05-01,3.4,2024,3.95
Veterinary and other services for pets,Spain,2024-06-01,2.3,2024,3.95
Veterinary and other services for pets,Spain,2024-07-01,2.2,2024,3.95
Veterinary and other services for pets,Spain,2024-08-01,2.3,2024,3.95
Veterinary and other services for pets,Spain,2024-09-01,2.8,2024,3.95
Veterinary and other services for pets,Spain,2024-10-01,2.8,2024,3.95
Veterinary and other services for pets,Spain,2024-11-01,2.6,2024,3.95
Veterinary and other services for pets,Spain,2024-12-01,3.1,2024,3.95
Veterinary and other services for pets,Spain,2025-01-01,3.2,2025,4.17
Veterinary and other services for pets,Spain,2025-02-01,3.6,2025,4.17
Veterinary and other services for pets,Spain,2025-03-01,3.7,2025,4.17
Veterinary and other services for pets,Spain,2025-04-01,3.6,2025,4.17
Veterinary and other services for pets,Spain,2025-05-01,3.6,2025,4.17
Veterinary and other services for pets,Spain,2025-06-01,4.0,2025,4.17
Veterinary and other services for pets,Spain,2025-07-01,3.8,2025,4.17
Veterinary and other services for pets,Spain,2025-08-01,3.7,2025,4.17
Veterinary and other services for pets,Spain,2025-09-01,3.4,2025,4.17
Veterinary and other services for pets,Spain,2025-10-01,3.6,2025,4.17
Veterinary and other services for pets,Spain,2025-11-01,4.3,2025,4.17
Veterinary and other services for pets,Spain,2025-12-01,3.7,2025,4.17
Veterinary and other services for pets,France,2019-01-01,0.9,2019,3.83
Veterinary and other services for pets,France,2019-02-01,0.7,2019,3.83
Veterinary and other services for pets,France,2019-03-01,0.6,2019,3.83
Veterinary and other services for pets,France,2019-04-01,0.6,2019,3.83
Veterinary and other services for pets,France,2019-05-01,0.6,2019,3.83
Veterinary and other services for pets,France,2019-06-01,0.6,2019,3.83
Veterinary and other services for pets,France,2019-07-01,0.5,2019,3.83
Veterinary and other services for pets,France,2019-08-01,0.8,2019,3.83
Veterinary and other services for pets,France,2019-09-01,0.7,2019,3.83
Veterinary and other services for pets,France,2019-10-01,0.7,2019,3.83
Veterinary and other services for pets,France,2019-11-01,0.7,2019,3.83
Veterinary and other services for pets,France,2019-12-01,0.6,2019,3.83
Veterinary and other services for pets,France,2020-01-01,1.2,2020,3.95
Veterinary and other services for pets,France,2020-02-01,1.6,2020,3.95
Veterinary and other services for pets,France,2020-03-01,1.5,2020,3.95
Veterinary and other services for pets,France,2020-04-01,1.4,2020,3.95
Veterinary and other services for pets,France,2020-05-01,2.2,2020,3.95
Veterinary and other services for pets,France,2020-06-01,1.9,2020,3.95
Veterinary and other services for pets,France,2020-07-01,1.9,2020,3.95
Veterinary and other services for pets,France,2020-08-01,1.9,2020,3.95
Veterinary and other services for pets,France,2020-09-01,1.9,2020,3.95
Veterinary and other services for pets,France,2020-10-01,2.0,2020,3.95
Veterinary and other services for pets,France,2020-11-01,2.2,2020,3.95
Veterinary and other services for pets,France,2020-12-01,2.1,2020,3.95
Veterinary and other services for pets,France,2021-01-01,1.8,2021,4.5
Veterinary and other services for pets,France,2021-02-01,1.8,2021,4.5
Veterinary and other services for pets,France,2021-03-01,1.9,2021,4.5
Veterinary and other services for pets,France,2021-04-01,2.0,2021,4.5
Veterinary and other services for pets,France,2021-05-01,1.4,2021,4.5
Veterinary and other services for pets,France,2021-06-01,1.5,2021,4.5
Veterinary and other services for pets,France,2021-07-01,1.7,2021,4.5
Veterinary and other services for pets,France,2021-08-01,1.5,2021,4.5
Veterinary and other services for pets,France,2021-09-01,1.7,2021,4.5
Veterinary and other services for pets,France,2021-10-01,1.9,2021,4.5
Veterinary and other services for pets,France,2021-11-01,1.7,2021,4.5
Veterinary and other services for pets,France,2021-12-01,1.8,2021,4.5
Veterinary and other services for pets,France,2022-01-01,2.0,2022,4.74
Veterinary and other services for pets,France,2022-02-01,1.9,2022,4.74
Veterinary and other services for pets,France,2022-03-01,1.9,2022,4.74
Veterinary and other services for pets,France,2022-04-01,1.9,2022,4.74
Veterinary and other services for pets,France,2022-05-01,1.7,2022,4.74
Veterinary and other services for pets,France,2022-06-01,2.1,2022,4.74
Veterinary and other services for pets,France,2022-07-01,2.1,2022,4.74
Veterinary and other services for pets,France,2022-08-01,2.5,2022,4.74
Veterinary and other services for pets,France,2022-09-01,2.7,2022,4.74
Veterinary and other services for pets,France,2022-10-01,2.4,2022,4.74
Veterinary and other services for pets,France,2022-11-01,2.5,2022,4.74
Veterinary and other services for pets,France,2022-12-01,2.8,2022,4.74
Veterinary and other services for pets,France,2023-01-01,3.4,2023,4.65
Veterinary and other services for pets,France,2023-02-01,4.3,2023,4.65
Veterinary and other services for pets,France,2023-03-01,5.1,2023,4.65
Veterinary and other services for pets,France,2023-04-01,5.3,2023,4.65
Veterinary and other services for pets,France,2023-05-01,5.4,2023,4.65
Veterinary and other services for pets,France,2023-06-01,5.1,2023,4.65
Veterinary and other services for pets,France,2023-07-01,4.9,2023,4.65
Veterinary and other services for pets,France,2023-08-01,4.7,2023,4.65
Veterinary and other services for pets,France,2023-09-01,5.0,2023,4.65
Veterinary and other services for pets,France,2023-10-01,5.6,2023,4.65
Veterinary and other services for pets,France,2023-11-01,5.4,2023,4.65
Veterinary and other services for pets,France,2023-12-01,5.3,2023,4.65
Veterinary and other services for pets,France,2024-01-01,4.8,2024,5.24
Veterinary and other services for pets,France,2024-02-01,4.7,2024,5.24
Veterinary and other services for pets,France,2024-03-01,4.2,2024,5.24
Veterinary and other services for pets,France,2024-04-01,4.1,2024,5.24
Veterinary and other services for pets,France,2024-05-01,4.2,2024,5.24
Veterinary and other services for pets,France,2024-06-01,4.4,2024,5.24
Veterinary and other services for pets,France,2024-07-01,4.3,2024,5.24
Veterinary and other services for pets,France,2024-08-01,4.1,2024,5.24
Veterinary and other services for pets,France,2024-09-01,3.8,2024,5.24
Veterinary and other services for pets,France,2024-10-01,3.2,2024,5.24
Veterinary and other services for pets,France,2024-11-01,3.2,2024,5.24
Veterinary and other services for pets,France,2024-12-01,3.2,2024,5.24
Veterinary and other services for pets,France,2025-01-01,3.6,2025,5.49
Veterinary and other services for pets,France,2025-02-01,2.8,2025,5.49
Veterinary and other services for pets,France,2025-03-01,3.2,2025,5.49
Veterinary and other services for pets,France,2025-04-01,2.9,2025,5.49
Veterinary and other services for pets,France,2025-05-01,3.0,2025,5.49
Veterinary and other services for pets,France,2025-06-01,3.1,2025,5.49
Veterinary and other services for pets,France,2025-07-01,3.4,2025,5.49
Veterinary and other services for pets,France,2025-08-01,3.5,2025,5.49
Veterinary and other services for pets,France,2025-09-01,3.3,2025,5.49
Veterinary and other services for pets,France,2025-10-01,3.3,2025,5.49
Veterinary and other services for pets,France,2025-11-01,3.3,2025,5.49
Veterinary and other services for pets,France,2025-12-01,3.4,2025,5.49
Veterinary and other services for pets,Italy,2019-01-01,0.8,2019,1.06
Veterinary and other services for pets,Italy,2019-02-01,1.4,2019,1.06
Veterinary and other services for pets,Italy,2019-03-01,1.3,2019,1.06
Veterinary and other services for pets,Italy,2019-04-01,1.4,2019,1.06
Veterinary and other services for pets,Italy,2019-05-01,1.6,2019,1.06
Veterinary and other services for pets,Italy,2019-06-01,1.5,2019,1.06
Veterinary and other services for pets,Italy,2019-07-01,1.6,2019,1.06
Veterinary and other services for pets,Italy,2019-08-01,1.6,2019,1.06
Veterinary and other services for pets,Italy,2019-09-01,1.8,2019,1.06
Veterinary and other services for pets,Italy,2019-10-01,1.8,2019,1.06
Veterinary and other services for pets,Italy,2019-11-01,1.8,2019,1.06
Veterinary and other services for pets,Italy,2019-12-01,1.8,2019,1.06
Veterinary and other services for pets,Italy,2020-01-01,2.1,2020,1.25
Veterinary and other services for pets,Italy,2020-02-01,1.6,2020,1.25
Veterinary and other services for pets,Italy,2020-03-01,1.7,2020,1.25
Veterinary and other services for pets,Italy,2020-04-01,1.7,2020,1.25
Veterinary and other services for pets,Italy,2020-05-01,1.6,2020,1.25
Veterinary and other services for pets,Italy,2020-06-01,1.5,2020,1.25
Veterinary and other services for pets,Italy,2020-07-01,1.5,2020,1.25
Veterinary and other services for pets,Italy,2020-08-01,1.5,2020,1.25
Veterinary and other services for pets,Italy,2020-09-01,1.5,2020,1.25
Veterinary and other services for pets,Italy,2020-10-01,1.5,2020,1.25
Veterinary and other services for pets,Italy,2020-11-01,1.4,2020,1.25
Veterinary and other services for pets,Italy,2020-12-01,1.5,2020,1.25
Veterinary and other services for pets,Italy,2021-01-01,1.3,2021,1.65
Veterinary and other services for pets,Italy,2021-02-01,1.4,2021,1.65
Veterinary and other services for pets,Italy,2021-03-01,1.2,2021,1.65
Veterinary and other services for pets,Italy,2021-04-01,1.3,2021,1.65
Veterinary and other services for pets,Italy,2021-05-01,1.3,2021,1.65
Veterinary and other services for pets,Italy,2021-06-01,1.4,2021,1.65
Veterinary and other services for pets,Italy,2021-07-01,1.5,2021,1.65
Veterinary and other services for pets,Italy,2021-08-01,1.4,2021,1.65
Veterinary and other services for pets,Italy,2021-09-01,1.4,2021,1.65
Veterinary and other services for pets,Italy,2021-10-01,1.4,2021,1.65
Veterinary and other services for pets,Italy,2021-11-01,1.4,2021,1.65
Veterinary and other services for pets,Italy,2021-12-01,1.6,2021,1.65
Veterinary and other services for pets,Italy,2022-01-01,1.8,2022,1.46
Veterinary and other services for pets,Italy,2022-02-01,2.2,2022,1.46
Veterinary and other services for pets,Italy,2022-03-01,2.7,2022,1.46
Veterinary and other services for pets,Italy,2022-04-01,2.7,2022,1.46
Veterinary and other services for pets,Italy,2022-05-01,2.7,2022,1.46
Veterinary and other services for pets,Italy,2022-06-01,2.8,2022,1.46
Veterinary and other services for pets,Italy,2022-07-01,3.0,2022,1.46
Veterinary and other services for pets,Italy,2022-08-01,3.0,2022,1.46
Veterinary and other services for pets,Italy,2022-09-01,3.1,2022,1.46
Veterinary and other services for pets,Italy,2022-10-01,3.4,2022,1.46
Veterinary and other services for pets,Italy,2022-11-01,3.7,2022,1.46
Veterinary and other services for pets,Italy,2022-12-01,3.8,2022,1.46
Veterinary and other services for pets,Italy,2023-01-01,3.8,2023,1.92
Veterinary and other services for pets,Italy,2023-02-01,3.5,2023,1.92
Veterinary and other services for pets,Italy,2023-03-01,3.4,2023,1.92
Veterinary and other services for pets,Italy,2023-04-01,3.4,2023,1.92
Veterinary and other services for pets,Italy,2023-05-01,3.7,2023,1.92
Veterinary and other services for pets,Italy,2023-06-01,3.6,2023,1.92
Veterinary and other services for pets,Italy,2023-07-01,3.4,2023,1.92
Veterinary and other services for pets,Italy,2023-08-01,3.5,2023,1.92
Veterinary and other services for pets,Italy,2023-09-01,3.4,2023,1.92
Veterinary and other services for pets,Italy,2023-10-01,3.2,2023,1.92
Veterinary and other services for pets,Italy,2023-11-01,3.2,2023,1.92
Veterinary and other services for pets,Italy,2023-12-01,3.1,2023,1.92
Veterinary and other services for pets,Italy,2024-01-01,3.1,2024,2.09
Veterinary and other services for pets,Italy,2024-02-01,3.0,2024,2.09
Veterinary and other services for pets,Italy,2024-03-01,2.9,2024,2.09
Veterinary and other services for pets,Italy,2024-04-01,2.8,2024,2.09
Veterinary and other services for pets,Italy,2024-05-01,2.6,2024,2.09
Veterinary and other services for pets,Italy,2024-06-01,2.7,2024,2.09
Veterinary and other services for pets,Italy,2024-07-01,2.4,2024,2.09
Veterinary and other services for pets,Italy,2024-08-01,2.4,2024,2.09
Veterinary and other services for pets,Italy,2024-09-01,2.4,2024,2.09
Veterinary and other services for pets,Italy,2024-10-01,2.6,2024,2.09
Veterinary and other services for pets,Italy,2024-11-01,2.5,2024,2.09
Veterinary and other services for pets,Italy,2024-12-01,2.4,2024,2.09
Veterinary and other services for pets,Italy,2025-01-01,2.2,2025,1.72
Veterinary and other services for pets,Italy,2025-02-01,2.1,2025,1.72
Veterinary and other services for pets,Italy,2025-03-01,2.2,2025,1.72
Veterinary and other services for pets,Italy,2025-04-01,2.2,2025,1.72
Veterinary and other services for pets,Italy,2025-05-01,2.1,2025,1.72
Veterinary and other services for pets,Italy,2025-06-01,2.0,2025,1.72
Veterinary and other services for pets,Italy,2025-07-01,2.2,2025,1.72
Veterinary and other services for pets,Italy,2025-08-01,2.2,2025,1.72
Veterinary and other services for pets,Italy,2025-09-01,2.3,2025,1.72
Veterinary and other services for pets,Italy,2025-10-01,2.2,2025,1.72
Veterinary and other services for pets,Italy,2025-11-01,2.1,2025,1.72
Veterinary and other services for pets,Italy,2025-12-01,2.3,2025,1.72
Veterinary and other services for pets,Portugal,2019-01-01,0.3,2019,1.12
Veterinary and other services for pets,Portugal,2019-02-01,0.5,2019,1.12
Veterinary and other services for pets,Portugal,2019-03-01,0.6,2019,1.12
Veterinary and other services for pets,Portugal,2019-04-01,0.7,2019,1.12
Veterinary and other services for pets,Portugal,2019-05-01,0.7,2019,1.12
Veterinary and other services for pets,Portugal,2019-06-01,0.9,2019,1.12
Veterinary and other services for pets,Portugal,2019-07-01,1.0,2019,1.12
Veterinary and other services for pets,Portugal,2019-08-01,1.5,2019,1.12
Veterinary and other services for pets,Portugal,2019-09-01,1.3,2019,1.12
Veterinary and other services for pets,Portugal,2019-10-01,1.2,2019,1.12
Veterinary and other services for pets,Portugal,2019-11-01,1.0,2019,1.12
Veterinary and other services for pets,Portugal,2019-12-01,0.9,2019,1.12
Veterinary and other services for pets,Portugal,2020-01-01,1.0,2020,1.12
Veterinary and other services for pets,Portugal,2020-02-01,0.8,2020,1.12
Veterinary and other services for pets,Portugal,2020-03-01,1.0,2020,1.12
Veterinary and other services for pets,Portugal,2020-04-01,1.0,2020,1.12
Veterinary and other services for pets,Portugal,2020-05-01,1.1,2020,1.12
Veterinary and other services for pets,Portugal,2020-06-01,0.8,2020,1.12
Veterinary and other services for pets,Portugal,2020-07-01,0.9,2020,1.12
Veterinary and other services for pets,Portugal,2020-08-01,1.1,2020,1.12
Veterinary and other services for pets,Portugal,2020-09-01,1.2,2020,1.12
Veterinary and other services for pets,Portugal,2020-10-01,1.2,2020,1.12
Veterinary and other services for pets,Portugal,2020-11-01,1.4,2020,1.12
Veterinary and other services for pets,Portugal,2020-12-01,1.5,2020,1.12
Veterinary and other services for pets,Portugal,2021-01-01,1.4,2021,1.44
Veterinary and other services for pets,Portugal,2021-02-01,1.4,2021,1.44
Veterinary and other services for pets,Portugal,2021-03-01,1.1,2021,1.44
Veterinary and other services for pets,Portugal,2021-04-01,1.3,2021,1.44
Veterinary and other services for pets,Portugal,2021-05-01,1.3,2021,1.44
Veterinary and other services for pets,Portugal,2021-06-01,1.3,2021,1.44
Veterinary and other services for pets,Portugal,2021-07-01,1.3,2021,1.44
Veterinary and other services for pets,Portugal,2021-08-01,0.8,2021,1.44
Veterinary and other services for pets,Portugal,2021-09-01,0.8,2021,1.44
Veterinary and other services for pets,Portugal,2021-10-01,1.1,2021,1.44
Veterinary and other services for pets,Portugal,2021-11-01,1.1,2021,1.44
Veterinary and other services for pets,Portugal,2021-12-01,1.0,2021,1.44
Veterinary and other services for pets,Portugal,2022-01-01,1.2,2022,1.45
Veterinary and other services for pets,Portugal,2022-02-01,1.7,2022,1.45
Veterinary and other services for pets,Portugal,2022-03-01,2.3,2022,1.45
Veterinary and other services for pets,Portugal,2022-04-01,2.4,2022,1.45
Veterinary and other services for pets,Portugal,2022-05-01,1.9,2022,1.45
Veterinary and other services for pets,Portugal,2022-06-01,2.1,2022,1.45
Veterinary and other services for pets,Portugal,2022-07-01,2.1,2022,1.45
Veterinary and other services for pets,Portugal,2022-08-01,2.5,2022,1.45
Veterinary and other services for pets,Portugal,2022-09-01,2.7,2022,1.45
Veterinary and other services for pets,Portugal,2022-10-01,2.7,2022,1.45
Veterinary and other services for pets,Portugal,2022-11-01,3.1,2022,1.45
Veterinary and other services for pets,Portugal,2022-12-01,3.5,2022,1.45
Veterinary and other services for pets,Portugal,2023-01-01,3.5,2023,1.47
Veterinary and other services for pets,Portugal,2023-02-01,3.8,2023,1.47
Veterinary and other services for pets,Portugal,2023-03-01,3.6,2023,1.47
Veterinary and other services for pets,Portugal,2023-04-01,3.7,2023,1.47
Veterinary and other services for pets,Portugal,2023-05-01,4.4,2023,1.47
Veterinary and other services for pets,Portugal,2023-06-01,4.2,2023,1.47
Veterinary and other services for pets,Portugal,2023-07-01,4.2,2023,1.47
Veterinary and other services for pets,Portugal,2023-08-01,3.8,2023,1.47
Veterinary and other services for pets,Portugal,2023-09-01,3.7,2023,1.47
Veterinary and other services for pets,Portugal,2023-10-01,3.8,2023,1.47
Veterinary and other services for pets,Portugal,2023-11-01,3.6,2023,1.47
Veterinary and other services for pets,Portugal,2023-12-01,3.5,2023,1.47
Veterinary and other services for pets,Portugal,2024-01-01,4.3,2024,1.78
Veterinary and other services for pets,Portugal,2024-02-01,4.2,2024,1.78
Veterinary and other services for pets,Portugal,2024-03-01,4.0,2024,1.78
Veterinary and other services for pets,Portugal,2024-04-01,3.8,2024,1.78
Veterinary and other services for pets,Portugal,2024-05-01,3.8,2024,1.78
Veterinary and other services for pets,Portugal,2024-06-01,4.1,2024,1.78
Veterinary and other services for pets,Portugal,2024-07-01,4.1,2024,1.78
Veterinary and other services for pets,Portugal,2024-08-01,4.1,2024,1.78
Veterinary and other services for pets,Portugal,2024-09-01,3.7,2024,1.78
Veterinary and other services for pets,Portugal,2024-10-01,3.3,2024,1.78
Veterinary and other services for pets,Portugal,2024-11-01,3.5,2024,1.78
Veterinary and other services for pets,Portugal,2024-12-01,3.2,2024,1.78
Veterinary and other services for pets,Portugal,2025-01-01,2.6,2025,1.72
Veterinary and other services for pets,Portugal,2025-02-01,2.4,2025,1.72
Veterinary and other services for pets,Portugal,2025-03-01,3.0,2025,1.72
Veterinary and other services for pets,Portugal,2025-04-01,3.7,2025,1.72
Veterinary and other services for pets,Portugal,2025-05-01,3.6,2025,1.72
Veterinary and other services for pets,Portugal,2025-06-01,3.7,2025,1.72
Veterinary and other services for pets,Portugal,2025-07-01,4.0,2025,1.72
Veterinary and other services for pets,Portugal,2025-08-01,3.9,2025,1.72
Veterinary and other services for pets,Portugal,2025-09-01,4.3,2025,1.72
Veterinary and other services for pets,Portugal,2025-10-01,4.3,2025,1.72
Veterinary and other services for pets,Portugal,2025-11-01,4.1,2025,1.72
Veterinary and other services for pets,Portugal,2025-12-01,4.1,2025,1.72
Books,Germany,2019-01-01,4.2,2019,5.25
Books,Germany,2019-02-01,2.0,2019,5.25
Books,Germany,2019-03-01,2.3,2019,5.25
Books,Germany,2019-04-01,3.7,2019,5.25
Books,Germany,2019-05-01,3.4,2019,5.25
Books,Germany,2019-06-01,5.4,2019,5.25
Books,Germany,2019-07-01,3.2,2019,5.25
Books,Germany,2019-08-01,1.8,2019,5.25
Books,Germany,2019-09-01,1.0,2019,5.25
Books,Germany,2019-10-01,2.3,2019,5.25
Books,Germany,2019-11-01,2.4,2019,5.25
Books,Germany,2019-12-01,4.9,2019,5.25
Books,Germany,2020-01-01,3.3,2020,5.43
Books,Germany,2020-02-01,2.9,2020,5.43
Books,Germany,2020-03-01,0.8,2020,5.43
Books,Germany,2020-04-01,0.9,2020,5.43
Books,Germany,2020-05-01,0.8,2020,5.43
Books,Germany,2020-06-01,-1.0,2020,5.43
Books,Germany,2020-07-01,-0.4,2020,5.43
Books,Germany,2020-08-01,0.2,2020,5.43
Books,Germany,2020-09-01,1.4,2020,5.43
Books,Germany,2020-10-01,-0.1,2020,5.43
Books,Germany,2020-11-01,-1.1,2020,5.43
Books,Germany,2020-12-01,-1.0,2020,5.43
Books,Germany,2021-01-01,-0.7,2021,5.6
Books,Germany,2021-02-01,1.8,2021,5.6
Books,Germany,2021-03-01,1.4,2021,5.6
Books,Germany,2021-04-01,1.5,2021,5.6
Books,Germany,2021-05-01,0.7,2021,5.6
Books,Germany,2021-06-01,1.5,2021,5.6
Books,Germany,2021-07-01,2.3,2021,5.6
Books,Germany,2021-08-01,1.9,2021,5.6
Books,Germany,2021-09-01,3.6,2021,5.6
Books,Germany,2021-10-01,2.7,2021,5.6
Books,Germany,2021-11-01,4.1,2021,5.6
Books,Germany,2021-12-01,4.0,2021,5.6
Books,Germany,2022-01-01,3.5,2022,5.27
Books,Germany,2022-02-01,1.8,2022,5.27
Books,Germany,2022-03-01,1.5,2022,5.27
Books,Germany,2022-04-01,2.4,2022,5.27
Books,Germany,2022-05-01,2.8,2022,5.27
Books,Germany,2022-06-01,4.7,2022,5.27
Books,Germany,2022-07-01,2.6,2022,5.27
Books,Germany,2022-08-01,2.9,2022,5.27
Books,Germany,2022-09-01,2.4,2022,5.27
Books,Germany,2022-10-01,3.4,2022,5.27
Books,Germany,2022-11-01,2.2,2022,5.27
Books,Germany,2022-12-01,3.9,2022,5.27
Books,Germany,2023-01-01,4.8,2023,4.23
Books,Germany,2023-02-01,5.6,2023,4.23
Books,Germany,2023-03-01,6.8,2023,4.23
Books,Germany,2023-04-01,5.3,2023,4.23
Books,Germany,2023-05-01,6.1,2023,4.23
Books,Germany,2023-06-01,5.3,2023,4.23
Books,Germany,2023-07-01,6.8,2023,4.23
Books,Germany,2023-08-01,6.9,2023,4.23
Books,Germany,2023-09-01,4.8,2023,4.23
Books,Germany,2023-10-01,5.9,2023,4.23
Books,Germany,2023-11-01,5.3,2023,4.23
Books,Germany,2023-12-01,2.4,2023,4.23
Books,Germany,2024-01-01,2.3,2024,4.04
Books,Germany,2024-02-01,7.9,2024,4.04
Books,Germany,2024-03-01,4.8,2024,4.04
Books,Germany,2024-04-01,4.6,2024,4.04
Books,Germany,2024-05-01,5.7,2024,4.04
Books,Germany,2024-06-01,2.8,2024,4.04
Books,Germany,2024-07-01,3.3,2024,4.04
Books,Germany,2024-08-01,3.4,2024,4.04
Books,Germany,2024-09-01,4.3,2024,4.04
Books,Germany,2024-10-01,4.9,2024,4.04
Books,Germany,2024-11-01,3.6,2024,4.04
Books,Germany,2024-12-01,2.3,2024,4.04
Books,Germany,2025-01-01,3.5,2025,4.03
Books,Germany,2025-02-01,-2.9,2025,4.03
Books,Germany,2025-03-01,1.5,2025,4.03
Books,Germany,2025-04-01,1.8,2025,4.03
Books,Germany,2025-05-01,-0.3,2025,4.03
Books,Germany,2025-06-01,0.8,2025,4.03
Books,Germany,2025-07-01,1.5,2025,4.03
Books,Germany,2025-08-01,1.0,2025,4.03
Books,Germany,2025-09-01,1.4,2025,4.03
Books,Germany,2025-10-01,0.6,2025,4.03
Books,Germany,2025-11-01,3.2,2025,4.03
Books,Germany,2025-12-01,4.6,2025,4.03
Books,"Euro area (EA11-1999, EA12-2001, EA13-2007, EA15-2008, EA16-2009, EA17-2011, EA18-2014, EA19-2015, EA20-2023, EA21-2026)",2019-01-01,2.1,2019,4.38
Books,"Euro area (EA11-1999, EA12-2001, EA13-2007, EA15-2008, EA16-2009, EA17-2011, EA18-2014, EA19-2015, EA20-2023, EA21-2026)",2019-02-01,1.5,2019,4.38
Books,"Euro area (EA11-1999, EA12-2001, EA13-2007, EA15-2008, EA16-2009, EA17-2011, EA18-2014, EA19-2015, EA20-2023, EA21-2026)",2019-03-01,1.5,2019,4.38
Books,"Euro area (EA11-1999, EA12-2001, EA13-2007, EA15-2008, EA16-2009, EA17-2011, EA18-2014, EA19-2015, EA20-2023, EA21-2026)",2019-04-01,2.0,2019,4.38
Books,"Euro area (EA11-1999, EA12-2001, EA13-2007, EA15-2008, EA16-2009, EA17-2011, EA18-2014, EA19-2015, EA20-2023, EA21-2026)",2019-05-01,1.9,2019,4.38
Books,"Euro area (EA11-1999, EA12-2001, EA13-2007, EA15-2008, EA16-2009, EA17-2011, EA18-2014, EA19-2015, EA20-2023, EA21-2026)",2019-06-01,2.8,2019,4.38
Books,"Euro area (EA11-1999, EA12-2001, EA13-2007, EA15-2008, EA16-2009, EA17-2011, EA18-2014, EA19-2015, EA20-2023, EA21-2026)",2019-07-01,2.1,2019,4.38
Books,"Euro area (EA11-1999, EA12-2001, EA13-2007, EA15-2008, EA16-2009, EA17-2011, EA18-2014, EA19-2015, EA20-2023, EA21-2026)",2019-08-01,1.7,2019,4.38
Books,"Euro area (EA11-1999, EA12-2001, EA13-2007, EA15-2008, EA16-2009, EA17-2011, EA18-2014, EA19-2015, EA20-2023, EA21-2026)",2019-09-01,1.0,2019,4.38
Books,"Euro area (EA11-1999, EA12-2001, EA13-2007, EA15-2008, EA16-2009, EA17-2011, EA18-2014, EA19-2015, EA20-2023, EA21-2026)",2019-10-01,1.1,2019,4.38
Books,"Euro area (EA11-1999, EA12-2001, EA13-2007, EA15-2008, EA16-2009, EA17-2011, EA18-2014, EA19-2015, EA20-2023, EA21-2026)",2019-11-01,0.9,2019,4.38
Books,"Euro area (EA11-1999, EA12-2001, EA13-2007, EA15-2008, EA16-2009, EA17-2011, EA18-2014, EA19-2015, EA20-2023, EA21-2026)",2019-12-01,1.9,2019,4.38
Books,"Euro area (EA11-1999, EA12-2001, EA13-2007, EA15-2008, EA16-2009, EA17-2011, EA18-2014, EA19-2015, EA20-2023, EA21-2026)",2020-01-01,1.3,2020,4.46
Books,"Euro area (EA11-1999, EA12-2001, EA13-2007, EA15-2008, EA16-2009, EA17-2011, EA18-2014, EA19-2015, EA20-2023, EA21-2026)",2020-02-01,0.9,2020,4.46
Books,"Euro area (EA11-1999, EA12-2001, EA13-2007, EA15-2008, EA16-2009, EA17-2011, EA18-2014, EA19-2015, EA20-2023, EA21-2026)",2020-03-01,0.4,2020,4.46
Books,"Euro area (EA11-1999, EA12-2001, EA13-2007, EA15-2008, EA16-2009, EA17-2011, EA18-2014, EA19-2015, EA20-2023, EA21-2026)",2020-04-01,0.3,2020,4.46
Books,"Euro area (EA11-1999, EA12-2001, EA13-2007, EA15-2008, EA16-2009, EA17-2011, EA18-2014, EA19-2015, EA20-2023, EA21-2026)",2020-05-01,0.4,2020,4.46
Books,"Euro area (EA11-1999, EA12-2001, EA13-2007, EA15-2008, EA16-2009, EA17-2011, EA18-2014, EA19-2015, EA20-2023, EA21-2026)",2020-06-01,-0.3,2020,4.46
Books,"Euro area (EA11-1999, EA12-2001, EA13-2007, EA15-2008, EA16-2009, EA17-2011, EA18-2014, EA19-2015, EA20-2023, EA21-2026)",2020-07-01,0.0,2020,4.46
Books,"Euro area (EA11-1999, EA12-2001, EA13-2007, EA15-2008, EA16-2009, EA17-2011, EA18-2014, EA19-2015, EA20-2023, EA21-2026)",2020-08-01,0.3,2020,4.46
Books,"Euro area (EA11-1999, EA12-2001, EA13-2007, EA15-2008, EA16-2009, EA17-2011, EA18-2014, EA19-2015, EA20-2023, EA21-2026)",2020-09-01,1.3,2020,4.46
Books,"Euro area (EA11-1999, EA12-2001, EA13-2007, EA15-2008, EA16-2009, EA17-2011, EA18-2014, EA19-2015, EA20-2023, EA21-2026)",2020-10-01,0.7,2020,4.46
Books,"Euro area (EA11-1999, EA12-2001, EA13-2007, EA15-2008, EA16-2009, EA17-2011, EA18-2014, EA19-2015, EA20-2023, EA21-2026)",2020-11-01,0.4,2020,4.46
Books,"Euro area (EA11-1999, EA12-2001, EA13-2007, EA15-2008, EA16-2009, EA17-2011, EA18-2014, EA19-2015, EA20-2023, EA21-2026)",2020-12-01,0.5,2020,4.46
Books,"Euro area (EA11-1999, EA12-2001, EA13-2007, EA15-2008, EA16-2009, EA17-2011, EA18-2014, EA19-2015, EA20-2023, EA21-2026)",2021-01-01,0.5,2021,4.59
Books,"Euro area (EA11-1999, EA12-2001, EA13-2007, EA15-2008, EA16-2009, EA17-2011, EA18-2014, EA19-2015, EA20-2023, EA21-2026)",2021-02-01,1.5,2021,4.59
Books,"Euro area (EA11-1999, EA12-2001, EA13-2007, EA15-2008, EA16-2009, EA17-2011, EA18-2014, EA19-2015, EA20-2023, EA21-2026)",2021-03-01,1.1,2021,4.59
Books,"Euro area (EA11-1999, EA12-2001, EA13-2007, EA15-2008, EA16-2009, EA17-2011, EA18-2014, EA19-2015, EA20-2023, EA21-2026)",2021-04-01,1.2,2021,4.59
Books,"Euro area (EA11-1999, EA12-2001, EA13-2007, EA15-2008, EA16-2009, EA17-2011, EA18-2014, EA19-2015, EA20-2023, EA21-2026)",2021-05-01,1.0,2021,4.59
Books,"Euro area (EA11-1999, EA12-2001, EA13-2007, EA15-2008, EA16-2009, EA17-2011, EA18-2014, EA19-2015, EA20-2023, EA21-2026)",2021-06-01,1.3,2021,4.59
Books,"Euro area (EA11-1999, EA12-2001, EA13-2007, EA15-2008, EA16-2009, EA17-2011, EA18-2014, EA19-2015, EA20-2023, EA21-2026)",2021-07-01,1.6,2021,4.59
Books,"Euro area (EA11-1999, EA12-2001, EA13-2007, EA15-2008, EA16-2009, EA17-2011, EA18-2014, EA19-2015, EA20-2023, EA21-2026)",2021-08-01,1.4,2021,4.59
Books,"Euro area (EA11-1999, EA12-2001, EA13-2007, EA15-2008, EA16-2009, EA17-2011, EA18-2014, EA19-2015, EA20-2023, EA21-2026)",2021-09-01,1.9,2021,4.59
Books,"Euro area (EA11-1999, EA12-2001, EA13-2007, EA15-2008, EA16-2009, EA17-2011, EA18-2014, EA19-2015, EA20-2023, EA21-2026)",2021-10-01,1.4,2021,4.59
Books,"Euro area (EA11-1999, EA12-2001, EA13-2007, EA15-2008, EA16-2009, EA17-2011, EA18-2014, EA19-2015, EA20-2023, EA21-2026)",2021-11-01,1.9,2021,4.59
Books,"Euro area (EA11-1999, EA12-2001, EA13-2007, EA15-2008, EA16-2009, EA17-2011, EA18-2014, EA19-2015, EA20-2023, EA21-2026)",2021-12-01,1.9,2021,4.59
Books,"Euro area (EA11-1999, EA12-2001, EA13-2007, EA15-2008, EA16-2009, EA17-2011, EA18-2014, EA19-2015, EA20-2023, EA21-2026)",2022-01-01,1.9,2022,4.51
Books,"Euro area (EA11-1999, EA12-2001, EA13-2007, EA15-2008, EA16-2009, EA17-2011, EA18-2014, EA19-2015, EA20-2023, EA21-2026)",2022-02-01,1.4,2022,4.51
Books,"Euro area (EA11-1999, EA12-2001, EA13-2007, EA15-2008, EA16-2009, EA17-2011, EA18-2014, EA19-2015, EA20-2023, EA21-2026)",2022-03-01,1.6,2022,4.51
Books,"Euro area (EA11-1999, EA12-2001, EA13-2007, EA15-2008, EA16-2009, EA17-2011, EA18-2014, EA19-2015, EA20-2023, EA21-2026)",2022-04-01,2.0,2022,4.51
Books,"Euro area (EA11-1999, EA12-2001, EA13-2007, EA15-2008, EA16-2009, EA17-2011, EA18-2014, EA19-2015, EA20-2023, EA21-2026)",2022-05-01,2.0,2022,4.51
Books,"Euro area (EA11-1999, EA12-2001, EA13-2007, EA15-2008, EA16-2009, EA17-2011, EA18-2014, EA19-2015, EA20-2023, EA21-2026)",2022-06-01,2.7,2022,4.51
Books,"Euro area (EA11-1999, EA12-2001, EA13-2007, EA15-2008, EA16-2009, EA17-2011, EA18-2014, EA19-2015, EA20-2023, EA21-2026)",2022-07-01,2.1,2022,4.51
Books,"Euro area (EA11-1999, EA12-2001, EA13-2007, EA15-2008, EA16-2009, EA17-2011, EA18-2014, EA19-2015, EA20-2023, EA21-2026)",2022-08-01,2.0,2022,4.51
Books,"Euro area (EA11-1999, EA12-2001, EA13-2007, EA15-2008, EA16-2009, EA17-2011, EA18-2014, EA19-2015, EA20-2023, EA21-2026)",2022-09-01,2.2,2022,4.51
Books,"Euro area (EA11-1999, EA12-2001, EA13-2007, EA15-2008, EA16-2009, EA17-2011, EA18-2014, EA19-2015, EA20-2023, EA21-2026)",2022-10-01,2.8,2022,4.51
Books,"Euro area (EA11-1999, EA12-2001, EA13-2007, EA15-2008, EA16-2009, EA17-2011, EA18-2014, EA19-2015, EA20-2023, EA21-2026)",2022-11-01,2.5,2022,4.51
Books,"Euro area (EA11-1999, EA12-2001, EA13-2007, EA15-2008, EA16-2009, EA17-2011, EA18-2014, EA19-2015, EA20-2023, EA21-2026)",2022-12-01,3.0,2022,4.51
Books,"Euro area (EA11-1999, EA12-2001, EA13-2007, EA15-2008, EA16-2009, EA17-2011, EA18-2014, EA19-2015, EA20-2023, EA21-2026)",2023-01-01,2.8,2023,3.96
Books,"Euro area (EA11-1999, EA12-2001, EA13-2007, EA15-2008, EA16-2009, EA17-2011, EA18-2014, EA19-2015, EA20-2023, EA21-2026)",2023-02-01,3.1,2023,3.96
Books,"Euro area (EA11-1999, EA12-2001, EA13-2007, EA15-2008, EA16-2009, EA17-2011, EA18-2014, EA19-2015, EA20-2023, EA21-2026)",2023-03-01,3.8,2023,3.96
Books,"Euro area (EA11-1999, EA12-2001, EA13-2007, EA15-2008, EA16-2009, EA17-2011, EA18-2014, EA19-2015, EA20-2023, EA21-2026)",2023-04-01,3.4,2023,3.96
Books,"Euro area (EA11-1999, EA12-2001, EA13-2007, EA15-2008, EA16-2009, EA17-2011, EA18-2014, EA19-2015, EA20-2023, EA21-2026)",2023-05-01,3.8,2023,3.96
Books,"Euro area (EA11-1999, EA12-2001, EA13-2007, EA15-2008, EA16-2009, EA17-2011, EA18-2014, EA19-2015, EA20-2023, EA21-2026)",2023-06-01,3.3,2023,3.96
Books,"Euro area (EA11-1999, EA12-2001, EA13-2007, EA15-2008, EA16-2009, EA17-2011, EA18-2014, EA19-2015, EA20-2023, EA21-2026)",2023-07-01,3.6,2023,3.96
Books,"Euro area (EA11-1999, EA12-2001, EA13-2007, EA15-2008, EA16-2009, EA17-2011, EA18-2014, EA19-2015, EA20-2023, EA21-2026)",2023-08-01,3.7,2023,3.96
Books,"Euro area (EA11-1999, EA12-2001, EA13-2007, EA15-2008, EA16-2009, EA17-2011, EA18-2014, EA19-2015, EA20-2023, EA21-2026)",2023-09-01,3.2,2023,3.96
Books,"Euro area (EA11-1999, EA12-2001, EA13-2007, EA15-2008, EA16-2009, EA17-2011, EA18-2014, EA19-2015, EA20-2023, EA21-2026)",2023-10-01,3.7,2023,3.96
Books,"Euro area (EA11-1999, EA12-2001, EA13-2007, EA15-2008, EA16-2009, EA17-2011, EA18-2014, EA19-2015, EA20-2023, EA21-2026)",2023-11-01,2.8,2023,3.96
Books,"Euro area (EA11-1999, EA12-2001, EA13-2007, EA15-2008, EA16-2009, EA17-2011, EA18-2014, EA19-2015, EA20-2023, EA21-2026)",2023-12-01,2.5,2023,3.96
Books,"Euro area (EA11-1999, EA12-2001, EA13-2007, EA15-2008, EA16-2009, EA17-2011, EA18-2014, EA19-2015, EA20-2023, EA21-2026)",2024-01-01,2.7,2024,3.85
Books,"Euro area (EA11-1999, EA12-2001, EA13-2007, EA15-2008, EA16-2009, EA17-2011, EA18-2014, EA19-2015, EA20-2023, EA21-2026)",2024-02-01,4.4,2024,3.85
Books,"Euro area (EA11-1999, EA12-2001, EA13-2007, EA15-2008, EA16-2009, EA17-2011, EA18-2014, EA19-2015, EA20-2023, EA21-2026)",2024-03-01,3.2,2024,3.85
Books,"Euro area (EA11-1999, EA12-2001, EA13-2007, EA15-2008, EA16-2009, EA17-2011, EA18-2014, EA19-2015, EA20-2023, EA21-2026)",2024-04-01,2.7,2024,3.85
Books,"Euro area (EA11-1999, EA12-2001, EA13-2007, EA15-2008, EA16-2009, EA17-2011, EA18-2014, EA19-2015, EA20-2023, EA21-2026)",2024-05-01,3.3,2024,3.85
Books,"Euro area (EA11-1999, EA12-2001, EA13-2007, EA15-2008, EA16-2009, EA17-2011, EA18-2014, EA19-2015, EA20-2023, EA21-2026)",2024-06-01,2.1,2024,3.85
Books,"Euro area (EA11-1999, EA12-2001, EA13-2007, EA15-2008, EA16-2009, EA17-2011, EA18-2014, EA19-2015, EA20-2023, EA21-2026)",2024-07-01,2.5,2024,3.85
Books,"Euro area (EA11-1999, EA12-2001, EA13-2007, EA15-2008, EA16-2009, EA17-2011, EA18-2014, EA19-2015, EA20-2023, EA21-2026)",2024-08-01,2.7,2024,3.85
Books,"Euro area (EA11-1999, EA12-2001, EA13-2007, EA15-2008, EA16-2009, EA17-2011, EA18-2014, EA19-2015, EA20-2023, EA21-2026)",2024-09-01,2.8,2024,3.85
Books,"Euro area (EA11-1999, EA12-2001, EA13-2007, EA15-2008, EA16-2009, EA17-2011, EA18-2014, EA19-2015, EA20-2023, EA21-2026)",2024-10-01,2.7,2024,3.85
Books,"Euro area (EA11-1999, EA12-2001, EA13-2007, EA15-2008, EA16-2009, EA17-2011, EA18-2014, EA19-2015, EA20-2023, EA21-2026)",2024-11-01,2.3,2024,3.85
Books,"Euro area (EA11-1999, EA12-2001, EA13-2007, EA15-2008, EA16-2009, EA17-2011, EA18-2014, EA19-2015, EA20-2023, EA21-2026)",2024-12-01,2.2,2024,3.85
Books,"Euro area (EA11-1999, EA12-2001, EA13-2007, EA15-2008, EA16-2009, EA17-2011, EA18-2014, EA19-2015, EA20-2023, EA21-2026)",2025-01-01,2.9,2025,3.74
Books,"Euro area (EA11-1999, EA12-2001, EA13-2007, EA15-2008, EA16-2009, EA17-2011, EA18-2014, EA19-2015, EA20-2023, EA21-2026)",2025-02-01,0.6,2025,3.74
Books,"Euro area (EA11-1999, EA12-2001, EA13-2007, EA15-2008, EA16-2009, EA17-2011, EA18-2014, EA19-2015, EA20-2023, EA21-2026)",2025-03-01,1.9,2025,3.74
Books,"Euro area (EA11-1999, EA12-2001, EA13-2007, EA15-2008, EA16-2009, EA17-2011, EA18-2014, EA19-2015, EA20-2023, EA21-2026)",2025-04-01,2.0,2025,3.74
Books,"Euro area (EA11-1999, EA12-2001, EA13-2007, EA15-2008, EA16-2009, EA17-2011, EA18-2014, EA19-2015, EA20-2023, EA21-2026)",2025-05-01,1.0,2025,3.74
Books,"Euro area (EA11-1999, EA12-2001, EA13-2007, EA15-2008, EA16-2009, EA17-2011, EA18-2014, EA19-2015, EA20-2023, EA21-2026)",2025-06-01,1.6,2025,3.74
Books,"Euro area (EA11-1999, EA12-2001, EA13-2007, EA15-2008, EA16-2009, EA17-2011, EA18-2014, EA19-2015, EA20-2023, EA21-2026)",2025-07-01,1.8,2025,3.74
Books,"Euro area (EA11-1999, EA12-2001, EA13-2007, EA15-2008, EA16-2009, EA17-2011, EA18-2014, EA19-2015, EA20-2023, EA21-2026)",2025-08-01,1.5,2025,3.74
Books,"Euro area (EA11-1999, EA12-2001, EA13-2007, EA15-2008, EA16-2009, EA17-2011, EA18-2014, EA19-2015, EA20-2023, EA21-2026)",2025-09-01,1.1,2025,3.74
Books,"Euro area (EA11-1999, EA12-2001, EA13-2007, EA15-2008, EA16-2009, EA17-2011, EA18-2014, EA19-2015, EA20-2023, EA21-2026)",2025-10-01,1.4,2025,3.74
Books,"Euro area (EA11-1999, EA12-2001, EA13-2007, EA15-2008, EA16-2009, EA17-2011, EA18-2014, EA19-2015, EA20-2023, EA21-2026)",2025-11-01,2.0,2025,3.74
Books,"Euro area (EA11-1999, EA12-2001, EA13-2007, EA15-2008, EA16-2009, EA17-2011, EA18-2014, EA19-2015, EA20-2023, EA21-2026)",2025-12-01,2.3,2025,3.74
Books,Spain,2019-01-01,1.5,2019,5.89
Books,Spain,2019-02-01,1.6,2019,5.89
Books,Spain,2019-03-01,2.1,2019,5.89
Books,Spain,2019-04-01,2.3,2019,5.89
Books,Spain,2019-05-01,2.3,2019,5.89
Books,Spain,2019-06-01,2.3,2019,5.89
Books,Spain,2019-07-01,2.3,2019,5.89
Books,Spain,2019-08-01,2.1,2019,5.89
Books,Spain,2019-09-01,1.6,2019,5.89
Books,Spain,2019-10-01,1.4,2019,5.89
Books,Spain,2019-11-01,1.1,2019,5.89
Books,Spain,2019-12-01,1.1,2019,5.89
Books,Spain,2020-01-01,1.4,2020,6.1
Books,Spain,2020-02-01,1.2,2020,6.1
Books,Spain,2020-03-01,1.1,2020,6.1
Books,Spain,2020-04-01,0.9,2020,6.1
Books,Spain,2020-05-01,1.2,2020,6.1
Books,Spain,2020-06-01,1.1,2020,6.1
Books,Spain,2020-07-01,0.8,2020,6.1
Books,Spain,2020-08-01,0.8,2020,6.1
Books,Spain,2020-09-01,1.0,2020,6.1
Books,Spain,2020-10-01,0.9,2020,6.1
Books,Spain,2020-11-01,1.0,2020,6.1
Books,Spain,2020-12-01,1.1,2020,6.1
Books,Spain,2021-01-01,0.9,2021,5.68
Books,Spain,2021-02-01,1.0,2021,5.68
Books,Spain,2021-03-01,1.2,2021,5.68
Books,Spain,2021-04-01,1.1,2021,5.68
Books,Spain,2021-05-01,0.8,2021,5.68
Books,Spain,2021-06-01,1.1,2021,5.68
Books,Spain,2021-07-01,1.3,2021,5.68
Books,Spain,2021-08-01,1.3,2021,5.68
Books,Spain,2021-09-01,1.0,2021,5.68
Books,Spain,2021-10-01,1.1,2021,5.68
Books,Spain,2021-11-01,0.9,2021,5.68
Books,Spain,2021-12-01,1.0,2021,5.68
Books,Spain,2022-01-01,0.9,2022,5.93
Books,Spain,2022-02-01,1.1,2022,5.93
Books,Spain,2022-03-01,1.4,2022,5.93
Books,Spain,2022-04-01,1.6,2022,5.93
Books,Spain,2022-05-01,1.5,2022,5.93
Books,Spain,2022-06-01,1.5,2022,5.93
Books,Spain,2022-07-01,1.5,2022,5.93
Books,Spain,2022-08-01,1.7,2022,5.93
Books,Spain,2022-09-01,3.4,2022,5.93
Books,Spain,2022-10-01,3.8,2022,5.93
Books,Spain,2022-11-01,4.0,2022,5.93
Books,Spain,2022-12-01,3.7,2022,5.93
Books,Spain,2023-01-01,3.7,2023,4.25
Books,Spain,2023-02-01,4.1,2023,4.25
Books,Spain,2023-03-01,3.8,2023,4.25
Books,Spain,2023-04-01,3.8,2023,4.25
Books,Spain,2023-05-01,3.9,2023,4.25
Books,Spain,2023-06-01,3.9,2023,4.25
Books,Spain,2023-07-01,4.0,2023,4.25
Books,Spain,2023-08-01,3.9,2023,4.25
Books,Spain,2023-09-01,3.4,2023,4.25
Books,Spain,2023-10-01,3.3,2023,4.25
Books,Spain,2023-11-01,2.8,2023,4.25
Books,Spain,2023-12-01,2.9,2023,4.25
Books,Spain,2024-01-01,2.9,2024,4.14
Books,Spain,2024-02-01,3.1,2024,4.14
Books,Spain,2024-03-01,3.1,2024,4.14
Books,Spain,2024-04-01,3.3,2024,4.14
Books,Spain,2024-05-01,3.4,2024,4.14
Books,Spain,2024-06-01,3.4,2024,4.14
Books,Spain,2024-07-01,3.1,2024,4.14
Books,Spain,2024-08-01,3.1,2024,4.14
Books,Spain,2024-09-01,2.3,2024,4.14
Books,Spain,2024-10-01,2.2,2024,4.14
Books,Spain,2024-11-01,2.5,2024,4.14
Books,Spain,2024-12-01,2.7,2024,4.14
Books,Spain,2025-01-01,2.8,2025,3.61
Books,Spain,2025-02-01,2.3,2025,3.61
Books,Spain,2025-03-01,2.4,2025,3.61
Books,Spain,2025-04-01,2.0,2025,3.61
Books,Spain,2025-05-01,2.1,2025,3.61
Books,Spain,2025-06-01,2.1,2025,3.61
Books,Spain,2025-07-01,2.0,2025,3.61
Books,Spain,2025-08-01,2.1,2025,3.61
Books,Spain,2025-09-01,1.8,2025,3.61
Books,Spain,2025-10-01,2.1,2025,3.61
Books,Spain,2025-11-01,2.0,2025,3.61
Books,Spain,2025-12-01,1.9,2025,3.61
Books,France,2019-01-01,1.5,2019,3.79
Books,France,2019-02-01,1.5,2019,3.79
Books,France,2019-03-01,1.2,2019,3.79
Books,France,2019-04-01,0.7,2019,3.79
Books,France,2019-05-01,0.8,2019,3.79
Books,France,2019-06-01,1.0,2019,3.79
Books,France,2019-07-01,1.4,2019,3.79
Books,France,2019-08-01,1.3,2019,3.79
Books,France,2019-09-01,1.0,2019,3.79
Books,France,2019-10-01,1.4,2019,3.79
Books,France,2019-11-01,1.1,2019,3.79
Books,France,2019-12-01,0.8,2019,3.79
Books,France,2020-01-01,0.8,2020,3.66
Books,France,2020-02-01,0.6,2020,3.66
Books,France,2020-03-01,0.6,2020,3.66
Books,France,2020-04-01,0.6,2020,3.66
Books,France,2020-05-01,0.4,2020,3.66
Books,France,2020-06-01,0.5,2020,3.66
Books,France,2020-07-01,0.6,2020,3.66
Books,France,2020-08-01,0.5,2020,3.66
Books,France,2020-09-01,1.0,2020,3.66
Books,France,2020-10-01,0.9,2020,3.66
Books,France,2020-11-01,0.8,2020,3.66
Books,France,2020-12-01,1.1,2020,3.66
Books,France,2021-01-01,0.7,2021,3.83
Books,France,2021-02-01,1.0,2021,3.83
Books,France,2021-03-01,1.0,2021,3.83
Books,France,2021-04-01,1.3,2021,3.83
Books,France,2021-05-01,1.5,2021,3.83
Books,France,2021-06-01,1.1,2021,3.83
Books,France,2021-07-01,0.9,2021,3.83
Books,France,2021-08-01,0.8,2021,3.83
Books,France,2021-09-01,0.4,2021,3.83
Books,France,2021-10-01,0.3,2021,3.83
Books,France,2021-11-01,0.7,2021,3.83
Books,France,2021-12-01,0.5,2021,3.83
Books,France,2022-01-01,0.7,2022,4.0
Books,France,2022-02-01,0.6,2022,4.0
Books,France,2022-03-01,1.2,2022,4.0
Books,France,2022-04-01,1.3,2022,4.0
Books,France,2022-05-01,1.1,2022,4.0
Books,France,2022-06-01,1.7,2022,4.0
Books,France,2022-07-01,1.5,2022,4.0
Books,France,2022-08-01,1.4,2022,4.0
Books,France,2022-09-01,2.0,2022,4.0
Books,France,2022-10-01,2.0,2022,4.0
Books,France,2022-11-01,1.9,2022,4.0
Books,France,2022-12-01,2.4,2022,4.0
Books,France,2023-01-01,2.9,2023,3.81
Books,France,2023-02-01,2.9,2023,3.81
Books,France,2023-03-01,2.8,2023,3.81
Books,France,2023-04-01,2.7,2023,3.81
Books,France,2023-05-01,2.9,2023,3.81
Books,France,2023-06-01,2.8,2023,3.81
Books,France,2023-07-01,2.7,2023,3.81
Books,France,2023-08-01,2.9,2023,3.81
Books,France,2023-09-01,2.8,2023,3.81
Books,France,2023-10-01,2.5,2023,3.81
Books,France,2023-11-01,1.8,2023,3.81
Books,France,2023-12-01,1.7,2023,3.81
Books,France,2024-01-01,2.1,2024,3.62
Books,France,2024-02-01,2.0,2024,3.62
Books,France,2024-03-01,1.5,2024,3.62
Books,France,2024-04-01,1.3,2024,3.62
Books,France,2024-05-01,1.3,2024,3.62
Books,France,2024-06-01,0.9,2024,3.62
Books,France,2024-07-01,1.4,2024,3.62
Books,France,2024-08-01,1.2,2024,3.62
Books,France,2024-09-01,1.0,2024,3.62
Books,France,2024-10-01,1.3,2024,3.62
Books,France,2024-11-01,1.5,2024,3.62
Books,France,2024-12-01,1.4,2024,3.62
Books,France,2025-01-01,1.1,2025,3.47
Books,France,2025-02-01,1.1,2025,3.47
Books,France,2025-03-01,1.2,2025,3.47
Books,France,2025-04-01,1.4,2025,3.47
Books,France,2025-05-01,0.8,2025,3.47
Books,France,2025-06-01,2.0,2025,3.47
Books,France,2025-07-01,1.3,2025,3.47
Books,France,2025-08-01,1.4,2025,3.47
Books,France,2025-09-01,1.0,2025,3.47
Books,France,2025-10-01,0.9,2025,3.47
Books,France,2025-11-01,1.3,2025,3.47
Books,France,2025-12-01,1.0,2025,3.47
Books,Italy,2019-01-01,1.2,2019,3.85
Books,Italy,2019-02-01,1.0,2019,3.85
Books,Italy,2019-03-01,0.1,2019,3.85
Books,Italy,2019-04-01,0.2,2019,3.85
Books,Italy,2019-05-01,0.6,2019,3.85
Books,Italy,2019-06-01,1.3,2019,3.85
Books,Italy,2019-07-01,1.4,2019,3.85
Books,Italy,2019-08-01,1.2,2019,3.85
Books,Italy,2019-09-01,1.4,2019,3.85
Books,Italy,2019-10-01,1.3,2019,3.85
Books,Italy,2019-11-01,0.1,2019,3.85
Books,Italy,2019-12-01,1.6,2019,3.85
Books,Italy,2020-01-01,0.7,2020,4.19
Books,Italy,2020-02-01,0.1,2020,4.19
Books,Italy,2020-03-01,1.5,2020,4.19
Books,Italy,2020-04-01,1.3,2020,4.19
Books,Italy,2020-05-01,1.6,2020,4.19
Books,Italy,2020-06-01,1.6,2020,4.19
Books,Italy,2020-07-01,1.4,2020,4.19
Books,Italy,2020-08-01,1.7,2020,4.19
Books,Italy,2020-09-01,0.5,2020,4.19
Books,Italy,2020-10-01,1.1,2020,4.19
Books,Italy,2020-11-01,1.3,2020,4.19
Books,Italy,2020-12-01,0.9,2020,4.19
Books,Italy,2021-01-01,0.9,2021,4.28
Books,Italy,2021-02-01,2.0,2021,4.28
Books,Italy,2021-03-01,1.4,2021,4.28
Books,Italy,2021-04-01,1.0,2021,4.28
Books,Italy,2021-05-01,1.0,2021,4.28
Books,Italy,2021-06-01,1.2,2021,4.28
Books,Italy,2021-07-01,1.7,2021,4.28
Books,Italy,2021-08-01,1.3,2021,4.28
Books,Italy,2021-09-01,1.3,2021,4.28
Books,Italy,2021-10-01,0.8,2021,4.28
Books,Italy,2021-11-01,0.8,2021,4.28
Books,Italy,2021-12-01,0.7,2021,4.28
Books,Italy,2022-01-01,0.8,2022,4.19
Books,Italy,2022-02-01,0.7,2022,4.19
Books,Italy,2022-03-01,-0.1,2022,4.19
Books,Italy,2022-04-01,0.6,2022,4.19
Books,Italy,2022-05-01,0.4,2022,4.19
Books,Italy,2022-06-01,0.5,2022,4.19
Books,Italy,2022-07-01,0.5,2022,4.19
Books,Italy,2022-08-01,0.6,2022,4.19
Books,Italy,2022-09-01,0.6,2022,4.19
Books,Italy,2022-10-01,0.2,2022,4.19
Books,Italy,2022-11-01,0.9,2022,4.19
Books,Italy,2022-12-01,1.0,2022,4.19
Books,Italy,2023-01-01,-1.8,2023,4.44
Books,Italy,2023-02-01,-1.8,2023,4.44
Books,Italy,2023-03-01,-1.2,2023,4.44
Books,Italy,2023-04-01,-1.7,2023,4.44
Books,Italy,2023-05-01,-1.1,2023,4.44
Books,Italy,2023-06-01,-0.8,2023,4.44
Books,Italy,2023-07-01,-1.2,2023,4.44
Books,Italy,2023-08-01,-2.4,2023,4.44
Books,Italy,2023-09-01,-0.3,2023,4.44
Books,Italy,2023-10-01,1.3,2023,4.44
Books,Italy,2023-11-01,-1.2,2023,4.44
Books,Italy,2023-12-01,1.3,2023,4.44
Books,Italy,2024-01-01,2.4,2024,4.56
Books,Italy,2024-02-01,1.7,2024,4.56
Books,Italy,2024-03-01,2.7,2024,4.56
Books,Italy,2024-04-01,2.5,2024,4.56
Books,Italy,2024-05-01,2.6,2024,4.56
Books,Italy,2024-06-01,1.7,2024,4.56
Books,Italy,2024-07-01,2.3,2024,4.56
Books,Italy,2024-08-01,3.5,2024,4.56
Books,Italy,2024-09-01,2.4,2024,4.56
Books,Italy,2024-10-01,2.2,2024,4.56
Books,Italy,2024-11-01,1.5,2024,4.56
Books,Italy,2024-12-01,2.6,2024,4.56
Books,Italy,2025-01-01,4.4,2025,3.31
Books,Italy,2025-02-01,2.9,2025,3.31
Books,Italy,2025-03-01,2.3,2025,3.31
Books,Italy,2025-04-01,1.9,2025,3.31
Books,Italy,2025-05-01,1.5,2025,3.31
Books,Italy,2025-06-01,1.8,2025,3.31
Books,Italy,2025-07-01,1.8,2025,3.31
Books,Italy,2025-08-01,1.2,2025,3.31
Books,Italy,2025-09-01,1.6,2025,3.31
Books,Italy,2025-10-01,2.0,2025,3.31
Books,Italy,2025-11-01,-0.1,2025,3.31
Books,Italy,2025-12-01,0.4,2025,3.31
Books,Portugal,2019-01-01,-12.7,2019,2.66
Books,Portugal,2019-02-01,-12.6,2019,2.66
Books,Portugal,2019-03-01,-12.7,2019,2.66
Books,Portugal,2019-04-01,-12.9,2019,2.66
Books,Portugal,2019-05-01,-12.7,2019,2.66
Books,Portugal,2019-06-01,-12.9,2019,2.66
Books,Portugal,2019-07-01,-12.7,2019,2.66
Books,Portugal,2019-08-01,-12.9,2019,2.66
Books,Portugal,2019-09-01,-47.7,2019,2.66
Books,Portugal,2019-10-01,-47.7,2019,2.66
Books,Portugal,2019-11-01,-47.9,2019,2.66
Books,Portugal,2019-12-01,-48.3,2019,2.66
Books,Portugal,2020-01-01,-48.0,2020,1.61
Books,Portugal,2020-02-01,-48.3,2020,1.61
Books,Portugal,2020-03-01,-47.7,2020,1.61
Books,Portugal,2020-04-01,-50.2,2020,1.61
Books,Portugal,2020-05-01,-50.4,2020,1.61
Books,Portugal,2020-06-01,-50.9,2020,1.61
Books,Portugal,2020-07-01,-47.8,2020,1.61
Books,Portugal,2020-08-01,-47.4,2020,1.61
Books,Portugal,2020-09-01,0.1,2020,1.61
Books,Portugal,2020-10-01,-0.2,2020,1.61
Books,Portugal,2020-11-01,0.4,2020,1.61
Books,Portugal,2020-12-01,1.2,2020,1.61
Books,Portugal,2021-01-01,1.3,2021,1.94
Books,Portugal,2021-02-01,0.0,2021,1.94
Books,Portugal,2021-03-01,-0.7,2021,1.94
Books,Portugal,2021-04-01,4.1,2021,1.94
Books,Portugal,2021-05-01,3.4,2021,1.94
Books,Portugal,2021-06-01,5.1,2021,1.94
Books,Portugal,2021-07-01,-1.4,2021,1.94
Books,Portugal,2021-08-01,-1.1,2021,1.94
Books,Portugal,2021-09-01,-0.8,2021,1.94
Books,Portugal,2021-10-01,-1.2,2021,1.94
Books,Portugal,2021-11-01,-0.7,2021,1.94
Books,Portugal,2021-12-01,-0.4,2021,1.94
Books,Portugal,2022-01-01,0.4,2022,2.24
Books,Portugal,2022-02-01,1.8,2022,2.24
Books,Portugal,2022-03-01,1.5,2022,2.24
Books,Portugal,2022-04-01,1.7,2022,2.24
Books,Portugal,2022-05-01,2.9,2022,2.24
Books,Portugal,2022-06-01,2.7,2022,2.24
Books,Portugal,2022-07-01,3.5,2022,2.24
Books,Portugal,2022-08-01,3.1,2022,2.24
Books,Portugal,2022-09-01,3.2,2022,2.24
Books,Portugal,2022-10-01,4.2,2022,2.24
Books,Portugal,2022-11-01,3.1,2022,2.24
Books,Portugal,2022-12-01,3.7,2022,2.24
Books,Portugal,2023-01-01,2.7,2023,2.64
Books,Portugal,2023-02-01,3.5,2023,2.64
Books,Portugal,2023-03-01,3.1,2023,2.64
Books,Portugal,2023-04-01,4.5,2023,2.64
Books,Portugal,2023-05-01,4.3,2023,2.64
Books,Portugal,2023-06-01,4.6,2023,2.64
Books,Portugal,2023-07-01,3.8,2023,2.64
Books,Portugal,2023-08-01,3.8,2023,2.64
Books,Portugal,2023-09-01,4.9,2023,2.64
Books,Portugal,2023-10-01,5.3,2023,2.64
Books,Portugal,2023-11-01,4.8,2023,2.64
Books,Portugal,2023-12-01,2.9,2023,2.64
Books,Portugal,2024-01-01,3.8,2024,2.26
Books,Portugal,2024-02-01,3.2,2024,2.26
Books,Portugal,2024-03-01,3.7,2024,2.26
Books,Portugal,2024-04-01,2.3,2024,2.26
Books,Portugal,2024-05-01,2.4,2024,2.26
Books,Portugal,2024-06-01,2.5,2024,2.26
Books,Portugal,2024-07-01,3.0,2024,2.26
Books,Portugal,2024-08-01,2.4,2024,2.26
Books,Portugal,2024-09-01,2.3,2024,2.26
Books,Portugal,2024-10-01,1.2,2024,2.26
Books,Portugal,2024-11-01,1.9,2024,2.26
Books,Portugal,2024-12-01,2.8,2024,2.26
Books,Portugal,2025-01-01,2.6,2025,2.9
Books,Portugal,2025-02-01,2.8,2025,2.9
Books,Portugal,2025-03-01,2.7,2025,2.9
Books,Portugal,2025-04-01,2.5,2025,2.9
Books,Portugal,2025-05-01,2.2,2025,2.9
Books,Portugal,2025-06-01,1.1,2025,2.9
Books,Portugal,2025-07-01,0.7,2025,2.9
Books,Portugal,2025-08-01,0.5,2025,2.9
Books,Portugal,2025-09-01,1.9,2025,2.9
Books,Portugal,2025-10-01,2.9,2025,2.9
Books,Portugal,2025-11-01,2.3,2025,2.9
Books,Portugal,2025-12-01,1.7,2025,2.9
"Restaurants, cafés and the like",Germany,2019-01-01,2.2,2019,38.29
"Restaurants, cafés and the like",Germany,2019-02-01,2.1,2019,38.29
"Restaurants, cafés and the like",Germany,2019-03-01,2.1,2019,38.29
"Restaurants, cafés and the like",Germany,2019-04-01,2.5,2019,38.29
"Restaurants, cafés and the like",Germany,2019-05-01,2.5,2019,38.29
"Restaurants, cafés and the like",Germany,2019-06-01,2.5,2019,38.29
"Restaurants, cafés and the like",Germany,2019-07-01,2.6,2019,38.29
"Restaurants, cafés and the like",Germany,2019-08-01,2.6,2019,38.29
"Restaurants, cafés and the like",Germany,2019-09-01,2.6,2019,38.29
"Restaurants, cafés and the like",Germany,2019-10-01,2.7,2019,38.29
"Restaurants, cafés and the like",Germany,2019-11-01,2.9,2019,38.29
"Restaurants, cafés and the like",Germany,2019-12-01,2.7,2019,38.29
"Restaurants, cafés and the like",Germany,2020-01-01,2.8,2020,39.49
"Restaurants, cafés and the like",Germany,2020-02-01,2.9,2020,39.49
"Restaurants, cafés and the like",Germany,2020-03-01,2.9,2020,39.49
"Restaurants, cafés and the like",Germany,2020-04-01,2.5,2020,39.49
"Restaurants, cafés and the like",Germany,2020-05-01,2.4,2020,39.49
"Restaurants, cafés and the like",Germany,2020-06-01,2.7,2020,39.49
"Restaurants, cafés and the like",Germany,2020-07-01,1.6,2020,39.49
"Restaurants, cafés and the like",Germany,2020-08-01,1.9,2020,39.49
"Restaurants, cafés and the like",Germany,2020-09-01,2.1,2020,39.49
"Restaurants, cafés and the like",Germany,2020-10-01,2.1,2020,39.49
"Restaurants, cafés and the like",Germany,2020-11-01,1.8,2020,39.49
"Restaurants, cafés and the like",Germany,2020-12-01,1.8,2020,39.49
"Restaurants, cafés and the like",Germany,2021-01-01,1.8,2021,28.4
"Restaurants, cafés and the like",Germany,2021-02-01,1.5,2021,28.4
"Restaurants, cafés and the like",Germany,2021-03-01,1.4,2021,28.4
"Restaurants, cafés and the like",Germany,2021-04-01,1.5,2021,28.4
"Restaurants, cafés and the like",Germany,2021-05-01,1.8,2021,28.4
"Restaurants, cafés and the like",Germany,2021-06-01,2.7,2021,28.4
"Restaurants, cafés and the like",Germany,2021-07-01,3.8,2021,28.4
"Restaurants, cafés and the like",Germany,2021-08-01,3.7,2021,28.4
"Restaurants, cafés and the like",Germany,2021-09-01,3.8,2021,28.4
"Restaurants, cafés and the like",Germany,2021-10-01,3.9,2021,28.4
"Restaurants, cafés and the like",Germany,2021-11-01,4.1,2021,28.4
"Restaurants, cafés and the like",Germany,2021-12-01,4.3,2021,28.4
"Restaurants, cafés and the like",Germany,2022-01-01,4.7,2022,27.78
"Restaurants, cafés and the like",Germany,2022-02-01,5.1,2022,27.78
"Restaurants, cafés and the like",Germany,2022-03-01,5.7,2022,27.78
"Restaurants, cafés and the like",Germany,2022-04-01,6.5,2022,27.78
"Restaurants, cafés and the like",Germany,2022-05-01,7.0,2022,27.78
"Restaurants, cafés and the like",Germany,2022-06-01,7.2,2022,27.78
"Restaurants, cafés and the like",Germany,2022-07-01,8.0,2022,27.78
"Restaurants, cafés and the like",Germany,2022-08-01,8.4,2022,27.78
"Restaurants, cafés and the like",Germany,2022-09-01,8.7,2022,27.78
"Restaurants, cafés and the like",Germany,2022-10-01,9.0,2022,27.78
"Restaurants, cafés and the like",Germany,2022-11-01,10.0,2022,27.78
"Restaurants, cafés and the like",Germany,2022-12-01,10.6,2022,27.78
"Restaurants, cafés and the like",Germany,2023-01-01,10.8,2023,49.03
"Restaurants, cafés and the like",Germany,2023-02-01,11.1,2023,49.03
"Restaurants, cafés and the like",Germany,2023-03-01,10.9,2023,49.03
"Restaurants, cafés and the like",Germany,2023-04-01,10.3,2023,49.03
"Restaurants, cafés and the like",Germany,2023-05-01,9.6,2023,49.03
"Restaurants, cafés and the like",Germany,2023-06-01,8.3,2023,49.03
"Restaurants, cafés and the like",Germany,2023-07-01,7.7,2023,49.03
"Restaurants, cafés and the like",Germany,2023-08-01,7.3,2023,49.03
"Restaurants, cafés and the like",Germany,2023-09-01,7.1,2023,49.03
"Restaurants, cafés and the like",Germany,2023-10-01,6.7,2023,49.03
"Restaurants, cafés and the like",Germany,2023-11-01,5.8,2023,49.03
"Restaurants, cafés and the like",Germany,2023-12-01,5.3,2023,49.03
"Restaurants, cafés and the like",Germany,2024-01-01,6.5,2024,48.68
"Restaurants, cafés and the like",Germany,2024-02-01,6.8,2024,48.68
"Restaurants, cafés and the like",Germany,2024-03-01,6.9,2024,48.68
"Restaurants, cafés and the like",Germany,2024-04-01,6.9,2024,48.68
"Restaurants, cafés and the like",Germany,2024-05-01,6.8,2024,48.68
"Restaurants, cafés and the like",Germany,2024-06-01,6.8,2024,48.68
"Restaurants, cafés and the like",Germany,2024-07-01,6.7,2024,48.68
"Restaurants, cafés and the like",Germany,2024-08-01,6.8,2024,48.68
"Restaurants, cafés and the like",Germany,2024-09-01,6.7,2024,48.68
"Restaurants, cafés and the like",Germany,2024-10-01,6.8,2024,48.68
"Restaurants, cafés and the like",Germany,2024-11-01,6.7,2024,48.68
"Restaurants, cafés and the like",Germany,2024-12-01,6.7,2024,48.68
"Restaurants, cafés and the like",Germany,2025-01-01,4.8,2025,50.35
"Restaurants, cafés and the like",Germany,2025-02-01,4.3,2025,50.35
"Restaurants, cafés and the like",Germany,2025-03-01,4.2,2025,50.35
"Restaurants, cafés and the like",Germany,2025-04-01,4.2,2025,50.35
"Restaurants, cafés and the like",Germany,2025-05-01,4.2,2025,50.35
"Restaurants, cafés and the like",Germany,2025-06-01,4.1,2025,50.35
"Restaurants, cafés and the like",Germany,2025-07-01,4.1,2025,50.35
"Restaurants, cafés and the like",Germany,2025-08-01,3.8,2025,50.35
"Restaurants, cafés and the like",Germany,2025-09-01,3.6,2025,50.35
"Restaurants, cafés and the like",Germany,2025-10-01,3.7,2025,50.35
"Restaurants, cafés and the like",Germany,2025-11-01,3.7,2025,50.35
"Restaurants, cafés and the like",Germany,2025-12-01,3.6,2025,50.35
"Restaurants, cafés and the like","Euro area (EA11-1999, EA12-2001, EA13-2007, EA15-2008, EA16-2009, EA17-2011, EA18-2014, EA19-2015, EA20-2023, EA21-2026)",2019-01-01,2.0,2019,72.83
"Restaurants, cafés and the like","Euro area (EA11-1999, EA12-2001, EA13-2007, EA15-2008, EA16-2009, EA17-2011, EA18-2014, EA19-2015, EA20-2023, EA21-2026)",2019-02-01,2.0,2019,72.83
"Restaurants, cafés and the like","Euro area (EA11-1999, EA12-2001, EA13-2007, EA15-2008, EA16-2009, EA17-2011, EA18-2014, EA19-2015, EA20-2023, EA21-2026)",2019-03-01,2.0,2019,72.83
"Restaurants, cafés and the like","Euro area (EA11-1999, EA12-2001, EA13-2007, EA15-2008, EA16-2009, EA17-2011, EA18-2014, EA19-2015, EA20-2023, EA21-2026)",2019-04-01,2.1,2019,72.83
"Restaurants, cafés and the like","Euro area (EA11-1999, EA12-2001, EA13-2007, EA15-2008, EA16-2009, EA17-2011, EA18-2014, EA19-2015, EA20-2023, EA21-2026)",2019-05-01,2.1,2019,72.83
"Restaurants, cafés and the like","Euro area (EA11-1999, EA12-2001, EA13-2007, EA15-2008, EA16-2009, EA17-2011, EA18-2014, EA19-2015, EA20-2023, EA21-2026)",2019-06-01,2.1,2019,72.83
"Restaurants, cafés and the like","Euro area (EA11-1999, EA12-2001, EA13-2007, EA15-2008, EA16-2009, EA17-2011, EA18-2014, EA19-2015, EA20-2023, EA21-2026)",2019-07-01,2.0,2019,72.83
"Restaurants, cafés and the like","Euro area (EA11-1999, EA12-2001, EA13-2007, EA15-2008, EA16-2009, EA17-2011, EA18-2014, EA19-2015, EA20-2023, EA21-2026)",2019-08-01,2.0,2019,72.83
"Restaurants, cafés and the like","Euro area (EA11-1999, EA12-2001, EA13-2007, EA15-2008, EA16-2009, EA17-2011, EA18-2014, EA19-2015, EA20-2023, EA21-2026)",2019-09-01,2.0,2019,72.83
"Restaurants, cafés and the like","Euro area (EA11-1999, EA12-2001, EA13-2007, EA15-2008, EA16-2009, EA17-2011, EA18-2014, EA19-2015, EA20-2023, EA21-2026)",2019-10-01,2.1,2019,72.83
"Restaurants, cafés and the like","Euro area (EA11-1999, EA12-2001, EA13-2007, EA15-2008, EA16-2009, EA17-2011, EA18-2014, EA19-2015, EA20-2023, EA21-2026)",2019-11-01,2.1,2019,72.83
"Restaurants, cafés and the like","Euro area (EA11-1999, EA12-2001, EA13-2007, EA15-2008, EA16-2009, EA17-2011, EA18-2014, EA19-2015, EA20-2023, EA21-2026)",2019-12-01,2.0,2019,72.83
"Restaurants, cafés and the like","Euro area (EA11-1999, EA12-2001, EA13-2007, EA15-2008, EA16-2009, EA17-2011, EA18-2014, EA19-2015, EA20-2023, EA21-2026)",2020-01-01,2.0,2020,73.76
"Restaurants, cafés and the like","Euro area (EA11-1999, EA12-2001, EA13-2007, EA15-2008, EA16-2009, EA17-2011, EA18-2014, EA19-2015, EA20-2023, EA21-2026)",2020-02-01,2.0,2020,73.76
"Restaurants, cafés and the like","Euro area (EA11-1999, EA12-2001, EA13-2007, EA15-2008, EA16-2009, EA17-2011, EA18-2014, EA19-2015, EA20-2023, EA21-2026)",2020-03-01,1.9,2020,73.76
"Restaurants, cafés and the like","Euro area (EA11-1999, EA12-2001, EA13-2007, EA15-2008, EA16-2009, EA17-2011, EA18-2014, EA19-2015, EA20-2023, EA21-2026)",2020-04-01,1.8,2020,73.76
"Restaurants, cafés and the like","Euro area (EA11-1999, EA12-2001, EA13-2007, EA15-2008, EA16-2009, EA17-2011, EA18-2014, EA19-2015, EA20-2023, EA21-2026)",2020-05-01,1.8,2020,73.76
"Restaurants, cafés and the like","Euro area (EA11-1999, EA12-2001, EA13-2007, EA15-2008, EA16-2009, EA17-2011, EA18-2014, EA19-2015, EA20-2023, EA21-2026)",2020-06-01,1.8,2020,73.76
"Restaurants, cafés and the like","Euro area (EA11-1999, EA12-2001, EA13-2007, EA15-2008, EA16-2009, EA17-2011, EA18-2014, EA19-2015, EA20-2023, EA21-2026)",2020-07-01,1.8,2020,73.76
"Restaurants, cafés and the like","Euro area (EA11-1999, EA12-2001, EA13-2007, EA15-2008, EA16-2009, EA17-2011, EA18-2014, EA19-2015, EA20-2023, EA21-2026)",2020-08-01,1.8,2020,73.76
"Restaurants, cafés and the like","Euro area (EA11-1999, EA12-2001, EA13-2007, EA15-2008, EA16-2009, EA17-2011, EA18-2014, EA19-2015, EA20-2023, EA21-2026)",2020-09-01,1.8,2020,73.76
"Restaurants, cafés and the like","Euro area (EA11-1999, EA12-2001, EA13-2007, EA15-2008, EA16-2009, EA17-2011, EA18-2014, EA19-2015, EA20-2023, EA21-2026)",2020-10-01,1.8,2020,73.76
"Restaurants, cafés and the like","Euro area (EA11-1999, EA12-2001, EA13-2007, EA15-2008, EA16-2009, EA17-2011, EA18-2014, EA19-2015, EA20-2023, EA21-2026)",2020-11-01,1.7,2020,73.76
"Restaurants, cafés and the like","Euro area (EA11-1999, EA12-2001, EA13-2007, EA15-2008, EA16-2009, EA17-2011, EA18-2014, EA19-2015, EA20-2023, EA21-2026)",2020-12-01,1.6,2020,73.76
"Restaurants, cafés and the like","Euro area (EA11-1999, EA12-2001, EA13-2007, EA15-2008, EA16-2009, EA17-2011, EA18-2014, EA19-2015, EA20-2023, EA21-2026)",2021-01-01,1.6,2021,57.44
"Restaurants, cafés and the like","Euro area (EA11-1999, EA12-2001, EA13-2007, EA15-2008, EA16-2009, EA17-2011, EA18-2014, EA19-2015, EA20-2023, EA21-2026)",2021-02-01,1.5,2021,57.44
"Restaurants, cafés and the like","Euro area (EA11-1999, EA12-2001, EA13-2007, EA15-2008, EA16-2009, EA17-2011, EA18-2014, EA19-2015, EA20-2023, EA21-2026)",2021-03-01,1.6,2021,57.44
"Restaurants, cafés and the like","Euro area (EA11-1999, EA12-2001, EA13-2007, EA15-2008, EA16-2009, EA17-2011, EA18-2014, EA19-2015, EA20-2023, EA21-2026)",2021-04-01,1.7,2021,57.44
"Restaurants, cafés and the like","Euro area (EA11-1999, EA12-2001, EA13-2007, EA15-2008, EA16-2009, EA17-2011, EA18-2014, EA19-2015, EA20-2023, EA21-2026)",2021-05-01,1.6,2021,57.44
"Restaurants, cafés and the like","Euro area (EA11-1999, EA12-2001, EA13-2007, EA15-2008, EA16-2009, EA17-2011, EA18-2014, EA19-2015, EA20-2023, EA21-2026)",2021-06-01,1.9,2021,57.44
"Restaurants, cafés and the like","Euro area (EA11-1999, EA12-2001, EA13-2007, EA15-2008, EA16-2009, EA17-2011, EA18-2014, EA19-2015, EA20-2023, EA21-2026)",2021-07-01,2.1,2021,57.44
"Restaurants, cafés and the like","Euro area (EA11-1999, EA12-2001, EA13-2007, EA15-2008, EA16-2009, EA17-2011, EA18-2014, EA19-2015, EA20-2023, EA21-2026)",2021-08-01,2.2,2021,57.44
"Restaurants, cafés and the like","Euro area (EA11-1999, EA12-2001, EA13-2007, EA15-2008, EA16-2009, EA17-2011, EA18-2014, EA19-2015, EA20-2023, EA21-2026)",2021-09-01,2.3,2021,57.44
"Restaurants, cafés and the like","Euro area (EA11-1999, EA12-2001, EA13-2007, EA15-2008, EA16-2009, EA17-2011, EA18-2014, EA19-2015, EA20-2023, EA21-2026)",2021-10-01,2.5,2021,57.44
"Restaurants, cafés and the like","Euro area (EA11-1999, EA12-2001, EA13-2007, EA15-2008, EA16-2009, EA17-2011, EA18-2014, EA19-2015, EA20-2023, EA21-2026)",2021-11-01,2.7,2021,57.44
"Restaurants, cafés and the like","Euro area (EA11-1999, EA12-2001, EA13-2007, EA15-2008, EA16-2009, EA17-2011, EA18-2014, EA19-2015, EA20-2023, EA21-2026)",2021-12-01,2.9,2021,57.44
"Restaurants, cafés and the like","Euro area (EA11-1999, EA12-2001, EA13-2007, EA15-2008, EA16-2009, EA17-2011, EA18-2014, EA19-2015, EA20-2023, EA21-2026)",2022-01-01,3.3,2022,60.27
"Restaurants, cafés and the like","Euro area (EA11-1999, EA12-2001, EA13-2007, EA15-2008, EA16-2009, EA17-2011, EA18-2014, EA19-2015, EA20-2023, EA21-2026)",2022-02-01,3.7,2022,60.27
"Restaurants, cafés and the like","Euro area (EA11-1999, EA12-2001, EA13-2007, EA15-2008, EA16-2009, EA17-2011, EA18-2014, EA19-2015, EA20-2023, EA21-2026)",2022-03-01,4.0,2022,60.27
"Restaurants, cafés and the like","Euro area (EA11-1999, EA12-2001, EA13-2007, EA15-2008, EA16-2009, EA17-2011, EA18-2014, EA19-2015, EA20-2023, EA21-2026)",2022-04-01,4.6,2022,60.27
"Restaurants, cafés and the like","Euro area (EA11-1999, EA12-2001, EA13-2007, EA15-2008, EA16-2009, EA17-2011, EA18-2014, EA19-2015, EA20-2023, EA21-2026)",2022-05-01,5.4,2022,60.27
"Restaurants, cafés and the like","Euro area (EA11-1999, EA12-2001, EA13-2007, EA15-2008, EA16-2009, EA17-2011, EA18-2014, EA19-2015, EA20-2023, EA21-2026)",2022-06-01,5.7,2022,60.27
"Restaurants, cafés and the like","Euro area (EA11-1999, EA12-2001, EA13-2007, EA15-2008, EA16-2009, EA17-2011, EA18-2014, EA19-2015, EA20-2023, EA21-2026)",2022-07-01,6.1,2022,60.27
"Restaurants, cafés and the like","Euro area (EA11-1999, EA12-2001, EA13-2007, EA15-2008, EA16-2009, EA17-2011, EA18-2014, EA19-2015, EA20-2023, EA21-2026)",2022-08-01,6.5,2022,60.27
"Restaurants, cafés and the like","Euro area (EA11-1999, EA12-2001, EA13-2007, EA15-2008, EA16-2009, EA17-2011, EA18-2014, EA19-2015, EA20-2023, EA21-2026)",2022-09-01,7.0,2022,60.27
"Restaurants, cafés and the like","Euro area (EA11-1999, EA12-2001, EA13-2007, EA15-2008, EA16-2009, EA17-2011, EA18-2014, EA19-2015, EA20-2023, EA21-2026)",2022-10-01,7.3,2022,60.27
"Restaurants, cafés and the like","Euro area (EA11-1999, EA12-2001, EA13-2007, EA15-2008, EA16-2009, EA17-2011, EA18-2014, EA19-2015, EA20-2023, EA21-2026)",2022-11-01,7.8,2022,60.27
"Restaurants, cafés and the like","Euro area (EA11-1999, EA12-2001, EA13-2007, EA15-2008, EA16-2009, EA17-2011, EA18-2014, EA19-2015, EA20-2023, EA21-2026)",2022-12-01,8.1,2022,60.27
"Restaurants, cafés and the like","Euro area (EA11-1999, EA12-2001, EA13-2007, EA15-2008, EA16-2009, EA17-2011, EA18-2014, EA19-2015, EA20-2023, EA21-2026)",2023-01-01,8.4,2023,76.97
"Restaurants, cafés and the like","Euro area (EA11-1999, EA12-2001, EA13-2007, EA15-2008, EA16-2009, EA17-2011, EA18-2014, EA19-2015, EA20-2023, EA21-2026)",2023-02-01,8.5,2023,76.97
"Restaurants, cafés and the like","Euro area (EA11-1999, EA12-2001, EA13-2007, EA15-2008, EA16-2009, EA17-2011, EA18-2014, EA19-2015, EA20-2023, EA21-2026)",2023-03-01,8.5,2023,76.97
"Restaurants, cafés and the like","Euro area (EA11-1999, EA12-2001, EA13-2007, EA15-2008, EA16-2009, EA17-2011, EA18-2014, EA19-2015, EA20-2023, EA21-2026)",2023-04-01,8.3,2023,76.97
"Restaurants, cafés and the like","Euro area (EA11-1999, EA12-2001, EA13-2007, EA15-2008, EA16-2009, EA17-2011, EA18-2014, EA19-2015, EA20-2023, EA21-2026)",2023-05-01,7.9,2023,76.97
"Restaurants, cafés and the like","Euro area (EA11-1999, EA12-2001, EA13-2007, EA15-2008, EA16-2009, EA17-2011, EA18-2014, EA19-2015, EA20-2023, EA21-2026)",2023-06-01,7.5,2023,76.97
"Restaurants, cafés and the like","Euro area (EA11-1999, EA12-2001, EA13-2007, EA15-2008, EA16-2009, EA17-2011, EA18-2014, EA19-2015, EA20-2023, EA21-2026)",2023-07-01,7.2,2023,76.97
"Restaurants, cafés and the like","Euro area (EA11-1999, EA12-2001, EA13-2007, EA15-2008, EA16-2009, EA17-2011, EA18-2014, EA19-2015, EA20-2023, EA21-2026)",2023-08-01,7.0,2023,76.97
"Restaurants, cafés and the like","Euro area (EA11-1999, EA12-2001, EA13-2007, EA15-2008, EA16-2009, EA17-2011, EA18-2014, EA19-2015, EA20-2023, EA21-2026)",2023-09-01,6.6,2023,76.97
"Restaurants, cafés and the like","Euro area (EA11-1999, EA12-2001, EA13-2007, EA15-2008, EA16-2009, EA17-2011, EA18-2014, EA19-2015, EA20-2023, EA21-2026)",2023-10-01,6.3,2023,76.97
"Restaurants, cafés and the like","Euro area (EA11-1999, EA12-2001, EA13-2007, EA15-2008, EA16-2009, EA17-2011, EA18-2014, EA19-2015, EA20-2023, EA21-2026)",2023-11-01,5.9,2023,76.97
"Restaurants, cafés and the like","Euro area (EA11-1999, EA12-2001, EA13-2007, EA15-2008, EA16-2009, EA17-2011, EA18-2014, EA19-2015, EA20-2023, EA21-2026)",2023-12-01,5.6,2023,76.97
"Restaurants, cafés and the like","Euro area (EA11-1999, EA12-2001, EA13-2007, EA15-2008, EA16-2009, EA17-2011, EA18-2014, EA19-2015, EA20-2023, EA21-2026)",2024-01-01,5.6,2024,82.61
"Restaurants, cafés and the like","Euro area (EA11-1999, EA12-2001, EA13-2007, EA15-2008, EA16-2009, EA17-2011, EA18-2014, EA19-2015, EA20-2023, EA21-2026)",2024-02-01,5.5,2024,82.61
"Restaurants, cafés and the like","Euro area (EA11-1999, EA12-2001, EA13-2007, EA15-2008, EA16-2009, EA17-2011, EA18-2014, EA19-2015, EA20-2023, EA21-2026)",2024-03-01,5.3,2024,82.61
"Restaurants, cafés and the like","Euro area (EA11-1999, EA12-2001, EA13-2007, EA15-2008, EA16-2009, EA17-2011, EA18-2014, EA19-2015, EA20-2023, EA21-2026)",2024-04-01,5.0,2024,82.61
"Restaurants, cafés and the like","Euro area (EA11-1999, EA12-2001, EA13-2007, EA15-2008, EA16-2009, EA17-2011, EA18-2014, EA19-2015, EA20-2023, EA21-2026)",2024-05-01,4.8,2024,82.61
"Restaurants, cafés and the like","Euro area (EA11-1999, EA12-2001, EA13-2007, EA15-2008, EA16-2009, EA17-2011, EA18-2014, EA19-2015, EA20-2023, EA21-2026)",2024-06-01,4.7,2024,82.61
"Restaurants, cafés and the like","Euro area (EA11-1999, EA12-2001, EA13-2007, EA15-2008, EA16-2009, EA17-2011, EA18-2014, EA19-2015, EA20-2023, EA21-2026)",2024-07-01,4.7,2024,82.61
"Restaurants, cafés and the like","Euro area (EA11-1999, EA12-2001, EA13-2007, EA15-2008, EA16-2009, EA17-2011, EA18-2014, EA19-2015, EA20-2023, EA21-2026)",2024-08-01,4.6,2024,82.61
"Restaurants, cafés and the like","Euro area (EA11-1999, EA12-2001, EA13-2007, EA15-2008, EA16-2009, EA17-2011, EA18-2014, EA19-2015, EA20-2023, EA21-2026)",2024-09-01,4.5,2024,82.61
"Restaurants, cafés and the like","Euro area (EA11-1999, EA12-2001, EA13-2007, EA15-2008, EA16-2009, EA17-2011, EA18-2014, EA19-2015, EA20-2023, EA21-2026)",2024-10-01,4.4,2024,82.61
"Restaurants, cafés and the like","Euro area (EA11-1999, EA12-2001, EA13-2007, EA15-2008, EA16-2009, EA17-2011, EA18-2014, EA19-2015, EA20-2023, EA21-2026)",2024-11-01,4.3,2024,82.61
"Restaurants, cafés and the like","Euro area (EA11-1999, EA12-2001, EA13-2007, EA15-2008, EA16-2009, EA17-2011, EA18-2014, EA19-2015, EA20-2023, EA21-2026)",2024-12-01,4.3,2024,82.61
"Restaurants, cafés and the like","Euro area (EA11-1999, EA12-2001, EA13-2007, EA15-2008, EA16-2009, EA17-2011, EA18-2014, EA19-2015, EA20-2023, EA21-2026)",2025-01-01,3.9,2025,83.33
"Restaurants, cafés and the like","Euro area (EA11-1999, EA12-2001, EA13-2007, EA15-2008, EA16-2009, EA17-2011, EA18-2014, EA19-2015, EA20-2023, EA21-2026)",2025-02-01,3.8,2025,83.33
"Restaurants, cafés and the like","Euro area (EA11-1999, EA12-2001, EA13-2007, EA15-2008, EA16-2009, EA17-2011, EA18-2014, EA19-2015, EA20-2023, EA21-2026)",2025-03-01,3.9,2025,83.33
"Restaurants, cafés and the like","Euro area (EA11-1999, EA12-2001, EA13-2007, EA15-2008, EA16-2009, EA17-2011, EA18-2014, EA19-2015, EA20-2023, EA21-2026)",2025-04-01,3.9,2025,83.33
"Restaurants, cafés and the like","Euro area (EA11-1999, EA12-2001, EA13-2007, EA15-2008, EA16-2009, EA17-2011, EA18-2014, EA19-2015, EA20-2023, EA21-2026)",2025-05-01,3.9,2025,83.33
"Restaurants, cafés and the like","Euro area (EA11-1999, EA12-2001, EA13-2007, EA15-2008, EA16-2009, EA17-2011, EA18-2014, EA19-2015, EA20-2023, EA21-2026)",2025-06-01,3.9,2025,83.33
"Restaurants, cafés and the like","Euro area (EA11-1999, EA12-2001, EA13-2007, EA15-2008, EA16-2009, EA17-2011, EA18-2014, EA19-2015, EA20-2023, EA21-2026)",2025-07-01,3.8,2025,83.33
"Restaurants, cafés and the like","Euro area (EA11-1999, EA12-2001, EA13-2007, EA15-2008, EA16-2009, EA17-2011, EA18-2014, EA19-2015, EA20-2023, EA21-2026)",2025-08-01,3.8,2025,83.33
"Restaurants, cafés and the like","Euro area (EA11-1999, EA12-2001, EA13-2007, EA15-2008, EA16-2009, EA17-2011, EA18-2014, EA19-2015, EA20-2023, EA21-2026)",2025-09-01,3.8,2025,83.33
"Restaurants, cafés and the like","Euro area (EA11-1999, EA12-2001, EA13-2007, EA15-2008, EA16-2009, EA17-2011, EA18-2014, EA19-2015, EA20-2023, EA21-2026)",2025-10-01,3.9,2025,83.33
"Restaurants, cafés and the like","Euro area (EA11-1999, EA12-2001, EA13-2007, EA15-2008, EA16-2009, EA17-2011, EA18-2014, EA19-2015, EA20-2023, EA21-2026)",2025-11-01,3.9,2025,83.33
"Restaurants, cafés and the like","Euro area (EA11-1999, EA12-2001, EA13-2007, EA15-2008, EA16-2009, EA17-2011, EA18-2014, EA19-2015, EA20-2023, EA21-2026)",2025-12-01,3.9,2025,83.33
"Restaurants, cafés and the like",Spain,2019-01-01,1.8,2019,120.5
"Restaurants, cafés and the like",Spain,2019-02-01,1.8,2019,120.5
"Restaurants, cafés and the like",Spain,2019-03-01,1.9,2019,120.5
"Restaurants, cafés and the like",Spain,2019-04-01,2.0,2019,120.5
"Restaurants, cafés and the like",Spain,2019-05-01,2.0,2019,120.5
"Restaurants, cafés and the like",Spain,2019-06-01,2.0,2019,120.5
"Restaurants, cafés and the like",Spain,2019-07-01,1.9,2019,120.5
"Restaurants, cafés and the like",Spain,2019-08-01,1.9,2019,120.5
"Restaurants, cafés and the like",Spain,2019-09-01,1.9,2019,120.5
"Restaurants, cafés and the like",Spain,2019-10-01,1.9,2019,120.5
"Restaurants, cafés and the like",Spain,2019-11-01,1.9,2019,120.5
"Restaurants, cafés and the like",Spain,2019-12-01,2.0,2019,120.5
"Restaurants, cafés and the like",Spain,2020-01-01,1.9,2020,113.34
"Restaurants, cafés and the like",Spain,2020-02-01,2.0,2020,113.34
"Restaurants, cafés and the like",Spain,2020-03-01,1.8,2020,113.34
"Restaurants, cafés and the like",Spain,2020-04-01,1.6,2020,113.34
"Restaurants, cafés and the like",Spain,2020-05-01,1.6,2020,113.34
"Restaurants, cafés and the like",Spain,2020-06-01,1.6,2020,113.34
"Restaurants, cafés and the like",Spain,2020-07-01,1.6,2020,113.34
"Restaurants, cafés and the like",Spain,2020-08-01,1.5,2020,113.34
"Restaurants, cafés and the like",Spain,2020-09-01,1.6,2020,113.34
"Restaurants, cafés and the like",Spain,2020-10-01,1.6,2020,113.34
"Restaurants, cafés and the like",Spain,2020-11-01,1.4,2020,113.34
"Restaurants, cafés and the like",Spain,2020-12-01,1.4,2020,113.34
"Restaurants, cafés and the like",Spain,2021-01-01,1.3,2021,113.41
"Restaurants, cafés and the like",Spain,2021-02-01,1.2,2021,113.41
"Restaurants, cafés and the like",Spain,2021-03-01,1.2,2021,113.41
"Restaurants, cafés and the like",Spain,2021-04-01,1.3,2021,113.41
"Restaurants, cafés and the like",Spain,2021-05-01,1.2,2021,113.41
"Restaurants, cafés and the like",Spain,2021-06-01,1.2,2021,113.41
"Restaurants, cafés and the like",Spain,2021-07-01,1.3,2021,113.41
"Restaurants, cafés and the like",Spain,2021-08-01,1.4,2021,113.41
"Restaurants, cafés and the like",Spain,2021-09-01,1.4,2021,113.41
"Restaurants, cafés and the like",Spain,2021-10-01,1.6,2021,113.41
"Restaurants, cafés and the like",Spain,2021-11-01,1.9,2021,113.41
"Restaurants, cafés and the like",Spain,2021-12-01,2.2,2021,113.41
"Restaurants, cafés and the like",Spain,2022-01-01,2.6,2022,117.46
"Restaurants, cafés and the like",Spain,2022-02-01,3.2,2022,117.46
"Restaurants, cafés and the like",Spain,2022-03-01,3.7,2022,117.46
"Restaurants, cafés and the like",Spain,2022-04-01,4.3,2022,117.46
"Restaurants, cafés and the like",Spain,2022-05-01,5.0,2022,117.46
"Restaurants, cafés and the like",Spain,2022-06-01,5.7,2022,117.46
"Restaurants, cafés and the like",Spain,2022-07-01,6.2,2022,117.46
"Restaurants, cafés and the like",Spain,2022-08-01,6.4,2022,117.46
"Restaurants, cafés and the like",Spain,2022-09-01,6.9,2022,117.46
"Restaurants, cafés and the like",Spain,2022-10-01,7.3,2022,117.46
"Restaurants, cafés and the like",Spain,2022-11-01,7.5,2022,117.46
"Restaurants, cafés and the like",Spain,2022-12-01,7.8,2022,117.46
"Restaurants, cafés and the like",Spain,2023-01-01,7.9,2023,122.91
"Restaurants, cafés and the like",Spain,2023-02-01,7.6,2023,122.91
"Restaurants, cafés and the like",Spain,2023-03-01,7.6,2023,122.91
"Restaurants, cafés and the like",Spain,2023-04-01,7.4,2023,122.91
"Restaurants, cafés and the like",Spain,2023-05-01,7.1,2023,122.91
"Restaurants, cafés and the like",Spain,2023-06-01,6.8,2023,122.91
"Restaurants, cafés and the like",Spain,2023-07-01,6.5,2023,122.91
"Restaurants, cafés and the like",Spain,2023-08-01,6.5,2023,122.91
"Restaurants, cafés and the like",Spain,2023-09-01,6.1,2023,122.91
"Restaurants, cafés and the like",Spain,2023-10-01,6.0,2023,122.91
"Restaurants, cafés and the like",Spain,2023-11-01,5.7,2023,122.91
"Restaurants, cafés and the like",Spain,2023-12-01,5.4,2023,122.91
"Restaurants, cafés and the like",Spain,2024-01-01,5.3,2024,129.57
"Restaurants, cafés and the like",Spain,2024-02-01,5.3,2024,129.57
"Restaurants, cafés and the like",Spain,2024-03-01,5.3,2024,129.57
"Restaurants, cafés and the like",Spain,2024-04-01,5.1,2024,129.57
"Restaurants, cafés and the like",Spain,2024-05-01,4.9,2024,129.57
"Restaurants, cafés and the like",Spain,2024-06-01,4.7,2024,129.57
"Restaurants, cafés and the like",Spain,2024-07-01,4.6,2024,129.57
"Restaurants, cafés and the like",Spain,2024-08-01,4.5,2024,129.57
"Restaurants, cafés and the like",Spain,2024-09-01,4.4,2024,129.57
"Restaurants, cafés and the like",Spain,2024-10-01,4.2,2024,129.57
"Restaurants, cafés and the like",Spain,2024-11-01,4.1,2024,129.57
"Restaurants, cafés and the like",Spain,2024-12-01,4.1,2024,129.57
"Restaurants, cafés and the like",Spain,2025-01-01,4.1,2025,136.58
"Restaurants, cafés and the like",Spain,2025-02-01,4.0,2025,136.58
"Restaurants, cafés and the like",Spain,2025-03-01,4.0,2025,136.58
"Restaurants, cafés and the like",Spain,2025-04-01,4.0,2025,136.58
"Restaurants, cafés and the like",Spain,2025-05-01,4.0,2025,136.58
"Restaurants, cafés and the like",Spain,2025-06-01,4.1,2025,136.58
"Restaurants, cafés and the like",Spain,2025-07-01,4.0,2025,136.58
"Restaurants, cafés and the like",Spain,2025-08-01,4.1,2025,136.58
"Restaurants, cafés and the like",Spain,2025-09-01,4.2,2025,136.58
"Restaurants, cafés and the like",Spain,2025-10-01,4.2,2025,136.58
"Restaurants, cafés and the like",Spain,2025-11-01,4.2,2025,136.58
"Restaurants, cafés and the like",Spain,2025-12-01,4.3,2025,136.58
"Restaurants, cafés and the like",France,2019-01-01,1.7,2019,57.05
"Restaurants, cafés and the like",France,2019-02-01,1.6,2019,57.05
"Restaurants, cafés and the like",France,2019-03-01,1.6,2019,57.05
"Restaurants, cafés and the like",France,2019-04-01,1.6,2019,57.05
"Restaurants, cafés and the like",France,2019-05-01,1.5,2019,57.05
"Restaurants, cafés and the like",France,2019-06-01,1.3,2019,57.05
"Restaurants, cafés and the like",France,2019-07-01,1.3,2019,57.05
"Restaurants, cafés and the like",France,2019-08-01,1.4,2019,57.05
"Restaurants, cafés and the like",France,2019-09-01,1.4,2019,57.05
"Restaurants, cafés and the like",France,2019-10-01,1.4,2019,57.05
"Restaurants, cafés and the like",France,2019-11-01,1.4,2019,57.05
"Restaurants, cafés and the like",France,2019-12-01,1.5,2019,57.05
"Restaurants, cafés and the like",France,2020-01-01,1.6,2020,58.55
"Restaurants, cafés and the like",France,2020-02-01,1.7,2020,58.55
"Restaurants, cafés and the like",France,2020-03-01,1.7,2020,58.55
"Restaurants, cafés and the like",France,2020-04-01,1.4,2020,58.55
"Restaurants, cafés and the like",France,2020-05-01,2.3,2020,58.55
"Restaurants, cafés and the like",France,2020-06-01,1.8,2020,58.55
"Restaurants, cafés and the like",France,2020-07-01,1.9,2020,58.55
"Restaurants, cafés and the like",France,2020-08-01,1.8,2020,58.55
"Restaurants, cafés and the like",France,2020-09-01,1.6,2020,58.55
"Restaurants, cafés and the like",France,2020-10-01,1.6,2020,58.55
"Restaurants, cafés and the like",France,2020-11-01,1.3,2020,58.55
"Restaurants, cafés and the like",France,2020-12-01,1.3,2020,58.55
"Restaurants, cafés and the like",France,2021-01-01,1.4,2021,45.84
"Restaurants, cafés and the like",France,2021-02-01,1.4,2021,45.84
"Restaurants, cafés and the like",France,2021-03-01,1.8,2021,45.84
"Restaurants, cafés and the like",France,2021-04-01,2.1,2021,45.84
"Restaurants, cafés and the like",France,2021-05-01,-0.1,2021,45.84
"Restaurants, cafés and the like",France,2021-06-01,1.3,2021,45.84
"Restaurants, cafés and the like",France,2021-07-01,1.3,2021,45.84
"Restaurants, cafés and the like",France,2021-08-01,1.3,2021,45.84
"Restaurants, cafés and the like",France,2021-09-01,1.4,2021,45.84
"Restaurants, cafés and the like",France,2021-10-01,1.6,2021,45.84
"Restaurants, cafés and the like",France,2021-11-01,1.8,2021,45.84
"Restaurants, cafés and the like",France,2021-12-01,2.0,2021,45.84
"Restaurants, cafés and the like",France,2022-01-01,2.0,2022,48.34
"Restaurants, cafés and the like",France,2022-02-01,2.1,2022,48.34
"Restaurants, cafés and the like",France,2022-03-01,1.8,2022,48.34
"Restaurants, cafés and the like",France,2022-04-01,2.1,2022,48.34
"Restaurants, cafés and the like",France,2022-05-01,4.3,2022,48.34
"Restaurants, cafés and the like",France,2022-06-01,3.9,2022,48.34
"Restaurants, cafés and the like",France,2022-07-01,4.2,2022,48.34
"Restaurants, cafés and the like",France,2022-08-01,4.7,2022,48.34
"Restaurants, cafés and the like",France,2022-09-01,4.9,2022,48.34
"Restaurants, cafés and the like",France,2022-10-01,5.0,2022,48.34
"Restaurants, cafés and the like",France,2022-11-01,5.3,2022,48.34
"Restaurants, cafés and the like",France,2022-12-01,5.5,2022,48.34
"Restaurants, cafés and the like",France,2023-01-01,5.8,2023,65.48
"Restaurants, cafés and the like",France,2023-02-01,6.1,2023,65.48
"Restaurants, cafés and the like",France,2023-03-01,6.4,2023,65.48
"Restaurants, cafés and the like",France,2023-04-01,6.6,2023,65.48
"Restaurants, cafés and the like",France,2023-05-01,6.4,2023,65.48
"Restaurants, cafés and the like",France,2023-06-01,6.1,2023,65.48
"Restaurants, cafés and the like",France,2023-07-01,5.9,2023,65.48
"Restaurants, cafés and the like",France,2023-08-01,5.6,2023,65.48
"Restaurants, cafés and the like",France,2023-09-01,5.4,2023,65.48
"Restaurants, cafés and the like",France,2023-10-01,5.3,2023,65.48
"Restaurants, cafés and the like",France,2023-11-01,5.1,2023,65.48
"Restaurants, cafés and the like",France,2023-12-01,5.0,2023,65.48
"Restaurants, cafés and the like",France,2024-01-01,4.8,2024,75.36
"Restaurants, cafés and the like",France,2024-02-01,4.4,2024,75.36
"Restaurants, cafés and the like",France,2024-03-01,3.9,2024,75.36
"Restaurants, cafés and the like",France,2024-04-01,3.6,2024,75.36
"Restaurants, cafés and the like",France,2024-05-01,3.1,2024,75.36
"Restaurants, cafés and the like",France,2024-06-01,2.9,2024,75.36
"Restaurants, cafés and the like",France,2024-07-01,2.9,2024,75.36
"Restaurants, cafés and the like",France,2024-08-01,2.8,2024,75.36
"Restaurants, cafés and the like",France,2024-09-01,2.8,2024,75.36
"Restaurants, cafés and the like",France,2024-10-01,2.7,2024,75.36
"Restaurants, cafés and the like",France,2024-11-01,2.5,2024,75.36
"Restaurants, cafés and the like",France,2024-12-01,2.4,2024,75.36
"Restaurants, cafés and the like",France,2025-01-01,2.2,2025,75.71
"Restaurants, cafés and the like",France,2025-02-01,2.2,2025,75.71
"Restaurants, cafés and the like",France,2025-03-01,2.2,2025,75.71
"Restaurants, cafés and the like",France,2025-04-01,2.1,2025,75.71
"Restaurants, cafés and the like",France,2025-05-01,2.2,2025,75.71
"Restaurants, cafés and the like",France,2025-06-01,2.2,2025,75.71
"Restaurants, cafés and the like",France,2025-07-01,2.0,2025,75.71
"Restaurants, cafés and the like",France,2025-08-01,2.0,2025,75.71
"Restaurants, cafés and the like",France,2025-09-01,2.2,2025,75.71
"Restaurants, cafés and the like",France,2025-10-01,2.1,2025,75.71
"Restaurants, cafés and the like",France,2025-11-01,2.3,2025,75.71
"Restaurants, cafés and the like",France,2025-12-01,2.2,2025,75.71
"Restaurants, cafés and the like",Italy,2019-01-01,1.5,2019,92.85
"Restaurants, cafés and the like",Italy,2019-02-01,1.5,2019,92.85
"Restaurants, cafés and the like",Italy,2019-03-01,1.4,2019,92.85
"Restaurants, cafés and the like",Italy,2019-04-01,1.5,2019,92.85
"Restaurants, cafés and the like",Italy,2019-05-01,1.5,2019,92.85
"Restaurants, cafés and the like",Italy,2019-06-01,1.4,2019,92.85
"Restaurants, cafés and the like",Italy,2019-07-01,1.4,2019,92.85
"Restaurants, cafés and the like",Italy,2019-08-01,1.4,2019,92.85
"Restaurants, cafés and the like",Italy,2019-09-01,1.4,2019,92.85
"Restaurants, cafés and the like",Italy,2019-10-01,1.4,2019,92.85
"Restaurants, cafés and the like",Italy,2019-11-01,1.4,2019,92.85
"Restaurants, cafés and the like",Italy,2019-12-01,1.3,2019,92.85
"Restaurants, cafés and the like",Italy,2020-01-01,1.3,2020,94.21
"Restaurants, cafés and the like",Italy,2020-02-01,1.3,2020,94.21
"Restaurants, cafés and the like",Italy,2020-03-01,1.3,2020,94.21
"Restaurants, cafés and the like",Italy,2020-04-01,1.1,2020,94.21
"Restaurants, cafés and the like",Italy,2020-05-01,1.0,2020,94.21
"Restaurants, cafés and the like",Italy,2020-06-01,1.2,2020,94.21
"Restaurants, cafés and the like",Italy,2020-07-01,1.2,2020,94.21
"Restaurants, cafés and the like",Italy,2020-08-01,1.2,2020,94.21
"Restaurants, cafés and the like",Italy,2020-09-01,1.2,2020,94.21
"Restaurants, cafés and the like",Italy,2020-10-01,1.2,2020,94.21
"Restaurants, cafés and the like",Italy,2020-11-01,1.0,2020,94.21
"Restaurants, cafés and the like",Italy,2020-12-01,1.1,2020,94.21
"Restaurants, cafés and the like",Italy,2021-01-01,1.3,2021,68.56
"Restaurants, cafés and the like",Italy,2021-02-01,1.3,2021,68.56
"Restaurants, cafés and the like",Italy,2021-03-01,1.2,2021,68.56
"Restaurants, cafés and the like",Italy,2021-04-01,1.3,2021,68.56
"Restaurants, cafés and the like",Italy,2021-05-01,1.7,2021,68.56
"Restaurants, cafés and the like",Italy,2021-06-01,2.0,2021,68.56
"Restaurants, cafés and the like",Italy,2021-07-01,2.1,2021,68.56
"Restaurants, cafés and the like",Italy,2021-08-01,2.2,2021,68.56
"Restaurants, cafés and the like",Italy,2021-09-01,2.2,2021,68.56
"Restaurants, cafés and the like",Italy,2021-10-01,2.3,2021,68.56
"Restaurants, cafés and the like",Italy,2021-11-01,2.4,2021,68.56
"Restaurants, cafés and the like",Italy,2021-12-01,2.8,2021,68.56
"Restaurants, cafés and the like",Italy,2022-01-01,2.8,2022,77.88
"Restaurants, cafés and the like",Italy,2022-02-01,3.3,2022,77.88
"Restaurants, cafés and the like",Italy,2022-03-01,3.8,2022,77.88
"Restaurants, cafés and the like",Italy,2022-04-01,4.3,2022,77.88
"Restaurants, cafés and the like",Italy,2022-05-01,4.6,2022,77.88
"Restaurants, cafés and the like",Italy,2022-06-01,4.6,2022,77.88
"Restaurants, cafés and the like",Italy,2022-07-01,5.0,2022,77.88
"Restaurants, cafés and the like",Italy,2022-08-01,5.1,2022,77.88
"Restaurants, cafés and the like",Italy,2022-09-01,6.1,2022,77.88
"Restaurants, cafés and the like",Italy,2022-10-01,6.6,2022,77.88
"Restaurants, cafés and the like",Italy,2022-11-01,7.4,2022,77.88
"Restaurants, cafés and the like",Italy,2022-12-01,7.4,2022,77.88
"Restaurants, cafés and the like",Italy,2023-01-01,7.5,2023,89.93
"Restaurants, cafés and the like",Italy,2023-02-01,7.4,2023,89.93
"Restaurants, cafés and the like",Italy,2023-03-01,7.3,2023,89.93
"Restaurants, cafés and the like",Italy,2023-04-01,7.1,2023,89.93
"Restaurants, cafés and the like",Italy,2023-05-01,6.6,2023,89.93
"Restaurants, cafés and the like",Italy,2023-06-01,6.3,2023,89.93
"Restaurants, cafés and the like",Italy,2023-07-01,6.1,2023,89.93
"Restaurants, cafés and the like",Italy,2023-08-01,5.9,2023,89.93
"Restaurants, cafés and the like",Italy,2023-09-01,5.3,2023,89.93
"Restaurants, cafés and the like",Italy,2023-10-01,4.8,2023,89.93
"Restaurants, cafés and the like",Italy,2023-11-01,4.3,2023,89.93
"Restaurants, cafés and the like",Italy,2023-12-01,3.9,2023,89.93
"Restaurants, cafés and the like",Italy,2024-01-01,3.8,2024,92.32
"Restaurants, cafés and the like",Italy,2024-02-01,3.6,2024,92.32
"Restaurants, cafés and the like",Italy,2024-03-01,3.3,2024,92.32
"Restaurants, cafés and the like",Italy,2024-04-01,3.3,2024,92.32
"Restaurants, cafés and the like",Italy,2024-05-01,3.2,2024,92.32
"Restaurants, cafés and the like",Italy,2024-06-01,3.2,2024,92.32
"Restaurants, cafés and the like",Italy,2024-07-01,3.2,2024,92.32
"Restaurants, cafés and the like",Italy,2024-08-01,3.2,2024,92.32
"Restaurants, cafés and the like",Italy,2024-09-01,3.0,2024,92.32
"Restaurants, cafés and the like",Italy,2024-10-01,3.0,2024,92.32
"Restaurants, cafés and the like",Italy,2024-11-01,2.8,2024,92.32
"Restaurants, cafés and the like",Italy,2024-12-01,2.9,2024,92.32
"Restaurants, cafés and the like",Italy,2025-01-01,2.9,2025,91.92
"Restaurants, cafés and the like",Italy,2025-02-01,2.9,2025,91.92
"Restaurants, cafés and the like",Italy,2025-03-01,3.2,2025,91.92
"Restaurants, cafés and the like",Italy,2025-04-01,3.2,2025,91.92
"Restaurants, cafés and the like",Italy,2025-05-01,3.1,2025,91.92
"Restaurants, cafés and the like",Italy,2025-06-01,3.3,2025,91.92
"Restaurants, cafés and the like",Italy,2025-07-01,3.1,2025,91.92
"Restaurants, cafés and the like",Italy,2025-08-01,3.1,2025,91.92
"Restaurants, cafés and the like",Italy,2025-09-01,3.4,2025,91.92
"Restaurants, cafés and the like",Italy,2025-10-01,3.4,2025,91.92
"Restaurants, cafés and the like",Italy,2025-11-01,3.5,2025,91.92
"Restaurants, cafés and the like",Italy,2025-12-01,3.5,2025,91.92
"Restaurants, cafés and the like",Portugal,2019-01-01,1.8,2019,92.98
"Restaurants, cafés and the like",Portugal,2019-02-01,1.9,2019,92.98
"Restaurants, cafés and the like",Portugal,2019-03-01,2.3,2019,92.98
"Restaurants, cafés and the like",Portugal,2019-04-01,2.4,2019,92.98
"Restaurants, cafés and the like",Portugal,2019-05-01,2.1,2019,92.98
"Restaurants, cafés and the like",Portugal,2019-06-01,2.0,2019,92.98
"Restaurants, cafés and the like",Portugal,2019-07-01,2.1,2019,92.98
"Restaurants, cafés and the like",Portugal,2019-08-01,2.2,2019,92.98
"Restaurants, cafés and the like",Portugal,2019-09-01,2.2,2019,92.98
"Restaurants, cafés and the like",Portugal,2019-10-01,2.3,2019,92.98
"Restaurants, cafés and the like",Portugal,2019-11-01,2.1,2019,92.98
"Restaurants, cafés and the like",Portugal,2019-12-01,2.1,2019,92.98
"Restaurants, cafés and the like",Portugal,2020-01-01,2.3,2020,97.37
"Restaurants, cafés and the like",Portugal,2020-02-01,2.3,2020,97.37
"Restaurants, cafés and the like",Portugal,2020-03-01,2.2,2020,97.37
"Restaurants, cafés and the like",Portugal,2020-04-01,2.9,2020,97.37
"Restaurants, cafés and the like",Portugal,2020-05-01,2.8,2020,97.37
"Restaurants, cafés and the like",Portugal,2020-06-01,2.6,2020,97.37
"Restaurants, cafés and the like",Portugal,2020-07-01,2.5,2020,97.37
"Restaurants, cafés and the like",Portugal,2020-08-01,2.4,2020,97.37
"Restaurants, cafés and the like",Portugal,2020-09-01,2.4,2020,97.37
"Restaurants, cafés and the like",Portugal,2020-10-01,2.3,2020,97.37
"Restaurants, cafés and the like",Portugal,2020-11-01,2.1,2020,97.37
"Restaurants, cafés and the like",Portugal,2020-12-01,2.0,2020,97.37
"Restaurants, cafés and the like",Portugal,2021-01-01,1.6,2021,70.12
"Restaurants, cafés and the like",Portugal,2021-02-01,1.4,2021,70.12
"Restaurants, cafés and the like",Portugal,2021-03-01,1.3,2021,70.12
"Restaurants, cafés and the like",Portugal,2021-04-01,1.4,2021,70.12
"Restaurants, cafés and the like",Portugal,2021-05-01,1.4,2021,70.12
"Restaurants, cafés and the like",Portugal,2021-06-01,1.6,2021,70.12
"Restaurants, cafés and the like",Portugal,2021-07-01,1.9,2021,70.12
"Restaurants, cafés and the like",Portugal,2021-08-01,2.0,2021,70.12
"Restaurants, cafés and the like",Portugal,2021-09-01,2.2,2021,70.12
"Restaurants, cafés and the like",Portugal,2021-10-01,2.3,2021,70.12
"Restaurants, cafés and the like",Portugal,2021-11-01,2.7,2021,70.12
"Restaurants, cafés and the like",Portugal,2021-12-01,3.0,2021,70.12
"Restaurants, cafés and the like",Portugal,2022-01-01,4.1,2022,73.56
"Restaurants, cafés and the like",Portugal,2022-02-01,5.0,2022,73.56
"Restaurants, cafés and the like",Portugal,2022-03-01,5.7,2022,73.56
"Restaurants, cafés and the like",Portugal,2022-04-01,5.6,2022,73.56
"Restaurants, cafés and the like",Portugal,2022-05-01,6.4,2022,73.56
"Restaurants, cafés and the like",Portugal,2022-06-01,7.0,2022,73.56
"Restaurants, cafés and the like",Portugal,2022-07-01,7.6,2022,73.56
"Restaurants, cafés and the like",Portugal,2022-08-01,8.0,2022,73.56
"Restaurants, cafés and the like",Portugal,2022-09-01,8.7,2022,73.56
"Restaurants, cafés and the like",Portugal,2022-10-01,9.7,2022,73.56
"Restaurants, cafés and the like",Portugal,2022-11-01,9.9,2022,73.56
"Restaurants, cafés and the like",Portugal,2022-12-01,10.0,2022,73.56
"Restaurants, cafés and the like",Portugal,2023-01-01,10.5,2023,92.5
"Restaurants, cafés and the like",Portugal,2023-02-01,10.4,2023,92.5
"Restaurants, cafés and the like",Portugal,2023-03-01,10.4,2023,92.5
"Restaurants, cafés and the like",Portugal,2023-04-01,10.3,2023,92.5
"Restaurants, cafés and the like",Portugal,2023-05-01,9.7,2023,92.5
"Restaurants, cafés and the like",Portugal,2023-06-01,9.5,2023,92.5
"Restaurants, cafés and the like",Portugal,2023-07-01,9.3,2023,92.5
"Restaurants, cafés and the like",Portugal,2023-08-01,8.9,2023,92.5
"Restaurants, cafés and the like",Portugal,2023-09-01,8.3,2023,92.5
"Restaurants, cafés and the like",Portugal,2023-10-01,7.2,2023,92.5
"Restaurants, cafés and the like",Portugal,2023-11-01,7.0,2023,92.5
"Restaurants, cafés and the like",Portugal,2023-12-01,6.8,2023,92.5
"Restaurants, cafés and the like",Portugal,2024-01-01,6.6,2024,117.43
"Restaurants, cafés and the like",Portugal,2024-02-01,6.3,2024,117.43
"Restaurants, cafés and the like",Portugal,2024-03-01,6.3,2024,117.43
"Restaurants, cafés and the like",Portugal,2024-04-01,6.0,2024,117.43
"Restaurants, cafés and the like",Portugal,2024-05-01,6.0,2024,117.43
"Restaurants, cafés and the like",Portugal,2024-06-01,5.9,2024,117.43
"Restaurants, cafés and the like",Portugal,2024-07-01,5.3,2024,117.43
"Restaurants, cafés and the like",Portugal,2024-08-01,5.5,2024,117.43
"Restaurants, cafés and the like",Portugal,2024-09-01,5.5,2024,117.43
"Restaurants, cafés and the like",Portugal,2024-10-01,5.5,2024,117.43
"Restaurants, cafés and the like",Portugal,2024-11-01,5.5,2024,117.43
"Restaurants, cafés and the like",Portugal,2024-12-01,5.6,2024,117.43
"Restaurants, cafés and the like",Portugal,2025-01-01,5.7,2025,100.12
"Restaurants, cafés and the like",Portugal,2025-02-01,5.9,2025,100.12
"Restaurants, cafés and the like",Portugal,2025-03-01,5.9,2025,100.12
"Restaurants, cafés and the like",Portugal,2025-04-01,5.8,2025,100.12
"Restaurants, cafés and the like",Portugal,2025-05-01,6.1,2025,100.12
"Restaurants, cafés and the like",Portugal,2025-06-01,6.1,2025,100.12
"Restaurants, cafés and the like",Portugal,2025-07-01,6.3,2025,100.12
"Restaurants, cafés and the like",Portugal,2025-08-01,6.3,2025,100.12
"Restaurants, cafés and the like",Portugal,2025-09-01,6.4,2025,100.12
"Restaurants, cafés and the like",Portugal,2025-10-01,6.6,2025,100.12
"Restaurants, cafés and the like",Portugal,2025-11-01,6.9,2025,100.12
"Restaurants, cafés and the like",Portugal,2025-12-01,6.8,2025,100.12
Hairdressing salons and personal grooming establishments,Germany,2019-01-01,2.8,2019,12.34
Hairdressing salons and personal grooming establishments,Germany,2019-02-01,2.7,2019,12.34
Hairdressing salons and personal grooming establishments,Germany,2019-03-01,2.8,2019,12.34
Hairdressing salons and personal grooming establishments,Germany,2019-04-01,3.0,2019,12.34
Hairdressing salons and personal grooming establishments,Germany,2019-05-01,3.1,2019,12.34
Hairdressing salons and personal grooming establishments,Germany,2019-06-01,3.0,2019,12.34
Hairdressing salons and personal grooming establishments,Germany,2019-07-01,3.1,2019,12.34
Hairdressing salons and personal grooming establishments,Germany,2019-08-01,3.1,2019,12.34
Hairdressing salons and personal grooming establishments,Germany,2019-09-01,3.3,2019,12.34
Hairdressing salons and personal grooming establishments,Germany,2019-10-01,3.0,2019,12.34
Hairdressing salons and personal grooming establishments,Germany,2019-11-01,2.9,2019,12.34
Hairdressing salons and personal grooming establishments,Germany,2019-12-01,2.9,2019,12.34
Hairdressing salons and personal grooming establishments,Germany,2020-01-01,2.8,2020,12.2
Hairdressing salons and personal grooming establishments,Germany,2020-02-01,2.8,2020,12.2
Hairdressing salons and personal grooming establishments,Germany,2020-03-01,2.8,2020,12.2
Hairdressing salons and personal grooming establishments,Germany,2020-04-01,2.3,2020,12.2
Hairdressing salons and personal grooming establishments,Germany,2020-05-01,4.3,2020,12.2
Hairdressing salons and personal grooming establishments,Germany,2020-06-01,5.1,2020,12.2
Hairdressing salons and personal grooming establishments,Germany,2020-07-01,4.9,2020,12.2
Hairdressing salons and personal grooming establishments,Germany,2020-08-01,4.8,2020,12.2
Hairdressing salons and personal grooming establishments,Germany,2020-09-01,4.8,2020,12.2
Hairdressing salons and personal grooming establishments,Germany,2020-10-01,4.9,2020,12.2
Hairdressing salons and personal grooming establishments,Germany,2020-11-01,5.0,2020,12.2
Hairdressing salons and personal grooming establishments,Germany,2020-12-01,5.1,2020,12.2
Hairdressing salons and personal grooming establishments,Germany,2021-01-01,4.6,2021,12.34
Hairdressing salons and personal grooming establishments,Germany,2021-02-01,4.4,2021,12.34
Hairdressing salons and personal grooming establishments,Germany,2021-03-01,5.8,2021,12.34
Hairdressing salons and personal grooming establishments,Germany,2021-04-01,6.0,2021,12.34
Hairdressing salons and personal grooming establishments,Germany,2021-05-01,4.1,2021,12.34
Hairdressing salons and personal grooming establishments,Germany,2021-06-01,3.2,2021,12.34
Hairdressing salons and personal grooming establishments,Germany,2021-07-01,3.2,2021,12.34
Hairdressing salons and personal grooming establishments,Germany,2021-08-01,3.2,2021,12.34
Hairdressing salons and personal grooming establishments,Germany,2021-09-01,3.3,2021,12.34
Hairdressing salons and personal grooming establishments,Germany,2021-10-01,3.5,2021,12.34
Hairdressing salons and personal grooming establishments,Germany,2021-11-01,3.6,2021,12.34
Hairdressing salons and personal grooming establishments,Germany,2021-12-01,3.7,2021,12.34
Hairdressing salons and personal grooming establishments,Germany,2022-01-01,4.3,2022,11.41
Hairdressing salons and personal grooming establishments,Germany,2022-02-01,4.6,2022,11.41
Hairdressing salons and personal grooming establishments,Germany,2022-03-01,3.5,2022,11.41
Hairdressing salons and personal grooming establishments,Germany,2022-04-01,3.8,2022,11.41
Hairdressing salons and personal grooming establishments,Germany,2022-05-01,3.9,2022,11.41
Hairdressing salons and personal grooming establishments,Germany,2022-06-01,4.2,2022,11.41
Hairdressing salons and personal grooming establishments,Germany,2022-07-01,4.9,2022,11.41
Hairdressing salons and personal grooming establishments,Germany,2022-08-01,5.2,2022,11.41
Hairdressing salons and personal grooming establishments,Germany,2022-09-01,5.5,2022,11.41
Hairdressing salons and personal grooming establishments,Germany,2022-10-01,6.5,2022,11.41
Hairdressing salons and personal grooming establishments,Germany,2022-11-01,7.4,2022,11.41
Hairdressing salons and personal grooming establishments,Germany,2022-12-01,7.4,2022,11.41
Hairdressing salons and personal grooming establishments,Germany,2023-01-01,7.6,2023,11.1
Hairdressing salons and personal grooming establishments,Germany,2023-02-01,7.8,2023,11.1
Hairdressing salons and personal grooming establishments,Germany,2023-03-01,7.8,2023,11.1
Hairdressing salons and personal grooming establishments,Germany,2023-04-01,7.6,2023,11.1
Hairdressing salons and personal grooming establishments,Germany,2023-05-01,7.4,2023,11.1
Hairdressing salons and personal grooming establishments,Germany,2023-06-01,7.3,2023,11.1
Hairdressing salons and personal grooming establishments,Germany,2023-07-01,6.8,2023,11.1
Hairdressing salons and personal grooming establishments,Germany,2023-08-01,6.8,2023,11.1
Hairdressing salons and personal grooming establishments,Germany,2023-09-01,6.2,2023,11.1
Hairdressing salons and personal grooming establishments,Germany,2023-10-01,5.2,2023,11.1
Hairdressing salons and personal grooming establishments,Germany,2023-11-01,4.7,2023,11.1
Hairdressing salons and personal grooming establishments,Germany,2023-12-01,4.7,2023,11.1
Hairdressing salons and personal grooming establishments,Germany,2024-01-01,4.5,2024,11.45
Hairdressing salons and personal grooming establishments,Germany,2024-02-01,4.2,2024,11.45
Hairdressing salons and personal grooming establishments,Germany,2024-03-01,4.2,2024,11.45
Hairdressing salons and personal grooming establishments,Germany,2024-04-01,4.2,2024,11.45
Hairdressing salons and personal grooming establishments,Germany,2024-05-01,4.1,2024,11.45
Hairdressing salons and personal grooming establishments,Germany,2024-06-01,4.0,2024,11.45
Hairdressing salons and personal grooming establishments,Germany,2024-07-01,3.9,2024,11.45
Hairdressing salons and personal grooming establishments,Germany,2024-08-01,3.7,2024,11.45
Hairdressing salons and personal grooming establishments,Germany,2024-09-01,3.8,2024,11.45
Hairdressing salons and personal grooming establishments,Germany,2024-10-01,3.6,2024,11.45
Hairdressing salons and personal grooming establishments,Germany,2024-11-01,3.3,2024,11.45
Hairdressing salons and personal grooming establishments,Germany,2024-12-01,3.0,2024,11.45
Hairdressing salons and personal grooming establishments,Germany,2025-01-01,2.8,2025,11.34
Hairdressing salons and personal grooming establishments,Germany,2025-02-01,3.1,2025,11.34
Hairdressing salons and personal grooming establishments,Germany,2025-03-01,2.9,2025,11.34
Hairdressing salons and personal grooming establishments,Germany,2025-04-01,2.9,2025,11.34
Hairdressing salons and personal grooming establishments,Germany,2025-05-01,3.0,2025,11.34
Hairdressing salons and personal grooming establishments,Germany,2025-06-01,3.0,2025,11.34
Hairdressing salons and personal grooming establishments,Germany,2025-07-01,3.0,2025,11.34
Hairdressing salons and personal grooming establishments,Germany,2025-08-01,3.1,2025,11.34
Hairdressing salons and personal grooming establishments,Germany,2025-09-01,3.2,2025,11.34
Hairdressing salons and personal grooming establishments,Germany,2025-10-01,3.0,2025,11.34
Hairdressing salons and personal grooming establishments,Germany,2025-11-01,3.0,2025,11.34
Hairdressing salons and personal grooming establishments,Germany,2025-12-01,3.3,2025,11.34
Hairdressing salons and personal grooming establishments,"Euro area (EA11-1999, EA12-2001, EA13-2007, EA15-2008, EA16-2009, EA17-2011, EA18-2014, EA19-2015, EA20-2023, EA21-2026)",2019-01-01,1.8,2019,12.22
Hairdressing salons and personal grooming establishments,"Euro area (EA11-1999, EA12-2001, EA13-2007, EA15-2008, EA16-2009, EA17-2011, EA18-2014, EA19-2015, EA20-2023, EA21-2026)",2019-02-01,1.9,2019,12.22
Hairdressing salons and personal grooming establishments,"Euro area (EA11-1999, EA12-2001, EA13-2007, EA15-2008, EA16-2009, EA17-2011, EA18-2014, EA19-2015, EA20-2023, EA21-2026)",2019-03-01,1.9,2019,12.22
Hairdressing salons and personal grooming establishments,"Euro area (EA11-1999, EA12-2001, EA13-2007, EA15-2008, EA16-2009, EA17-2011, EA18-2014, EA19-2015, EA20-2023, EA21-2026)",2019-04-01,2.0,2019,12.22
Hairdressing salons and personal grooming establishments,"Euro area (EA11-1999, EA12-2001, EA13-2007, EA15-2008, EA16-2009, EA17-2011, EA18-2014, EA19-2015, EA20-2023, EA21-2026)",2019-05-01,2.0,2019,12.22
Hairdressing salons and personal grooming establishments,"Euro area (EA11-1999, EA12-2001, EA13-2007, EA15-2008, EA16-2009, EA17-2011, EA18-2014, EA19-2015, EA20-2023, EA21-2026)",2019-06-01,2.0,2019,12.22
Hairdressing salons and personal grooming establishments,"Euro area (EA11-1999, EA12-2001, EA13-2007, EA15-2008, EA16-2009, EA17-2011, EA18-2014, EA19-2015, EA20-2023, EA21-2026)",2019-07-01,2.0,2019,12.22
Hairdressing salons and personal grooming establishments,"Euro area (EA11-1999, EA12-2001, EA13-2007, EA15-2008, EA16-2009, EA17-2011, EA18-2014, EA19-2015, EA20-2023, EA21-2026)",2019-08-01,2.1,2019,12.22
Hairdressing salons and personal grooming establishments,"Euro area (EA11-1999, EA12-2001, EA13-2007, EA15-2008, EA16-2009, EA17-2011, EA18-2014, EA19-2015, EA20-2023, EA21-2026)",2019-09-01,2.1,2019,12.22
Hairdressing salons and personal grooming establishments,"Euro area (EA11-1999, EA12-2001, EA13-2007, EA15-2008, EA16-2009, EA17-2011, EA18-2014, EA19-2015, EA20-2023, EA21-2026)",2019-10-01,2.0,2019,12.22
Hairdressing salons and personal grooming establishments,"Euro area (EA11-1999, EA12-2001, EA13-2007, EA15-2008, EA16-2009, EA17-2011, EA18-2014, EA19-2015, EA20-2023, EA21-2026)",2019-11-01,2.0,2019,12.22
Hairdressing salons and personal grooming establishments,"Euro area (EA11-1999, EA12-2001, EA13-2007, EA15-2008, EA16-2009, EA17-2011, EA18-2014, EA19-2015, EA20-2023, EA21-2026)",2019-12-01,2.0,2019,12.22
Hairdressing salons and personal grooming establishments,"Euro area (EA11-1999, EA12-2001, EA13-2007, EA15-2008, EA16-2009, EA17-2011, EA18-2014, EA19-2015, EA20-2023, EA21-2026)",2020-01-01,2.0,2020,12.41
Hairdressing salons and personal grooming establishments,"Euro area (EA11-1999, EA12-2001, EA13-2007, EA15-2008, EA16-2009, EA17-2011, EA18-2014, EA19-2015, EA20-2023, EA21-2026)",2020-02-01,1.9,2020,12.41
Hairdressing salons and personal grooming establishments,"Euro area (EA11-1999, EA12-2001, EA13-2007, EA15-2008, EA16-2009, EA17-2011, EA18-2014, EA19-2015, EA20-2023, EA21-2026)",2020-03-01,1.9,2020,12.41
Hairdressing salons and personal grooming establishments,"Euro area (EA11-1999, EA12-2001, EA13-2007, EA15-2008, EA16-2009, EA17-2011, EA18-2014, EA19-2015, EA20-2023, EA21-2026)",2020-04-01,1.7,2020,12.41
Hairdressing salons and personal grooming establishments,"Euro area (EA11-1999, EA12-2001, EA13-2007, EA15-2008, EA16-2009, EA17-2011, EA18-2014, EA19-2015, EA20-2023, EA21-2026)",2020-05-01,2.7,2020,12.41
Hairdressing salons and personal grooming establishments,"Euro area (EA11-1999, EA12-2001, EA13-2007, EA15-2008, EA16-2009, EA17-2011, EA18-2014, EA19-2015, EA20-2023, EA21-2026)",2020-06-01,3.2,2020,12.41
Hairdressing salons and personal grooming establishments,"Euro area (EA11-1999, EA12-2001, EA13-2007, EA15-2008, EA16-2009, EA17-2011, EA18-2014, EA19-2015, EA20-2023, EA21-2026)",2020-07-01,3.4,2020,12.41
Hairdressing salons and personal grooming establishments,"Euro area (EA11-1999, EA12-2001, EA13-2007, EA15-2008, EA16-2009, EA17-2011, EA18-2014, EA19-2015, EA20-2023, EA21-2026)",2020-08-01,3.3,2020,12.41
Hairdressing salons and personal grooming establishments,"Euro area (EA11-1999, EA12-2001, EA13-2007, EA15-2008, EA16-2009, EA17-2011, EA18-2014, EA19-2015, EA20-2023, EA21-2026)",2020-09-01,3.3,2020,12.41
Hairdressing salons and personal grooming establishments,"Euro area (EA11-1999, EA12-2001, EA13-2007, EA15-2008, EA16-2009, EA17-2011, EA18-2014, EA19-2015, EA20-2023, EA21-2026)",2020-10-01,3.3,2020,12.41
Hairdressing salons and personal grooming establishments,"Euro area (EA11-1999, EA12-2001, EA13-2007, EA15-2008, EA16-2009, EA17-2011, EA18-2014, EA19-2015, EA20-2023, EA21-2026)",2020-11-01,3.3,2020,12.41
Hairdressing salons and personal grooming establishments,"Euro area (EA11-1999, EA12-2001, EA13-2007, EA15-2008, EA16-2009, EA17-2011, EA18-2014, EA19-2015, EA20-2023, EA21-2026)",2020-12-01,3.3,2020,12.41
Hairdressing salons and personal grooming establishments,"Euro area (EA11-1999, EA12-2001, EA13-2007, EA15-2008, EA16-2009, EA17-2011, EA18-2014, EA19-2015, EA20-2023, EA21-2026)",2021-01-01,3.1,2021,12.0
Hairdressing salons and personal grooming establishments,"Euro area (EA11-1999, EA12-2001, EA13-2007, EA15-2008, EA16-2009, EA17-2011, EA18-2014, EA19-2015, EA20-2023, EA21-2026)",2021-02-01,3.0,2021,12.0
Hairdressing salons and personal grooming establishments,"Euro area (EA11-1999, EA12-2001, EA13-2007, EA15-2008, EA16-2009, EA17-2011, EA18-2014, EA19-2015, EA20-2023, EA21-2026)",2021-03-01,3.6,2021,12.0
Hairdressing salons and personal grooming establishments,"Euro area (EA11-1999, EA12-2001, EA13-2007, EA15-2008, EA16-2009, EA17-2011, EA18-2014, EA19-2015, EA20-2023, EA21-2026)",2021-04-01,3.7,2021,12.0
Hairdressing salons and personal grooming establishments,"Euro area (EA11-1999, EA12-2001, EA13-2007, EA15-2008, EA16-2009, EA17-2011, EA18-2014, EA19-2015, EA20-2023, EA21-2026)",2021-05-01,2.7,2021,12.0
Hairdressing salons and personal grooming establishments,"Euro area (EA11-1999, EA12-2001, EA13-2007, EA15-2008, EA16-2009, EA17-2011, EA18-2014, EA19-2015, EA20-2023, EA21-2026)",2021-06-01,2.2,2021,12.0
Hairdressing salons and personal grooming establishments,"Euro area (EA11-1999, EA12-2001, EA13-2007, EA15-2008, EA16-2009, EA17-2011, EA18-2014, EA19-2015, EA20-2023, EA21-2026)",2021-07-01,2.1,2021,12.0
Hairdressing salons and personal grooming establishments,"Euro area (EA11-1999, EA12-2001, EA13-2007, EA15-2008, EA16-2009, EA17-2011, EA18-2014, EA19-2015, EA20-2023, EA21-2026)",2021-08-01,2.1,2021,12.0
Hairdressing salons and personal grooming establishments,"Euro area (EA11-1999, EA12-2001, EA13-2007, EA15-2008, EA16-2009, EA17-2011, EA18-2014, EA19-2015, EA20-2023, EA21-2026)",2021-09-01,2.1,2021,12.0
Hairdressing salons and personal grooming establishments,"Euro area (EA11-1999, EA12-2001, EA13-2007, EA15-2008, EA16-2009, EA17-2011, EA18-2014, EA19-2015, EA20-2023, EA21-2026)",2021-10-01,2.2,2021,12.0
Hairdressing salons and personal grooming establishments,"Euro area (EA11-1999, EA12-2001, EA13-2007, EA15-2008, EA16-2009, EA17-2011, EA18-2014, EA19-2015, EA20-2023, EA21-2026)",2021-11-01,2.3,2021,12.0
Hairdressing salons and personal grooming establishments,"Euro area (EA11-1999, EA12-2001, EA13-2007, EA15-2008, EA16-2009, EA17-2011, EA18-2014, EA19-2015, EA20-2023, EA21-2026)",2021-12-01,2.4,2021,12.0
Hairdressing salons and personal grooming establishments,"Euro area (EA11-1999, EA12-2001, EA13-2007, EA15-2008, EA16-2009, EA17-2011, EA18-2014, EA19-2015, EA20-2023, EA21-2026)",2022-01-01,2.7,2022,11.88
Hairdressing salons and personal grooming establishments,"Euro area (EA11-1999, EA12-2001, EA13-2007, EA15-2008, EA16-2009, EA17-2011, EA18-2014, EA19-2015, EA20-2023, EA21-2026)",2022-02-01,3.0,2022,11.88
Hairdressing salons and personal grooming establishments,"Euro area (EA11-1999, EA12-2001, EA13-2007, EA15-2008, EA16-2009, EA17-2011, EA18-2014, EA19-2015, EA20-2023, EA21-2026)",2022-03-01,2.7,2022,11.88
Hairdressing salons and personal grooming establishments,"Euro area (EA11-1999, EA12-2001, EA13-2007, EA15-2008, EA16-2009, EA17-2011, EA18-2014, EA19-2015, EA20-2023, EA21-2026)",2022-04-01,2.9,2022,11.88
Hairdressing salons and personal grooming establishments,"Euro area (EA11-1999, EA12-2001, EA13-2007, EA15-2008, EA16-2009, EA17-2011, EA18-2014, EA19-2015, EA20-2023, EA21-2026)",2022-05-01,3.1,2022,11.88
Hairdressing salons and personal grooming establishments,"Euro area (EA11-1999, EA12-2001, EA13-2007, EA15-2008, EA16-2009, EA17-2011, EA18-2014, EA19-2015, EA20-2023, EA21-2026)",2022-06-01,3.3,2022,11.88
Hairdressing salons and personal grooming establishments,"Euro area (EA11-1999, EA12-2001, EA13-2007, EA15-2008, EA16-2009, EA17-2011, EA18-2014, EA19-2015, EA20-2023, EA21-2026)",2022-07-01,3.5,2022,11.88
Hairdressing salons and personal grooming establishments,"Euro area (EA11-1999, EA12-2001, EA13-2007, EA15-2008, EA16-2009, EA17-2011, EA18-2014, EA19-2015, EA20-2023, EA21-2026)",2022-08-01,3.8,2022,11.88
Hairdressing salons and personal grooming establishments,"Euro area (EA11-1999, EA12-2001, EA13-2007, EA15-2008, EA16-2009, EA17-2011, EA18-2014, EA19-2015, EA20-2023, EA21-2026)",2022-09-01,4.0,2022,11.88
Hairdressing salons and personal grooming establishments,"Euro area (EA11-1999, EA12-2001, EA13-2007, EA15-2008, EA16-2009, EA17-2011, EA18-2014, EA19-2015, EA20-2023, EA21-2026)",2022-10-01,4.4,2022,11.88
Hairdressing salons and personal grooming establishments,"Euro area (EA11-1999, EA12-2001, EA13-2007, EA15-2008, EA16-2009, EA17-2011, EA18-2014, EA19-2015, EA20-2023, EA21-2026)",2022-11-01,4.7,2022,11.88
Hairdressing salons and personal grooming establishments,"Euro area (EA11-1999, EA12-2001, EA13-2007, EA15-2008, EA16-2009, EA17-2011, EA18-2014, EA19-2015, EA20-2023, EA21-2026)",2022-12-01,4.9,2022,11.88
Hairdressing salons and personal grooming establishments,"Euro area (EA11-1999, EA12-2001, EA13-2007, EA15-2008, EA16-2009, EA17-2011, EA18-2014, EA19-2015, EA20-2023, EA21-2026)",2023-01-01,5.1,2023,11.28
Hairdressing salons and personal grooming establishments,"Euro area (EA11-1999, EA12-2001, EA13-2007, EA15-2008, EA16-2009, EA17-2011, EA18-2014, EA19-2015, EA20-2023, EA21-2026)",2023-02-01,5.3,2023,11.28
Hairdressing salons and personal grooming establishments,"Euro area (EA11-1999, EA12-2001, EA13-2007, EA15-2008, EA16-2009, EA17-2011, EA18-2014, EA19-2015, EA20-2023, EA21-2026)",2023-03-01,5.3,2023,11.28
Hairdressing salons and personal grooming establishments,"Euro area (EA11-1999, EA12-2001, EA13-2007, EA15-2008, EA16-2009, EA17-2011, EA18-2014, EA19-2015, EA20-2023, EA21-2026)",2023-04-01,5.2,2023,11.28
Hairdressing salons and personal grooming establishments,"Euro area (EA11-1999, EA12-2001, EA13-2007, EA15-2008, EA16-2009, EA17-2011, EA18-2014, EA19-2015, EA20-2023, EA21-2026)",2023-05-01,5.2,2023,11.28
Hairdressing salons and personal grooming establishments,"Euro area (EA11-1999, EA12-2001, EA13-2007, EA15-2008, EA16-2009, EA17-2011, EA18-2014, EA19-2015, EA20-2023, EA21-2026)",2023-06-01,5.1,2023,11.28
Hairdressing salons and personal grooming establishments,"Euro area (EA11-1999, EA12-2001, EA13-2007, EA15-2008, EA16-2009, EA17-2011, EA18-2014, EA19-2015, EA20-2023, EA21-2026)",2023-07-01,5.0,2023,11.28
Hairdressing salons and personal grooming establishments,"Euro area (EA11-1999, EA12-2001, EA13-2007, EA15-2008, EA16-2009, EA17-2011, EA18-2014, EA19-2015, EA20-2023, EA21-2026)",2023-08-01,5.0,2023,11.28
Hairdressing salons and personal grooming establishments,"Euro area (EA11-1999, EA12-2001, EA13-2007, EA15-2008, EA16-2009, EA17-2011, EA18-2014, EA19-2015, EA20-2023, EA21-2026)",2023-09-01,4.8,2023,11.28
Hairdressing salons and personal grooming establishments,"Euro area (EA11-1999, EA12-2001, EA13-2007, EA15-2008, EA16-2009, EA17-2011, EA18-2014, EA19-2015, EA20-2023, EA21-2026)",2023-10-01,4.4,2023,11.28
Hairdressing salons and personal grooming establishments,"Euro area (EA11-1999, EA12-2001, EA13-2007, EA15-2008, EA16-2009, EA17-2011, EA18-2014, EA19-2015, EA20-2023, EA21-2026)",2023-11-01,4.2,2023,11.28
Hairdressing salons and personal grooming establishments,"Euro area (EA11-1999, EA12-2001, EA13-2007, EA15-2008, EA16-2009, EA17-2011, EA18-2014, EA19-2015, EA20-2023, EA21-2026)",2023-12-01,4.1,2023,11.28
Hairdressing salons and personal grooming establishments,"Euro area (EA11-1999, EA12-2001, EA13-2007, EA15-2008, EA16-2009, EA17-2011, EA18-2014, EA19-2015, EA20-2023, EA21-2026)",2024-01-01,3.9,2024,12.37
Hairdressing salons and personal grooming establishments,"Euro area (EA11-1999, EA12-2001, EA13-2007, EA15-2008, EA16-2009, EA17-2011, EA18-2014, EA19-2015, EA20-2023, EA21-2026)",2024-02-01,3.8,2024,12.37
Hairdressing salons and personal grooming establishments,"Euro area (EA11-1999, EA12-2001, EA13-2007, EA15-2008, EA16-2009, EA17-2011, EA18-2014, EA19-2015, EA20-2023, EA21-2026)",2024-03-01,3.9,2024,12.37
Hairdressing salons and personal grooming establishments,"Euro area (EA11-1999, EA12-2001, EA13-2007, EA15-2008, EA16-2009, EA17-2011, EA18-2014, EA19-2015, EA20-2023, EA21-2026)",2024-04-01,3.8,2024,12.37
Hairdressing salons and personal grooming establishments,"Euro area (EA11-1999, EA12-2001, EA13-2007, EA15-2008, EA16-2009, EA17-2011, EA18-2014, EA19-2015, EA20-2023, EA21-2026)",2024-05-01,3.8,2024,12.37
Hairdressing salons and personal grooming establishments,"Euro area (EA11-1999, EA12-2001, EA13-2007, EA15-2008, EA16-2009, EA17-2011, EA18-2014, EA19-2015, EA20-2023, EA21-2026)",2024-06-01,3.7,2024,12.37
Hairdressing salons and personal grooming establishments,"Euro area (EA11-1999, EA12-2001, EA13-2007, EA15-2008, EA16-2009, EA17-2011, EA18-2014, EA19-2015, EA20-2023, EA21-2026)",2024-07-01,3.7,2024,12.37
Hairdressing salons and personal grooming establishments,"Euro area (EA11-1999, EA12-2001, EA13-2007, EA15-2008, EA16-2009, EA17-2011, EA18-2014, EA19-2015, EA20-2023, EA21-2026)",2024-08-01,3.5,2024,12.37
Hairdressing salons and personal grooming establishments,"Euro area (EA11-1999, EA12-2001, EA13-2007, EA15-2008, EA16-2009, EA17-2011, EA18-2014, EA19-2015, EA20-2023, EA21-2026)",2024-09-01,3.6,2024,12.37
Hairdressing salons and personal grooming establishments,"Euro area (EA11-1999, EA12-2001, EA13-2007, EA15-2008, EA16-2009, EA17-2011, EA18-2014, EA19-2015, EA20-2023, EA21-2026)",2024-10-01,3.5,2024,12.37
Hairdressing salons and personal grooming establishments,"Euro area (EA11-1999, EA12-2001, EA13-2007, EA15-2008, EA16-2009, EA17-2011, EA18-2014, EA19-2015, EA20-2023, EA21-2026)",2024-11-01,3.4,2024,12.37
Hairdressing salons and personal grooming establishments,"Euro area (EA11-1999, EA12-2001, EA13-2007, EA15-2008, EA16-2009, EA17-2011, EA18-2014, EA19-2015, EA20-2023, EA21-2026)",2024-12-01,3.2,2024,12.37
Hairdressing salons and personal grooming establishments,"Euro area (EA11-1999, EA12-2001, EA13-2007, EA15-2008, EA16-2009, EA17-2011, EA18-2014, EA19-2015, EA20-2023, EA21-2026)",2025-01-01,3.2,2025,12.29
Hairdressing salons and personal grooming establishments,"Euro area (EA11-1999, EA12-2001, EA13-2007, EA15-2008, EA16-2009, EA17-2011, EA18-2014, EA19-2015, EA20-2023, EA21-2026)",2025-02-01,3.2,2025,12.29
Hairdressing salons and personal grooming establishments,"Euro area (EA11-1999, EA12-2001, EA13-2007, EA15-2008, EA16-2009, EA17-2011, EA18-2014, EA19-2015, EA20-2023, EA21-2026)",2025-03-01,3.1,2025,12.29
Hairdressing salons and personal grooming establishments,"Euro area (EA11-1999, EA12-2001, EA13-2007, EA15-2008, EA16-2009, EA17-2011, EA18-2014, EA19-2015, EA20-2023, EA21-2026)",2025-04-01,3.1,2025,12.29
Hairdressing salons and personal grooming establishments,"Euro area (EA11-1999, EA12-2001, EA13-2007, EA15-2008, EA16-2009, EA17-2011, EA18-2014, EA19-2015, EA20-2023, EA21-2026)",2025-05-01,3.2,2025,12.29
Hairdressing salons and personal grooming establishments,"Euro area (EA11-1999, EA12-2001, EA13-2007, EA15-2008, EA16-2009, EA17-2011, EA18-2014, EA19-2015, EA20-2023, EA21-2026)",2025-06-01,3.2,2025,12.29
Hairdressing salons and personal grooming establishments,"Euro area (EA11-1999, EA12-2001, EA13-2007, EA15-2008, EA16-2009, EA17-2011, EA18-2014, EA19-2015, EA20-2023, EA21-2026)",2025-07-01,3.1,2025,12.29
Hairdressing salons and personal grooming establishments,"Euro area (EA11-1999, EA12-2001, EA13-2007, EA15-2008, EA16-2009, EA17-2011, EA18-2014, EA19-2015, EA20-2023, EA21-2026)",2025-08-01,3.1,2025,12.29
Hairdressing salons and personal grooming establishments,"Euro area (EA11-1999, EA12-2001, EA13-2007, EA15-2008, EA16-2009, EA17-2011, EA18-2014, EA19-2015, EA20-2023, EA21-2026)",2025-09-01,3.1,2025,12.29
Hairdressing salons and personal grooming establishments,"Euro area (EA11-1999, EA12-2001, EA13-2007, EA15-2008, EA16-2009, EA17-2011, EA18-2014, EA19-2015, EA20-2023, EA21-2026)",2025-10-01,3.1,2025,12.29
Hairdressing salons and personal grooming establishments,"Euro area (EA11-1999, EA12-2001, EA13-2007, EA15-2008, EA16-2009, EA17-2011, EA18-2014, EA19-2015, EA20-2023, EA21-2026)",2025-11-01,3.2,2025,12.29
Hairdressing salons and personal grooming establishments,"Euro area (EA11-1999, EA12-2001, EA13-2007, EA15-2008, EA16-2009, EA17-2011, EA18-2014, EA19-2015, EA20-2023, EA21-2026)",2025-12-01,3.3,2025,12.29
Hairdressing salons and personal grooming establishments,Spain,2019-01-01,1.2,2019,13.27
Hairdressing salons and personal grooming establishments,Spain,2019-02-01,1.3,2019,13.27
Hairdressing salons and personal grooming establishments,Spain,2019-03-01,1.3,2019,13.27
Hairdressing salons and personal grooming establishments,Spain,2019-04-01,1.4,2019,13.27
Hairdressing salons and personal grooming establishments,Spain,2019-05-01,1.4,2019,13.27
Hairdressing salons and personal grooming establishments,Spain,2019-06-01,1.4,2019,13.27
Hairdressing salons and personal grooming establishments,Spain,2019-07-01,1.4,2019,13.27
Hairdressing salons and personal grooming establishments,Spain,2019-08-01,1.5,2019,13.27
Hairdressing salons and personal grooming establishments,Spain,2019-09-01,1.4,2019,13.27
Hairdressing salons and personal grooming establishments,Spain,2019-10-01,1.5,2019,13.27
Hairdressing salons and personal grooming establishments,Spain,2019-11-01,1.4,2019,13.27
Hairdressing salons and personal grooming establishments,Spain,2019-12-01,1.3,2019,13.27
Hairdressing salons and personal grooming establishments,Spain,2020-01-01,1.3,2020,12.78
Hairdressing salons and personal grooming establishments,Spain,2020-02-01,1.3,2020,12.78
Hairdressing salons and personal grooming establishments,Spain,2020-03-01,1.3,2020,12.78
Hairdressing salons and personal grooming establishments,Spain,2020-04-01,1.2,2020,12.78
Hairdressing salons and personal grooming establishments,Spain,2020-05-01,1.5,2020,12.78
Hairdressing salons and personal grooming establishments,Spain,2020-06-01,1.7,2020,12.78
Hairdressing salons and personal grooming establishments,Spain,2020-07-01,2.1,2020,12.78
Hairdressing salons and personal grooming establishments,Spain,2020-08-01,1.8,2020,12.78
Hairdressing salons and personal grooming establishments,Spain,2020-09-01,1.8,2020,12.78
Hairdressing salons and personal grooming establishments,Spain,2020-10-01,1.9,2020,12.78
Hairdressing salons and personal grooming establishments,Spain,2020-11-01,1.8,2020,12.78
Hairdressing salons and personal grooming establishments,Spain,2020-12-01,1.9,2020,12.78
Hairdressing salons and personal grooming establishments,Spain,2021-01-01,1.8,2021,13.75
Hairdressing salons and personal grooming establishments,Spain,2021-02-01,1.5,2021,13.75
Hairdressing salons and personal grooming establishments,Spain,2021-03-01,1.5,2021,13.75
Hairdressing salons and personal grooming establishments,Spain,2021-04-01,1.5,2021,13.75
Hairdressing salons and personal grooming establishments,Spain,2021-05-01,1.4,2021,13.75
Hairdressing salons and personal grooming establishments,Spain,2021-06-01,1.3,2021,13.75
Hairdressing salons and personal grooming establishments,Spain,2021-07-01,1.0,2021,13.75
Hairdressing salons and personal grooming establishments,Spain,2021-08-01,0.9,2021,13.75
Hairdressing salons and personal grooming establishments,Spain,2021-09-01,0.9,2021,13.75
Hairdressing salons and personal grooming establishments,Spain,2021-10-01,0.9,2021,13.75
Hairdressing salons and personal grooming establishments,Spain,2021-11-01,1.3,2021,13.75
Hairdressing salons and personal grooming establishments,Spain,2021-12-01,1.5,2021,13.75
Hairdressing salons and personal grooming establishments,Spain,2022-01-01,1.7,2022,12.81
Hairdressing salons and personal grooming establishments,Spain,2022-02-01,2.4,2022,12.81
Hairdressing salons and personal grooming establishments,Spain,2022-03-01,2.8,2022,12.81
Hairdressing salons and personal grooming establishments,Spain,2022-04-01,3.1,2022,12.81
Hairdressing salons and personal grooming establishments,Spain,2022-05-01,3.1,2022,12.81
Hairdressing salons and personal grooming establishments,Spain,2022-06-01,3.1,2022,12.81
Hairdressing salons and personal grooming establishments,Spain,2022-07-01,3.2,2022,12.81
Hairdressing salons and personal grooming establishments,Spain,2022-08-01,3.6,2022,12.81
Hairdressing salons and personal grooming establishments,Spain,2022-09-01,3.7,2022,12.81
Hairdressing salons and personal grooming establishments,Spain,2022-10-01,3.9,2022,12.81
Hairdressing salons and personal grooming establishments,Spain,2022-11-01,3.8,2022,12.81
Hairdressing salons and personal grooming establishments,Spain,2022-12-01,3.7,2022,12.81
Hairdressing salons and personal grooming establishments,Spain,2023-01-01,3.7,2023,10.85
Hairdressing salons and personal grooming establishments,Spain,2023-02-01,3.8,2023,10.85
Hairdressing salons and personal grooming establishments,Spain,2023-03-01,3.7,2023,10.85
Hairdressing salons and personal grooming establishments,Spain,2023-04-01,3.8,2023,10.85
Hairdressing salons and personal grooming establishments,Spain,2023-05-01,3.6,2023,10.85
Hairdressing salons and personal grooming establishments,Spain,2023-06-01,3.6,2023,10.85
Hairdressing salons and personal grooming establishments,Spain,2023-07-01,3.6,2023,10.85
Hairdressing salons and personal grooming establishments,Spain,2023-08-01,3.6,2023,10.85
Hairdressing salons and personal grooming establishments,Spain,2023-09-01,3.6,2023,10.85
Hairdressing salons and personal grooming establishments,Spain,2023-10-01,3.5,2023,10.85
Hairdressing salons and personal grooming establishments,Spain,2023-11-01,3.5,2023,10.85
Hairdressing salons and personal grooming establishments,Spain,2023-12-01,3.6,2023,10.85
Hairdressing salons and personal grooming establishments,Spain,2024-01-01,3.6,2024,10.95
Hairdressing salons and personal grooming establishments,Spain,2024-02-01,3.6,2024,10.95
Hairdressing salons and personal grooming establishments,Spain,2024-03-01,3.7,2024,10.95
Hairdressing salons and personal grooming establishments,Spain,2024-04-01,3.6,2024,10.95
Hairdressing salons and personal grooming establishments,Spain,2024-05-01,3.8,2024,10.95
Hairdressing salons and personal grooming establishments,Spain,2024-06-01,3.7,2024,10.95
Hairdressing salons and personal grooming establishments,Spain,2024-07-01,3.8,2024,10.95
Hairdressing salons and personal grooming establishments,Spain,2024-08-01,3.7,2024,10.95
Hairdressing salons and personal grooming establishments,Spain,2024-09-01,3.6,2024,10.95
Hairdressing salons and personal grooming establishments,Spain,2024-10-01,3.6,2024,10.95
Hairdressing salons and personal grooming establishments,Spain,2024-11-01,3.5,2024,10.95
Hairdressing salons and personal grooming establishments,Spain,2024-12-01,3.5,2024,10.95
Hairdressing salons and personal grooming establishments,Spain,2025-01-01,3.7,2025,11.43
Hairdressing salons and personal grooming establishments,Spain,2025-02-01,3.7,2025,11.43
Hairdressing salons and personal grooming establishments,Spain,2025-03-01,3.8,2025,11.43
Hairdressing salons and personal grooming establishments,Spain,2025-04-01,3.8,2025,11.43
Hairdressing salons and personal grooming establishments,Spain,2025-05-01,3.6,2025,11.43
Hairdressing salons and personal grooming establishments,Spain,2025-06-01,3.7,2025,11.43
Hairdressing salons and personal grooming establishments,Spain,2025-07-01,3.7,2025,11.43
Hairdressing salons and personal grooming establishments,Spain,2025-08-01,3.7,2025,11.43
Hairdressing salons and personal grooming establishments,Spain,2025-09-01,3.6,2025,11.43
Hairdressing salons and personal grooming establishments,Spain,2025-10-01,3.7,2025,11.43
Hairdressing salons and personal grooming establishments,Spain,2025-11-01,3.8,2025,11.43
Hairdressing salons and personal grooming establishments,Spain,2025-12-01,3.7,2025,11.43
Hairdressing salons and personal grooming establishments,France,2019-01-01,1.0,2019,9.31
Hairdressing salons and personal grooming establishments,France,2019-02-01,1.1,2019,9.31
Hairdressing salons and personal grooming establishments,France,2019-03-01,1.1,2019,9.31
Hairdressing salons and personal grooming establishments,France,2019-04-01,1.0,2019,9.31
Hairdressing salons and personal grooming establishments,France,2019-05-01,1.1,2019,9.31
Hairdressing salons and personal grooming establishments,France,2019-06-01,1.0,2019,9.31
Hairdressing salons and personal grooming establishments,France,2019-07-01,1.0,2019,9.31
Hairdressing salons and personal grooming establishments,France,2019-08-01,1.1,2019,9.31
Hairdressing salons and personal grooming establishments,France,2019-09-01,0.9,2019,9.31
Hairdressing salons and personal grooming establishments,France,2019-10-01,1.1,2019,9.31
Hairdressing salons and personal grooming establishments,France,2019-11-01,1.3,2019,9.31
Hairdressing salons and personal grooming establishments,France,2019-12-01,1.3,2019,9.31
Hairdressing salons and personal grooming establishments,France,2020-01-01,1.4,2020,9.33
Hairdressing salons and personal grooming establishments,France,2020-02-01,1.3,2020,9.33
Hairdressing salons and personal grooming establishments,France,2020-03-01,1.4,2020,9.33
Hairdressing salons and personal grooming establishments,France,2020-04-01,1.4,2020,9.33
Hairdressing salons and personal grooming establishments,France,2020-05-01,3.7,2020,9.33
Hairdressing salons and personal grooming establishments,France,2020-06-01,3.4,2020,9.33
Hairdressing salons and personal grooming establishments,France,2020-07-01,3.4,2020,9.33
Hairdressing salons and personal grooming establishments,France,2020-08-01,3.4,2020,9.33
Hairdressing salons and personal grooming establishments,France,2020-09-01,3.3,2020,9.33
Hairdressing salons and personal grooming establishments,France,2020-10-01,3.2,2020,9.33
Hairdressing salons and personal grooming establishments,France,2020-11-01,3.1,2020,9.33
Hairdressing salons and personal grooming establishments,France,2020-12-01,3.1,2020,9.33
Hairdressing salons and personal grooming establishments,France,2021-01-01,3.3,2021,8.63
Hairdressing salons and personal grooming establishments,France,2021-02-01,3.3,2021,8.63
Hairdressing salons and personal grooming establishments,France,2021-03-01,3.4,2021,8.63
Hairdressing salons and personal grooming establishments,France,2021-04-01,3.6,2021,8.63
Hairdressing salons and personal grooming establishments,France,2021-05-01,1.2,2021,8.63
Hairdressing salons and personal grooming establishments,France,2021-06-01,1.4,2021,8.63
Hairdressing salons and personal grooming establishments,France,2021-07-01,1.4,2021,8.63
Hairdressing salons and personal grooming establishments,France,2021-08-01,1.3,2021,8.63
Hairdressing salons and personal grooming establishments,France,2021-09-01,1.2,2021,8.63
Hairdressing salons and personal grooming establishments,France,2021-10-01,1.2,2021,8.63
Hairdressing salons and personal grooming establishments,France,2021-11-01,1.1,2021,8.63
Hairdressing salons and personal grooming establishments,France,2021-12-01,1.2,2021,8.63
Hairdressing salons and personal grooming establishments,France,2022-01-01,1.0,2022,8.75
Hairdressing salons and personal grooming establishments,France,2022-02-01,1.1,2022,8.75
Hairdressing salons and personal grooming establishments,France,2022-03-01,0.9,2022,8.75
Hairdressing salons and personal grooming establishments,France,2022-04-01,1.0,2022,8.75
Hairdressing salons and personal grooming establishments,France,2022-05-01,1.1,2022,8.75
Hairdressing salons and personal grooming establishments,France,2022-06-01,1.1,2022,8.75
Hairdressing salons and personal grooming establishments,France,2022-07-01,1.2,2022,8.75
Hairdressing salons and personal grooming establishments,France,2022-08-01,1.5,2022,8.75
Hairdressing salons and personal grooming establishments,France,2022-09-01,1.8,2022,8.75
Hairdressing salons and personal grooming establishments,France,2022-10-01,2.0,2022,8.75
Hairdressing salons and personal grooming establishments,France,2022-11-01,2.1,2022,8.75
Hairdressing salons and personal grooming establishments,France,2022-12-01,2.0,2022,8.75
Hairdressing salons and personal grooming establishments,France,2023-01-01,2.8,2023,8.76
Hairdressing salons and personal grooming establishments,France,2023-02-01,3.3,2023,8.76
Hairdressing salons and personal grooming establishments,France,2023-03-01,3.4,2023,8.76
Hairdressing salons and personal grooming establishments,France,2023-04-01,3.3,2023,8.76
Hairdressing salons and personal grooming establishments,France,2023-05-01,3.5,2023,8.76
Hairdressing salons and personal grooming establishments,France,2023-06-01,3.4,2023,8.76
Hairdressing salons and personal grooming establishments,France,2023-07-01,3.5,2023,8.76
Hairdressing salons and personal grooming establishments,France,2023-08-01,3.4,2023,8.76
Hairdressing salons and personal grooming establishments,France,2023-09-01,3.2,2023,8.76
Hairdressing salons and personal grooming establishments,France,2023-10-01,3.3,2023,8.76
Hairdressing salons and personal grooming establishments,France,2023-11-01,3.2,2023,8.76
Hairdressing salons and personal grooming establishments,France,2023-12-01,3.2,2023,8.76
Hairdressing salons and personal grooming establishments,France,2024-01-01,2.5,2024,11.96
Hairdressing salons and personal grooming establishments,France,2024-02-01,2.1,2024,11.96
Hairdressing salons and personal grooming establishments,France,2024-03-01,2.5,2024,11.96
Hairdressing salons and personal grooming establishments,France,2024-04-01,2.5,2024,11.96
Hairdressing salons and personal grooming establishments,France,2024-05-01,2.3,2024,11.96
Hairdressing salons and personal grooming establishments,France,2024-06-01,2.2,2024,11.96
Hairdressing salons and personal grooming establishments,France,2024-07-01,2.2,2024,11.96
Hairdressing salons and personal grooming establishments,France,2024-08-01,2.0,2024,11.96
Hairdressing salons and personal grooming establishments,France,2024-09-01,2.0,2024,11.96
Hairdressing salons and personal grooming establishments,France,2024-10-01,1.7,2024,11.96
Hairdressing salons and personal grooming establishments,France,2024-11-01,1.9,2024,11.96
Hairdressing salons and personal grooming establishments,France,2024-12-01,1.6,2024,11.96
Hairdressing salons and personal grooming establishments,France,2025-01-01,1.9,2025,11.68
Hairdressing salons and personal grooming establishments,France,2025-02-01,1.9,2025,11.68
Hairdressing salons and personal grooming establishments,France,2025-03-01,1.6,2025,11.68
Hairdressing salons and personal grooming establishments,France,2025-04-01,1.7,2025,11.68
Hairdressing salons and personal grooming establishments,France,2025-05-01,1.7,2025,11.68
Hairdressing salons and personal grooming establishments,France,2025-06-01,1.9,2025,11.68
Hairdressing salons and personal grooming establishments,France,2025-07-01,1.9,2025,11.68
Hairdressing salons and personal grooming establishments,France,2025-08-01,2.0,2025,11.68
Hairdressing salons and personal grooming establishments,France,2025-09-01,2.1,2025,11.68
Hairdressing salons and personal grooming establishments,France,2025-10-01,2.0,2025,11.68
Hairdressing salons and personal grooming establishments,France,2025-11-01,1.8,2025,11.68
Hairdressing salons and personal grooming establishments,France,2025-12-01,2.0,2025,11.68
Hairdressing salons and personal grooming establishments,Italy,2019-01-01,1.0,2019,15.81
Hairdressing salons and personal grooming establishments,Italy,2019-02-01,0.9,2019,15.81
Hairdressing salons and personal grooming establishments,Italy,2019-03-01,1.0,2019,15.81
Hairdressing salons and personal grooming establishments,Italy,2019-04-01,1.2,2019,15.81
Hairdressing salons and personal grooming establishments,Italy,2019-05-01,1.2,2019,15.81
Hairdressing salons and personal grooming establishments,Italy,2019-06-01,1.2,2019,15.81
Hairdressing salons and personal grooming establishments,Italy,2019-07-01,1.0,2019,15.81
Hairdressing salons and personal grooming establishments,Italy,2019-08-01,1.1,2019,15.81
Hairdressing salons and personal grooming establishments,Italy,2019-09-01,1.2,2019,15.81
Hairdressing salons and personal grooming establishments,Italy,2019-10-01,1.1,2019,15.81
Hairdressing salons and personal grooming establishments,Italy,2019-11-01,1.2,2019,15.81
Hairdressing salons and personal grooming establishments,Italy,2019-12-01,1.2,2019,15.81
Hairdressing salons and personal grooming establishments,Italy,2020-01-01,1.2,2020,17.01
Hairdressing salons and personal grooming establishments,Italy,2020-02-01,1.4,2020,17.01
Hairdressing salons and personal grooming establishments,Italy,2020-03-01,1.2,2020,17.01
Hairdressing salons and personal grooming establishments,Italy,2020-04-01,0.9,2020,17.01
Hairdressing salons and personal grooming establishments,Italy,2020-05-01,1.0,2020,17.01
Hairdressing salons and personal grooming establishments,Italy,2020-06-01,1.8,2020,17.01
Hairdressing salons and personal grooming establishments,Italy,2020-07-01,2.2,2020,17.01
Hairdressing salons and personal grooming establishments,Italy,2020-08-01,2.1,2020,17.01
Hairdressing salons and personal grooming establishments,Italy,2020-09-01,2.0,2020,17.01
Hairdressing salons and personal grooming establishments,Italy,2020-10-01,2.0,2020,17.01
Hairdressing salons and personal grooming establishments,Italy,2020-11-01,2.0,2020,17.01
Hairdressing salons and personal grooming establishments,Italy,2020-12-01,1.9,2020,17.01
Hairdressing salons and personal grooming establishments,Italy,2021-01-01,2.3,2021,14.98
Hairdressing salons and personal grooming establishments,Italy,2021-02-01,2.2,2021,14.98
Hairdressing salons and personal grooming establishments,Italy,2021-03-01,2.4,2021,14.98
Hairdressing salons and personal grooming establishments,Italy,2021-04-01,2.4,2021,14.98
Hairdressing salons and personal grooming establishments,Italy,2021-05-01,2.2,2021,14.98
Hairdressing salons and personal grooming establishments,Italy,2021-06-01,1.4,2021,14.98
Hairdressing salons and personal grooming establishments,Italy,2021-07-01,1.1,2021,14.98
Hairdressing salons and personal grooming establishments,Italy,2021-08-01,1.2,2021,14.98
Hairdressing salons and personal grooming establishments,Italy,2021-09-01,1.3,2021,14.98
Hairdressing salons and personal grooming establishments,Italy,2021-10-01,1.3,2021,14.98
Hairdressing salons and personal grooming establishments,Italy,2021-11-01,1.3,2021,14.98
Hairdressing salons and personal grooming establishments,Italy,2021-12-01,1.4,2021,14.98
Hairdressing salons and personal grooming establishments,Italy,2022-01-01,1.3,2022,17.27
Hairdressing salons and personal grooming establishments,Italy,2022-02-01,1.5,2022,17.27
Hairdressing salons and personal grooming establishments,Italy,2022-03-01,1.6,2022,17.27
Hairdressing salons and personal grooming establishments,Italy,2022-04-01,2.0,2022,17.27
Hairdressing salons and personal grooming establishments,Italy,2022-05-01,2.2,2022,17.27
Hairdressing salons and personal grooming establishments,Italy,2022-06-01,2.2,2022,17.27
Hairdressing salons and personal grooming establishments,Italy,2022-07-01,2.4,2022,17.27
Hairdressing salons and personal grooming establishments,Italy,2022-08-01,2.4,2022,17.27
Hairdressing salons and personal grooming establishments,Italy,2022-09-01,2.8,2022,17.27
Hairdressing salons and personal grooming establishments,Italy,2022-10-01,3.0,2022,17.27
Hairdressing salons and personal grooming establishments,Italy,2022-11-01,3.1,2022,17.27
Hairdressing salons and personal grooming establishments,Italy,2022-12-01,3.3,2022,17.27
Hairdressing salons and personal grooming establishments,Italy,2023-01-01,3.3,2023,14.79
Hairdressing salons and personal grooming establishments,Italy,2023-02-01,3.2,2023,14.79
Hairdressing salons and personal grooming establishments,Italy,2023-03-01,3.2,2023,14.79
Hairdressing salons and personal grooming establishments,Italy,2023-04-01,3.0,2023,14.79
Hairdressing salons and personal grooming establishments,Italy,2023-05-01,3.0,2023,14.79
Hairdressing salons and personal grooming establishments,Italy,2023-06-01,3.0,2023,14.79
Hairdressing salons and personal grooming establishments,Italy,2023-07-01,3.0,2023,14.79
Hairdressing salons and personal grooming establishments,Italy,2023-08-01,3.0,2023,14.79
Hairdressing salons and personal grooming establishments,Italy,2023-09-01,2.7,2023,14.79
Hairdressing salons and personal grooming establishments,Italy,2023-10-01,2.6,2023,14.79
Hairdressing salons and personal grooming establishments,Italy,2023-11-01,2.5,2023,14.79
Hairdressing salons and personal grooming establishments,Italy,2023-12-01,2.3,2023,14.79
Hairdressing salons and personal grooming establishments,Italy,2024-01-01,2.2,2024,16.69
Hairdressing salons and personal grooming establishments,Italy,2024-02-01,2.4,2024,16.69
Hairdressing salons and personal grooming establishments,Italy,2024-03-01,2.4,2024,16.69
Hairdressing salons and personal grooming establishments,Italy,2024-04-01,2.4,2024,16.69
Hairdressing salons and personal grooming establishments,Italy,2024-05-01,2.2,2024,16.69
Hairdressing salons and personal grooming establishments,Italy,2024-06-01,2.1,2024,16.69
Hairdressing salons and personal grooming establishments,Italy,2024-07-01,2.2,2024,16.69
Hairdressing salons and personal grooming establishments,Italy,2024-08-01,2.2,2024,16.69
Hairdressing salons and personal grooming establishments,Italy,2024-09-01,2.1,2024,16.69
Hairdressing salons and personal grooming establishments,Italy,2024-10-01,2.1,2024,16.69
Hairdressing salons and personal grooming establishments,Italy,2024-11-01,2.1,2024,16.69
Hairdressing salons and personal grooming establishments,Italy,2024-12-01,2.2,2024,16.69
Hairdressing salons and personal grooming establishments,Italy,2025-01-01,2.1,2025,17.01
Hairdressing salons and personal grooming establishments,Italy,2025-02-01,1.9,2025,17.01
Hairdressing salons and personal grooming establishments,Italy,2025-03-01,1.8,2025,17.01
Hairdressing salons and personal grooming establishments,Italy,2025-04-01,1.9,2025,17.01
Hairdressing salons and personal grooming establishments,Italy,2025-05-01,2.1,2025,17.01
Hairdressing salons and personal grooming establishments,Italy,2025-06-01,2.3,2025,17.01
Hairdressing salons and personal grooming establishments,Italy,2025-07-01,2.1,2025,17.01
Hairdressing salons and personal grooming establishments,Italy,2025-08-01,2.2,2025,17.01
Hairdressing salons and personal grooming establishments,Italy,2025-09-01,2.2,2025,17.01
Hairdressing salons and personal grooming establishments,Italy,2025-10-01,2.3,2025,17.01
Hairdressing salons and personal grooming establishments,Italy,2025-11-01,2.7,2025,17.01
Hairdressing salons and personal grooming establishments,Italy,2025-12-01,2.7,2025,17.01
Hairdressing salons and personal grooming establishments,Portugal,2019-01-01,1.0,2019,10.09
Hairdressing salons and personal grooming establishments,Portugal,2019-02-01,1.0,2019,10.09
Hairdressing salons and personal grooming establishments,Portugal,2019-03-01,1.2,2019,10.09
Hairdressing salons and personal grooming establishments,Portugal,2019-04-01,1.3,2019,10.09
Hairdressing salons and personal grooming establishments,Portugal,2019-05-01,1.1,2019,10.09
Hairdressing salons and personal grooming establishments,Portugal,2019-06-01,1.3,2019,10.09
Hairdressing salons and personal grooming establishments,Portugal,2019-07-01,1.5,2019,10.09
Hairdressing salons and personal grooming establishments,Portugal,2019-08-01,1.4,2019,10.09
Hairdressing salons and personal grooming establishments,Portugal,2019-09-01,1.7,2019,10.09
Hairdressing salons and personal grooming establishments,Portugal,2019-10-01,1.6,2019,10.09
Hairdressing salons and personal grooming establishments,Portugal,2019-11-01,1.7,2019,10.09
Hairdressing salons and personal grooming establishments,Portugal,2019-12-01,1.5,2019,10.09
Hairdressing salons and personal grooming establishments,Portugal,2020-01-01,1.9,2020,11.18
Hairdressing salons and personal grooming establishments,Portugal,2020-02-01,1.9,2020,11.18
Hairdressing salons and personal grooming establishments,Portugal,2020-03-01,1.9,2020,11.18
Hairdressing salons and personal grooming establishments,Portugal,2020-04-01,1.8,2020,11.18
Hairdressing salons and personal grooming establishments,Portugal,2020-05-01,2.1,2020,11.18
Hairdressing salons and personal grooming establishments,Portugal,2020-06-01,2.0,2020,11.18
Hairdressing salons and personal grooming establishments,Portugal,2020-07-01,2.1,2020,11.18
Hairdressing salons and personal grooming establishments,Portugal,2020-08-01,2.5,2020,11.18
Hairdressing salons and personal grooming establishments,Portugal,2020-09-01,2.5,2020,11.18
Hairdressing salons and personal grooming establishments,Portugal,2020-10-01,2.7,2020,11.18
Hairdressing salons and personal grooming establishments,Portugal,2020-11-01,2.6,2020,11.18
Hairdressing salons and personal grooming establishments,Portugal,2020-12-01,2.6,2020,11.18
Hairdressing salons and personal grooming establishments,Portugal,2021-01-01,2.0,2021,9.91
Hairdressing salons and personal grooming establishments,Portugal,2021-02-01,1.7,2021,9.91
Hairdressing salons and personal grooming establishments,Portugal,2021-03-01,2.2,2021,9.91
Hairdressing salons and personal grooming establishments,Portugal,2021-04-01,2.3,2021,9.91
Hairdressing salons and personal grooming establishments,Portugal,2021-05-01,2.0,2021,9.91
Hairdressing salons and personal grooming establishments,Portugal,2021-06-01,2.1,2021,9.91
Hairdressing salons and personal grooming establishments,Portugal,2021-07-01,1.9,2021,9.91
Hairdressing salons and personal grooming establishments,Portugal,2021-08-01,1.6,2021,9.91
Hairdressing salons and personal grooming establishments,Portugal,2021-09-01,1.4,2021,9.91
Hairdressing salons and personal grooming establishments,Portugal,2021-10-01,1.1,2021,9.91
Hairdressing salons and personal grooming establishments,Portugal,2021-11-01,1.4,2021,9.91
Hairdressing salons and personal grooming establishments,Portugal,2021-12-01,1.4,2021,9.91
Hairdressing salons and personal grooming establishments,Portugal,2022-01-01,1.8,2022,10.27
Hairdressing salons and personal grooming establishments,Portugal,2022-02-01,2.2,2022,10.27
Hairdressing salons and personal grooming establishments,Portugal,2022-03-01,2.0,2022,10.27
Hairdressing salons and personal grooming establishments,Portugal,2022-04-01,2.1,2022,10.27
Hairdressing salons and personal grooming establishments,Portugal,2022-05-01,2.5,2022,10.27
Hairdressing salons and personal grooming establishments,Portugal,2022-06-01,2.8,2022,10.27
Hairdressing salons and personal grooming establishments,Portugal,2022-07-01,2.8,2022,10.27
Hairdressing salons and personal grooming establishments,Portugal,2022-08-01,3.2,2022,10.27
Hairdressing salons and personal grooming establishments,Portugal,2022-09-01,3.4,2022,10.27
Hairdressing salons and personal grooming establishments,Portugal,2022-10-01,3.8,2022,10.27
Hairdressing salons and personal grooming establishments,Portugal,2022-11-01,3.9,2022,10.27
Hairdressing salons and personal grooming establishments,Portugal,2022-12-01,4.1,2022,10.27
Hairdressing salons and personal grooming establishments,Portugal,2023-01-01,4.6,2023,11.12
Hairdressing salons and personal grooming establishments,Portugal,2023-02-01,5.1,2023,11.12
Hairdressing salons and personal grooming establishments,Portugal,2023-03-01,5.3,2023,11.12
Hairdressing salons and personal grooming establishments,Portugal,2023-04-01,5.3,2023,11.12
Hairdressing salons and personal grooming establishments,Portugal,2023-05-01,5.2,2023,11.12
Hairdressing salons and personal grooming establishments,Portugal,2023-06-01,5.0,2023,11.12
Hairdressing salons and personal grooming establishments,Portugal,2023-07-01,5.4,2023,11.12
Hairdressing salons and personal grooming establishments,Portugal,2023-08-01,5.0,2023,11.12
Hairdressing salons and personal grooming establishments,Portugal,2023-09-01,5.2,2023,11.12
Hairdressing salons and personal grooming establishments,Portugal,2023-10-01,4.7,2023,11.12
Hairdressing salons and personal grooming establishments,Portugal,2023-11-01,4.5,2023,11.12
Hairdressing salons and personal grooming establishments,Portugal,2023-12-01,4.4,2023,11.12
Hairdressing salons and personal grooming establishments,Portugal,2024-01-01,5.5,2024,10.49
Hairdressing salons and personal grooming establishments,Portugal,2024-02-01,5.2,2024,10.49
Hairdressing salons and personal grooming establishments,Portugal,2024-03-01,5.0,2024,10.49
Hairdressing salons and personal grooming establishments,Portugal,2024-04-01,5.3,2024,10.49
Hairdressing salons and personal grooming establishments,Portugal,2024-05-01,5.3,2024,10.49
Hairdressing salons and personal grooming establishments,Portugal,2024-06-01,5.1,2024,10.49
Hairdressing salons and personal grooming establishments,Portugal,2024-07-01,4.9,2024,10.49
Hairdressing salons and personal grooming establishments,Portugal,2024-08-01,4.8,2024,10.49
Hairdressing salons and personal grooming establishments,Portugal,2024-09-01,4.4,2024,10.49
Hairdressing salons and personal grooming establishments,Portugal,2024-10-01,4.6,2024,10.49
Hairdressing salons and personal grooming establishments,Portugal,2024-11-01,4.8,2024,10.49
Hairdressing salons and personal grooming establishments,Portugal,2024-12-01,4.7,2024,10.49
Hairdressing salons and personal grooming establishments,Portugal,2025-01-01,3.9,2025,11.69
Hairdressing salons and personal grooming establishments,Portugal,2025-02-01,4.2,2025,11.69
Hairdressing salons and personal grooming establishments,Portugal,2025-03-01,4.2,2025,11.69
Hairdressing salons and personal grooming establishments,Portugal,2025-04-01,3.9,2025,11.69
Hairdressing salons and personal grooming establishments,Portugal,2025-05-01,4.0,2025,11.69
Hairdressing salons and personal grooming establishments,Portugal,2025-06-01,3.9,2025,11.69
Hairdressing salons and personal grooming establishments,Portugal,2025-07-01,3.9,2025,11.69
Hairdressing salons and personal grooming establishments,Portugal,2025-08-01,4.0,2025,11.69
Hairdressing salons and personal grooming establishments,Portugal,2025-09-01,4.2,2025,11.69
Hairdressing salons and personal grooming establishments,Portugal,2025-10-01,4.0,2025,11.69
Hairdressing salons and personal grooming establishments,Portugal,2025-11-01,3.9,2025,11.69
Hairdressing salons and personal grooming establishments,Portugal,2025-12-01,4.1,2025,11.69
Energy,Germany,2019-01-01,2.6,2019,117.28
Energy,Germany,2019-02-01,3.2,2019,117.28
Energy,Germany,2019-03-01,4.6,2019,117.28
Energy,Germany,2019-04-01,4.9,2019,117.28
Energy,Germany,2019-05-01,4.1,2019,117.28
Energy,Germany,2019-06-01,2.4,2019,117.28
Energy,Germany,2019-07-01,2.3,2019,117.28
Energy,Germany,2019-08-01,0.7,2019,117.28
Energy,Germany,2019-09-01,-1.2,2019,117.28
Energy,Germany,2019-10-01,-2.2,2019,117.28
Energy,Germany,2019-11-01,-4.0,2019,117.28
Energy,Germany,2019-12-01,0.1,2019,117.28
Energy,Germany,2020-01-01,3.3,2020,108.7
Energy,Germany,2020-02-01,2.2,2020,108.7
Energy,Germany,2020-03-01,-0.8,2020,108.7
Energy,Germany,2020-04-01,-5.6,2020,108.7
Energy,Germany,2020-05-01,-8.2,2020,108.7
Energy,Germany,2020-06-01,-5.9,2020,108.7
Energy,Germany,2020-07-01,-6.4,2020,108.7
Energy,Germany,2020-08-01,-6.0,2020,108.7
Energy,Germany,2020-09-01,-6.6,2020,108.7
Energy,Germany,2020-10-01,-6.6,2020,108.7
Energy,Germany,2020-11-01,-7.4,2020,108.7
Energy,Germany,2020-12-01,-6.0,2020,108.7
Energy,Germany,2021-01-01,-2.2,2021,107.65
Energy,Germany,2021-02-01,0.2,2021,107.65
Energy,Germany,2021-03-01,4.5,2021,107.65
Energy,Germany,2021-04-01,7.6,2021,107.65
Energy,Germany,2021-05-01,9.5,2021,107.65
Energy,Germany,2021-06-01,9.0,2021,107.65
Energy,Germany,2021-07-01,11.2,2021,107.65
Energy,Germany,2021-08-01,12.1,2021,107.65
Energy,Germany,2021-09-01,13.6,2021,107.65
Energy,Germany,2021-10-01,18.1,2021,107.65
Energy,Germany,2021-11-01,21.6,2021,107.65
Energy,Germany,2021-12-01,18.1,2021,107.65
Energy,Germany,2022-01-01,20.6,2022,120.65
Energy,Germany,2022-02-01,22.4,2022,120.65
Energy,Germany,2022-03-01,37.6,2022,120.65
Energy,Germany,2022-04-01,34.5,2022,120.65
Energy,Germany,2022-05-01,37.5,2022,120.65
Energy,Germany,2022-06-01,37.4,2022,120.65
Energy,Germany,2022-07-01,35.6,2022,120.65
Energy,Germany,2022-08-01,35.8,2022,120.65
Energy,Germany,2022-09-01,44.2,2022,120.65
Energy,Germany,2022-10-01,43.5,2022,120.65
Energy,Germany,2022-11-01,40.1,2022,120.65
Energy,Germany,2022-12-01,25.1,2022,120.65
Energy,Germany,2023-01-01,25.1,2023,97.04
Energy,Germany,2023-02-01,21.6,2023,97.04
Energy,Germany,2023-03-01,6.1,2023,97.04
Energy,Germany,2023-04-01,9.4,2023,97.04
Energy,Germany,2023-05-01,5.0,2023,97.04
Energy,Germany,2023-06-01,4.0,2023,97.04
Energy,Germany,2023-07-01,3.9,2023,97.04
Energy,Germany,2023-08-01,5.3,2023,97.04
Energy,Germany,2023-09-01,-0.8,2023,97.04
Energy,Germany,2023-10-01,-6.0,2023,97.04
Energy,Germany,2023-11-01,-7.3,2023,97.04
Energy,Germany,2023-12-01,3.1,2023,97.04
Energy,Germany,2024-01-01,-3.0,2024,104.27
Energy,Germany,2024-02-01,-2.6,2024,104.27
Energy,Germany,2024-03-01,-2.9,2024,104.27
Energy,Germany,2024-04-01,-1.3,2024,104.27
Energy,Germany,2024-05-01,-1.2,2024,104.27
Energy,Germany,2024-06-01,-2.2,2024,104.27
Energy,Germany,2024-07-01,-1.9,2024,104.27
Energy,Germany,2024-08-01,-5.1,2024,104.27
Energy,Germany,2024-09-01,-7.5,2024,104.27
Energy,Germany,2024-10-01,-5.4,2024,104.27
Energy,Germany,2024-11-01,-3.6,2024,104.27
Energy,Germany,2024-12-01,-1.5,2024,104.27
Energy,Germany,2025-01-01,-1.3,2025,89.52
Energy,Germany,2025-02-01,-1.3,2025,89.52
Energy,Germany,2025-03-01,-2.6,2025,89.52
Energy,Germany,2025-04-01,-5.3,2025,89.52
Energy,Germany,2025-05-01,-4.5,2025,89.52
Energy,Germany,2025-06-01,-3.5,2025,89.52
Energy,Germany,2025-07-01,-3.4,2025,89.52
Energy,Germany,2025-08-01,-2.3,2025,89.52
Energy,Germany,2025-09-01,-0.7,2025,89.52
Energy,Germany,2025-10-01,-0.9,2025,89.52
Energy,Germany,2025-11-01,-0.1,2025,89.52
Energy,Germany,2025-12-01,-1.3,2025,89.52
Energy,"Euro area (EA11-1999, EA12-2001, EA13-2007, EA15-2008, EA16-2009, EA17-2011, EA18-2014, EA19-2015, EA20-2023, EA21-2026)",2019-01-01,2.7,2019,101.32
Energy,"Euro area (EA11-1999, EA12-2001, EA13-2007, EA15-2008, EA16-2009, EA17-2011, EA18-2014, EA19-2015, EA20-2023, EA21-2026)",2019-02-01,3.6,2019,101.32
Energy,"Euro area (EA11-1999, EA12-2001, EA13-2007, EA15-2008, EA16-2009, EA17-2011, EA18-2014, EA19-2015, EA20-2023, EA21-2026)",2019-03-01,5.3,2019,101.32
Energy,"Euro area (EA11-1999, EA12-2001, EA13-2007, EA15-2008, EA16-2009, EA17-2011, EA18-2014, EA19-2015, EA20-2023, EA21-2026)",2019-04-01,5.3,2019,101.32
Energy,"Euro area (EA11-1999, EA12-2001, EA13-2007, EA15-2008, EA16-2009, EA17-2011, EA18-2014, EA19-2015, EA20-2023, EA21-2026)",2019-05-01,3.8,2019,101.32
Energy,"Euro area (EA11-1999, EA12-2001, EA13-2007, EA15-2008, EA16-2009, EA17-2011, EA18-2014, EA19-2015, EA20-2023, EA21-2026)",2019-06-01,1.7,2019,101.32
Energy,"Euro area (EA11-1999, EA12-2001, EA13-2007, EA15-2008, EA16-2009, EA17-2011, EA18-2014, EA19-2015, EA20-2023, EA21-2026)",2019-07-01,0.5,2019,101.32
Energy,"Euro area (EA11-1999, EA12-2001, EA13-2007, EA15-2008, EA16-2009, EA17-2011, EA18-2014, EA19-2015, EA20-2023, EA21-2026)",2019-08-01,-0.6,2019,101.32
Energy,"Euro area (EA11-1999, EA12-2001, EA13-2007, EA15-2008, EA16-2009, EA17-2011, EA18-2014, EA19-2015, EA20-2023, EA21-2026)",2019-09-01,-1.8,2019,101.32
Energy,"Euro area (EA11-1999, EA12-2001, EA13-2007, EA15-2008, EA16-2009, EA17-2011, EA18-2014, EA19-2015, EA20-2023, EA21-2026)",2019-10-01,-3.1,2019,101.32
Energy,"Euro area (EA11-1999, EA12-2001, EA13-2007, EA15-2008, EA16-2009, EA17-2011, EA18-2014, EA19-2015, EA20-2023, EA21-2026)",2019-11-01,-3.2,2019,101.32
Energy,"Euro area (EA11-1999, EA12-2001, EA13-2007, EA15-2008, EA16-2009, EA17-2011, EA18-2014, EA19-2015, EA20-2023, EA21-2026)",2019-12-01,0.2,2019,101.32
Energy,"Euro area (EA11-1999, EA12-2001, EA13-2007, EA15-2008, EA16-2009, EA17-2011, EA18-2014, EA19-2015, EA20-2023, EA21-2026)",2020-01-01,1.9,2020,98.49
Energy,"Euro area (EA11-1999, EA12-2001, EA13-2007, EA15-2008, EA16-2009, EA17-2011, EA18-2014, EA19-2015, EA20-2023, EA21-2026)",2020-02-01,-0.3,2020,98.49
Energy,"Euro area (EA11-1999, EA12-2001, EA13-2007, EA15-2008, EA16-2009, EA17-2011, EA18-2014, EA19-2015, EA20-2023, EA21-2026)",2020-03-01,-4.5,2020,98.49
Energy,"Euro area (EA11-1999, EA12-2001, EA13-2007, EA15-2008, EA16-2009, EA17-2011, EA18-2014, EA19-2015, EA20-2023, EA21-2026)",2020-04-01,-9.7,2020,98.49
Energy,"Euro area (EA11-1999, EA12-2001, EA13-2007, EA15-2008, EA16-2009, EA17-2011, EA18-2014, EA19-2015, EA20-2023, EA21-2026)",2020-05-01,-11.9,2020,98.49
Energy,"Euro area (EA11-1999, EA12-2001, EA13-2007, EA15-2008, EA16-2009, EA17-2011, EA18-2014, EA19-2015, EA20-2023, EA21-2026)",2020-06-01,-9.3,2020,98.49
Energy,"Euro area (EA11-1999, EA12-2001, EA13-2007, EA15-2008, EA16-2009, EA17-2011, EA18-2014, EA19-2015, EA20-2023, EA21-2026)",2020-07-01,-8.4,2020,98.49
Energy,"Euro area (EA11-1999, EA12-2001, EA13-2007, EA15-2008, EA16-2009, EA17-2011, EA18-2014, EA19-2015, EA20-2023, EA21-2026)",2020-08-01,-7.8,2020,98.49
Energy,"Euro area (EA11-1999, EA12-2001, EA13-2007, EA15-2008, EA16-2009, EA17-2011, EA18-2014, EA19-2015, EA20-2023, EA21-2026)",2020-09-01,-8.2,2020,98.49
Energy,"Euro area (EA11-1999, EA12-2001, EA13-2007, EA15-2008, EA16-2009, EA17-2011, EA18-2014, EA19-2015, EA20-2023, EA21-2026)",2020-10-01,-8.2,2020,98.49
Energy,"Euro area (EA11-1999, EA12-2001, EA13-2007, EA15-2008, EA16-2009, EA17-2011, EA18-2014, EA19-2015, EA20-2023, EA21-2026)",2020-11-01,-8.3,2020,98.49
Energy,"Euro area (EA11-1999, EA12-2001, EA13-2007, EA15-2008, EA16-2009, EA17-2011, EA18-2014, EA19-2015, EA20-2023, EA21-2026)",2020-12-01,-6.9,2020,98.49
Energy,"Euro area (EA11-1999, EA12-2001, EA13-2007, EA15-2008, EA16-2009, EA17-2011, EA18-2014, EA19-2015, EA20-2023, EA21-2026)",2021-01-01,-4.2,2021,94.97
Energy,"Euro area (EA11-1999, EA12-2001, EA13-2007, EA15-2008, EA16-2009, EA17-2011, EA18-2014, EA19-2015, EA20-2023, EA21-2026)",2021-02-01,-1.7,2021,94.97
Energy,"Euro area (EA11-1999, EA12-2001, EA13-2007, EA15-2008, EA16-2009, EA17-2011, EA18-2014, EA19-2015, EA20-2023, EA21-2026)",2021-03-01,4.3,2021,94.97
Energy,"Euro area (EA11-1999, EA12-2001, EA13-2007, EA15-2008, EA16-2009, EA17-2011, EA18-2014, EA19-2015, EA20-2023, EA21-2026)",2021-04-01,10.4,2021,94.97
Energy,"Euro area (EA11-1999, EA12-2001, EA13-2007, EA15-2008, EA16-2009, EA17-2011, EA18-2014, EA19-2015, EA20-2023, EA21-2026)",2021-05-01,13.1,2021,94.97
Energy,"Euro area (EA11-1999, EA12-2001, EA13-2007, EA15-2008, EA16-2009, EA17-2011, EA18-2014, EA19-2015, EA20-2023, EA21-2026)",2021-06-01,12.6,2021,94.97
Energy,"Euro area (EA11-1999, EA12-2001, EA13-2007, EA15-2008, EA16-2009, EA17-2011, EA18-2014, EA19-2015, EA20-2023, EA21-2026)",2021-07-01,14.3,2021,94.97
Energy,"Euro area (EA11-1999, EA12-2001, EA13-2007, EA15-2008, EA16-2009, EA17-2011, EA18-2014, EA19-2015, EA20-2023, EA21-2026)",2021-08-01,15.4,2021,94.97
Energy,"Euro area (EA11-1999, EA12-2001, EA13-2007, EA15-2008, EA16-2009, EA17-2011, EA18-2014, EA19-2015, EA20-2023, EA21-2026)",2021-09-01,17.6,2021,94.97
Energy,"Euro area (EA11-1999, EA12-2001, EA13-2007, EA15-2008, EA16-2009, EA17-2011, EA18-2014, EA19-2015, EA20-2023, EA21-2026)",2021-10-01,23.7,2021,94.97
Energy,"Euro area (EA11-1999, EA12-2001, EA13-2007, EA15-2008, EA16-2009, EA17-2011, EA18-2014, EA19-2015, EA20-2023, EA21-2026)",2021-11-01,27.5,2021,94.97
Energy,"Euro area (EA11-1999, EA12-2001, EA13-2007, EA15-2008, EA16-2009, EA17-2011, EA18-2014, EA19-2015, EA20-2023, EA21-2026)",2021-12-01,25.9,2021,94.97
Energy,"Euro area (EA11-1999, EA12-2001, EA13-2007, EA15-2008, EA16-2009, EA17-2011, EA18-2014, EA19-2015, EA20-2023, EA21-2026)",2022-01-01,28.8,2022,109.3
Energy,"Euro area (EA11-1999, EA12-2001, EA13-2007, EA15-2008, EA16-2009, EA17-2011, EA18-2014, EA19-2015, EA20-2023, EA21-2026)",2022-02-01,32.0,2022,109.3
Energy,"Euro area (EA11-1999, EA12-2001, EA13-2007, EA15-2008, EA16-2009, EA17-2011, EA18-2014, EA19-2015, EA20-2023, EA21-2026)",2022-03-01,44.3,2022,109.3
Energy,"Euro area (EA11-1999, EA12-2001, EA13-2007, EA15-2008, EA16-2009, EA17-2011, EA18-2014, EA19-2015, EA20-2023, EA21-2026)",2022-04-01,37.5,2022,109.3
Energy,"Euro area (EA11-1999, EA12-2001, EA13-2007, EA15-2008, EA16-2009, EA17-2011, EA18-2014, EA19-2015, EA20-2023, EA21-2026)",2022-05-01,39.1,2022,109.3
Energy,"Euro area (EA11-1999, EA12-2001, EA13-2007, EA15-2008, EA16-2009, EA17-2011, EA18-2014, EA19-2015, EA20-2023, EA21-2026)",2022-06-01,42.0,2022,109.3
Energy,"Euro area (EA11-1999, EA12-2001, EA13-2007, EA15-2008, EA16-2009, EA17-2011, EA18-2014, EA19-2015, EA20-2023, EA21-2026)",2022-07-01,39.6,2022,109.3
Energy,"Euro area (EA11-1999, EA12-2001, EA13-2007, EA15-2008, EA16-2009, EA17-2011, EA18-2014, EA19-2015, EA20-2023, EA21-2026)",2022-08-01,38.6,2022,109.3
Energy,"Euro area (EA11-1999, EA12-2001, EA13-2007, EA15-2008, EA16-2009, EA17-2011, EA18-2014, EA19-2015, EA20-2023, EA21-2026)",2022-09-01,40.7,2022,109.3
Energy,"Euro area (EA11-1999, EA12-2001, EA13-2007, EA15-2008, EA16-2009, EA17-2011, EA18-2014, EA19-2015, EA20-2023, EA21-2026)",2022-10-01,41.5,2022,109.3
Energy,"Euro area (EA11-1999, EA12-2001, EA13-2007, EA15-2008, EA16-2009, EA17-2011, EA18-2014, EA19-2015, EA20-2023, EA21-2026)",2022-11-01,34.9,2022,109.3
Energy,"Euro area (EA11-1999, EA12-2001, EA13-2007, EA15-2008, EA16-2009, EA17-2011, EA18-2014, EA19-2015, EA20-2023, EA21-2026)",2022-12-01,25.5,2022,109.3
Energy,"Euro area (EA11-1999, EA12-2001, EA13-2007, EA15-2008, EA16-2009, EA17-2011, EA18-2014, EA19-2015, EA20-2023, EA21-2026)",2023-01-01,18.9,2023,102.31
Energy,"Euro area (EA11-1999, EA12-2001, EA13-2007, EA15-2008, EA16-2009, EA17-2011, EA18-2014, EA19-2015, EA20-2023, EA21-2026)",2023-02-01,13.7,2023,102.31
Energy,"Euro area (EA11-1999, EA12-2001, EA13-2007, EA15-2008, EA16-2009, EA17-2011, EA18-2014, EA19-2015, EA20-2023, EA21-2026)",2023-03-01,-0.9,2023,102.31
Energy,"Euro area (EA11-1999, EA12-2001, EA13-2007, EA15-2008, EA16-2009, EA17-2011, EA18-2014, EA19-2015, EA20-2023, EA21-2026)",2023-04-01,2.3,2023,102.31
Energy,"Euro area (EA11-1999, EA12-2001, EA13-2007, EA15-2008, EA16-2009, EA17-2011, EA18-2014, EA19-2015, EA20-2023, EA21-2026)",2023-05-01,-1.8,2023,102.31
Energy,"Euro area (EA11-1999, EA12-2001, EA13-2007, EA15-2008, EA16-2009, EA17-2011, EA18-2014, EA19-2015, EA20-2023, EA21-2026)",2023-06-01,-5.6,2023,102.31
Energy,"Euro area (EA11-1999, EA12-2001, EA13-2007, EA15-2008, EA16-2009, EA17-2011, EA18-2014, EA19-2015, EA20-2023, EA21-2026)",2023-07-01,-6.1,2023,102.31
Energy,"Euro area (EA11-1999, EA12-2001, EA13-2007, EA15-2008, EA16-2009, EA17-2011, EA18-2014, EA19-2015, EA20-2023, EA21-2026)",2023-08-01,-3.3,2023,102.31
Energy,"Euro area (EA11-1999, EA12-2001, EA13-2007, EA15-2008, EA16-2009, EA17-2011, EA18-2014, EA19-2015, EA20-2023, EA21-2026)",2023-09-01,-4.6,2023,102.31
Energy,"Euro area (EA11-1999, EA12-2001, EA13-2007, EA15-2008, EA16-2009, EA17-2011, EA18-2014, EA19-2015, EA20-2023, EA21-2026)",2023-10-01,-11.2,2023,102.31
Energy,"Euro area (EA11-1999, EA12-2001, EA13-2007, EA15-2008, EA16-2009, EA17-2011, EA18-2014, EA19-2015, EA20-2023, EA21-2026)",2023-11-01,-11.5,2023,102.31
Energy,"Euro area (EA11-1999, EA12-2001, EA13-2007, EA15-2008, EA16-2009, EA17-2011, EA18-2014, EA19-2015, EA20-2023, EA21-2026)",2023-12-01,-6.7,2023,102.31
Energy,"Euro area (EA11-1999, EA12-2001, EA13-2007, EA15-2008, EA16-2009, EA17-2011, EA18-2014, EA19-2015, EA20-2023, EA21-2026)",2024-01-01,-6.1,2024,99.12
Energy,"Euro area (EA11-1999, EA12-2001, EA13-2007, EA15-2008, EA16-2009, EA17-2011, EA18-2014, EA19-2015, EA20-2023, EA21-2026)",2024-02-01,-3.7,2024,99.12
Energy,"Euro area (EA11-1999, EA12-2001, EA13-2007, EA15-2008, EA16-2009, EA17-2011, EA18-2014, EA19-2015, EA20-2023, EA21-2026)",2024-03-01,-1.8,2024,99.12
Energy,"Euro area (EA11-1999, EA12-2001, EA13-2007, EA15-2008, EA16-2009, EA17-2011, EA18-2014, EA19-2015, EA20-2023, EA21-2026)",2024-04-01,-0.6,2024,99.12
Energy,"Euro area (EA11-1999, EA12-2001, EA13-2007, EA15-2008, EA16-2009, EA17-2011, EA18-2014, EA19-2015, EA20-2023, EA21-2026)",2024-05-01,0.3,2024,99.12
Energy,"Euro area (EA11-1999, EA12-2001, EA13-2007, EA15-2008, EA16-2009, EA17-2011, EA18-2014, EA19-2015, EA20-2023, EA21-2026)",2024-06-01,0.2,2024,99.12
Energy,"Euro area (EA11-1999, EA12-2001, EA13-2007, EA15-2008, EA16-2009, EA17-2011, EA18-2014, EA19-2015, EA20-2023, EA21-2026)",2024-07-01,1.2,2024,99.12
Energy,"Euro area (EA11-1999, EA12-2001, EA13-2007, EA15-2008, EA16-2009, EA17-2011, EA18-2014, EA19-2015, EA20-2023, EA21-2026)",2024-08-01,-3.0,2024,99.12
Energy,"Euro area (EA11-1999, EA12-2001, EA13-2007, EA15-2008, EA16-2009, EA17-2011, EA18-2014, EA19-2015, EA20-2023, EA21-2026)",2024-09-01,-6.1,2024,99.12
Energy,"Euro area (EA11-1999, EA12-2001, EA13-2007, EA15-2008, EA16-2009, EA17-2011, EA18-2014, EA19-2015, EA20-2023, EA21-2026)",2024-10-01,-4.6,2024,99.12
Energy,"Euro area (EA11-1999, EA12-2001, EA13-2007, EA15-2008, EA16-2009, EA17-2011, EA18-2014, EA19-2015, EA20-2023, EA21-2026)",2024-11-01,-2.0,2024,99.12
Energy,"Euro area (EA11-1999, EA12-2001, EA13-2007, EA15-2008, EA16-2009, EA17-2011, EA18-2014, EA19-2015, EA20-2023, EA21-2026)",2024-12-01,0.1,2024,99.12
Energy,"Euro area (EA11-1999, EA12-2001, EA13-2007, EA15-2008, EA16-2009, EA17-2011, EA18-2014, EA19-2015, EA20-2023, EA21-2026)",2025-01-01,1.9,2025,93.98
Energy,"Euro area (EA11-1999, EA12-2001, EA13-2007, EA15-2008, EA16-2009, EA17-2011, EA18-2014, EA19-2015, EA20-2023, EA21-2026)",2025-02-01,0.2,2025,93.98
Energy,"Euro area (EA11-1999, EA12-2001, EA13-2007, EA15-2008, EA16-2009, EA17-2011, EA18-2014, EA19-2015, EA20-2023, EA21-2026)",2025-03-01,-1.0,2025,93.98
Energy,"Euro area (EA11-1999, EA12-2001, EA13-2007, EA15-2008, EA16-2009, EA17-2011, EA18-2014, EA19-2015, EA20-2023, EA21-2026)",2025-04-01,-3.6,2025,93.98
Energy,"Euro area (EA11-1999, EA12-2001, EA13-2007, EA15-2008, EA16-2009, EA17-2011, EA18-2014, EA19-2015, EA20-2023, EA21-2026)",2025-05-01,-3.6,2025,93.98
Energy,"Euro area (EA11-1999, EA12-2001, EA13-2007, EA15-2008, EA16-2009, EA17-2011, EA18-2014, EA19-2015, EA20-2023, EA21-2026)",2025-06-01,-2.6,2025,93.98
Energy,"Euro area (EA11-1999, EA12-2001, EA13-2007, EA15-2008, EA16-2009, EA17-2011, EA18-2014, EA19-2015, EA20-2023, EA21-2026)",2025-07-01,-2.4,2025,93.98
Energy,"Euro area (EA11-1999, EA12-2001, EA13-2007, EA15-2008, EA16-2009, EA17-2011, EA18-2014, EA19-2015, EA20-2023, EA21-2026)",2025-08-01,-2.0,2025,93.98
Energy,"Euro area (EA11-1999, EA12-2001, EA13-2007, EA15-2008, EA16-2009, EA17-2011, EA18-2014, EA19-2015, EA20-2023, EA21-2026)",2025-09-01,-0.4,2025,93.98
Energy,"Euro area (EA11-1999, EA12-2001, EA13-2007, EA15-2008, EA16-2009, EA17-2011, EA18-2014, EA19-2015, EA20-2023, EA21-2026)",2025-10-01,-0.9,2025,93.98
Energy,"Euro area (EA11-1999, EA12-2001, EA13-2007, EA15-2008, EA16-2009, EA17-2011, EA18-2014, EA19-2015, EA20-2023, EA21-2026)",2025-11-01,-0.5,2025,93.98
Energy,"Euro area (EA11-1999, EA12-2001, EA13-2007, EA15-2008, EA16-2009, EA17-2011, EA18-2014, EA19-2015, EA20-2023, EA21-2026)",2025-12-01,-1.9,2025,93.98
Energy,Spain,2019-01-01,1.5,2019,116.02
Energy,Spain,2019-02-01,2.6,2019,116.02
Energy,Spain,2019-03-01,5.6,2019,116.02
Energy,Spain,2019-04-01,5.4,2019,116.02
Energy,Spain,2019-05-01,1.3,2019,116.02
Energy,Spain,2019-06-01,-2.5,2019,116.02
Energy,Spain,2019-07-01,-2.4,2019,116.02
Energy,Spain,2019-08-01,-4.5,2019,116.02
Energy,Spain,2019-09-01,-6.5,2019,116.02
Energy,Spain,2019-10-01,-6.5,2019,116.02
Energy,Spain,2019-11-01,-5.1,2019,116.02
Energy,Spain,2019-12-01,-2.1,2019,116.02
Energy,Spain,2020-01-01,0.0,2020,115.66
Energy,Spain,2020-02-01,-3.3,2020,115.66
Energy,Spain,2020-03-01,-9.6,2020,115.66
Energy,Spain,2020-04-01,-17.1,2020,115.66
Energy,Spain,2020-05-01,-17.7,2020,115.66
Energy,Spain,2020-06-01,-12.0,2020,115.66
Energy,Spain,2020-07-01,-10.8,2020,115.66
Energy,Spain,2020-08-01,-9.3,2020,115.66
Energy,Spain,2020-09-01,-8.6,2020,115.66
Energy,Spain,2020-10-01,-11.1,2020,115.66
Energy,Spain,2020-11-01,-9.5,2020,115.66
Energy,Spain,2020-12-01,-6.3,2020,115.66
Energy,Spain,2021-01-01,-2.0,2021,105.74
Energy,Spain,2021-02-01,-4.2,2021,105.74
Energy,Spain,2021-03-01,8.5,2021,105.74
Energy,Spain,2021-04-01,21.3,2021,105.74
Energy,Spain,2021-05-01,24.0,2021,105.74
Energy,Spain,2021-06-01,23.4,2021,105.74
Energy,Spain,2021-07-01,20.7,2021,105.74
Energy,Spain,2021-08-01,23.4,2021,105.74
Energy,Spain,2021-09-01,28.6,2021,105.74
Energy,Spain,2021-10-01,39.3,2021,105.74
Energy,Spain,2021-11-01,35.8,2021,105.74
Energy,Spain,2021-12-01,39.7,2021,105.74
Energy,Spain,2022-01-01,32.8,2022,117.48
Energy,Spain,2022-02-01,43.7,2022,117.48
Energy,Spain,2022-03-01,60.3,2022,117.48
Energy,Spain,2022-04-01,33.3,2022,117.48
Energy,Spain,2022-05-01,33.8,2022,117.48
Energy,Spain,2022-06-01,40.5,2022,117.48
Energy,Spain,2022-07-01,40.9,2022,117.48
Energy,Spain,2022-08-01,37.0,2022,117.48
Energy,Spain,2022-09-01,22.2,2022,117.48
Energy,Spain,2022-10-01,7.9,2022,117.48
Energy,Spain,2022-11-01,4.3,2022,117.48
Energy,Spain,2022-12-01,-6.9,2022,117.48
Energy,Spain,2023-01-01,-8.1,2023,98.04
Energy,Spain,2023-02-01,-8.8,2023,98.04
Energy,Spain,2023-03-01,-25.5,2023,98.04
Energy,Spain,2023-04-01,-15.4,2023,98.04
Energy,Spain,2023-05-01,-19.5,2023,98.04
Energy,Spain,2023-06-01,-24.8,2023,98.04
Energy,Spain,2023-07-01,-24.2,2023,98.04
Energy,Spain,2023-08-01,-21.2,2023,98.04
Energy,Spain,2023-09-01,-13.8,2023,98.04
Energy,Spain,2023-10-01,-10.1,2023,98.04
Energy,Spain,2023-11-01,-9.8,2023,98.04
Energy,Spain,2023-12-01,-6.2,2023,98.04
Energy,Spain,2024-01-01,-2.4,2024,93.99
Energy,Spain,2024-02-01,-4.6,2024,93.99
Energy,Spain,2024-03-01,1.6,2024,93.99
Energy,Spain,2024-04-01,5.0,2024,93.99
Energy,Spain,2024-05-01,7.9,2024,93.99
Energy,Spain,2024-06-01,6.0,2024,93.99
Energy,Spain,2024-07-01,2.6,2024,93.99
Energy,Spain,2024-08-01,-1.7,2024,93.99
Energy,Spain,2024-09-01,-6.7,2024,93.99
Energy,Spain,2024-10-01,-4.0,2024,93.99
Energy,Spain,2024-11-01,2.6,2024,93.99
Energy,Spain,2024-12-01,5.5,2024,93.99
Energy,Spain,2025-01-01,7.8,2025,93.63
Energy,Spain,2025-02-01,8.6,2025,93.63
Energy,Spain,2025-03-01,1.7,2025,93.63
Energy,Spain,2025-04-01,-2.5,2025,93.63
Energy,Spain,2025-05-01,-3.0,2025,93.63
Energy,Spain,2025-06-01,-0.8,2025,93.63
Energy,Spain,2025-07-01,3.0,2025,93.63
Energy,Spain,2025-08-01,3.2,2025,93.63
Energy,Spain,2025-09-01,6.2,2025,93.63
Energy,Spain,2025-10-01,6.3,2025,93.63
Energy,Spain,2025-11-01,4.6,2025,93.63
Energy,Spain,2025-12-01,3.2,2025,93.63
Energy,France,2019-01-01,2.0,2019,92.14
Energy,France,2019-02-01,3.3,2019,92.14
Energy,France,2019-03-01,5.1,2019,92.14
Energy,France,2019-04-01,4.8,2019,92.14
Energy,France,2019-05-01,3.4,2019,92.14
Energy,France,2019-06-01,2.4,2019,92.14
Energy,France,2019-07-01,0.8,2019,92.14
Energy,France,2019-08-01,0.7,2019,92.14
Energy,France,2019-09-01,0.1,2019,92.14
Energy,France,2019-10-01,-1.7,2019,92.14
Energy,France,2019-11-01,-0.7,2019,92.14
Energy,France,2019-12-01,2.4,2019,92.14
Energy,France,2020-01-01,4.2,2020,92.39
Energy,France,2020-02-01,0.9,2020,92.39
Energy,France,2020-03-01,-4.0,2020,92.39
Energy,France,2020-04-01,-8.5,2020,92.39
Energy,France,2020-05-01,-10.9,2020,92.39
Energy,France,2020-06-01,-9.2,2020,92.39
Energy,France,2020-07-01,-7.4,2020,92.39
Energy,France,2020-08-01,-7.1,2020,92.39
Energy,France,2020-09-01,-7.9,2020,92.39
Energy,France,2020-10-01,-7.7,2020,92.39
Energy,France,2020-11-01,-7.7,2020,92.39
Energy,France,2020-12-01,-6.9,2020,92.39
Energy,France,2021-01-01,-5.8,2021,85.93
Energy,France,2021-02-01,-1.6,2021,85.93
Energy,France,2021-03-01,4.6,2021,85.93
Energy,France,2021-04-01,8.6,2021,85.93
Energy,France,2021-05-01,11.5,2021,85.93
Energy,France,2021-06-01,10.9,2021,85.93
Energy,France,2021-07-01,12.3,2021,85.93
Energy,France,2021-08-01,12.7,2021,85.93
Energy,France,2021-09-01,15.0,2021,85.93
Energy,France,2021-10-01,20.2,2021,85.93
Energy,France,2021-11-01,21.9,2021,85.93
Energy,France,2021-12-01,19.3,2021,85.93
Energy,France,2022-01-01,20.5,2022,103.22
Energy,France,2022-02-01,22.0,2022,103.22
Energy,France,2022-03-01,29.8,2022,103.22
Energy,France,2022-04-01,27.1,2022,103.22
Energy,France,2022-05-01,28.8,2022,103.22
Energy,France,2022-06-01,33.8,2022,103.22
Energy,France,2022-07-01,28.9,2022,103.22
Energy,France,2022-08-01,23.3,2022,103.22
Energy,France,2022-09-01,18.8,2022,103.22
Energy,France,2022-10-01,20.0,2022,103.22
Energy,France,2022-11-01,19.0,2022,103.22
Energy,France,2022-12-01,15.3,2022,103.22
Energy,France,2023-01-01,16.4,2023,99.11
Energy,France,2023-02-01,14.0,2023,99.11
Energy,France,2023-03-01,5.2,2023,99.11
Energy,France,2023-04-01,7.1,2023,99.11
Energy,France,2023-05-01,2.1,2023,99.11
Energy,France,2023-06-01,-2.8,2023,99.11
Energy,France,2023-07-01,-3.3,2023,99.11
Energy,France,2023-08-01,6.9,2023,99.11
Energy,France,2023-09-01,11.7,2023,99.11
Energy,France,2023-10-01,4.9,2023,99.11
Energy,France,2023-11-01,2.9,2023,99.11
Energy,France,2023-12-01,5.5,2023,99.11
Energy,France,2024-01-01,1.9,2024,96.3
Energy,France,2024-02-01,4.4,2024,96.3
Energy,France,2024-03-01,3.2,2024,96.3
Energy,France,2024-04-01,3.7,2024,96.3
Energy,France,2024-05-01,5.5,2024,96.3
Energy,France,2024-06-01,4.6,2024,96.3
Energy,France,2024-07-01,8.2,2024,96.3
Energy,France,2024-08-01,0.4,2024,96.3
Energy,France,2024-09-01,-3.3,2024,96.3
Energy,France,2024-10-01,-1.9,2024,96.3
Energy,France,2024-11-01,-0.7,2024,96.3
Energy,France,2024-12-01,1.2,2024,96.3
Energy,France,2025-01-01,2.6,2025,93.18
Energy,France,2025-02-01,-5.7,2025,93.18
Energy,France,2025-03-01,-6.3,2025,93.18
Energy,France,2025-04-01,-7.4,2025,93.18
Energy,France,2025-05-01,-7.6,2025,93.18
Energy,France,2025-06-01,-6.5,2025,93.18
Energy,France,2025-07-01,-7.0,2025,93.18
Energy,France,2025-08-01,-6.0,2025,93.18
Energy,France,2025-09-01,-4.3,2025,93.18
Energy,France,2025-10-01,-5.5,2025,93.18
Energy,France,2025-11-01,-4.4,2025,93.18
Energy,France,2025-12-01,-6.7,2025,93.18
Energy,Italy,2019-01-01,3.8,2019,92.35
Energy,Italy,2019-02-01,4.2,2019,92.35
Energy,Italy,2019-03-01,5.6,2019,92.35
Energy,Italy,2019-04-01,5.0,2019,92.35
Energy,Italy,2019-05-01,4.5,2019,92.35
Energy,Italy,2019-06-01,2.6,2019,92.35
Energy,Italy,2019-07-01,-1.9,2019,92.35
Energy,Italy,2019-08-01,-2.0,2019,92.35
Energy,Italy,2019-09-01,-2.9,2019,92.35
Energy,Italy,2019-10-01,-4.8,2019,92.35
Energy,Italy,2019-11-01,-4.7,2019,92.35
Energy,Italy,2019-12-01,-2.2,2019,92.35
Energy,Italy,2020-01-01,-2.1,2020,90.76
Energy,Italy,2020-02-01,-3.4,2020,90.76
Energy,Italy,2020-03-01,-5.7,2020,90.76
Energy,Italy,2020-04-01,-9.9,2020,90.76
Energy,Italy,2020-05-01,-13.1,2020,90.76
Energy,Italy,2020-06-01,-12.5,2020,90.76
Energy,Italy,2020-07-01,-10.6,2020,90.76
Energy,Italy,2020-08-01,-10.3,2020,90.76
Energy,Italy,2020-09-01,-10.1,2020,90.76
Energy,Italy,2020-10-01,-8.9,2020,90.76
Energy,Italy,2020-11-01,-8.8,2020,90.76
Energy,Italy,2020-12-01,-8.0,2020,90.76
Energy,Italy,2021-01-01,-5.1,2021,87.73
Energy,Italy,2021-02-01,-3.2,2021,87.73
Energy,Italy,2021-03-01,0.3,2021,87.73
Energy,Italy,2021-04-01,9.8,2021,87.73
Energy,Italy,2021-05-01,14.1,2021,87.73
Energy,Italy,2021-06-01,14.4,2021,87.73
Energy,Italy,2021-07-01,18.9,2021,87.73
Energy,Italy,2021-08-01,20.0,2021,87.73
Energy,Italy,2021-09-01,20.5,2021,87.73
Energy,Italy,2021-10-01,25.3,2021,87.73
Energy,Italy,2021-11-01,31.2,2021,87.73
Energy,Italy,2021-12-01,29.6,2021,87.73
Energy,Italy,2022-01-01,39.1,2022,97.16
Energy,Italy,2022-02-01,46.5,2022,97.16
Energy,Italy,2022-03-01,51.5,2022,97.16
Energy,Italy,2022-04-01,40.0,2022,97.16
Energy,Italy,2022-05-01,42.9,2022,97.16
Energy,Italy,2022-06-01,49.1,2022,97.16
Energy,Italy,2022-07-01,43.4,2022,97.16
Energy,Italy,2022-08-01,45.4,2022,97.16
Energy,Italy,2022-09-01,45.0,2022,97.16
Energy,Italy,2022-10-01,71.7,2022,97.16
Energy,Italy,2022-11-01,68.1,2022,97.16
Energy,Italy,2022-12-01,65.1,2022,97.16
Energy,Italy,2023-01-01,42.8,2023,106.46
Energy,Italy,2023-02-01,28.2,2023,106.46
Energy,Italy,2023-03-01,10.7,2023,106.46
Energy,Italy,2023-04-01,16.4,2023,106.46
Energy,Italy,2023-05-01,11.5,2023,106.46
Energy,Italy,2023-06-01,2.0,2023,106.46
Energy,Italy,2023-07-01,0.6,2023,106.46
Energy,Italy,2023-08-01,-0.2,2023,106.46
Energy,Italy,2023-09-01,1.6,2023,106.46
Energy,Italy,2023-10-01,-19.9,2023,106.46
Energy,Italy,2023-11-01,-24.6,2023,106.46
Energy,Italy,2023-12-01,-25.0,2023,106.46
Energy,Italy,2024-01-01,-20.7,2024,108.92
Energy,Italy,2024-02-01,-17.4,2024,108.92
Energy,Italy,2024-03-01,-10.9,2024,108.92
Energy,Italy,2024-04-01,-12.2,2024,108.92
Energy,Italy,2024-05-01,-11.7,2024,108.92
Energy,Italy,2024-06-01,-8.6,2024,108.92
Energy,Italy,2024-07-01,-4.0,2024,108.92
Energy,Italy,2024-08-01,-6.2,2024,108.92
Energy,Italy,2024-09-01,-8.7,2024,108.92
Energy,Italy,2024-10-01,-9.0,2024,108.92
Energy,Italy,2024-11-01,-5.4,2024,108.92
Energy,Italy,2024-12-01,-2.7,2024,108.92
Energy,Italy,2025-01-01,-0.7,2025,112.73
Energy,Italy,2025-02-01,0.6,2025,112.73
Energy,Italy,2025-03-01,2.7,2025,112.73
Energy,Italy,2025-04-01,-0.7,2025,112.73
Energy,Italy,2025-05-01,-1.9,2025,112.73
Energy,Italy,2025-06-01,-2.1,2025,112.73
Energy,Italy,2025-07-01,-3.5,2025,112.73
Energy,Italy,2025-08-01,-4.8,2025,112.73
Energy,Italy,2025-09-01,-3.8,2025,112.73
Energy,Italy,2025-10-01,-4.4,2025,112.73
Energy,Italy,2025-11-01,-4.2,2025,112.73
Energy,Italy,2025-12-01,-4.5,2025,112.73
Energy,Portugal,2019-01-01,-2.2,2019,77.78
Energy,Portugal,2019-02-01,-0.7,2019,77.78
Energy,Portugal,2019-03-01,1.4,2019,77.78
Energy,Portugal,2019-04-01,1.2,2019,77.78
Energy,Portugal,2019-05-01,0.1,2019,77.78
Energy,Portugal,2019-06-01,-2.5,2019,77.78
Energy,Portugal,2019-07-01,-2.7,2019,77.78
Energy,Portugal,2019-08-01,-3.5,2019,77.78
Energy,Portugal,2019-09-01,-3.8,2019,77.78
Energy,Portugal,2019-10-01,-4.4,2019,77.78
Energy,Portugal,2019-11-01,-3.2,2019,77.78
Energy,Portugal,2019-12-01,0.1,2019,77.78
Energy,Portugal,2020-01-01,3.3,2020,74.95
Energy,Portugal,2020-02-01,1.0,2020,74.95
Energy,Portugal,2020-03-01,-3.7,2020,74.95
Energy,Portugal,2020-04-01,-9.7,2020,74.95
Energy,Portugal,2020-05-01,-11.3,2020,74.95
Energy,Portugal,2020-06-01,-7.6,2020,74.95
Energy,Portugal,2020-07-01,-5.5,2020,74.95
Energy,Portugal,2020-08-01,-5.1,2020,74.95
Energy,Portugal,2020-09-01,-5.8,2020,74.95
Energy,Portugal,2020-10-01,-6.2,2020,74.95
Energy,Portugal,2020-11-01,-6.2,2020,74.95
Energy,Portugal,2020-12-01,-5.1,2020,74.95
Energy,Portugal,2021-01-01,-4.6,2021,79.0
Energy,Portugal,2021-02-01,-3.1,2021,79.0
Energy,Portugal,2021-03-01,2.5,2021,79.0
Energy,Portugal,2021-04-01,8.4,2021,79.0
Energy,Portugal,2021-05-01,10.3,2021,79.0
Energy,Portugal,2021-06-01,9.3,2021,79.0
Energy,Portugal,2021-07-01,9.0,2021,79.0
Energy,Portugal,2021-08-01,9.6,2021,79.0
Energy,Portugal,2021-09-01,10.8,2021,79.0
Energy,Portugal,2021-10-01,13.7,2021,79.0
Energy,Portugal,2021-11-01,14.6,2021,79.0
Energy,Portugal,2021-12-01,11.4,2021,79.0
Energy,Portugal,2022-01-01,12.3,2022,80.23
Energy,Portugal,2022-02-01,15.2,2022,80.23
Energy,Portugal,2022-03-01,20.1,2022,80.23
Energy,Portugal,2022-04-01,27.1,2022,80.23
Energy,Portugal,2022-05-01,27.6,2022,80.23
Energy,Portugal,2022-06-01,31.9,2022,80.23
Energy,Portugal,2022-07-01,31.3,2022,80.23
Energy,Portugal,2022-08-01,24.1,2022,80.23
Energy,Portugal,2022-09-01,22.3,2022,80.23
Energy,Portugal,2022-10-01,27.6,2022,80.23
Energy,Portugal,2022-11-01,24.7,2022,80.23
Energy,Portugal,2022-12-01,20.7,2022,80.23
Energy,Portugal,2023-01-01,7.2,2023,80.58
Energy,Portugal,2023-02-01,2.0,2023,80.58
Energy,Portugal,2023-03-01,-4.5,2023,80.58
Energy,Portugal,2023-04-01,-12.8,2023,80.58
Energy,Portugal,2023-05-01,-15.5,2023,80.58
Energy,Portugal,2023-06-01,-18.8,2023,80.58
Energy,Portugal,2023-07-01,-15.0,2023,80.58
Energy,Portugal,2023-08-01,-6.3,2023,80.58
Energy,Portugal,2023-09-01,-3.8,2023,80.58
Energy,Portugal,2023-10-01,-11.8,2023,80.58
Energy,Portugal,2023-11-01,-12.2,2023,80.58
Energy,Portugal,2023-12-01,-10.3,2023,80.58
Energy,Portugal,2024-01-01,0.0,2024,58.42
Energy,Portugal,2024-02-01,4.3,2024,58.42
Energy,Portugal,2024-03-01,4.8,2024,58.42
Energy,Portugal,2024-04-01,8.0,2024,58.42
Energy,Portugal,2024-05-01,7.9,2024,58.42
Energy,Portugal,2024-06-01,9.2,2024,58.42
Energy,Portugal,2024-07-01,4.2,2024,58.42
Energy,Portugal,2024-08-01,-1.8,2024,58.42
Energy,Portugal,2024-09-01,-3.9,2024,58.42
Energy,Portugal,2024-10-01,-0.5,2024,58.42
Energy,Portugal,2024-11-01,1.9,2024,58.42
Energy,Portugal,2024-12-01,4.8,2024,58.42
Energy,Portugal,2025-01-01,2.7,2025,70.86
Energy,Portugal,2025-02-01,1.6,2025,70.86
Energy,Portugal,2025-03-01,0.1,2025,70.86
Energy,Portugal,2025-04-01,-0.3,2025,70.86
Energy,Portugal,2025-05-01,-0.1,2025,70.86
Energy,Portugal,2025-06-01,-1.3,2025,70.86
Energy,Portugal,2025-07-01,-1.1,2025,70.86
Energy,Portugal,2025-08-01,-0.1,2025,70.86
Energy,Portugal,2025-09-01,0.4,2025,70.86
Energy,Portugal,2025-10-01,-1.2,2025,70.86
Energy,Portugal,2025-11-01,-0.7,2025,70.86
Energy,Portugal,2025-12-01,-2.4,2025,70.86
